kind,donor,ligand,pdb,n_span,n_core,core_fit,rms,max_dev,control_ihelix_rms,dropped
apo,1TQN,08J,5TE8,7,150.0,0.6821118722172179,7.098432196611974,11.614061857608977,0.5812524957182938,
apo,1TQN,08Y,3UA1,7,148.0,0.38978072776078904,0.39680065295676265,0.526742516705646,0.25964720798039126,
apo,1TQN,1RD,4K9T,7,146.0,0.6685481721881278,4.564912299458292,6.799576915951639,0.894418853218643,
apo,1TQN,2QH,4NY4,7,149.0,0.5216865790180363,1.2163803173955507,2.237913397209442,0.6482605992006212,
apo,1TQN,5AW,4K9U,1,,,,,,span < 4 residues in common
apo,1TQN,6AW,4K9V,7,146.0,0.40756296553653815,1.1822264637759279,2.33366100702243,0.4407530246139473,
apo,1TQN,7AW,4K9W,7,148.0,1.0595618719673205,4.7290098980181785,5.99144158323695,1.2153178207194573,
apo,1TQN,80K,6BD6,7,148.0,0.5363588917752902,1.2919007103471767,2.0932893214377075,0.7450316656707193,
apo,1TQN,8AW,4K9X,5,147.0,0.740860564305809,4.879930418047552,5.732064411745977,0.9443978596020761,
apo,1TQN,A1A06,9COS,0,,,,,,span < 4 residues in common
apo,1TQN,A1A07,9COR,1,,,,,,span < 4 residues in common
apo,1TQN,A1A08,9COT,0,,,,,,span < 4 residues in common
apo,1TQN,A1A4K,9COX,0,,,,,,span < 4 residues in common
apo,1TQN,A1A4S,9COV,0,,,,,,span < 4 residues in common
apo,1TQN,A1A4T,9COY,0,,,,,,span < 4 residues in common
apo,1TQN,A1A4U,9COU,0,,,,,,span < 4 residues in common
apo,1TQN,A1A4V,9COW,0,,,,,,span < 4 residues in common
apo,1TQN,A1APA,9BBB,1,,,,,,span < 4 residues in common
apo,1TQN,A1ASO,9BVC,7,149.0,0.45519513310052256,0.9759156546654718,1.3283914399375663,0.45153254077396465,
apo,1TQN,A1ASP,9BVB,7,150.0,0.472817259765374,0.8074178673703045,1.0460590697241914,0.46754256888905305,
apo,1TQN,A1ASQ,9BVA,7,149.0,0.47592214868865995,0.741997455497141,0.9967168867545708,0.5403942989388368,
apo,1TQN,A1ASR,9BV9,7,150.0,0.49360613543274784,0.8113425528574625,1.0651078262350675,0.4560762853969997,
apo,1TQN,A1ASS,9BV8,7,150.0,0.3735353729815792,0.5684150243331207,0.8950877145904286,0.3600131656846925,
apo,1TQN,A1AST,9BV7,7,149.0,0.4878924502030316,0.9418133818599504,1.3556093690182163,0.5292266131418326,
apo,1TQN,A1ASU,9BV6,6,150.0,0.47386687508542485,4.92889697138346,6.5848406965724475,0.5940888007529044,
apo,1TQN,A1ASV,9BV5,7,151.0,0.7809937784565656,0.7095189181386817,1.1143223466620873,0.45178139784993354,
apo,1TQN,A1BNX,9MS1,2,,,,,,span < 4 residues in common
apo,1TQN,A1CIW,9PLK,4,151.0,0.4679283336904878,4.989834919613355,7.326593962516933,0.397825175270408,
apo,1TQN,CFF,8SO1,7,151.0,0.4728582825035827,0.32569138428957367,0.39361277045692766,0.22542302024111185,
apo,1TQN,CL6,8SPD,7,149.0,0.5546905559591015,7.283154967094178,9.095487921313007,0.5231641262307901,
apo,1TQN,D0R,3TJS,2,,,,,,span < 4 residues in common
apo,1TQN,D7J,6BD7,7,151.0,0.649708355713001,0.5836328530030482,0.7858485419238559,0.3968029257394065,
apo,1TQN,D7M,6BD5,7,149.0,0.4937789203149467,0.43782757818322876,0.5682966484328512,0.4393077828748441,
apo,1TQN,D7Y,6BCZ,7,151.0,0.647379388273025,0.5085344019246558,0.7959578247336838,0.3316477865880637,
apo,1TQN,D81,6BD8,7,149.0,0.5749889937054565,0.8580484373857462,1.1843701133323552,0.7761973271065277,
apo,1TQN,DEJ,6BDI,7,150.0,0.6201993584630641,0.477901365256024,0.7883804689122077,0.41488710889613006,
apo,1TQN,DEV,6BDH,0,,,,,,span < 4 residues in common
apo,1TQN,DJ1,6BDK,7,150.0,0.6086354303965255,0.524279527341546,0.8260558869604289,0.4066540074194343,
apo,1TQN,ERY,2J0D,4,150.0,0.6529470408760167,6.148665858269468,8.30702039908258,0.5587641213303348,
apo,1TQN,FZV,6DAC,4,149.0,0.47952706233316184,2.4796887004249344,4.926315385617489,0.546224855021689,
apo,1TQN,G0D,6DA2,3,,,,,,span < 4 residues in common
apo,1TQN,G0J,6DA8,1,,,,,,span < 4 residues in common
apo,1TQN,G0M,6DAA,1,,,,,,span < 4 residues in common
apo,1TQN,G0V,6DAB,0,,,,,,span < 4 residues in common
apo,1TQN,G1J,6DA5,1,,,,,,span < 4 residues in common
apo,1TQN,J9K,4D78,7,146.0,0.5805005878939852,4.82872886245293,6.826782991973352,0.849654820870979,
apo,1TQN,KLN,2V0M,7,146.0,0.7790565891055878,5.379360526404291,6.758894834292634,1.092027538023639,
apo,1TQN,MF8,5G5J,7,148.0,0.4377633543103505,0.5028436386112185,0.5999533453832825,0.2542438792492559,
apo,1TQN,MWS,6OOB,7,150.0,0.4505464121888977,0.37137137478647647,0.480794633020027,0.28745538341726856,
apo,1TQN,MWV,6OO9,7,150.0,0.43194170350332833,0.32948257275301235,0.4343513197126627,0.278723969744368,
apo,1TQN,MWY,6OOA,1,,,,,,span < 4 residues in common
apo,1TQN,MYT,1W0G,7,146.0,0.5628522184101414,0.5914259858653976,0.9275211615159574,0.4945329903805924,
apo,1TQN,NH0,7UF9,0,,,,,,span < 4 residues in common
apo,1TQN,NI6,7UFA,7,148.0,0.47244622524893326,7.121398376709458,8.913195692938812,0.6974977536686306,
apo,1TQN,NJ0,7UFB,7,151.0,0.5086054468099656,0.36068079869906333,0.514690118612926,0.4451534795137942,
apo,1TQN,NJO,7UFC,7,151.0,0.6804273443267999,0.9404094599586277,1.4492518238057974,0.6053288760700708,
apo,1TQN,NXR,7UFE,7,149.0,1.0402514957584588,4.5684663962605745,5.827582815930617,1.163581701350975,
apo,1TQN,NYF,7UFF,7,149.0,1.041451307043235,4.590455304254927,5.871099327255836,1.162733542597579,
apo,1TQN,PG0,9BV6,6,150.0,0.47386687508542485,4.92889697138346,6.5848406965724475,0.5940888007529044,
apo,1TQN,PG4,9YK4,7,149.0,0.4835014117703156,0.4286916965517228,0.5565144155876892,0.39308361974314354,
apo,1TQN,PK9,4D6Z,7,146.0,0.31973418013179317,0.379852427732636,0.4517995699728467,0.36045105460273846,
apo,1TQN,PKT,4D7D,7,147.0,0.7264454044820478,4.475378040809048,7.25746076103788,0.9090333842963065,
apo,1TQN,QDJ,6UNL,0,,,,,,span < 4 residues in common
apo,1TQN,QDP,6UNM,0,,,,,,span < 4 residues in common
apo,1TQN,QDV,6UNI,0,,,,,,span < 4 residues in common
apo,1TQN,QDY,6UNJ,7,147.0,0.9153625771800594,4.527738771341642,6.9756817493185395,1.20971933450023,
apo,1TQN,QE4,6UNK,3,,,,,,span < 4 residues in common
apo,1TQN,QEA,6UNH,4,147.0,0.6546810371851776,0.6848001855771025,0.7889839151038833,0.8219096786483463,
apo,1TQN,QEP,6UNG,4,149.0,0.6073280447737337,0.716622569394138,0.8627860172808249,0.9075748390270655,
apo,1TQN,QES,6UNE,4,148.0,0.5478698502729511,1.030399462367802,1.149654978824465,0.73841046319556,
apo,1TQN,RIT,3NXU,7,147.0,0.9834591851050153,4.696525669429202,5.9687912869987025,1.2041489383954673,
apo,1TQN,T0K,7UFD,7,151.0,0.6619569700798346,0.9910501465642435,1.5742002695981103,0.5998469488101541,
apo,1TQN,TCI,9PLJ,7,151.0,0.41987938156232774,0.44744948028119963,0.5425230731470224,0.29754053702760946,
apo,1TQN,X5Y,7KVH,7,147.0,0.8221671480503111,4.9992083172097965,6.593518357510008,1.0906052713662067,
apo,1TQN,X6J,7KVP,3,,,,,,span < 4 residues in common
apo,1TQN,X6S,7KVO,7,150.0,0.9860899691049083,4.465689754525365,5.808810750917473,1.1121244099227183,
apo,1TQN,X6V,7KVN,7,146.0,0.8049979550958771,4.77603029974259,6.130395821617804,1.0862110454003429,
apo,1TQN,X71,7KVM,2,,,,,,span < 4 residues in common
apo,1TQN,X74,7KVS,7,149.0,0.9952968254007453,4.525040727834324,6.004611129980931,1.1371679084529314,
apo,1TQN,X7D,7KVQ,7,147.0,0.7852935464146374,4.532063288902029,5.942773594172015,1.0697476189527124,
apo,1TQN,X7J,7KVK,7,150.0,1.0912466135163588,4.564491961939147,5.945149555237017,1.221743434481427,
apo,1TQN,X7M,7KVJ,0,,,,,,span < 4 residues in common
apo,1TQN,X7P,7KVI,1,,,,,,span < 4 residues in common
apo,1TQN,Y83,6BDM,4,150.0,0.6348160533442931,2.9419131457293832,5.421305681313928,1.0150384287366896,
apo,1TQN,YNV,7LXL,2,,,,,,span < 4 residues in common
apo,1TQN,Z8Z,4I4G,7,147.0,0.7454432723071709,5.387917116497021,7.605507093101414,0.947240430730508,
apo,1TQN,Z9Z,4I4H,7,147.0,0.7577601346886828,4.6765114140026585,6.0193713392749,0.993636710932834,
apo,1W0E,08J,5TE8,7,144.0,0.6615551581722368,7.308774941643662,11.991356934320054,0.5445915303677237,
apo,1W0E,08Y,3UA1,7,144.0,0.5090196304206166,0.45192291412698826,0.8086157928981845,0.33456376059817977,
apo,1W0E,1RD,4K9T,7,144.0,0.7558160218158341,4.601145901728392,6.7134936677434105,0.996418222388015,
apo,1W0E,2QH,4NY4,7,144.0,0.5706490419739532,1.0444865409769708,2.0782502259947964,0.6529036200645444,
apo,1W0E,5AW,4K9U,1,,,,,,span < 4 residues in common
apo,1W0E,6AW,4K9V,7,144.0,0.5358500914221024,1.0424547817830423,2.1562940235305406,0.4827885457932453,
apo,1W0E,7AW,4K9W,7,144.0,0.9972614909068045,4.823491850972912,6.231823780547382,1.2198380998546599,
apo,1W0E,80K,6BD6,7,144.0,0.6103719129901714,1.0819278518964857,1.9189990321185126,0.8222637574279398,
apo,1W0E,8AW,4K9X,5,144.0,0.7632662344041384,4.914157399240567,5.99456292558312,0.9978359031683841,
apo,1W0E,A1A06,9COS,0,,,,,,span < 4 residues in common
apo,1W0E,A1A07,9COR,1,,,,,,span < 4 residues in common
apo,1W0E,A1A08,9COT,0,,,,,,span < 4 residues in common
apo,1W0E,A1A4K,9COX,0,,,,,,span < 4 residues in common
apo,1W0E,A1A4S,9COV,0,,,,,,span < 4 residues in common
apo,1W0E,A1A4T,9COY,0,,,,,,span < 4 residues in common
apo,1W0E,A1A4U,9COU,0,,,,,,span < 4 residues in common
apo,1W0E,A1A4V,9COW,0,,,,,,span < 4 residues in common
apo,1W0E,A1APA,9BBB,1,,,,,,span < 4 residues in common
apo,1W0E,A1ASO,9BVC,7,144.0,0.461596303821064,0.7556024906448321,1.0751295887133996,0.44181340533728586,
apo,1W0E,A1ASP,9BVB,7,144.0,0.4684456867518047,0.6120512411132257,0.7546486254083145,0.42675663423744303,
apo,1W0E,A1ASQ,9BVA,7,144.0,0.4704741276200332,0.5348949308932708,0.7524084181037803,0.47950795573688004,
apo,1W0E,A1ASR,9BV9,7,144.0,0.4696602780704887,0.6131300388592849,0.7539271466096532,0.4141185984261383,
apo,1W0E,A1ASS,9BV8,7,144.0,0.46473580465860537,0.4482234360467132,0.6783026402608991,0.38675302957456636,
apo,1W0E,A1AST,9BV7,7,144.0,0.4916212965634069,0.7674217497827183,1.146723743250386,0.4814912017683294,
apo,1W0E,A1ASU,9BV6,6,144.0,0.5169131682335608,4.708708388253576,6.371284109470669,0.6209468267495449,
apo,1W0E,A1ASV,9BV5,7,144.0,0.5155472056778693,0.5139130242025082,0.8029019502462451,0.4039759833762584,
apo,1W0E,A1BNX,9MS1,2,,,,,,span < 4 residues in common
apo,1W0E,A1CIW,9PLK,4,144.0,0.5046023974440542,4.951980842262983,7.24343270336631,0.46553813776440534,
apo,1W0E,CFF,8SO1,7,144.0,0.4720116041215502,0.33324012104262263,0.5231540811595204,0.2301972327626331,
apo,1W0E,CL6,8SPD,7,144.0,0.5011180661121086,7.418033978323064,9.023002660023797,0.5231950336519717,
apo,1W0E,D0R,3TJS,2,,,,,,span < 4 residues in common
apo,1W0E,D7J,6BD7,7,144.0,0.4905483191740923,0.4758263643561298,0.6748535998654808,0.4306464810218764,
apo,1W0E,D7M,6BD5,7,144.0,0.5074170867404275,0.3970065105484059,0.6386292350734268,0.47397109418866606,
apo,1W0E,D7Y,6BCZ,7,144.0,0.4915581967200362,0.4578086714154816,0.6776662310476934,0.40604569047100686,
apo,1W0E,D81,6BD8,7,144.0,0.6056591242579529,0.7576477657609513,0.9928786876822411,0.8108195900634827,
apo,1W0E,DEJ,6BDI,7,144.0,0.4956837077763862,0.4357029387664045,0.6604961853707861,0.46567714865720244,
apo,1W0E,DEV,6BDH,0,,,,,,span < 4 residues in common
apo,1W0E,DJ1,6BDK,7,144.0,0.4765069331640041,0.49726017459883004,0.7012145163660795,0.4531854380133826,
apo,1W0E,ERY,2J0D,4,144.0,0.5441288030139166,6.074111406723557,8.24201260770738,0.4932016875059472,
apo,1W0E,FZV,6DAC,4,144.0,0.5140303964670118,2.312667343787891,4.565313254614372,0.6240827261195135,
apo,1W0E,G0D,6DA2,3,,,,,,span < 4 residues in common
apo,1W0E,G0J,6DA8,1,,,,,,span < 4 residues in common
apo,1W0E,G0M,6DAA,1,,,,,,span < 4 residues in common
apo,1W0E,G0V,6DAB,0,,,,,,span < 4 residues in common
apo,1W0E,G1J,6DA5,1,,,,,,span < 4 residues in common
apo,1W0E,J9K,4D78,7,144.0,0.73615955466387,4.737772696849789,6.590242871520178,0.9673779890052044,
apo,1W0E,KLN,2V0M,7,144.0,0.8799733963885987,5.3279206714235,6.75586039842362,1.157188353452683,
apo,1W0E,MF8,5G5J,7,144.0,0.4815730201922695,0.3170677279159569,0.35223353172615035,0.2604261299955386,
apo,1W0E,MWS,6OOB,7,144.0,0.48720526726284746,0.4245865720572323,0.502713485834538,0.3524296905998627,
apo,1W0E,MWV,6OO9,7,144.0,0.5072910458840829,0.2723535092081734,0.3569687980716259,0.3065965674048246,
apo,1W0E,MWY,6OOA,1,,,,,,span < 4 residues in common
apo,1W0E,MYT,1W0G,7,144.0,0.40385909125717034,0.46943878763747643,0.7788157838198038,0.3702438642397566,
apo,1W0E,NH0,7UF9,0,,,,,,span < 4 residues in common
apo,1W0E,NI6,7UFA,7,144.0,0.5879678069226493,7.182027128584404,8.899295038528987,0.7912562502364814,
apo,1W0E,NJ0,7UFB,7,144.0,0.4843981174392753,0.3055693256250534,0.4875243548085519,0.4412488984471183,
apo,1W0E,NJO,7UFC,7,144.0,0.5829199785277555,0.732568337623992,1.2442573181163927,0.6334681307676356,
apo,1W0E,NXR,7UFE,7,144.0,0.8897524755775247,4.7154882871502535,6.213117733278396,1.1394391716422487,
apo,1W0E,NYF,7UFF,7,144.0,0.8896553980766255,4.7372683374864835,6.256476030030198,1.1385915195446115,
apo,1W0E,PG0,9BV6,6,144.0,0.5169131682335608,4.708708388253576,6.371284109470669,0.6209468267495449,
apo,1W0E,PG4,9YK4,7,144.0,0.48538085632849637,0.3348622883161612,0.5711502808261313,0.35530439305725126,
apo,1W0E,PK9,4D6Z,7,144.0,0.48896896048929855,0.32943490678875575,0.5931366496635718,0.3316063208333083,
apo,1W0E,PKT,4D7D,7,144.0,0.7183308482945984,4.376995833346452,7.059467044240628,0.9642374477872105,
apo,1W0E,QDJ,6UNL,0,,,,,,span < 4 residues in common
apo,1W0E,QDP,6UNM,0,,,,,,span < 4 residues in common
apo,1W0E,QDV,6UNI,0,,,,,,span < 4 residues in common
apo,1W0E,QDY,6UNJ,7,144.0,0.9008745768960588,4.522184486352029,6.888873399838823,1.2293145785601456,
apo,1W0E,QE4,6UNK,3,,,,,,span < 4 residues in common
apo,1W0E,QEA,6UNH,4,144.0,0.7112454420412423,0.7301411840505582,1.045639139685179,0.8849512771462732,
apo,1W0E,QEP,6UNG,4,144.0,0.6620370587278078,0.7058615324471339,0.8476404194998476,0.9689515449610646,
apo,1W0E,QES,6UNE,4,144.0,0.5925916823334405,0.9757431836213043,1.0656394526058803,0.8065102331652871,
apo,1W0E,RIT,3NXU,7,144.0,0.9975283792092537,4.741750187126778,5.9858632586937714,1.2226929121446846,
apo,1W0E,T0K,7UFD,7,144.0,0.557294831120473,0.8248869618685155,1.3372945270135705,0.5888167004645427,
apo,1W0E,TCI,9PLJ,7,144.0,0.4688244152350007,0.49371570226934847,0.7028102149346994,0.31871923024584387,
apo,1W0E,X5Y,7KVH,7,144.0,0.8333160278086188,5.020568043587997,6.898738733828684,1.147968182465908,
apo,1W0E,X6J,7KVP,3,,,,,,span < 4 residues in common
apo,1W0E,X6S,7KVO,7,144.0,0.8408890030168169,4.591035959764077,6.185720633640262,1.0893064729553585,
apo,1W0E,X6V,7KVN,7,144.0,0.8796837161198893,4.782337844642247,6.4450482952166155,1.1455440769906515,
apo,1W0E,X71,7KVM,2,,,,,,span < 4 residues in common
apo,1W0E,X74,7KVS,7,144.0,0.8402322573922932,4.636631020077723,6.373089244760441,1.129150548581274,
apo,1W0E,X7D,7KVQ,7,144.0,0.8388138310999066,4.567034590221016,6.275544505674629,1.1016499612321808,
apo,1W0E,X7J,7KVK,7,144.0,0.9237897959219519,4.71919286546431,6.332491969006242,1.1889205549847195,
apo,1W0E,X7M,7KVJ,0,,,,,,span < 4 residues in common
apo,1W0E,X7P,7KVI,1,,,,,,span < 4 residues in common
apo,1W0E,Y83,6BDM,4,144.0,0.6657189806796678,2.9065979505707675,5.2732049602615865,1.0843297500960518,
apo,1W0E,YNV,7LXL,2,,,,,,span < 4 residues in common
apo,1W0E,Z8Z,4I4G,7,144.0,0.7721465186124348,5.3820010043621815,7.4376720687896,0.9976150800169287,
apo,1W0E,Z9Z,4I4H,7,144.0,0.7801422450544416,4.675153672275452,6.326707595489521,1.050228174889549,
apo,4I3Q,08J,5TE8,7,150.0,0.8137382461511609,7.200704957265898,11.909201956207223,0.6353016617666076,
apo,4I3Q,08Y,3UA1,7,148.0,0.372968496564502,0.5527978205526517,0.7995635791826132,0.25778486681221874,
apo,4I3Q,1RD,4K9T,7,146.0,0.6043178165549504,4.668438328638974,6.6884355707407535,0.9006301528647448,
apo,4I3Q,2QH,4NY4,7,148.0,0.4813130052084422,0.8416603488050591,1.5762957826412405,0.6606658875100724,
apo,4I3Q,5AW,4K9U,1,,,,,,span < 4 residues in common
apo,4I3Q,6AW,4K9V,7,146.0,0.36027436093764054,0.9714149401625424,2.0476892735598797,0.4223883348735605,
apo,4I3Q,7AW,4K9W,7,148.0,0.9790059853345453,4.5001823269372,5.738717999902409,1.2303403750652868,
apo,4I3Q,80K,6BD6,7,148.0,0.5375815100024035,0.9602868864946045,1.4024827991679794,0.7915782007768664,
apo,4I3Q,8AW,4K9X,5,147.0,0.6479165226804668,4.646836381422099,5.563329487307282,0.9604561773158338,
apo,4I3Q,A1A06,9COS,0,,,,,,span < 4 residues in common
apo,4I3Q,A1A07,9COR,1,,,,,,span < 4 residues in common
apo,4I3Q,A1A08,9COT,0,,,,,,span < 4 residues in common
apo,4I3Q,A1A4K,9COX,0,,,,,,span < 4 residues in common
apo,4I3Q,A1A4S,9COV,0,,,,,,span < 4 residues in common
apo,4I3Q,A1A4T,9COY,0,,,,,,span < 4 residues in common
apo,4I3Q,A1A4U,9COU,0,,,,,,span < 4 residues in common
apo,4I3Q,A1A4V,9COW,0,,,,,,span < 4 residues in common
apo,4I3Q,A1APA,9BBB,1,,,,,,span < 4 residues in common
apo,4I3Q,A1ASO,9BVC,7,149.0,0.5126538489436766,0.8411108498634239,1.372867168765083,0.5082973751710419,
apo,4I3Q,A1ASP,9BVB,7,150.0,0.5332301633407467,0.7080004699983037,1.1420850704639576,0.4805475097930132,
apo,4I3Q,A1ASQ,9BVA,7,149.0,0.5604470702117647,0.6626764908544954,1.1499414194538435,0.5677891956441162,
apo,4I3Q,A1ASR,9BV9,7,150.0,0.5469423888568138,0.7190686506447534,1.1480165851016362,0.4751691121732209,
apo,4I3Q,A1ASS,9BV8,7,150.0,0.49189167018825986,0.3864451341689636,0.7960616789333742,0.4153704899820091,
apo,4I3Q,A1AST,9BV7,7,149.0,0.5317854872037904,0.8548165378692708,1.4598962067931895,0.5386877926574273,
apo,4I3Q,A1ASU,9BV6,6,150.0,0.5755205943352173,4.669833289356234,6.53130161403235,0.6000340299587568,
apo,4I3Q,A1ASV,9BV5,7,150.0,0.7524687396116964,0.5851710033386701,1.159843874996564,0.4942489766739127,
apo,4I3Q,A1BNX,9MS1,2,,,,,,span < 4 residues in common
apo,4I3Q,A1CIW,9PLK,4,150.0,0.607658132957732,4.949031244056864,7.155879839057478,0.47284634337756065,
apo,4I3Q,CFF,8SO1,7,150.0,0.48052779599219464,0.32096536066758474,0.5991923446685318,0.26636394383929346,
apo,4I3Q,CL6,8SPD,7,149.0,0.6886984465927731,7.375010312728305,9.018741174075913,0.5794518699943837,
apo,4I3Q,D0R,3TJS,2,,,,,,span < 4 residues in common
apo,4I3Q,D7J,6BD7,7,150.0,0.5452404199141342,0.558796085639696,1.032911515393444,0.3912156335521141,
apo,4I3Q,D7M,6BD5,7,149.0,0.4892614753469854,0.4678179289404434,0.7637257294611041,0.4439168142563658,
apo,4I3Q,D7Y,6BCZ,7,150.0,0.5139039885465004,0.5218964713945152,0.9740356960420931,0.3288036186363739,
apo,4I3Q,D81,6BD8,7,149.0,0.5767996428489703,0.8398023255763727,1.3078541906420955,0.8448389195740086,
apo,4I3Q,DEJ,6BDI,7,149.0,0.4946784252866815,0.5097476021843027,0.9542005365467926,0.43013574407778093,
apo,4I3Q,DEV,6BDH,0,,,,,,span < 4 residues in common
apo,4I3Q,DJ1,6BDK,7,149.0,0.49640971539405687,0.5596786783623365,1.023811681839721,0.4515842158274029,
apo,4I3Q,ERY,2J0D,4,150.0,0.7679964001159385,6.052875538467507,8.365215783718448,0.5696909034287098,
apo,4I3Q,FZV,6DAC,4,149.0,0.5159809262940623,2.186571917729566,4.330935175605409,0.5984731896208725,
apo,4I3Q,G0D,6DA2,3,,,,,,span < 4 residues in common
apo,4I3Q,G0J,6DA8,1,,,,,,span < 4 residues in common
apo,4I3Q,G0M,6DAA,1,,,,,,span < 4 residues in common
apo,4I3Q,G0V,6DAB,0,,,,,,span < 4 residues in common
apo,4I3Q,G1J,6DA5,1,,,,,,span < 4 residues in common
apo,4I3Q,J9K,4D78,7,146.0,0.5344643508141691,4.57046448800326,6.580405446373897,0.874127484599385,
apo,4I3Q,KLN,2V0M,7,146.0,0.7088155568126658,5.152101306381024,6.6431934531503325,1.0957358302016298,
apo,4I3Q,MF8,5G5J,7,148.0,0.4415128311712859,0.524379935010951,0.6954519272686532,0.234206428716022,
apo,4I3Q,MWS,6OOB,7,150.0,0.521752954805306,0.5721954187596547,0.8158134712409374,0.3136811845029629,
apo,4I3Q,MWV,6OO9,7,149.0,0.5278160894145771,0.45204804396798237,0.6738320683351773,0.3505719420536794,
apo,4I3Q,MWY,6OOA,1,,,,,,span < 4 residues in common
apo,4I3Q,MYT,1W0G,7,146.0,0.6260242491180441,0.37159164366544467,0.505232857588786,0.466475489190883,
apo,4I3Q,NH0,7UF9,0,,,,,,span < 4 residues in common
apo,4I3Q,NI6,7UFA,7,148.0,0.47625675847134324,7.186954083054657,8.7392984132399,0.7238024611574184,
apo,4I3Q,NJ0,7UFB,7,150.0,0.5133233824077192,0.31707336713288015,0.43133053527192217,0.4743359579044156,
apo,4I3Q,NJO,7UFC,7,150.0,0.5993184535397701,0.6882615927063856,1.1795028130717564,0.6134104719742888,
apo,4I3Q,NXR,7UFE,7,149.0,0.9179876193721022,4.3570437126843515,5.685696175570651,1.1826604488392014,
apo,4I3Q,NYF,7UFF,7,149.0,0.9188000148825705,4.380243146555826,5.729606694180796,1.1822610350531657,
apo,4I3Q,PG0,9BV6,6,150.0,0.5755205943352173,4.669833289356234,6.53130161403235,0.6000340299587568,
apo,4I3Q,PG4,9YK4,7,149.0,0.5340379203273395,0.4096621856738434,0.6127504996632233,0.4035653171137299,
apo,4I3Q,PK9,4D6Z,7,146.0,0.3553400221251702,0.3981270574568123,0.5783406846553063,0.36065608176968356,
apo,4I3Q,PKT,4D7D,7,147.0,0.6381899560781005,4.195568781337463,6.978489561277761,0.9153675519831252,
apo,4I3Q,QDJ,6UNL,0,,,,,,span < 4 residues in common
apo,4I3Q,QDP,6UNM,0,,,,,,span < 4 residues in common
apo,4I3Q,QDV,6UNI,0,,,,,,span < 4 residues in common
apo,4I3Q,QDY,6UNJ,7,147.0,0.8132099023033718,4.507307234956237,6.710677518160947,1.2049067081418876,
apo,4I3Q,QE4,6UNK,3,,,,,,span < 4 residues in common
apo,4I3Q,QEA,6UNH,4,147.0,0.5783058235336919,0.563121375854576,0.6449084102882855,0.8725443356473427,
apo,4I3Q,QEP,6UNG,4,149.0,0.6143264758054635,0.659131334190788,0.8282655966310641,0.9407444005082375,
apo,4I3Q,QES,6UNE,4,148.0,0.5570898331943118,0.9667092815707902,1.0991994561714966,0.7699661358020671,
apo,4I3Q,RIT,3NXU,7,147.0,0.8928963628129465,4.469862408195799,5.722821361267235,1.2206577117452682,
apo,4I3Q,T0K,7UFD,7,150.0,0.5770754203998851,0.7221193787962108,1.2080223312926575,0.6182909672691981,
apo,4I3Q,TCI,9PLJ,7,150.0,0.4832043675067685,0.636731273929642,0.8495044884134688,0.30467034281382815,
apo,4I3Q,X5Y,7KVH,7,147.0,0.729899058822177,4.783711363192901,6.441922518321638,1.1136861364535995,
apo,4I3Q,X6J,7KVP,3,,,,,,span < 4 residues in common
apo,4I3Q,X6S,7KVO,7,150.0,0.8562747016506703,4.272589462409566,5.666144381833555,1.136667140245581,
apo,4I3Q,X6V,7KVN,7,146.0,0.6765281797610809,4.561466886032674,5.985119301581715,1.0972732805614966,
apo,4I3Q,X71,7KVM,2,,,,,,span < 4 residues in common
apo,4I3Q,X74,7KVS,7,149.0,0.8897334265185324,4.3237350849632765,5.8573901699453215,1.1689264676932365,
apo,4I3Q,X7D,7KVQ,7,147.0,0.7032050422610621,4.317061528557665,5.797550531503526,1.0913648521543828,
apo,4I3Q,X7J,7KVK,7,150.0,0.9469452792936437,4.369470521086307,5.804190923244334,1.2318236942837684,
apo,4I3Q,X7M,7KVJ,0,,,,,,span < 4 residues in common
apo,4I3Q,X7P,7KVI,1,,,,,,span < 4 residues in common
apo,4I3Q,Y83,6BDM,4,149.0,0.5963650861387719,2.9430474347776103,5.376566983808148,1.0144277255132652,
apo,4I3Q,YNV,7LXL,2,,,,,,span < 4 residues in common
apo,4I3Q,Z8Z,4I4G,7,147.0,0.6488993692716714,5.158269531356218,7.340310025763953,0.95846645748621,
apo,4I3Q,Z9Z,4I4H,7,147.0,0.6743439531323021,4.45653433507739,5.884080774548595,1.0035222353080346,
apo,5VCC,08J,5TE8,7,149.0,0.6443186328078971,7.193479919737055,11.930226492493507,0.4923211222901394,
apo,5VCC,08Y,3UA1,7,147.0,0.30781799895279216,0.28285667342707893,0.38826571040269503,0.1886249107908929,
apo,5VCC,1RD,4K9T,7,146.0,0.7240855481919296,4.519101514519624,6.624213350684258,0.9621820177546659,
apo,5VCC,2QH,4NY4,7,147.0,0.5738582977494264,1.1983710640245713,2.3659846995743252,0.6023687317295362,
apo,5VCC,5AW,4K9U,1,,,,,,span < 4 residues in common
apo,5VCC,6AW,4K9V,7,146.0,0.40757703075880375,1.128854487571371,2.1528191236261365,0.40865922708577773,
apo,5VCC,7AW,4K9W,7,148.0,1.048734139348544,4.556664934882579,5.740838867800236,1.2709576174700667,
apo,5VCC,80K,6BD6,7,148.0,0.4439995604047471,1.2001316338604173,2.200718132191383,0.75261187513387,
apo,5VCC,8AW,4K9X,5,147.0,0.7545673801114257,4.70924624585956,5.429045143656162,0.9996441977883296,
apo,5VCC,A1A06,9COS,0,,,,,,span < 4 residues in common
apo,5VCC,A1A07,9COR,1,,,,,,span < 4 residues in common
apo,5VCC,A1A08,9COT,0,,,,,,span < 4 residues in common
apo,5VCC,A1A4K,9COX,0,,,,,,span < 4 residues in common
apo,5VCC,A1A4S,9COV,0,,,,,,span < 4 residues in common
apo,5VCC,A1A4T,9COY,0,,,,,,span < 4 residues in common
apo,5VCC,A1A4U,9COU,0,,,,,,span < 4 residues in common
apo,5VCC,A1A4V,9COW,0,,,,,,span < 4 residues in common
apo,5VCC,A1APA,9BBB,1,,,,,,span < 4 residues in common
apo,5VCC,A1ASO,9BVC,7,148.0,0.3590059604169569,0.8037491298591557,1.1896168982576836,0.37351248416622856,
apo,5VCC,A1ASP,9BVB,7,149.0,0.40348600124662504,0.6451004890002588,0.9132770705744825,0.35791206855294233,
apo,5VCC,A1ASQ,9BVA,7,149.0,0.4023878701219674,0.6402714153336652,0.8545276302545826,0.44651103831138444,
apo,5VCC,A1ASR,9BV9,7,149.0,0.41279889787851315,0.6599356921057553,0.9386951015354987,0.35127816772370907,
apo,5VCC,A1ASS,9BV8,7,149.0,0.3442362517267427,0.4753474880338768,0.8622660468034699,0.3008738960630185,
apo,5VCC,A1AST,9BV7,7,149.0,0.4234817105900097,0.7955491903848125,1.0614133023116086,0.43714225772817455,
apo,5VCC,A1ASU,9BV6,6,149.0,0.45130577730785254,4.840288897241694,6.442459913718547,0.5381206971964128,
apo,5VCC,A1ASV,9BV5,7,149.0,0.4292189659438234,0.5290521828497328,0.8521309620191146,0.3407594326797562,
apo,5VCC,A1BNX,9MS1,2,,,,,,span < 4 residues in common
apo,5VCC,A1CIW,9PLK,4,149.0,0.3795878285394265,4.924326785547555,7.184951926759606,0.3477931530699523,
apo,5VCC,CFF,8SO1,7,149.0,0.2497032601740315,0.3415472789125659,0.43014868064237677,0.16654866846906,
apo,5VCC,CL6,8SPD,7,149.0,0.4806828999125832,7.2637426050480505,8.980691308283966,0.4106215830089077,
apo,5VCC,D0R,3TJS,2,,,,,,span < 4 residues in common
apo,5VCC,D7J,6BD7,7,149.0,0.43400812913995085,0.5778437554773378,0.7945885582288972,0.35641272816995195,
apo,5VCC,D7M,6BD5,7,149.0,0.3168481580119612,0.30441658904840935,0.4192773368465727,0.38915412951839434,
apo,5VCC,D7Y,6BCZ,7,149.0,0.2811885645603831,0.4378929188415553,0.6282728048976902,0.2934778914544643,
apo,5VCC,D81,6BD8,7,149.0,0.4044178685196961,0.7420793384117016,0.8892321083477934,0.7443195283569561,
apo,5VCC,DEJ,6BDI,7,148.0,0.2754356257839935,0.38291188559240324,0.5564194233952555,0.37989916965775683,
apo,5VCC,DEV,6BDH,0,,,,,,span < 4 residues in common
apo,5VCC,DJ1,6BDK,7,148.0,0.2587900294021864,0.42672615686190907,0.5990327651692517,0.36434277216697336,
apo,5VCC,ERY,2J0D,4,149.0,0.5481431901809275,6.084439757833613,8.142841285557846,0.42470324597318354,
apo,5VCC,FZV,6DAC,4,149.0,0.2652216239421331,2.4545206777031443,4.900343010946614,0.5104553528710821,
apo,5VCC,G0D,6DA2,3,,,,,,span < 4 residues in common
apo,5VCC,G0J,6DA8,1,,,,,,span < 4 residues in common
apo,5VCC,G0M,6DAA,1,,,,,,span < 4 residues in common
apo,5VCC,G0V,6DAB,0,,,,,,span < 4 residues in common
apo,5VCC,G1J,6DA5,1,,,,,,span < 4 residues in common
apo,5VCC,J9K,4D78,7,146.0,0.6152549894467633,4.63460534419035,6.547564278272649,0.9085400557366909,
apo,5VCC,KLN,2V0M,7,146.0,0.8358998834391081,5.161417467406974,6.493222482580448,1.1417172172642722,
apo,5VCC,MF8,5G5J,7,147.0,0.38174445552390757,0.45674488662956886,0.6023021336186534,0.2022455776174176,
apo,5VCC,MWS,6OOB,7,149.0,0.29718901239542556,0.4267813660099686,0.5322012484975556,0.23360148365935451,
apo,5VCC,MWV,6OO9,7,148.0,0.2980942723237671,0.3314277853229183,0.4789570589862804,0.2026602474039606,
apo,5VCC,MWY,6OOA,1,,,,,,span < 4 residues in common
apo,5VCC,MYT,1W0G,7,146.0,0.5458430365776215,0.564852202544521,1.0163563299653016,0.41777530865195994,
apo,5VCC,NH0,7UF9,0,,,,,,span < 4 residues in common
apo,5VCC,NI6,7UFA,7,147.0,0.39348374486973303,7.109085787475655,8.857296335275974,0.6937573575070907,
apo,5VCC,NJ0,7UFB,7,149.0,0.26557596304814857,0.32823363518781606,0.5234437345637567,0.3509424241457028,
apo,5VCC,NJO,7UFC,7,149.0,0.47464946527786006,0.9394436445164303,1.5463266179001072,0.5640762351864822,
apo,5VCC,NXR,7UFE,7,149.0,0.9657476400355449,4.432555863490116,5.564930071668529,1.2075015250612129,
apo,5VCC,NYF,7UFF,7,149.0,0.9664980083312793,4.454237548891915,5.608699198572635,1.2064520913540373,
apo,5VCC,PG0,9BV6,6,149.0,0.45130577730785254,4.840288897241694,6.442459913718547,0.5381206971964128,
apo,5VCC,PG4,9YK4,7,149.0,0.31536102632609775,0.23680310369267657,0.3507015429687145,0.23496316370619583,
apo,5VCC,PK9,4D6Z,7,146.0,0.20837950734486446,0.18678681272906997,0.35468516651517856,0.23930408223433094,
apo,5VCC,PKT,4D7D,7,147.0,0.7199029374065683,4.310896968985812,7.023253522923537,0.9526381131353687,
apo,5VCC,QDJ,6UNL,0,,,,,,span < 4 residues in common
apo,5VCC,QDP,6UNM,0,,,,,,span < 4 residues in common
apo,5VCC,QDV,6UNI,0,,,,,,span < 4 residues in common
apo,5VCC,QDY,6UNJ,7,147.0,0.9705917490162003,4.4595151205839185,6.86655461116794,1.2575828246512877,
apo,5VCC,QE4,6UNK,3,,,,,,span < 4 residues in common
apo,5VCC,QEA,6UNH,4,147.0,0.657990578894164,0.43961144459969315,0.4990684071949306,0.8486505607011469,
apo,5VCC,QEP,6UNG,4,148.0,0.5699998241296221,0.5005763356483264,0.6244394138348862,0.9334291751454767,
apo,5VCC,QES,6UNE,4,148.0,0.44163458579836234,0.7953228245220578,0.8712524282069755,0.737802888397212,
apo,5VCC,RIT,3NXU,7,147.0,1.053367851850512,4.511780330166857,5.697687236183367,1.27561384966631,
apo,5VCC,T0K,7UFD,7,149.0,0.46772010173858664,0.9803382539307814,1.6410158760198519,0.5412850371182357,
apo,5VCC,TCI,9PLJ,7,149.0,0.2566745016473014,0.4359326970635574,0.5433786937663331,0.22864942264456345,
apo,5VCC,X5Y,7KVH,7,147.0,0.859004140703849,4.803574805171041,6.301776753232549,1.1481120770649753,
apo,5VCC,X6J,7KVP,3,,,,,,span < 4 residues in common
apo,5VCC,X6S,7KVO,7,149.0,0.8677567894326701,4.340813395553678,5.559521780420833,1.136685311635214,
apo,5VCC,X6V,7KVN,7,146.0,0.8464394935327896,4.595208854508077,5.846187251467107,1.1459082973703645,
apo,5VCC,X71,7KVM,2,,,,,,span < 4 residues in common
apo,5VCC,X74,7KVS,7,148.0,0.9095677205933662,4.365393506488113,5.748352987671983,1.174662463324465,
apo,5VCC,X7D,7KVQ,7,147.0,0.8424164094007829,4.345031821044694,5.656592137934176,1.1304164722997667,
apo,5VCC,X7J,7KVK,7,149.0,0.9818024032121422,4.444702431086555,5.69881867684916,1.245480130524689,
apo,5VCC,X7M,7KVJ,0,,,,,,span < 4 residues in common
apo,5VCC,X7P,7KVI,1,,,,,,span < 4 residues in common
apo,5VCC,Y83,6BDM,4,148.0,0.5259608090061361,2.804848013628622,5.2108159838397885,1.0279175789454364,
apo,5VCC,YNV,7LXL,2,,,,,,span < 4 residues in common
apo,5VCC,Z8Z,4I4G,7,147.0,0.780406624942813,5.194142138025021,7.34786819470138,1.013878378499079,
apo,5VCC,Z9Z,4I4H,7,147.0,0.7716383299427488,4.493681971082537,5.739385396376887,1.0565322485255644,
apo,5VCD,08J,5TE8,7,149.0,0.687783957034442,7.103696144380182,11.774343206507332,0.42823135461401535,
apo,5VCD,08Y,3UA1,7,147.0,0.35737631783036794,0.34849944201434896,0.545430356367932,0.21622145275331875,
apo,5VCD,1RD,4K9T,7,146.0,0.7012365372849463,4.5232007235736935,6.6218260441971655,1.0825303907933759,
apo,5VCD,2QH,4NY4,7,147.0,0.5749598314312391,1.1526415547090438,2.2741719893280052,0.75326213660524,
apo,5VCD,5AW,4K9U,1,,,,,,span < 4 residues in common
apo,5VCD,6AW,4K9V,7,146.0,0.40730651343156193,1.0868690987229446,2.0888571396038222,0.5575096915118606,
apo,5VCD,7AW,4K9W,7,148.0,1.0361018253089538,4.608889184769593,5.84085867896626,1.3987065175026707,
apo,5VCD,80K,6BD6,7,148.0,0.47476089726861626,1.197164474652326,2.123710066095111,0.8809546009225655,
apo,5VCD,8AW,4K9X,5,147.0,0.7365278337792296,4.7807758362426505,5.670184006208471,1.1254188932996432,
apo,5VCD,A1A06,9COS,0,,,,,,span < 4 residues in common
apo,5VCD,A1A07,9COR,1,,,,,,span < 4 residues in common
apo,5VCD,A1A08,9COT,0,,,,,,span < 4 residues in common
apo,5VCD,A1A4K,9COX,0,,,,,,span < 4 residues in common
apo,5VCD,A1A4S,9COV,0,,,,,,span < 4 residues in common
apo,5VCD,A1A4T,9COY,0,,,,,,span < 4 residues in common
apo,5VCD,A1A4U,9COU,0,,,,,,span < 4 residues in common
apo,5VCD,A1A4V,9COW,0,,,,,,span < 4 residues in common
apo,5VCD,A1APA,9BBB,1,,,,,,span < 4 residues in common
apo,5VCD,A1ASO,9BVC,7,148.0,0.4052980949224214,0.8404938748129427,1.1695499017194857,0.5501510270281603,
apo,5VCD,A1ASP,9BVB,7,149.0,0.4414283193121425,0.7037946998550672,0.8967464833150514,0.5308833302008195,
apo,5VCD,A1ASQ,9BVA,7,149.0,0.45594122643867535,0.6818210218286198,0.8432791300569386,0.6041076539892428,
apo,5VCD,A1ASR,9BV9,7,149.0,0.452268230319123,0.7172765414125538,0.9214621492342758,0.5227049758336112,
apo,5VCD,A1ASS,9BV8,7,149.0,0.40337933586229624,0.4564140554781608,0.7886358392231876,0.45915526613394264,
apo,5VCD,A1AST,9BV7,7,149.0,0.4694947640413644,0.8363619959572145,1.1485834500251402,0.618131678053164,
apo,5VCD,A1ASU,9BV6,6,149.0,0.48700754873071916,4.820424850518172,6.3620681909639725,0.6727442443546165,
apo,5VCD,A1ASV,9BV5,7,149.0,0.50625464358362,0.5532036872665398,0.8332177200893688,0.5017943048271285,
apo,5VCD,A1BNX,9MS1,2,,,,,,span < 4 residues in common
apo,5VCD,A1CIW,9PLK,4,149.0,0.4172404734475714,4.8861897269378005,7.155828975234645,0.2630182909841973,
apo,5VCD,CFF,8SO1,7,149.0,0.31874077904098513,0.34214767859610273,0.4632740437060125,0.24603404783805005,
apo,5VCD,CL6,8SPD,7,149.0,0.5380340460771458,7.230892631134349,8.937559245507215,0.4787575621827693,
apo,5VCD,D0R,3TJS,2,,,,,,span < 4 residues in common
apo,5VCD,D7J,6BD7,7,149.0,0.4753425962494685,0.6124475549472606,0.7655504338504583,0.5154232472996558,
apo,5VCD,D7M,6BD5,7,149.0,0.36704764128117046,0.3638766357968702,0.4268136749528056,0.5464473487336577,
apo,5VCD,D7Y,6BCZ,7,149.0,0.32712034196274575,0.47515817525102516,0.6582556381261969,0.4305017338822601,
apo,5VCD,D81,6BD8,7,149.0,0.4603560966623515,0.7800592817453771,0.9849892916696361,0.8889518831648315,
apo,5VCD,DEJ,6BDI,7,148.0,0.3485297624074912,0.41222161343813274,0.6365602362978403,0.5450107245340824,
apo,5VCD,DEV,6BDH,0,,,,,,span < 4 residues in common
apo,5VCD,DJ1,6BDK,7,148.0,0.342152812060102,0.4747760126802989,0.6927427049140641,0.5311484413300182,
apo,5VCD,ERY,2J0D,4,149.0,0.5999562651583699,6.022249744177773,8.04802171627378,0.3345401136587517,
apo,5VCD,FZV,6DAC,4,149.0,0.3412582896809831,2.449176403583543,4.874568994837975,0.645685403382489,
apo,5VCD,G0D,6DA2,3,,,,,,span < 4 residues in common
apo,5VCD,G0J,6DA8,1,,,,,,span < 4 residues in common
apo,5VCD,G0M,6DAA,1,,,,,,span < 4 residues in common
apo,5VCD,G0V,6DAB,0,,,,,,span < 4 residues in common
apo,5VCD,G1J,6DA5,1,,,,,,span < 4 residues in common
apo,5VCD,J9K,4D78,7,146.0,0.6094751904184205,4.677161589174768,6.513136286281595,1.032807727366747,
apo,5VCD,KLN,2V0M,7,146.0,0.8274821001913265,5.2003982677529486,6.642162217452907,1.2814162995371077,
apo,5VCD,MF8,5G5J,7,147.0,0.42338653189741154,0.47099721030962116,0.6074768510383731,0.3038177346963461,
apo,5VCD,MWS,6OOB,7,149.0,0.3360911360480523,0.45677571629010055,0.5638185688147518,0.1398527769938374,
apo,5VCD,MWV,6OO9,7,148.0,0.37863597215491357,0.3397506680207288,0.4493774701154466,0.24711463199362937,
apo,5VCD,MWY,6OOA,1,,,,,,span < 4 residues in common
apo,5VCD,MYT,1W0G,7,146.0,0.569027057553949,0.5118434551394333,0.9278854082603386,0.5405726918873881,
apo,5VCD,NH0,7UF9,0,,,,,,span < 4 residues in common
apo,5VCD,NI6,7UFA,7,147.0,0.42855072278984274,7.090025227396579,8.816302379325283,0.8265909661988877,
apo,5VCD,NJ0,7UFB,7,149.0,0.33297504753335466,0.3242496179583681,0.4708687110069533,0.5163668460509975,
apo,5VCD,NJO,7UFC,7,149.0,0.5145486226184731,0.9134812018792244,1.4740988943239646,0.7217472266405415,
apo,5VCD,NXR,7UFE,7,149.0,0.9398984957214314,4.48546868987761,5.8039035118077,1.335843069824121,
apo,5VCD,NYF,7UFF,7,149.0,0.9406654403541151,4.507560109791288,5.84770038533143,1.3348384959481236,
apo,5VCD,PG0,9BV6,6,149.0,0.48700754873071916,4.820424850518172,6.3620681909639725,0.6727442443546165,
apo,5VCD,PG4,9YK4,7,149.0,0.3643225948842861,0.26951922410561496,0.3144580988088134,0.3894545595088547,
apo,5VCD,PK9,4D6Z,7,146.0,0.30421184571724114,0.19723289909077896,0.30516165566368303,0.41182659411247025,
apo,5VCD,PKT,4D7D,7,147.0,0.7152260035925412,4.340492857671288,6.975233933939456,1.0824698143810125,
apo,5VCD,QDJ,6UNL,0,,,,,,span < 4 residues in common
apo,5VCD,QDP,6UNM,0,,,,,,span < 4 residues in common
apo,5VCD,QDV,6UNI,0,,,,,,span < 4 residues in common
apo,5VCD,QDY,6UNJ,7,147.0,0.9442816862965634,4.447322334455022,6.804842565178389,1.3983647253123177,
apo,5VCD,QE4,6UNK,3,,,,,,span < 4 residues in common
apo,5VCD,QEA,6UNH,4,147.0,0.6446645531412182,0.5253637208125242,0.6236805813499502,0.9841548096334273,
apo,5VCD,QEP,6UNG,4,148.0,0.5700362462027517,0.5951981011886123,0.7245110748723341,1.0582536065916477,
apo,5VCD,QES,6UNE,4,148.0,0.4817466944401562,0.875142020823894,0.9570550440075969,0.8706614250248833,
apo,5VCD,RIT,3NXU,7,147.0,1.0263750711520898,4.563395085138818,5.665669610711644,1.3998818923871577,
apo,5VCD,T0K,7UFD,7,149.0,0.4939691687092512,0.9461178421479888,1.5933790081475718,0.6865968156012004,
apo,5VCD,TCI,9PLJ,7,149.0,0.29385094363582875,0.5002699845173306,0.6395677201315473,0.19745642044129785,
apo,5VCD,X5Y,7KVH,7,147.0,0.8378148032131644,4.8632491401624565,6.544168789837534,1.2800275409472512,
apo,5VCD,X6J,7KVP,3,,,,,,span < 4 residues in common
apo,5VCD,X6S,7KVO,7,149.0,0.8464725017477562,4.397966502487863,5.7987811219655345,1.2717541456988815,
apo,5VCD,X6V,7KVN,7,146.0,0.8456598706433422,4.642579319578263,6.082775424240185,1.2825827501468337,
apo,5VCD,X71,7KVM,2,,,,,,span < 4 residues in common
apo,5VCD,X74,7KVS,7,148.0,0.8899492904352259,4.427371467974438,5.988171705937035,1.3163834900339184,
apo,5VCD,X7D,7KVQ,7,147.0,0.8267766345026007,4.402476187818608,5.896389990035488,1.2655882369419003,
apo,5VCD,X7J,7KVK,7,149.0,0.9572630559378329,4.502553382432856,5.939109144724866,1.3797057001506137,
apo,5VCD,X7M,7KVJ,0,,,,,,span < 4 residues in common
apo,5VCD,X7P,7KVI,1,,,,,,span < 4 residues in common
apo,5VCD,Y83,6BDM,4,148.0,0.5688384937083825,2.809501954809211,5.186862377023123,1.1441872408075373,
apo,5VCD,YNV,7LXL,2,,,,,,span < 4 residues in common
apo,5VCD,Z8Z,4I4G,7,147.0,0.7564439924646198,5.247185823212339,7.3090593855834864,1.1457046696284403,
apo,5VCD,Z9Z,4I4H,7,147.0,0.7589897825569252,4.55276322626891,5.983905382584908,1.1798497284322853,
apo,9GK1,08J,5TE8,7,150.0,0.6543212880997532,7.221418758942098,11.878247465045801,0.44087227020535225,
apo,9GK1,08Y,3UA1,7,148.0,0.42127147459996445,0.42520980119759566,0.6509793687890951,0.2880220700847723,
apo,9GK1,1RD,4K9T,7,146.0,0.6906676911140218,4.649917679667322,6.62535133462224,1.0034505369806417,
apo,9GK1,2QH,4NY4,7,149.0,0.48949389011769745,1.2006186741939853,2.3412126584193094,0.6598114453994169,
apo,9GK1,5AW,4K9U,1,,,,,,span < 4 residues in common
apo,9GK1,6AW,4K9V,7,146.0,0.4372505275841127,1.1244345915522986,2.076003574618417,0.4986250565839794,
apo,9GK1,7AW,4K9W,7,148.0,1.0750205959770023,4.601184701856437,5.8125611998851054,1.3323254756886327,
apo,9GK1,80K,6BD6,7,148.0,0.5532903678127797,1.2107266913453605,2.180625237100681,0.8219735045973431,
apo,9GK1,8AW,4K9X,5,147.0,0.7511816065383395,4.863820028351458,5.654573970114981,1.0487035955393795,
apo,9GK1,A1A06,9COS,0,,,,,,span < 4 residues in common
apo,9GK1,A1A07,9COR,1,,,,,,span < 4 residues in common
apo,9GK1,A1A08,9COT,0,,,,,,span < 4 residues in common
apo,9GK1,A1A4K,9COX,0,,,,,,span < 4 residues in common
apo,9GK1,A1A4S,9COV,0,,,,,,span < 4 residues in common
apo,9GK1,A1A4T,9COY,0,,,,,,span < 4 residues in common
apo,9GK1,A1A4U,9COU,0,,,,,,span < 4 residues in common
apo,9GK1,A1A4V,9COW,0,,,,,,span < 4 residues in common
apo,9GK1,A1APA,9BBB,1,,,,,,span < 4 residues in common
apo,9GK1,A1ASO,9BVC,7,149.0,0.43415323609314294,0.8462086133696686,1.197349526728419,0.480572545827906,
apo,9GK1,A1ASP,9BVB,7,150.0,0.4531331243827603,0.6563629999856464,1.0168861919699121,0.46964796791241736,
apo,9GK1,A1ASQ,9BVA,7,149.0,0.4357073191066177,0.6259478757277839,0.9342031108023836,0.5453543731399232,
apo,9GK1,A1ASR,9BV9,7,150.0,0.47532887850593747,0.6587633631125421,1.0355185934157294,0.4542117628733292,
apo,9GK1,A1ASS,9BV8,7,150.0,0.3578777249379657,0.4696609627994871,0.8069743687556059,0.3770894414036185,
apo,9GK1,A1AST,9BV7,7,149.0,0.4737752653226355,0.7883544697272304,1.1069158548461813,0.5528167061593738,
apo,9GK1,A1ASU,9BV6,6,150.0,0.45519937533055177,4.843664264326903,6.402716991757369,0.5969184167420647,
apo,9GK1,A1ASV,9BV5,7,151.0,0.7654102782818224,0.606052775792574,0.8417256140249384,0.42324994582180864,
apo,9GK1,A1BNX,9MS1,2,,,,,,span < 4 residues in common
apo,9GK1,A1CIW,9PLK,4,151.0,0.4123957983252941,4.96223043098585,7.158527103489453,0.2840418183102986,
apo,9GK1,CFF,8SO1,7,151.0,0.44371860572179095,0.3172588289016055,0.40797580445857656,0.22423937132033292,
apo,9GK1,CL6,8SPD,7,149.0,0.5091670759674456,7.407674233626836,8.949923622705436,0.4529248905187223,
apo,9GK1,D0R,3TJS,2,,,,,,span < 4 residues in common
apo,9GK1,D7J,6BD7,7,151.0,0.6542260862057863,0.5330108937152118,0.7740555376812709,0.46719283256998895,
apo,9GK1,D7M,6BD5,7,149.0,0.49954286856995966,0.40142368510952164,0.5048547020080312,0.5014043609700597,
apo,9GK1,D7Y,6BCZ,7,151.0,0.6501283015906474,0.43977605598929176,0.5489536035658019,0.41219098033318996,
apo,9GK1,D81,6BD8,7,149.0,0.5814875930955489,0.8250453096219421,0.9325244191095835,0.820277689867775,
apo,9GK1,DEJ,6BDI,7,150.0,0.6284610097869597,0.41727078672494167,0.5436196537182139,0.4680574098582593,
apo,9GK1,DEV,6BDH,0,,,,,,span < 4 residues in common
apo,9GK1,DJ1,6BDK,7,150.0,0.6119957288702388,0.43640272503817656,0.6027799804425459,0.44486824293382865,
apo,9GK1,ERY,2J0D,4,150.0,0.6139872589258337,6.122063813875001,8.330553778910845,0.4510000574276574,
apo,9GK1,FZV,6DAC,4,149.0,0.497117107088635,2.4961146992692393,4.9562725233610845,0.6212321504780531,
apo,9GK1,G0D,6DA2,3,,,,,,span < 4 residues in common
apo,9GK1,G0J,6DA8,1,,,,,,span < 4 residues in common
apo,9GK1,G0M,6DAA,1,,,,,,span < 4 residues in common
apo,9GK1,G0V,6DAB,0,,,,,,span < 4 residues in common
apo,9GK1,G1J,6DA5,1,,,,,,span < 4 residues in common
apo,9GK1,J9K,4D78,7,146.0,0.6285653193195235,4.698990682795027,6.4946884412851436,0.9715492175384199,
apo,9GK1,KLN,2V0M,7,146.0,0.8176556352024633,5.228070185385059,6.732980052887042,1.2149338919883257,
apo,9GK1,MF8,5G5J,7,148.0,0.44285675734544266,0.46742379077225593,0.6502897034798232,0.3170224533829981,
apo,9GK1,MWS,6OOB,7,150.0,0.4210513098745358,0.4948882910728578,0.6174643752803086,0.2422051366278448,
apo,9GK1,MWV,6OO9,7,150.0,0.4350998972931425,0.37910404333833975,0.5566218107104691,0.19267451049803958,
apo,9GK1,MWY,6OOA,1,,,,,,span < 4 residues in common
apo,9GK1,MYT,1W0G,7,146.0,0.5441664454492975,0.5983873753048619,1.0001126197923114,0.4355450832322795,
apo,9GK1,NH0,7UF9,0,,,,,,span < 4 residues in common
apo,9GK1,NI6,7UFA,7,148.0,0.5016065198274529,7.199786058015062,8.825822364727902,0.7642033031975795,
apo,9GK1,NJ0,7UFB,7,151.0,0.47694437754790636,0.3711421836279679,0.47003862622226616,0.4294304995098135,
apo,9GK1,NJO,7UFC,7,151.0,0.6404278349575945,0.8920555001180182,1.4874986864712074,0.6356363426848357,
apo,9GK1,NXR,7UFE,7,149.0,1.0752387786778215,4.448395478225777,5.764067659926284,1.2812718812362984,
apo,9GK1,NYF,7UFF,7,149.0,1.0755793809110887,4.471156564905969,5.8081152397351925,1.2799066078671035,
apo,9GK1,PG0,9BV6,6,150.0,0.45519937533055177,4.843664264326903,6.402716991757369,0.5969184167420647,
apo,9GK1,PG4,9YK4,7,149.0,0.4431567969135685,0.307743676429672,0.3927616964512819,0.3695348595883885,
apo,9GK1,PK9,4D6Z,7,146.0,0.365551098592766,0.3259276992248079,0.48879525567002713,0.35436690292617584,
apo,9GK1,PKT,4D7D,7,147.0,0.7164053900562531,4.330849707479615,6.94042129207215,1.0041857803896124,
apo,9GK1,QDJ,6UNL,0,,,,,,span < 4 residues in common
apo,9GK1,QDP,6UNM,0,,,,,,span < 4 residues in common
apo,9GK1,QDV,6UNI,0,,,,,,span < 4 residues in common
apo,9GK1,QDY,6UNJ,7,147.0,0.9318658978898681,4.567854272452198,6.803170113716988,1.3127337490616748,
apo,9GK1,QE4,6UNK,3,,,,,,span < 4 residues in common
apo,9GK1,QEA,6UNH,4,147.0,0.6640357510568756,0.534007488471435,0.5958443473169256,0.9097467776368424,
apo,9GK1,QEP,6UNG,4,149.0,0.6065686524503645,0.6226118869610253,0.7455030930963934,0.9821328869268227,
apo,9GK1,QES,6UNE,4,148.0,0.558379983317113,0.9169335530553141,0.9962961504386826,0.7963045906787088,
apo,9GK1,RIT,3NXU,7,147.0,1.0099341607171866,4.57034743306379,5.631252559393607,1.3253357560003236,
apo,9GK1,T0K,7UFD,7,151.0,0.6128791204792009,0.9520330690773797,1.6209674706710628,0.5813163773849414,
apo,9GK1,TCI,9PLJ,7,151.0,0.38695928130648866,0.5196985366570329,0.7583544504188173,0.22551441305777062,
apo,9GK1,X5Y,7KVH,7,147.0,0.830043121650502,4.878834397255146,6.52837108742951,1.197171909411838,
apo,9GK1,X6J,7KVP,3,,,,,,span < 4 residues in common
apo,9GK1,X6S,7KVO,7,150.0,1.0068524138484136,4.351630734975734,5.745471116444471,1.2310160600838427,
apo,9GK1,X6V,7KVN,7,146.0,0.8477038687671716,4.6540247863313295,6.059671412956223,1.1901711849516257,
apo,9GK1,X71,7KVM,2,,,,,,span < 4 residues in common
apo,9GK1,X74,7KVS,7,149.0,0.9984287093182852,4.386696715476388,5.940916076349599,1.2536236792821045,
apo,9GK1,X7D,7KVQ,7,147.0,0.8138742720541584,4.417548964283506,5.874256972052484,1.1710418938730938,
apo,9GK1,X7J,7KVK,7,150.0,1.1123949475790085,4.447694446677981,5.885263036930231,1.3436690679657992,
apo,9GK1,X7M,7KVJ,0,,,,,,span < 4 residues in common
apo,9GK1,X7P,7KVI,1,,,,,,span < 4 residues in common
apo,9GK1,Y83,6BDM,4,150.0,0.6401695577712576,2.903849761304523,5.19483311113815,1.0768475426607809,
apo,9GK1,YNV,7LXL,2,,,,,,span < 4 residues in common
apo,9GK1,Z8Z,4I4G,7,147.0,0.7605297765165608,5.2596421110983895,7.277273700296659,1.0623329550181253,
apo,9GK1,Z9Z,4I4H,7,147.0,0.7570391019056363,4.563017344097676,5.976741659326905,1.0949624002819554,
holo,1W0F,08J,5TE8,7,147.0,0.8719051465703059,7.258532683834634,11.874001629240494,0.5552436127302492,
holo,1W0F,08Y,3UA1,7,146.0,0.49207236001079796,0.37019160174152566,0.5179159019673494,0.27894040126059555,
holo,1W0F,1RD,4K9T,7,146.0,0.7495707469912664,4.5743173154249135,6.674838993447496,0.9797127281821834,
holo,1W0F,2QH,4NY4,7,146.0,0.5716915263835679,1.187501674360432,2.351122828175704,0.6588164114628566,
holo,1W0F,5AW,4K9U,1,,,,,,span < 4 residues in common
holo,1W0F,6AW,4K9V,7,146.0,0.4778175382499819,1.1120166863375458,2.3441652053928608,0.466780477770804,
holo,1W0F,7AW,4K9W,7,147.0,1.076476895860733,4.780446204079992,5.8968141406147225,1.2338693219778,
holo,1W0F,80K,6BD6,7,147.0,0.6701834720369364,1.2135108955552394,2.2325874678391013,0.7753461550247398,
holo,1W0F,8AW,4K9X,5,147.0,0.8135117474506497,4.91876051950928,5.701115491172652,0.9838192959421318,
holo,1W0F,A1A06,9COS,0,,,,,,span < 4 residues in common
holo,1W0F,A1A07,9COR,1,,,,,,span < 4 residues in common
holo,1W0F,A1A08,9COT,0,,,,,,span < 4 residues in common
holo,1W0F,A1A4K,9COX,0,,,,,,span < 4 residues in common
holo,1W0F,A1A4S,9COV,0,,,,,,span < 4 residues in common
holo,1W0F,A1A4T,9COY,0,,,,,,span < 4 residues in common
holo,1W0F,A1A4U,9COU,0,,,,,,span < 4 residues in common
holo,1W0F,A1A4V,9COW,0,,,,,,span < 4 residues in common
holo,1W0F,A1APA,9BBB,1,,,,,,span < 4 residues in common
holo,1W0F,A1ASO,9BVC,7,147.0,0.6133737739544926,0.7082652881717683,1.0379365103540348,0.43344046881544024,
holo,1W0F,A1ASP,9BVB,7,147.0,0.5907927992205944,0.5417859860549239,0.6159102361710206,0.41805940519734586,
holo,1W0F,A1ASQ,9BVA,7,147.0,0.6195200197778093,0.47467144077689705,0.6383909826851688,0.5142788251886722,
holo,1W0F,A1ASR,9BV9,7,147.0,0.5912583292165277,0.5378496338863101,0.6543246153060205,0.40895961617935983,
holo,1W0F,A1ASS,9BV8,7,147.0,0.6472819057650651,0.5541174482874679,0.9236521542318237,0.3542810209120228,
holo,1W0F,A1AST,9BV7,7,147.0,0.6016790053849592,0.6795747968328251,0.9078819172019162,0.4694921088875949,
holo,1W0F,A1ASU,9BV6,6,147.0,0.6467025205903667,4.830218830361502,6.4766408939317275,0.579603282908559,
holo,1W0F,A1ASV,9BV5,7,147.0,0.6554790487773704,0.5186801728968988,0.8198933633302652,0.40622772690974673,
holo,1W0F,A1BNX,9MS1,2,,,,,,span < 4 residues in common
holo,1W0F,A1CIW,9PLK,4,147.0,0.7119528903946039,5.010528355157053,7.303794908716832,0.45271886472469597,
holo,1W0F,CFF,8SO1,7,147.0,0.6461606190518421,0.46907065098029643,0.6298411102872203,0.2054258892017636,
holo,1W0F,CL6,8SPD,7,147.0,0.6912621958173771,7.339069124665591,9.126129605071432,0.5006144961815516,
holo,1W0F,D0R,3TJS,2,,,,,,span < 4 residues in common
holo,1W0F,D7J,6BD7,7,147.0,0.6415915038586455,0.45371539572395386,0.70487832669019,0.3712786129459622,
holo,1W0F,D7M,6BD5,7,147.0,0.6145676411954788,0.3752408262795056,0.56883609980545,0.4222967688580688,
holo,1W0F,D7Y,6BCZ,7,147.0,0.6116702159411518,0.43087807595929817,0.5876423414013051,0.34776099770444685,
holo,1W0F,D81,6BD8,7,147.0,0.682279836157403,0.7528185156184066,0.9219769559640919,0.7853525197646993,
holo,1W0F,DEJ,6BDI,7,147.0,0.6144603767661455,0.4202887387873467,0.5688484782629217,0.42046456261814497,
holo,1W0F,DEV,6BDH,0,,,,,,span < 4 residues in common
holo,1W0F,DJ1,6BDK,7,147.0,0.6141326191198514,0.4261981950873056,0.582096369819916,0.41928941239810424,
holo,1W0F,ERY,2J0D,4,147.0,0.7277376994724495,6.200501064156237,8.194612367308055,0.520667574153159,
holo,1W0F,FZV,6DAC,4,147.0,0.6220337414497666,2.418674888405039,4.809312273562608,0.5474404193888803,
holo,1W0F,G0D,6DA2,3,,,,,,span < 4 residues in common
holo,1W0F,G0J,6DA8,1,,,,,,span < 4 residues in common
holo,1W0F,G0M,6DAA,1,,,,,,span < 4 residues in common
holo,1W0F,G0V,6DAB,0,,,,,,span < 4 residues in common
holo,1W0F,G1J,6DA5,1,,,,,,span < 4 residues in common
holo,1W0F,J9K,4D78,7,146.0,0.6750327492198476,4.724978514237086,6.590404550322925,0.9474877044601313,
holo,1W0F,KLN,2V0M,7,146.0,0.8705092770654485,5.248710005849933,6.5770237338254205,1.1778222928788356,
holo,1W0F,MF8,5G5J,7,146.0,0.4754766997024039,0.22520722830830978,0.30317837898006783,0.20710623441529372,
holo,1W0F,MWS,6OOB,7,147.0,0.6773178409239102,0.2965937283318985,0.5197939283848524,0.34420926323530004,
holo,1W0F,MWV,6OO9,7,147.0,0.6775361153578515,0.25219848047594806,0.3710149576793593,0.2994690957869369,
holo,1W0F,MWY,6OOA,1,,,,,,span < 4 residues in common
holo,1W0F,MYT,1W0G,7,146.0,0.44601317896500975,0.6406560613927812,1.100870638850048,0.3799129881690465,
holo,1W0F,NH0,7UF9,0,,,,,,span < 4 residues in common
holo,1W0F,NI6,7UFA,7,146.0,0.5640292327688615,7.21345518027196,9.035375979455683,0.7553842756178345,
holo,1W0F,NJ0,7UFB,7,147.0,0.6291027710144946,0.376428483647151,0.6174533913887543,0.414720925774513,
holo,1W0F,NJO,7UFC,7,147.0,0.7170062045262093,0.9051812699624283,1.5517837982169156,0.5741501111043692,
holo,1W0F,NXR,7UFE,7,147.0,0.9728241133298969,4.6954259487613195,5.874177991517623,1.1464633968560605,
holo,1W0F,NYF,7UFF,7,147.0,0.9731839572445128,4.716927513809527,5.917787742595875,1.1454368985295278,
holo,1W0F,PG0,9BV6,6,147.0,0.6467025205903667,4.830218830361502,6.4766408939317275,0.579603282908559,
holo,1W0F,PG4,9YK4,7,147.0,0.6314525050212445,0.33435370566959705,0.47204298707923464,0.3515468668183168,
holo,1W0F,PK9,4D6Z,7,146.0,0.5032005041796617,0.2854277362515385,0.3930746592917531,0.3113513037196831,
holo,1W0F,PKT,4D7D,7,147.0,0.8102467022197717,4.455641813598444,7.175259786986251,0.9455843526933653,
holo,1W0F,QDJ,6UNL,0,,,,,,span < 4 residues in common
holo,1W0F,QDP,6UNM,0,,,,,,span < 4 residues in common
holo,1W0F,QDV,6UNI,0,,,,,,span < 4 residues in common
holo,1W0F,QDY,6UNJ,7,147.0,0.9896960690455922,4.511754834336838,7.050676003618551,1.22838397408887,
holo,1W0F,QE4,6UNK,3,,,,,,span < 4 residues in common
holo,1W0F,QEA,6UNH,4,146.0,0.682763697568858,0.5959677834116117,0.7284035062022549,0.8779756703252521,
holo,1W0F,QEP,6UNG,4,147.0,0.746943270025135,0.6274862549406458,0.8161566689543235,0.9319145753212913,
holo,1W0F,QES,6UNE,4,147.0,0.6698848461463659,0.938802292918621,1.0972369136295719,0.7553891567228412,
holo,1W0F,RIT,3NXU,7,147.0,1.0744888974967297,4.708419113737303,5.822910167637277,1.2572629674283962,
holo,1W0F,T0K,7UFD,7,147.0,0.7046308221974978,0.9922460754913939,1.6680112540192016,0.559178542850522,
holo,1W0F,TCI,9PLJ,7,147.0,0.6396521547135876,0.3509224910539023,0.5051536025722236,0.3098154464307646,
holo,1W0F,X5Y,7KVH,7,147.0,0.9009945337809675,5.002572557169085,6.579721222370127,1.1316495842687038,
holo,1W0F,X6J,7KVP,3,,,,,,span < 4 residues in common
holo,1W0F,X6S,7KVO,7,147.0,0.9179130957342917,4.572761414843909,5.85657845235127,1.0965142126762728,
holo,1W0F,X6V,7KVN,7,146.0,0.9457853715997256,4.789709905219579,6.127417338966052,1.1297541389409678,
holo,1W0F,X71,7KVM,2,,,,,,span < 4 residues in common
holo,1W0F,X74,7KVS,7,147.0,0.934503946281991,4.576529326558917,6.040177856884997,1.1374929107179335,
holo,1W0F,X7D,7KVQ,7,147.0,0.926557846777177,4.547902988180524,5.941651763026135,1.1071779804351156,
holo,1W0F,X7J,7KVK,7,147.0,1.0037197022478075,4.685717071551199,5.996956617194569,1.1949400635200464,
holo,1W0F,X7M,7KVJ,0,,,,,,span < 4 residues in common
holo,1W0F,X7P,7KVI,1,,,,,,span < 4 residues in common
holo,1W0F,Y83,6BDM,4,147.0,0.7418958339542778,2.893151903926335,5.327251173606345,1.0237362390396716,
holo,1W0F,YNV,7LXL,2,,,,,,span < 4 residues in common
holo,1W0F,Z8Z,4I4G,7,147.0,0.8346529178568904,5.374906467841588,7.487291774662725,0.9832879427651322,
holo,1W0F,Z9Z,4I4H,7,147.0,0.8638045281337077,4.683957465872779,6.016804966308492,1.0409689616547733,
holo,1W0G,08J,5TE8,7,146.0,0.7041022621973663,7.1089843785281355,11.9692985339169,0.6366350860781163,
holo,1W0G,08Y,3UA1,7,146.0,0.565993474267134,0.6139680343211913,1.0415606480721888,0.4764935836706055,
holo,1W0G,1RD,4K9T,7,146.0,0.8291689681421655,4.374967483250204,6.194961414326428,0.9420973788407407,
holo,1W0G,2QH,4NY4,7,146.0,0.6052357624968703,0.7137112501569519,1.366598953396743,0.5271763610116621,
holo,1W0G,5AW,4K9U,1,,,,,,span < 4 residues in common
holo,1W0G,6AW,4K9V,7,146.0,0.5568166623450111,0.8205814528801217,1.69257699777626,0.4164894686996365,
holo,1W0G,7AW,4K9W,7,146.0,1.0917631639773417,4.53666368762105,5.816280249414056,1.171591806633979,
holo,1W0G,80K,6BD6,7,146.0,0.6258279083009884,0.9169560529778746,1.398904750199242,0.7408271919861313,
holo,1W0G,8AW,4K9X,5,146.0,0.8003342706771542,4.680939141498711,5.62700058798445,0.9181784010971344,
holo,1W0G,A1A06,9COS,0,,,,,,span < 4 residues in common
holo,1W0G,A1A07,9COR,1,,,,,,span < 4 residues in common
holo,1W0G,A1A08,9COT,0,,,,,,span < 4 residues in common
holo,1W0G,A1A4K,9COX,0,,,,,,span < 4 residues in common
holo,1W0G,A1A4S,9COV,0,,,,,,span < 4 residues in common
holo,1W0G,A1A4T,9COY,0,,,,,,span < 4 residues in common
holo,1W0G,A1A4U,9COU,0,,,,,,span < 4 residues in common
holo,1W0G,A1A4V,9COW,0,,,,,,span < 4 residues in common
holo,1W0G,A1APA,9BBB,1,,,,,,span < 4 residues in common
holo,1W0G,A1ASO,9BVC,7,146.0,0.48167272221355206,0.7865351619032455,1.1157308821836485,0.3947843201862931,
holo,1W0G,A1ASP,9BVB,7,146.0,0.4745517824880902,0.7505581173760367,1.0502742366658935,0.3759642593237327,
holo,1W0G,A1ASQ,9BVA,7,146.0,0.4723280493688708,0.7284814871786236,1.0329756963525956,0.41143410575860956,
holo,1W0G,A1ASR,9BV9,7,146.0,0.4690671306200831,0.7606834497550455,1.0710929326886696,0.3723048338644086,
holo,1W0G,A1ASS,9BV8,7,146.0,0.48766426503431637,0.2524291963716915,0.36049137094100314,0.3472703723830925,
holo,1W0G,A1AST,9BV7,7,146.0,0.4926024667969765,0.792031018018804,1.130139866679943,0.3662161443294906,
holo,1W0G,A1ASU,9BV6,6,146.0,0.5219250785741132,4.365698592232403,6.130100357470991,0.4653674140489695,
holo,1W0G,A1ASV,9BV5,7,146.0,0.5317414566217666,0.40735374835428884,0.685324076810128,0.3139836659833477,
holo,1W0G,A1BNX,9MS1,2,,,,,,span < 4 residues in common
holo,1W0G,A1CIW,9PLK,4,146.0,0.5774719549489015,4.568614144835961,6.695776622836936,0.5980869697930462,
holo,1W0G,CFF,8SO1,7,146.0,0.5522614026804903,0.614332881952576,0.9542452321478684,0.3914778805870329,
holo,1W0G,CL6,8SPD,7,146.0,0.5136925009979546,7.1290759913863635,8.839015953078246,0.48606915437936854,
holo,1W0G,D0R,3TJS,2,,,,,,span < 4 residues in common
holo,1W0G,D7J,6BD7,7,146.0,0.5280442988320121,0.5505471458609095,0.8397610671908196,0.3438610385280227,
holo,1W0G,D7M,6BD5,7,146.0,0.5609546848987784,0.5337777642429943,0.7770540975473014,0.43185180261785505,
holo,1W0G,D7Y,6BCZ,7,146.0,0.5543321400047786,0.5259929176082083,0.7572718256675768,0.4025568899375789,
holo,1W0G,D81,6BD8,7,146.0,0.6251634451211623,0.7584010561463661,1.1070667529433078,0.6946867808924119,
holo,1W0G,DEJ,6BDI,7,146.0,0.5176153516695209,0.47696003338680665,0.7314410918184864,0.3561652629133669,
holo,1W0G,DEV,6BDH,0,,,,,,span < 4 residues in common
holo,1W0G,DJ1,6BDK,7,146.0,0.5077200697294721,0.5818151116260272,0.8477460174352125,0.3772462337368914,
holo,1W0G,ERY,2J0D,4,146.0,0.5592273668374244,5.699349056715303,7.969464279975957,0.6415981177342025,
holo,1W0G,FZV,6DAC,4,146.0,0.5529565817320359,2.2114792569716983,4.404046431602387,0.5412400533800401,
holo,1W0G,G0D,6DA2,3,,,,,,span < 4 residues in common
holo,1W0G,G0J,6DA8,1,,,,,,span < 4 residues in common
holo,1W0G,G0M,6DAA,1,,,,,,span < 4 residues in common
holo,1W0G,G0V,6DAB,0,,,,,,span < 4 residues in common
holo,1W0G,G1J,6DA5,1,,,,,,span < 4 residues in common
holo,1W0G,J9K,4D78,7,146.0,0.7664633678276926,4.541030317929764,6.2983533293223894,0.9032941304700937,
holo,1W0G,KLN,2V0M,7,146.0,0.9558222684027334,5.0849974335520844,6.640899084863675,1.1051400612657378,
holo,1W0G,MF8,5G5J,7,146.0,0.5144541600867344,0.5770506768423653,0.8336120255252875,0.3981745442136646,
holo,1W0G,MWS,6OOB,7,146.0,0.5673909535146263,0.6956581543334123,1.0876010829432794,0.5213023456567621,
holo,1W0G,MWV,6OO9,7,146.0,0.5318046051382309,0.5196794797291001,0.8869942987948356,0.41762595454328105,
holo,1W0G,MWY,6OOA,1,,,,,,span < 4 residues in common
holo,1W0G,NH0,7UF9,0,,,,,,span < 4 residues in common
holo,1W0G,NI6,7UFA,7,146.0,0.6089290217671027,6.843105789187153,8.347319249417328,0.6747825545991497,
holo,1W0G,NJ0,7UFB,7,146.0,0.5186116690565755,0.387903697325811,0.6378234017317338,0.31752921202570533,
holo,1W0G,NJO,7UFC,7,146.0,0.5998264390523772,0.517872543339331,0.7454358638139557,0.4945290395823836,
holo,1W0G,NXR,7UFE,7,146.0,0.9803536416448947,4.446567790867339,5.789039529359336,1.083026051323424,
holo,1W0G,NYF,7UFF,7,146.0,0.9804399732106568,4.468505434321503,5.832530238662218,1.0819157640759511,
holo,1W0G,PG0,9BV6,6,146.0,0.5219250785741132,4.365698592232403,6.130100357470991,0.4653674140489695,
holo,1W0G,PG4,9YK4,7,146.0,0.5231394844059254,0.4628521056863099,0.8088587638628757,0.3411035634505772,
holo,1W0G,PK9,4D6Z,7,146.0,0.5267069762547203,0.4605918967266857,0.8223773984790202,0.28849695527912633,
holo,1W0G,PKT,4D7D,7,146.0,0.7619125461374631,4.207837915081496,6.802444827593759,0.8835166612633355,
holo,1W0G,QDJ,6UNL,0,,,,,,span < 4 residues in common
holo,1W0G,QDP,6UNM,0,,,,,,span < 4 residues in common
holo,1W0G,QDV,6UNI,0,,,,,,span < 4 residues in common
holo,1W0G,QDY,6UNJ,7,146.0,0.9858969715356531,4.207484116167148,6.335683855169539,1.13554599947166,
holo,1W0G,QE4,6UNK,3,,,,,,span < 4 residues in common
holo,1W0G,QEA,6UNH,4,146.0,0.739724382676605,0.4906162319909179,0.6237601586909778,0.8152598548832147,
holo,1W0G,QEP,6UNG,4,146.0,0.6993208106222647,0.5484114501626389,0.6633243895230465,0.8743159668658721,
holo,1W0G,QES,6UNE,4,146.0,0.6104231357295674,0.8276885459346642,0.9318576726670833,0.7174200695515333,
holo,1W0G,RIT,3NXU,7,146.0,1.0913991177383964,4.4846922090058365,5.574994949395772,1.1996029118587104,
holo,1W0G,T0K,7UFD,7,146.0,0.5763937308104533,0.5061820062522087,0.7961783438096601,0.44582990797022654,
holo,1W0G,TCI,9PLJ,7,146.0,0.5501899717570683,0.7118084709587312,1.092528958079009,0.4628072409418092,
holo,1W0G,X5Y,7KVH,7,146.0,0.8940904402908412,4.7654752398997955,6.50034579518846,1.0697284694125195,
holo,1W0G,X6J,7KVP,3,,,,,,span < 4 residues in common
holo,1W0G,X6S,7KVO,7,146.0,0.9152003947950876,4.3353544542028235,5.771974001553831,1.040110581188962,
holo,1W0G,X6V,7KVN,7,145.0,0.9445440470083778,4.550948954808604,6.0475220752055945,1.0559302666116344,
holo,1W0G,X71,7KVM,2,,,,,,span < 4 residues in common
holo,1W0G,X74,7KVS,7,146.0,0.9284221764323126,4.389673725327847,5.956189585607969,1.0763343419384959,
holo,1W0G,X7D,7KVQ,7,146.0,0.9187753121147567,4.310473504707484,5.856256098589869,1.0398995622400793,
holo,1W0G,X7J,7KVK,7,146.0,1.0140921517334476,4.450454642757609,5.913919843053293,1.1379212688505163,
holo,1W0G,X7M,7KVJ,0,,,,,,span < 4 residues in common
holo,1W0G,X7P,7KVI,1,,,,,,span < 4 residues in common
holo,1W0G,Y83,6BDM,4,146.0,0.6753206629935166,2.741050013830758,5.023028101684392,0.9310441109603977,
holo,1W0G,YNV,7LXL,2,,,,,,span < 4 residues in common
holo,1W0G,Z8Z,4I4G,7,146.0,0.8186988796717941,5.145577514275344,7.0890661842018154,0.924500508786894,
holo,1W0G,Z9Z,4I4H,7,146.0,0.8139831146094751,4.463575464822171,5.924329155030318,0.992171456226994,
holo,3NXU,08J,5TE8,7,147.0,1.390986586988355,9.54436521664671,16.37590087528081,1.5554780541079152,
holo,3NXU,08Y,3UA1,7,146.0,0.9949245582264439,4.566799288258498,5.854529393767488,1.2613770604086993,
holo,3NXU,1RD,4K9T,7,146.0,0.5225193218844786,6.14615281592371,7.87072950765015,0.5699406681370538,
holo,3NXU,2QH,4NY4,7,146.0,0.8070822848620505,4.2183531751734975,5.51055522460557,0.8641233512682805,
holo,3NXU,5AW,4K9U,1,,,,,,span < 4 residues in common
holo,3NXU,6AW,4K9V,7,146.0,0.7404593930785258,4.505498580798231,5.741057318772514,0.9853561851637447,
holo,3NXU,7AW,4K9W,7,147.0,0.3272261978411371,0.5515776509463336,0.7487689900654443,0.22286434063349905,
holo,3NXU,80K,6BD6,7,147.0,0.8258721912001806,3.9844704264137243,5.3307439165474735,0.7292517213168765,
holo,3NXU,8AW,4K9X,5,147.0,0.49369754444630726,1.1055993850636308,1.8910154428923882,0.4583050393773179,
holo,3NXU,A1A06,9COS,0,,,,,,span < 4 residues in common
holo,3NXU,A1A07,9COR,1,,,,,,span < 4 residues in common
holo,3NXU,A1A08,9COT,0,,,,,,span < 4 residues in common
holo,3NXU,A1A4K,9COX,0,,,,,,span < 4 residues in common
holo,3NXU,A1A4S,9COV,0,,,,,,span < 4 residues in common
holo,3NXU,A1A4T,9COY,0,,,,,,span < 4 residues in common
holo,3NXU,A1A4U,9COU,0,,,,,,span < 4 residues in common
holo,3NXU,A1A4V,9COW,0,,,,,,span < 4 residues in common
holo,3NXU,A1APA,9BBB,1,,,,,,span < 4 residues in common
holo,3NXU,A1ASO,9BVC,7,147.0,0.9925764598307529,4.433990326483979,5.369525845818081,1.0956362756009443,
holo,3NXU,A1ASP,9BVB,7,147.0,0.9738330649393598,4.442440053399238,5.526777286663392,1.1237137041636798,
holo,3NXU,A1ASQ,9BVA,7,147.0,0.9700420518846945,4.526622629179682,5.5545399451175115,1.0588332042185191,
holo,3NXU,A1ASR,9BV9,7,147.0,0.9942221635010968,4.4706707749107055,5.55777448615951,1.1272115381573158,
holo,3NXU,A1ASS,9BV8,7,147.0,0.9929307439971097,4.385199283571775,5.4818451487326305,1.1381838026658366,
holo,3NXU,A1AST,9BV7,7,147.0,0.9760438237984276,4.489219804026264,5.4512889609146375,1.095182453445078,
holo,3NXU,A1ASU,9BV6,6,147.0,0.9163886263953034,4.571346627065158,5.3696586133114,0.966570843404323,
holo,3NXU,A1ASV,9BV5,7,147.0,1.0555029964045723,4.394027446429056,5.340479978933205,1.1580776637299737,
holo,3NXU,A1BNX,9MS1,2,,,,,,span < 4 residues in common
holo,3NXU,A1CIW,9PLK,4,147.0,1.1678167191007351,5.67058933174256,6.360764488370902,1.4580424169181598,
holo,3NXU,CFF,8SO1,7,147.0,1.0344707371771236,4.466749677681682,5.802587739980232,1.304918906497826,
holo,3NXU,CL6,8SPD,7,147.0,1.2206408316651696,8.512181674624124,10.244306573535642,1.333736183978194,
holo,3NXU,D0R,3TJS,2,,,,,,span < 4 residues in common
holo,3NXU,D7J,6BD7,7,147.0,0.9785221150509316,4.47676641593907,5.659082030156735,1.0558605300288266,
holo,3NXU,D7M,6BD5,7,147.0,0.9410117733987345,4.4369101714629675,5.715396548906715,1.0317529579373037,
holo,3NXU,D7Y,6BCZ,7,147.0,0.9346763729845985,4.4049079647977125,5.439096759605087,1.0998391989660072,
holo,3NXU,D81,6BD8,7,147.0,0.9053838905458418,4.274414475670236,5.393239416004521,0.8244543176165299,
holo,3NXU,DEJ,6BDI,7,147.0,0.9693183173743373,4.390724009250686,5.431658247652939,1.0572236989152923,
holo,3NXU,DEV,6BDH,0,,,,,,span < 4 residues in common
holo,3NXU,DJ1,6BDK,7,147.0,0.9874289292847218,4.402571082177369,5.493983412412731,1.0635668085567265,
holo,3NXU,ERY,2J0D,4,147.0,1.283561294205228,5.831722024454806,8.48673039479887,1.5543462038542317,
holo,3NXU,FZV,6DAC,4,147.0,0.9409288883732279,4.350512746344541,5.337032129091067,0.9823176005027947,
holo,3NXU,G0D,6DA2,3,,,,,,span < 4 residues in common
holo,3NXU,G0J,6DA8,1,,,,,,span < 4 residues in common
holo,3NXU,G0M,6DAA,1,,,,,,span < 4 residues in common
holo,3NXU,G0V,6DAB,0,,,,,,span < 4 residues in common
holo,3NXU,G1J,6DA5,1,,,,,,span < 4 residues in common
holo,3NXU,J9K,4D78,7,146.0,0.5359226347508762,0.7412462764675692,1.1651008293414018,0.5677741264164708,
holo,3NXU,KLN,2V0M,7,146.0,0.442926387072595,1.8799640557493231,2.7920443092735496,0.4083539157272784,
holo,3NXU,MF8,5G5J,7,146.0,1.002959993143205,4.632801821257619,5.777780781636384,1.2163945466097932,
holo,3NXU,MWS,6OOB,7,147.0,1.113629914297869,4.74025767112324,6.143535889615161,1.4056276681502569,
holo,3NXU,MWV,6OO9,7,147.0,1.1556842060676689,4.641090640204758,5.841547897625492,1.3416706012931756,
holo,3NXU,MWY,6OOA,1,,,,,,span < 4 residues in common
holo,3NXU,MYT,1W0G,7,146.0,1.0913991177383966,4.484692209005835,5.574994949395772,1.1996029118587126,
holo,3NXU,NH0,7UF9,0,,,,,,span < 4 residues in common
holo,3NXU,NI6,7UFA,7,146.0,0.7551079617552742,8.491354735290983,10.312376232292632,0.7466305236586215,
holo,3NXU,NJ0,7UFB,7,147.0,1.0014348296798525,4.491843655472099,5.612514972728065,1.1488690439204945,
holo,3NXU,NJO,7UFC,7,147.0,0.9678597405050948,4.297150420944677,5.763543766622086,0.9287558161378753,
holo,3NXU,NXR,7UFE,7,147.0,0.4236321512803282,0.43629510042641795,0.659617109933987,0.28457003734108166,
holo,3NXU,NYF,7UFF,7,147.0,0.4261670451882189,0.43728214024161366,0.6790904286879584,0.2863193555683025,
holo,3NXU,PG0,9BV6,6,147.0,0.9163886263953034,4.571346627065158,5.3696586133114,0.966570843404323,
holo,3NXU,PG4,9YK4,7,147.0,0.9970261570623203,4.448869936369647,5.525796115561473,1.2323736368453038,
holo,3NXU,PK9,4D6Z,7,146.0,0.9934328967476385,4.556210472680193,5.695007702001864,1.181631646617292,
holo,3NXU,PKT,4D7D,7,147.0,0.5945771514589783,1.5806709553522962,2.4575414053027593,0.49629547385637285,
holo,3NXU,QDJ,6UNL,0,,,,,,span < 4 residues in common
holo,3NXU,QDP,6UNM,0,,,,,,span < 4 residues in common
holo,3NXU,QDV,6UNI,0,,,,,,span < 4 residues in common
holo,3NXU,QDY,6UNJ,7,147.0,0.4449236291873151,5.809821282780035,7.291744284055846,0.4153179398346981,
holo,3NXU,QE4,6UNK,3,,,,,,span < 4 residues in common
holo,3NXU,QEA,6UNH,4,146.0,0.6103053742004578,4.170870703173693,5.104289445527757,0.6533553623964008,
holo,3NXU,QEP,6UNG,4,147.0,0.7310873100890393,4.1614331876172415,5.087229804855351,0.528292756720507,
holo,3NXU,QES,6UNE,4,147.0,0.8344514064254912,3.9713657041789268,4.926525979536108,0.7709914354469599,
holo,3NXU,T0K,7UFD,7,147.0,0.9435045309408365,4.243390296896384,5.625894535999217,1.0270597689179264,
holo,3NXU,TCI,9PLJ,7,147.0,1.0760235074509434,4.662009239040462,6.055452101803665,1.365467300848977,
holo,3NXU,X5Y,7KVH,7,147.0,0.4531775102523372,0.6937277647259232,0.9635277767998093,0.46066768660235174,
holo,3NXU,X6J,7KVP,3,,,,,,span < 4 residues in common
holo,3NXU,X6S,7KVO,7,147.0,0.49180219097433553,0.7231951204623798,1.1933924577020283,0.3674022668955943,
holo,3NXU,X6V,7KVN,7,146.0,0.45755966505873313,0.6119155448395982,0.7623338759189413,0.40045793767395693,
holo,3NXU,X71,7KVM,2,,,,,,span < 4 residues in common
holo,3NXU,X74,7KVS,7,147.0,0.3926570700013695,0.9674502433213515,1.9033941743063303,0.37775771212847714,
holo,3NXU,X7D,7KVQ,7,147.0,0.4802025259392601,0.6655937401973523,1.0567577564668955,0.3956403002862623,
holo,3NXU,X7J,7KVK,7,147.0,0.4330611583144073,0.6353314114734431,1.0410668606253917,0.35121093154885447,
holo,3NXU,X7M,7KVJ,0,,,,,,span < 4 residues in common
holo,3NXU,X7P,7KVI,1,,,,,,span < 4 residues in common
holo,3NXU,Y83,6BDM,4,147.0,0.8295170600860349,4.500087277167614,5.021214336354368,0.656112694922169,
holo,3NXU,YNV,7LXL,2,,,,,,span < 4 residues in common
holo,3NXU,Z8Z,4I4G,7,147.0,0.4615957360249991,1.069755713024387,1.724622024682912,0.43642417250597204,
holo,3NXU,Z9Z,4I4H,7,147.0,0.4984946644497151,0.5746884185281982,0.8852025360865299,0.4206186784645264,
holo,3UA1,08J,5TE8,7,148.0,0.6362787449680856,7.282410146095659,12.10063140285121,0.42570641003406784,
holo,3UA1,1RD,4K9T,7,146.0,0.7173791734905195,4.421538773139648,6.684733445105132,0.9568139378227879,
holo,3UA1,2QH,4NY4,7,148.0,0.5543851759828713,1.2332680869639723,2.3560325255513184,0.6374264547501726,
holo,3UA1,5AW,4K9U,1,,,,,,span < 4 residues in common
holo,3UA1,6AW,4K9V,7,146.0,0.4019526506172562,1.128331792473077,2.18421444249119,0.4381592466651869,
holo,3UA1,7AW,4K9W,7,147.0,1.0702566836117295,4.558316970089061,5.84943942206627,1.278902527313967,
holo,3UA1,80K,6BD6,7,147.0,0.5099303266765824,1.1418211682914758,2.1658672696480266,0.7743053277935411,
holo,3UA1,8AW,4K9X,5,146.0,0.6875010959794242,4.70619638663952,5.284654067335612,0.9964109167971087,
holo,3UA1,A1A06,9COS,0,,,,,,span < 4 residues in common
holo,3UA1,A1A07,9COR,1,,,,,,span < 4 residues in common
holo,3UA1,A1A08,9COT,0,,,,,,span < 4 residues in common
holo,3UA1,A1A4K,9COX,0,,,,,,span < 4 residues in common
holo,3UA1,A1A4S,9COV,0,,,,,,span < 4 residues in common
holo,3UA1,A1A4T,9COY,0,,,,,,span < 4 residues in common
holo,3UA1,A1A4U,9COU,0,,,,,,span < 4 residues in common
holo,3UA1,A1A4V,9COW,0,,,,,,span < 4 residues in common
holo,3UA1,A1APA,9BBB,1,,,,,,span < 4 residues in common
holo,3UA1,A1ASO,9BVC,7,148.0,0.4571010117113846,0.7461009825086865,1.1175459012779294,0.44025067555227243,
holo,3UA1,A1ASP,9BVB,7,148.0,0.4686616962323514,0.6237674542548971,0.8736180284991458,0.4372421737322496,
holo,3UA1,A1ASQ,9BVA,7,147.0,0.3999603506076604,0.5698746490387052,0.8453161824224643,0.5109317826672081,
holo,3UA1,A1ASR,9BV9,7,148.0,0.48213311119311425,0.6365178518196388,0.8752513935798861,0.432934700650909,
holo,3UA1,A1ASS,9BV8,7,148.0,0.42843891980280785,0.5452295241580897,0.8362892149262682,0.38196859184322307,
holo,3UA1,A1AST,9BV7,7,147.0,0.43157621492705256,0.7518246215159199,1.2168641378146434,0.5253430177591869,
holo,3UA1,A1ASU,9BV6,6,148.0,0.5150550844835514,4.79462973634263,6.4331993607159985,0.569912716706668,
holo,3UA1,A1ASV,9BV5,7,148.0,0.6283444489866383,0.5600318948964055,0.9574095847771082,0.35952537169139653,
holo,3UA1,A1BNX,9MS1,2,,,,,,span < 4 residues in common
holo,3UA1,A1CIW,9PLK,4,148.0,0.43815997130239503,4.9351889654475745,7.197795118026992,0.3569592283747198,
holo,3UA1,CFF,8SO1,7,148.0,0.3687864595859979,0.4761670759687889,0.6132251825945451,0.2412859828476756,
holo,3UA1,CL6,8SPD,7,147.0,0.43893360095918454,7.253756839080133,8.987298963859708,0.41088327891489346,
holo,3UA1,D0R,3TJS,2,,,,,,span < 4 residues in common
holo,3UA1,D7J,6BD7,7,148.0,0.5093737353807309,0.4830163136667476,0.695478861262528,0.4011153976469172,
holo,3UA1,D7M,6BD5,7,147.0,0.3905932082269819,0.3323386145631402,0.4610680400370529,0.41985595149481897,
holo,3UA1,D7Y,6BCZ,7,148.0,0.46651049540206224,0.42360526391155234,0.7140604095987997,0.3145126402173606,
holo,3UA1,D81,6BD8,7,147.0,0.4668605726675468,0.6462419208383661,1.0613396945710747,0.7926124652084511,
holo,3UA1,DEJ,6BDI,7,148.0,0.4765353184278943,0.4090871363394891,0.703238181498096,0.4208047451409895,
holo,3UA1,DEV,6BDH,0,,,,,,span < 4 residues in common
holo,3UA1,DJ1,6BDK,7,148.0,0.4691338760113797,0.4212244079620053,0.7528335007316784,0.41072481083297746,
holo,3UA1,ERY,2J0D,4,148.0,0.5603230781241159,6.10206583294957,8.13638119928951,0.3799904256184072,
holo,3UA1,FZV,6DAC,4,147.0,0.37591403869879797,2.3494188272911347,4.675479312104336,0.5399922490458082,
holo,3UA1,G0D,6DA2,3,,,,,,span < 4 residues in common
holo,3UA1,G0J,6DA8,1,,,,,,span < 4 residues in common
holo,3UA1,G0M,6DAA,1,,,,,,span < 4 residues in common
holo,3UA1,G0V,6DAB,0,,,,,,span < 4 residues in common
holo,3UA1,G1J,6DA5,1,,,,,,span < 4 residues in common
holo,3UA1,J9K,4D78,7,146.0,0.6232733763476608,4.623228490558374,6.657872696238126,0.9150117951168112,
holo,3UA1,KLN,2V0M,7,146.0,0.8507396899798616,5.145217613313434,6.3863881359595736,1.1471105192532518,
holo,3UA1,MF8,5G5J,7,148.0,0.33379999166605984,0.40506205369636045,0.5816247791871016,0.2558557445416046,
holo,3UA1,MWS,6OOB,7,148.0,0.3917273998769143,0.37022197438646515,0.48766084974490015,0.22813787157141044,
holo,3UA1,MWV,6OO9,7,148.0,0.4055233381168197,0.3397554409784479,0.4938953127914607,0.235710714073153,
holo,3UA1,MWY,6OOA,1,,,,,,span < 4 residues in common
holo,3UA1,MYT,1W0G,7,146.0,0.5659934742671346,0.6139680343211926,1.0415606480721826,0.4764935836706072,
holo,3UA1,NH0,7UF9,0,,,,,,span < 4 residues in common
holo,3UA1,NI6,7UFA,7,148.0,0.5244611018315275,7.054649707834003,8.830686143762733,0.7097069642221081,
holo,3UA1,NJ0,7UFB,7,148.0,0.4354992951003649,0.2954833781609431,0.4299788772414717,0.40283717105499817,
holo,3UA1,NJO,7UFC,7,148.0,0.5180531294007702,0.9237911393439807,1.4673186108495582,0.6105477526549344,
holo,3UA1,NXR,7UFE,7,147.0,0.9552954337248687,4.475953109356727,5.571620296942937,1.1937558687010668,
holo,3UA1,NYF,7UFF,7,147.0,0.9553956120227755,4.496583675022079,5.581208155583415,1.1924848169590536,
holo,3UA1,PG0,9BV6,6,148.0,0.5150550844835514,4.79462973634263,6.4331993607159985,0.569912716706668,
holo,3UA1,PG4,9YK4,7,147.0,0.33919573267411596,0.3121285936137391,0.419459985531222,0.28053072571130633,
holo,3UA1,PK9,4D6Z,7,146.0,0.23792739176956607,0.2939707680167982,0.4086127327077419,0.3122149151981346,
holo,3UA1,PKT,4D7D,7,146.0,0.6633269981410104,4.336340837574137,7.12529677623965,0.9587298126551805,
holo,3UA1,QDJ,6UNL,0,,,,,,span < 4 residues in common
holo,3UA1,QDP,6UNM,0,,,,,,span < 4 residues in common
holo,3UA1,QDV,6UNI,0,,,,,,span < 4 residues in common
holo,3UA1,QDY,6UNJ,7,146.0,0.9134483345761968,4.350180913196152,6.858440557854778,1.2458365954012944,
holo,3UA1,QE4,6UNK,3,,,,,,span < 4 residues in common
holo,3UA1,QEA,6UNH,4,147.0,0.6714168299512712,0.49641802132678514,0.5967089949258961,0.8914402041525975,
holo,3UA1,QEP,6UNG,4,148.0,0.6622133555010147,0.39433767687977805,0.5225729881954458,0.9631136216822,
holo,3UA1,QES,6UNE,4,147.0,0.5069227841490275,0.6455094708457956,0.7907093313406326,0.7569244940158537,
holo,3UA1,RIT,3NXU,7,146.0,0.9949245582264441,4.566799288258506,5.854529393767497,1.2613770604086985,
holo,3UA1,T0K,7UFD,7,148.0,0.5084606670163001,0.9936842886017277,1.5805738910207099,0.6009706726711043,
holo,3UA1,TCI,9PLJ,7,148.0,0.40395742276779134,0.28926973208145956,0.5042855484908403,0.2426483965170816,
holo,3UA1,X5Y,7KVH,7,146.0,0.7964287647818309,4.838708665258678,6.155890920981251,1.129120104308678,
holo,3UA1,X6J,7KVP,3,,,,,,span < 4 residues in common
holo,3UA1,X6S,7KVO,7,148.0,0.8860460985831508,4.341380164523916,5.405103625008348,1.154128911467757,
holo,3UA1,X6V,7KVN,7,145.0,0.7706254725381614,4.648294041872722,5.716283602091705,1.1259193104707954,
holo,3UA1,X71,7KVM,2,,,,,,span < 4 residues in common
holo,3UA1,X74,7KVS,7,148.0,0.9536022998769121,4.334505256753953,5.579856996286055,1.202659745442336,
holo,3UA1,X7D,7KVQ,7,146.0,0.7812411927019088,4.383009744014142,5.523067548872853,1.1248069918972543,
holo,3UA1,X7J,7KVK,7,148.0,0.9936977858778931,4.44873793059249,5.537507067547427,1.2489746345657449,
holo,3UA1,X7M,7KVJ,0,,,,,,span < 4 residues in common
holo,3UA1,X7P,7KVI,1,,,,,,span < 4 residues in common
holo,3UA1,Y83,6BDM,4,148.0,0.6069165038745237,2.752300638554977,5.1331683286091145,1.0422660036720337,
holo,3UA1,YNV,7LXL,2,,,,,,span < 4 residues in common
holo,3UA1,Z8Z,4I4G,7,146.0,0.7077765602541045,5.217660907055812,7.482715834375631,1.0024714536604022,
holo,3UA1,Z9Z,4I4H,7,146.0,0.6983251230416652,4.517744487146857,5.570168087391578,1.0548333340473925,
holo,4D6Z,08J,5TE8,7,146.0,0.5675518458247284,7.285400677667566,12.088174863680363,0.5433147504654849,
holo,4D6Z,08Y,3UA1,7,146.0,0.23792739176956618,0.2939707680168039,0.4086127327077474,0.31221491519813477,
holo,4D6Z,1RD,4K9T,7,146.0,0.7221198016500491,4.481336490884092,6.52456225903897,0.9008040004129889,
holo,4D6Z,2QH,4NY4,7,146.0,0.47694327360280975,1.0517813434963985,2.115415135650292,0.4886225595982833,
holo,4D6Z,5AW,4K9U,1,,,,,,span < 4 residues in common
holo,4D6Z,6AW,4K9V,7,146.0,0.3787429652524216,1.015876241670301,2.1026953179828847,0.31181515327645165,
holo,4D6Z,7AW,4K9W,7,146.0,0.9867911756752535,4.615613655270952,5.749215470102571,1.155717208939655,
holo,4D6Z,80K,6BD6,7,146.0,0.4164355433423102,1.0719899594086781,1.9866612160937764,0.6643932142260054,
holo,4D6Z,8AW,4K9X,5,146.0,0.6731426013408565,4.729233035439205,5.509232917695756,0.8978532057893167,
holo,4D6Z,A1A06,9COS,0,,,,,,span < 4 residues in common
holo,4D6Z,A1A07,9COR,1,,,,,,span < 4 residues in common
holo,4D6Z,A1A08,9COT,0,,,,,,span < 4 residues in common
holo,4D6Z,A1A4K,9COX,0,,,,,,span < 4 residues in common
holo,4D6Z,A1A4S,9COV,0,,,,,,span < 4 residues in common
holo,4D6Z,A1A4T,9COY,0,,,,,,span < 4 residues in common
holo,4D6Z,A1A4U,9COU,0,,,,,,span < 4 residues in common
holo,4D6Z,A1A4V,9COW,0,,,,,,span < 4 residues in common
holo,4D6Z,A1APA,9BBB,1,,,,,,span < 4 residues in common
holo,4D6Z,A1ASO,9BVC,7,146.0,0.32008047812865253,0.6211648956982041,0.8656066387800274,0.23952764359827203,
holo,4D6Z,A1ASP,9BVB,7,146.0,0.32891895181944564,0.49488124832754427,0.5888516966423419,0.2175748733396128,
holo,4D6Z,A1ASQ,9BVA,7,146.0,0.3481861425404241,0.46298376493808496,0.555939229668379,0.3232349932051947,
holo,4D6Z,A1ASR,9BV9,7,146.0,0.3246412428413673,0.5037189125010053,0.6366676108808712,0.2206535390099081,
holo,4D6Z,A1ASS,9BV8,7,146.0,0.28381687071000294,0.34572044968152754,0.6171112272255047,0.24031929494104406,
holo,4D6Z,A1AST,9BV7,7,146.0,0.33381984465250286,0.6354675199376542,0.9165759624030814,0.26122935273254455,
holo,4D6Z,A1ASU,9BV6,6,146.0,0.3568635998935338,4.680770924037573,6.2848469508291105,0.43278566390649564,
holo,4D6Z,A1ASV,9BV5,7,146.0,0.23064203858983773,0.3337875900488464,0.5946522529857168,0.1574063602109395,
holo,4D6Z,A1BNX,9MS1,2,,,,,,span < 4 residues in common
holo,4D6Z,A1CIW,9PLK,4,146.0,0.3448660859575729,4.890947140634028,7.109892094154438,0.49838721510586503,
holo,4D6Z,CFF,8SO1,7,146.0,0.23705329928770752,0.38767804986017035,0.5657907235183244,0.28914887095930386,
holo,4D6Z,CL6,8SPD,7,146.0,0.4135118441329178,7.29503672256194,8.92319109589062,0.34772820044107594,
holo,4D6Z,D0R,3TJS,2,,,,,,span < 4 residues in common
holo,4D6Z,D7J,6BD7,7,146.0,0.26690708337976254,0.3878697478000819,0.45964160856411407,0.2525813067560335,
holo,4D6Z,D7M,6BD5,7,146.0,0.29237825435121645,0.23728628045463898,0.30966510835278976,0.2959648313755752,
holo,4D6Z,D7Y,6BCZ,7,146.0,0.25098653703048074,0.2987250938061183,0.44587248818301634,0.24487902165983153,
holo,4D6Z,D81,6BD8,7,146.0,0.37815972667745207,0.6634438692649212,0.7876062681832243,0.6363964230949559,
holo,4D6Z,DEJ,6BDI,7,146.0,0.23492527898570478,0.2615869788329054,0.43317040129360407,0.24840628071766546,
holo,4D6Z,DEV,6BDH,0,,,,,,span < 4 residues in common
holo,4D6Z,DJ1,6BDK,7,146.0,0.22407878826412445,0.30913235752115525,0.4848142579441626,0.24560109103681252,
holo,4D6Z,ERY,2J0D,4,146.0,0.49329706577382076,6.055415064014593,8.139187770736589,0.5219694117774005,
holo,4D6Z,FZV,6DAC,4,146.0,0.2730539292787563,2.3168849432608156,4.626054509667544,0.43639809136297475,
holo,4D6Z,G0D,6DA2,3,,,,,,span < 4 residues in common
holo,4D6Z,G0J,6DA8,1,,,,,,span < 4 residues in common
holo,4D6Z,G0M,6DAA,1,,,,,,span < 4 residues in common
holo,4D6Z,G0V,6DAB,0,,,,,,span < 4 residues in common
holo,4D6Z,G1J,6DA5,1,,,,,,span < 4 residues in common
holo,4D6Z,J9K,4D78,7,146.0,0.6189294717645676,4.608826344417627,6.485925423199406,0.8451324229375302,
holo,4D6Z,KLN,2V0M,7,146.0,0.8285159338815983,5.126830684702674,6.500382923764712,1.0559611732507588,
holo,4D6Z,MF8,5G5J,7,146.0,0.32262454224841347,0.3546047942798086,0.5342912594207608,0.2874030077596072,
holo,4D6Z,MWS,6OOB,7,146.0,0.297470696932193,0.44289068137018645,0.5771252540161662,0.40125538038264047,
holo,4D6Z,MWV,6OO9,7,146.0,0.30060155553735707,0.28741829562448906,0.43773950648215604,0.3077649640452119,
holo,4D6Z,MWY,6OOA,1,,,,,,span < 4 residues in common
holo,4D6Z,MYT,1W0G,7,146.0,0.5267069762547206,0.46059189672667894,0.8223773984790046,0.28849695527912517,
holo,4D6Z,NH0,7UF9,0,,,,,,span < 4 residues in common
holo,4D6Z,NI6,7UFA,7,146.0,0.39187762536217113,7.077453982334065,8.801709431339543,0.6043212098049652,
holo,4D6Z,NJ0,7UFB,7,146.0,0.20575373871759267,0.21935424755025706,0.40079693105319003,0.19032241338477415,
holo,4D6Z,NJO,7UFC,7,146.0,0.36979706894694436,0.7467246544209513,1.2511195249426377,0.4413351093202134,
holo,4D6Z,NXR,7UFE,7,146.0,0.8330145567884221,4.526193675596939,5.661554020362177,1.0640555952083064,
holo,4D6Z,NYF,7UFF,7,146.0,0.8331034245073102,4.547868038963738,5.705248796596889,1.0628016608208628,
holo,4D6Z,PG0,9BV6,6,146.0,0.3568635998935338,4.680770924037573,6.2848469508291105,0.43278566390649564,
holo,4D6Z,PG4,9YK4,7,146.0,0.15005983366532835,0.0910277972774964,0.10778454988316886,0.09065080702078153,
holo,4D6Z,PKT,4D7D,7,146.0,0.65474404263199,4.310428164968375,7.014583875651605,0.8578997805910269,
holo,4D6Z,QDJ,6UNL,0,,,,,,span < 4 residues in common
holo,4D6Z,QDP,6UNM,0,,,,,,span < 4 residues in common
holo,4D6Z,QDV,6UNI,0,,,,,,span < 4 residues in common
holo,4D6Z,QDY,6UNJ,7,146.0,0.8922236903559786,4.381435036095656,6.8123710135061275,1.1218845077737964,
holo,4D6Z,QE4,6UNK,3,,,,,,span < 4 residues in common
holo,4D6Z,QEA,6UNH,4,146.0,0.6296372050636692,0.43599115495739504,0.47413800693658453,0.7702338335248159,
holo,4D6Z,QEP,6UNG,4,146.0,0.5455544242794521,0.4740910994009514,0.5771297246167268,0.8520782113489033,
holo,4D6Z,QES,6UNE,4,146.0,0.4125489407819009,0.785678277752946,0.8530720175248934,0.6446762874643235,
holo,4D6Z,RIT,3NXU,7,146.0,0.9934328967476364,4.5562104726801795,5.695007702001846,1.1816316466172936,
holo,4D6Z,T0K,7UFD,7,146.0,0.3636575459013085,0.8030010370082916,1.362949037095234,0.41856088835732025,
holo,4D6Z,TCI,9PLJ,7,146.0,0.2868467381644525,0.4321780753758564,0.5531207528947579,0.36126223517378897,
holo,4D6Z,X5Y,7KVH,7,146.0,0.7771809616119064,4.8372556430927425,6.380968293237377,1.0339189040503292,
holo,4D6Z,X6J,7KVP,3,,,,,,span < 4 residues in common
holo,4D6Z,X6S,7KVO,7,146.0,0.7613803193639603,4.398335903176856,5.644126294760956,1.0160281092423225,
holo,4D6Z,X6V,7KVN,7,145.0,0.7553300566472937,4.637160606313939,5.925031088999058,1.0240716704193449,
holo,4D6Z,X71,7KVM,2,,,,,,span < 4 residues in common
holo,4D6Z,X74,7KVS,7,146.0,0.8112744034844096,4.412327746748195,5.831428338371103,1.0533758632511039,
holo,4D6Z,X7D,7KVQ,7,146.0,0.7749293700501739,4.376687632919839,5.729001712133383,1.0196894883192171,
holo,4D6Z,X7J,7KVK,7,146.0,0.8663929238175597,4.515401139665146,5.788724148263355,1.1098478555019864,
holo,4D6Z,X7M,7KVJ,0,,,,,,span < 4 residues in common
holo,4D6Z,X7P,7KVI,1,,,,,,span < 4 residues in common
holo,4D6Z,Y83,6BDM,4,146.0,0.4952580050916066,2.796841448344266,5.189527121427858,0.9264009229289446,
holo,4D6Z,YNV,7LXL,2,,,,,,span < 4 residues in common
holo,4D6Z,Z8Z,4I4G,7,146.0,0.689417146534382,5.2217929569999235,7.336941527773231,0.9051748831148906,
holo,4D6Z,Z9Z,4I4H,7,146.0,0.6857937133696757,4.514995348174352,5.8124520809559135,0.9740197406633532,
holo,4D75,08J,5TE8,7,150.0,0.7564905291743715,7.203104041423257,11.909522736160516,0.5574451877693917,
holo,4D75,08Y,3UA1,7,148.0,0.45317833203912433,0.5798254635170577,1.0301703606985735,0.23890973635085555,
holo,4D75,1RD,4K9T,7,146.0,0.5636647228875503,4.488491077321781,6.3623608995164975,0.8261101997437533,
holo,4D75,2QH,4NY4,7,148.0,0.4126533024966989,0.9056001761739809,1.759614038463217,0.5147819234480059,
holo,4D75,5AW,4K9U,1,,,,,,span < 4 residues in common
holo,4D75,6AW,4K9V,7,146.0,0.30985560989086036,0.9002658688359312,1.9138649475203313,0.24777523042764063,
holo,4D75,7AW,4K9W,7,148.0,0.9889273426393369,4.4480019282874546,5.859570018540838,1.166127878353854,
holo,4D75,80K,6BD6,7,148.0,0.4879186205755137,0.862335079706812,1.5779211245303832,0.6324559382362079,
holo,4D75,8AW,4K9X,5,147.0,0.6453473959464251,4.626251985851907,5.688049266899409,0.8819935461847126,
holo,4D75,A1A06,9COS,0,,,,,,span < 4 residues in common
holo,4D75,A1A07,9COR,1,,,,,,span < 4 residues in common
holo,4D75,A1A08,9COT,0,,,,,,span < 4 residues in common
holo,4D75,A1A4K,9COX,0,,,,,,span < 4 residues in common
holo,4D75,A1A4S,9COV,0,,,,,,span < 4 residues in common
holo,4D75,A1A4T,9COY,0,,,,,,span < 4 residues in common
holo,4D75,A1A4U,9COU,0,,,,,,span < 4 residues in common
holo,4D75,A1A4V,9COW,0,,,,,,span < 4 residues in common
holo,4D75,A1APA,9BBB,1,,,,,,span < 4 residues in common
holo,4D75,A1ASO,9BVC,7,149.0,0.4457619697127256,0.588132057952346,1.0078848370385796,0.34805410732326897,
holo,4D75,A1ASP,9BVB,7,150.0,0.4782221018453112,0.5804616735708883,1.181458671066926,0.3283967218264883,
holo,4D75,A1ASQ,9BVA,7,149.0,0.4633388601422977,0.49429697576536097,0.9361082699516584,0.41709225786550047,
holo,4D75,A1ASR,9BV9,7,150.0,0.5052811382153689,0.5945547925692308,1.2076298578452231,0.3333234634568215,
holo,4D75,A1ASS,9BV8,7,150.0,0.41703301287121736,0.5124515150476047,1.099381266976506,0.30558008499122763,
holo,4D75,A1AST,9BV7,7,149.0,0.49364455427203524,0.6646801817939788,1.3230420449095843,0.4041769788685035,
holo,4D75,A1ASU,9BV6,6,150.0,0.4350639299776432,4.452091211478683,6.190849243344688,0.43811630467605894,
holo,4D75,A1ASV,9BV5,7,150.0,0.7066542118500079,0.46943522731589254,0.9800244097804928,0.28466781880590647,
holo,4D75,A1BNX,9MS1,2,,,,,,span < 4 residues in common
holo,4D75,A1CIW,9PLK,4,150.0,0.5552903566505171,4.862328707181893,6.917847614403105,0.4789185265881037,
holo,4D75,CFF,8SO1,7,150.0,0.46533846719743743,0.6477215854310956,1.0265035448437292,0.2837919829190502,
holo,4D75,CL6,8SPD,7,149.0,0.5783753969625783,7.3274641602812585,8.732992502369619,0.37758107900506876,
holo,4D75,D0R,3TJS,2,,,,,,span < 4 residues in common
holo,4D75,D7J,6BD7,7,150.0,0.48615140822601866,0.4179704974724655,0.8145835694377507,0.27936849582753803,
holo,4D75,D7M,6BD5,7,149.0,0.4880175488343499,0.48223081184010946,0.9042431239495277,0.3180411098321484,
holo,4D75,D7Y,6BCZ,7,150.0,0.49853078094138925,0.43000953955552446,0.9394460562381226,0.19972990172909652,
holo,4D75,D81,6BD8,7,149.0,0.5658202439010472,0.5798440189420297,0.7470331053256527,0.6958466757010158,
holo,4D75,DEJ,6BDI,7,149.0,0.47648864849087363,0.46829590293816514,0.9844536291149,0.30440254914414083,
holo,4D75,DEV,6BDH,0,,,,,,span < 4 residues in common
holo,4D75,DJ1,6BDK,7,149.0,0.4906643508171829,0.4784814809842929,1.0112997510326946,0.3054008489052948,
holo,4D75,ERY,2J0D,4,150.0,0.6467074144921109,6.001926803104765,8.248335156214418,0.5352975800229224,
holo,4D75,FZV,6DAC,4,149.0,0.49678031637126707,1.854393872697114,3.684577626437275,0.4403702415683405,
holo,4D75,G0D,6DA2,3,,,,,,span < 4 residues in common
holo,4D75,G0J,6DA8,1,,,,,,span < 4 residues in common
holo,4D75,G0M,6DAA,1,,,,,,span < 4 residues in common
holo,4D75,G0V,6DAB,0,,,,,,span < 4 residues in common
holo,4D75,G1J,6DA5,1,,,,,,span < 4 residues in common
holo,4D75,J9K,4D78,7,146.0,0.4899328812100447,4.514643516018812,6.361877001449478,0.778035500422956,
holo,4D75,KLN,2V0M,7,146.0,0.6675908043722005,5.02230071320125,6.602139413802017,1.0170048960086462,
holo,4D75,MF8,5G5J,7,148.0,0.46153881107147887,0.5524006761671493,1.1483791518971656,0.25354377118157034,
holo,4D75,MWS,6OOB,7,150.0,0.5001024444599061,0.7444058833552208,1.31121869462747,0.37043363754699166,
holo,4D75,MWV,6OO9,7,149.0,0.5198501740602436,0.5425037289409155,1.0305552664296682,0.31568113864812086,
holo,4D75,MWY,6OOA,1,,,,,,span < 4 residues in common
holo,4D75,MYT,1W0G,7,146.0,0.5281223963034382,0.5304074186918675,1.0660068490832446,0.40254092511571854,
holo,4D75,NH0,7UF9,0,,,,,,span < 4 residues in common
holo,4D75,NI6,7UFA,7,148.0,0.4687117088319257,7.170051172155935,8.631546001285082,0.5787299023771801,
holo,4D75,NJ0,7UFB,7,150.0,0.4776048536340348,0.48571635647876177,1.035440819506508,0.3095565423135809,
holo,4D75,NJO,7UFC,7,150.0,0.5183410183240573,0.5987266830546303,1.009197177411693,0.46783154926731313,
holo,4D75,NXR,7UFE,7,149.0,1.0057986149842721,4.327166945585979,5.830936998714106,1.1363879629218232,
holo,4D75,NYF,7UFF,7,149.0,1.006760827551662,4.349642507880011,5.874850103201208,1.1348864154885783,
holo,4D75,PG0,9BV6,6,150.0,0.4350639299776432,4.452091211478683,6.190849243344688,0.43811630467605894,
holo,4D75,PG4,9YK4,7,149.0,0.401162877369172,0.49228768287978203,1.0753484003448375,0.21591520487870536,
holo,4D75,PK9,4D6Z,7,146.0,0.36733340192599295,0.46161849487788614,0.9961974402047504,0.22965545867265194,
holo,4D75,PKT,4D7D,7,147.0,0.6164454810776144,4.134766277777492,6.853954020859513,0.8310386054956032,
holo,4D75,QDJ,6UNL,0,,,,,,span < 4 residues in common
holo,4D75,QDP,6UNM,0,,,,,,span < 4 residues in common
holo,4D75,QDV,6UNI,0,,,,,,span < 4 residues in common
holo,4D75,QDY,6UNJ,7,147.0,0.8118700006511348,4.447658698909961,6.616574701736187,1.1190887484945715,
holo,4D75,QE4,6UNK,3,,,,,,span < 4 residues in common
holo,4D75,QEA,6UNH,4,147.0,0.5423351422909439,0.4610019510849614,0.6909235704007688,0.7136622839559589,
holo,4D75,QEP,6UNG,4,149.0,0.5176355155920491,0.435715325343956,0.5535687259589749,0.823922315481598,
holo,4D75,QES,6UNE,4,148.0,0.4939653217564956,0.7409726451006423,0.7739788509958542,0.6050445127791145,
holo,4D75,RIT,3NXU,7,147.0,0.9144965060430484,4.425294046924111,5.637658120144756,1.1683900605687878,
holo,4D75,T0K,7UFD,7,150.0,0.4797374606435716,0.6775727920910382,1.1049906087549202,0.4482372417769824,
holo,4D75,TCI,9PLJ,7,150.0,0.48059910481004103,0.6802013604955078,1.1272856810658223,0.3486833335470405,
holo,4D75,X5Y,7KVH,7,147.0,0.7224871450121914,4.7258125138216736,6.574947332533103,1.0137222333816565,
holo,4D75,X6J,7KVP,3,,,,,,span < 4 residues in common
holo,4D75,X6S,7KVO,7,150.0,0.9382878717277044,4.2008961978127966,5.806017130849232,1.1081285394615155,
holo,4D75,X6V,7KVN,7,146.0,0.775378724672248,4.501785977087655,6.120099552744455,1.0240805936496666,
holo,4D75,X71,7KVM,2,,,,,,span < 4 residues in common
holo,4D75,X74,7KVS,7,149.0,0.917775696947461,4.233209998894188,5.997961771883218,1.1091134537727325,
holo,4D75,X7D,7KVQ,7,147.0,0.7428512998288952,4.272137087630023,5.939254710952347,1.0156581903242543,
holo,4D75,X7J,7KVK,7,150.0,1.033047222141314,4.300142740498212,5.942051266565518,1.1981480514351515,
holo,4D75,X7M,7KVJ,0,,,,,,span < 4 residues in common
holo,4D75,X7P,7KVI,1,,,,,,span < 4 residues in common
holo,4D75,Y83,6BDM,4,149.0,0.5712062115448417,2.804955135177037,5.08174482115943,0.8951369929695163,
holo,4D75,YNV,7LXL,2,,,,,,span < 4 residues in common
holo,4D75,Z8Z,4I4G,7,147.0,0.6623775673983201,5.073916434828339,7.135446157134111,0.9050422169383137,
holo,4D75,Z9Z,4I4H,7,147.0,0.6502620868640367,4.414104187605691,6.01634769420056,0.9439631015372227,
holo,4D78,08J,5TE8,7,146.0,0.9574464698245346,9.816663435689428,16.717163150006225,1.1744234417979242,
holo,4D78,08Y,3UA1,7,146.0,0.6232733763476609,4.623228490558373,6.657872696238127,0.9150117951168141,
holo,4D78,1RD,4K9T,7,146.0,0.3075428004394003,6.1667715838151596,7.838656752006089,0.267299674530526,
holo,4D78,2QH,4NY4,7,146.0,0.5156087706486938,4.2464063319704515,5.675994663325189,0.5972632276364592,
holo,4D78,5AW,4K9U,1,,,,,,span < 4 residues in common
holo,4D78,6AW,4K9V,7,146.0,0.40389098361283,4.481879671612501,5.5848520937901975,0.6449272926567918,
holo,4D78,7AW,4K9W,7,146.0,0.5209510126648936,0.8959612085461217,1.310658164958898,0.49799386537083873,
holo,4D78,80K,6BD6,7,146.0,0.4065223164496454,3.997414442887907,5.73834697181035,0.433880386136972,
holo,4D78,8AW,4K9X,5,146.0,0.2201237544157139,1.3031407783880908,2.218349939125219,0.24583368524883586,
holo,4D78,A1A06,9COS,0,,,,,,span < 4 residues in common
holo,4D78,A1A07,9COR,1,,,,,,span < 4 residues in common
holo,4D78,A1A08,9COT,0,,,,,,span < 4 residues in common
holo,4D78,A1A4K,9COX,0,,,,,,span < 4 residues in common
holo,4D78,A1A4S,9COV,0,,,,,,span < 4 residues in common
holo,4D78,A1A4T,9COY,0,,,,,,span < 4 residues in common
holo,4D78,A1A4U,9COU,0,,,,,,span < 4 residues in common
holo,4D78,A1A4V,9COW,0,,,,,,span < 4 residues in common
holo,4D78,A1APA,9BBB,1,,,,,,span < 4 residues in common
holo,4D78,A1ASO,9BVC,7,146.0,0.5812939363171196,4.461639016959083,6.165723218097729,0.7395511036256602,
holo,4D78,A1ASP,9BVB,7,146.0,0.5776049253818433,4.481763089146439,6.330344837853392,0.7780234088174341,
holo,4D78,A1ASQ,9BVA,7,146.0,0.575332474947243,4.573264410449821,6.367114716791662,0.7733457667995647,
holo,4D78,A1ASR,9BV9,7,146.0,0.5931903315509703,4.509956016411032,6.360773680406181,0.784012532083297,
holo,4D78,A1ASS,9BV8,7,146.0,0.5671791846641895,4.503873902448916,6.056739140626114,0.7667892143772044,
holo,4D78,A1AST,9BV7,7,146.0,0.5793528025080193,4.510972978968178,6.136202629523511,0.7445842331401584,
holo,4D78,A1ASU,9BV6,6,146.0,0.5189949742433473,4.431386755020948,5.36621686167699,0.5852734342553909,
holo,4D78,A1ASV,9BV5,7,146.0,0.6454681203907146,4.476559895824557,6.098588743702356,0.7920664578987914,
holo,4D78,A1BNX,9MS1,2,,,,,,span < 4 residues in common
holo,4D78,A1CIW,9PLK,4,146.0,0.7290651166901642,5.904183525047859,6.620323279911262,1.0777144477902565,
holo,4D78,CFF,8SO1,7,146.0,0.6107756634911067,4.5996075782281975,6.673458994737283,0.936941368501716,
holo,4D78,CL6,8SPD,7,146.0,0.7631176572609821,8.775602810438201,10.398310380979549,0.9137591456845752,
holo,4D78,D0R,3TJS,2,,,,,,span < 4 residues in common
holo,4D78,D7J,6BD7,7,146.0,0.5409772877814313,4.550509739020094,6.48750348490016,0.6792088637115832,
holo,4D78,D7M,6BD5,7,146.0,0.51379823368058,4.533622339052451,6.546385767303355,0.6584107289117188,
holo,4D78,D7Y,6BCZ,7,146.0,0.4935393932443752,4.478097017520942,6.265750419946769,0.7282508465164967,
holo,4D78,D81,6BD8,7,146.0,0.4774503717589974,4.330025453295674,6.183466244720349,0.5170409122390185,
holo,4D78,DEJ,6BDI,7,146.0,0.5281853559344303,4.4814251130220475,6.260392109530475,0.6811471782883654,
holo,4D78,DEV,6BDH,0,,,,,,span < 4 residues in common
holo,4D78,DJ1,6BDK,7,146.0,0.5422603971519182,4.484308686695637,6.3142940560503265,0.6972894765199408,
holo,4D78,ERY,2J0D,4,146.0,0.8479491634355931,6.170479592658536,8.768185323132911,1.1556087845340377,
holo,4D78,FZV,6DAC,4,146.0,0.49409840718066605,4.2255297871816415,5.2325692280190195,0.5901848816117807,
holo,4D78,G0D,6DA2,3,,,,,,span < 4 residues in common
holo,4D78,G0J,6DA8,1,,,,,,span < 4 residues in common
holo,4D78,G0M,6DAA,1,,,,,,span < 4 residues in common
holo,4D78,G0V,6DAB,0,,,,,,span < 4 residues in common
holo,4D78,G1J,6DA5,1,,,,,,span < 4 residues in common
holo,4D78,KLN,2V0M,7,146.0,0.4037060721248498,1.9568203971585374,3.031008304934383,0.4369372794978435,
holo,4D78,MF8,5G5J,7,146.0,0.6228461398210563,4.651212140646132,6.562490875568922,0.8810287017648217,
holo,4D78,MWS,6OOB,7,146.0,0.6660717484893126,4.8539120575000645,7.019825682551755,1.0224065470038661,
holo,4D78,MWV,6OO9,7,146.0,0.7294184444136849,4.746637279538899,6.703335425739525,0.9733651193464762,
holo,4D78,MWY,6OOA,1,,,,,,span < 4 residues in common
holo,4D78,MYT,1W0G,7,146.0,0.7664633678276922,4.541030317929759,6.298353329322387,0.9032941304700948,
holo,4D78,NH0,7UF9,0,,,,,,span < 4 residues in common
holo,4D78,NI6,7UFA,7,146.0,0.39073583177118665,8.616719634190925,10.38118211973562,0.38640357871179176,
holo,4D78,NJ0,7UFB,7,146.0,0.5628371166318821,4.590955343048195,6.487838738894719,0.7857074011147211,
holo,4D78,NJO,7UFC,7,146.0,0.5548329577268541,4.357178862403281,5.8307489367711405,0.5638751054957039,
holo,4D78,NXR,7UFE,7,146.0,0.3891087913446813,1.0616047447715733,1.8280174737810888,0.35979626361680056,
holo,4D78,NYF,7UFF,7,146.0,0.39080702624461583,1.0639621796992031,1.8447235919682878,0.35845068240406364,
holo,4D78,PG0,9BV6,6,146.0,0.5189949742433473,4.431386755020948,5.36621686167699,0.5852734342553909,
holo,4D78,PG4,9YK4,7,146.0,0.5764411588817627,4.557493806857709,6.379948974431482,0.8389831717795796,
holo,4D78,PK9,4D6Z,7,146.0,0.6189294717645683,4.608826344417624,6.4859254231994035,0.8451324229375309,
holo,4D78,PKT,4D7D,7,146.0,0.2546265680733754,1.2668770425831402,1.8981714958225595,0.2421711917494197,
holo,4D78,QDJ,6UNL,0,,,,,,span < 4 residues in common
holo,4D78,QDP,6UNM,0,,,,,,span < 4 residues in common
holo,4D78,QDV,6UNI,0,,,,,,span < 4 residues in common
holo,4D78,QDY,6UNJ,7,146.0,0.4721934124072732,5.831935877206304,6.962551990914546,0.46267314317136987,
holo,4D78,QE4,6UNK,3,,,,,,span < 4 residues in common
holo,4D78,QEA,6UNH,4,146.0,0.3541999598983434,4.076611633875441,5.0843034725790615,0.41980885058109657,
holo,4D78,QEP,6UNG,4,146.0,0.3068969181761493,4.08661332225616,5.0473633594557,0.34197930200516824,
holo,4D78,QES,6UNE,4,146.0,0.4234742730706824,3.877880144029177,4.826725911492936,0.5026386117883126,
holo,4D78,RIT,3NXU,7,146.0,0.5359226347508774,0.741246276467572,1.1651008293414036,0.5677741264164727,
holo,4D78,T0K,7UFD,7,146.0,0.543017612872782,4.3364788770854314,5.7232555058870105,0.7101277140000875,
holo,4D78,TCI,9PLJ,7,146.0,0.6471586292335355,4.7595678981212135,6.9120841630751695,1.008579323166599,
holo,4D78,X5Y,7KVH,7,146.0,0.34106918181196905,1.100785900595746,1.7500786083670226,0.32122412642463877,
holo,4D78,X6J,7KVP,3,,,,,,span < 4 residues in common
holo,4D78,X6S,7KVO,7,146.0,0.3686588132329077,1.1928757136416501,1.75221881246908,0.36652330192066046,
holo,4D78,X6V,7KVN,7,145.0,0.36551719330115473,1.1566728192897764,1.8143566126568524,0.3326643693257985,
holo,4D78,X71,7KVM,2,,,,,,span < 4 residues in common
holo,4D78,X74,7KVS,7,146.0,0.3575581549317349,1.1637927668495613,1.72215255804071,0.36732616020174685,
holo,4D78,X7D,7KVQ,7,146.0,0.367377423940264,1.217890583653238,1.8837027453799682,0.33059267855918073,
holo,4D78,X7J,7KVK,7,146.0,0.41924377836185117,1.128398119030246,1.7130649822687332,0.3835942656448863,
holo,4D78,X7M,7KVJ,0,,,,,,span < 4 residues in common
holo,4D78,X7P,7KVI,1,,,,,,span < 4 residues in common
holo,4D78,Y83,6BDM,4,146.0,0.41916765665513095,4.452337657306038,4.784045859789249,0.4348447359735036,
holo,4D78,YNV,7LXL,2,,,,,,span < 4 residues in common
holo,4D78,Z8Z,4I4G,7,146.0,0.23706784342752535,0.9557937442875457,1.602144467820317,0.260619709661265,
holo,4D78,Z9Z,4I4H,7,146.0,0.26997927379508746,0.9957300985942497,1.5031383712641773,0.3351896016092278,
holo,4D7D,08J,5TE8,7,147.0,1.0631617440158425,9.39647879169601,15.636525128581395,1.2333549426684052,
holo,4D7D,08Y,3UA1,7,146.0,0.6633269981410086,4.3363408375741335,7.125296776239642,0.9587298126551805,
holo,4D7D,1RD,4K9T,7,146.0,0.3250032601979096,6.267233602204533,7.609378863576981,0.2616149602457418,
holo,4D7D,2QH,4NY4,7,146.0,0.49748418293956825,3.8685508820277383,6.2585574577875525,0.5584615033423755,
holo,4D7D,5AW,4K9U,1,,,,,,span < 4 residues in common
holo,4D7D,6AW,4K9V,7,146.0,0.4338917812168325,4.080775182728755,5.396994883289623,0.6676529280979885,
holo,4D7D,7AW,4K9W,7,147.0,0.5603598458221254,1.8109675933165175,2.7258525228017443,0.42510857980054045,
holo,4D7D,80K,6BD6,7,147.0,0.49974815038208487,3.62736919112729,6.327582994847148,0.4760544057936633,
holo,4D7D,8AW,4K9X,5,147.0,0.2839551446287133,2.0254760644748546,2.9075157031509304,0.18753538756948793,
holo,4D7D,A1A06,9COS,0,,,,,,span < 4 residues in common
holo,4D7D,A1A07,9COR,1,,,,,,span < 4 residues in common
holo,4D7D,A1A08,9COT,0,,,,,,span < 4 residues in common
holo,4D7D,A1A4K,9COX,0,,,,,,span < 4 residues in common
holo,4D7D,A1A4S,9COV,0,,,,,,span < 4 residues in common
holo,4D7D,A1A4T,9COY,0,,,,,,span < 4 residues in common
holo,4D7D,A1A4U,9COU,0,,,,,,span < 4 residues in common
holo,4D7D,A1A4V,9COW,0,,,,,,span < 4 residues in common
holo,4D7D,A1APA,9BBB,1,,,,,,span < 4 residues in common
holo,4D7D,A1ASO,9BVC,7,147.0,0.6402483354065466,4.153323660367506,6.843182625533486,0.7649965493167952,
holo,4D7D,A1ASP,9BVB,7,147.0,0.6366301162551096,4.174720176638098,6.951095077004887,0.7892799276683553,
holo,4D7D,A1ASQ,9BVA,7,147.0,0.6384570046290432,4.229113947703482,6.972769512204225,0.7690592673795589,
holo,4D7D,A1ASR,9BV9,7,147.0,0.6543067594362055,4.201636279084968,6.981903561033442,0.7921528629948305,
holo,4D7D,A1ASS,9BV8,7,147.0,0.6792673706613441,4.133376535973136,6.57286806374152,0.8057662233354013,
holo,4D7D,A1AST,9BV7,7,147.0,0.6115332409273786,4.2205160649331335,6.8547609139914245,0.7491494745182258,
holo,4D7D,A1ASU,9BV6,6,147.0,0.6041187636847224,4.283856388480557,5.567667525484204,0.587334051165907,
holo,4D7D,A1ASV,9BV5,7,147.0,0.7053522125177231,4.164535421080345,6.717707745851465,0.8205446819679595,
holo,4D7D,A1BNX,9MS1,2,,,,,,span < 4 residues in common
holo,4D7D,A1CIW,9PLK,4,147.0,0.8255242256322628,6.207116758064532,7.46757002471295,1.1329097485498378,
holo,4D7D,CFF,8SO1,7,147.0,0.7024304248699255,4.214012396399369,7.037415639283226,0.9814555287804193,
holo,4D7D,CL6,8SPD,7,147.0,0.8537837659439661,8.758374316657914,10.40568596052246,0.9713319744075689,
holo,4D7D,D0R,3TJS,2,,,,,,span < 4 residues in common
holo,4D7D,D7J,6BD7,7,147.0,0.6115754523487229,4.209626763317719,7.082619501936929,0.7122236179124554,
holo,4D7D,D7M,6BD5,7,147.0,0.5941885320440736,4.2147553813862855,7.08969863935975,0.7010127274257739,
holo,4D7D,D7Y,6BCZ,7,147.0,0.6029783423349638,4.1498798233005845,6.8600474132512055,0.7689535230923109,
holo,4D7D,D81,6BD8,7,147.0,0.5846681930031569,4.042741290391268,6.848674323300762,0.5242787092847141,
holo,4D7D,DEJ,6BDI,7,147.0,0.6224665488601561,4.153656617094725,6.851904244321588,0.7097706855598711,
holo,4D7D,DEV,6BDH,0,,,,,,span < 4 residues in common
holo,4D7D,DJ1,6BDK,7,147.0,0.6279092574286624,4.166655838892292,6.913811524557931,0.7199371975881822,
holo,4D7D,ERY,2J0D,4,147.0,0.9292397944075942,6.314580718671411,9.011427270304214,1.2176412890916184,
holo,4D7D,FZV,6DAC,4,147.0,0.6080831916280834,3.2644051205909546,4.079049430034445,0.6510675759689918,
holo,4D7D,G0D,6DA2,3,,,,,,span < 4 residues in common
holo,4D7D,G0J,6DA8,1,,,,,,span < 4 residues in common
holo,4D7D,G0M,6DAA,1,,,,,,span < 4 residues in common
holo,4D7D,G0V,6DAB,0,,,,,,span < 4 residues in common
holo,4D7D,G1J,6DA5,1,,,,,,span < 4 residues in common
holo,4D7D,J9K,4D78,7,146.0,0.254626568073374,1.266877042583138,1.8981714958225526,0.24217119174941923,
holo,4D7D,KLN,2V0M,7,146.0,0.45446489441068316,2.5485926664253573,3.4937880353414563,0.38473248861649234,
holo,4D7D,MF8,5G5J,7,146.0,0.6301653695117257,4.3305478484992,7.115990516075516,0.9037991301820064,
holo,4D7D,MWS,6OOB,7,147.0,0.7651205664951808,4.484319329895925,7.449244579492347,1.0777469561131117,
holo,4D7D,MWV,6OO9,7,147.0,0.8043658082295171,4.384467168441371,7.198062869677356,1.0137005430042403,
holo,4D7D,MWY,6OOA,1,,,,,,span < 4 residues in common
holo,4D7D,MYT,1W0G,7,146.0,0.761912546137466,4.207837915081495,6.802444827593767,0.8835166612633383,
holo,4D7D,NH0,7UF9,0,,,,,,span < 4 residues in common
holo,4D7D,NI6,7UFA,7,146.0,0.4185574220239247,8.661697273921853,10.286996739260353,0.4021141109430618,
holo,4D7D,NJ0,7UFB,7,147.0,0.6638703294861213,4.225328290938701,6.918900475488275,0.8092556473487935,
holo,4D7D,NJO,7UFC,7,147.0,0.6200937845321838,3.9548743079395496,6.4343385517655305,0.5636556495376284,
holo,4D7D,NXR,7UFE,7,147.0,0.4445831531565362,1.789775064191609,3.0137567323117818,0.30490985614612276,
holo,4D7D,NYF,7UFF,7,147.0,0.4452229785950089,1.80946606186034,3.049673626948197,0.30426822441056284,
holo,4D7D,PG0,9BV6,6,147.0,0.6041187636847224,4.283856388480557,5.567667525484204,0.587334051165907,
holo,4D7D,PG4,9YK4,7,147.0,0.6631465898728856,4.221303187559909,6.880639143337725,0.8826834418075779,
holo,4D7D,PK9,4D6Z,7,146.0,0.6547440426319888,4.310428164968375,7.014583875651613,0.8578997805910263,
holo,4D7D,QDJ,6UNL,0,,,,,,span < 4 residues in common
holo,4D7D,QDP,6UNM,0,,,,,,span < 4 residues in common
holo,4D7D,QDV,6UNI,0,,,,,,span < 4 residues in common
holo,4D7D,QDY,6UNJ,7,147.0,0.497680009630481,5.828694015532047,6.884963988616848,0.40620471402411196,
holo,4D7D,QE4,6UNK,3,,,,,,span < 4 residues in common
holo,4D7D,QEA,6UNH,4,146.0,0.3545152673441265,3.2468498453833803,3.906949920388529,0.42679431860432027,
holo,4D7D,QEP,6UNG,4,147.0,0.415178110735824,3.1980545574006274,3.7942907358960816,0.27466357606924663,
holo,4D7D,QES,6UNE,4,147.0,0.5219204772957389,3.018449579808385,3.5875868103603823,0.49707659517547076,
holo,4D7D,RIT,3NXU,7,147.0,0.5945771514589773,1.5806709553522966,2.457541405302761,0.49629547385636974,
holo,4D7D,T0K,7UFD,7,147.0,0.6145946695364628,3.9389400964246857,6.314462545983819,0.6964301060883622,
holo,4D7D,TCI,9PLJ,7,147.0,0.7458916396157681,4.435832884230088,7.403524889117178,1.0487284458961128,
holo,4D7D,X5Y,7KVH,7,147.0,0.3886540186672918,2.1386048667340507,3.3370194879372264,0.2811931044062882,
holo,4D7D,X6J,7KVP,3,,,,,,span < 4 residues in common
holo,4D7D,X6S,7KVO,7,147.0,0.4203716574976632,1.9919061712952886,2.944275345812214,0.26845407318254416,
holo,4D7D,X6V,7KVN,7,146.0,0.43383667654904773,2.0010676957086555,3.1490951942159424,0.28017451058551096,
holo,4D7D,X71,7KVM,2,,,,,,span < 4 residues in common
holo,4D7D,X74,7KVS,7,147.0,0.4012785168261549,2.0290946200102824,3.038960281580313,0.3086301983083991,
holo,4D7D,X7D,7KVQ,7,147.0,0.4446051419512863,1.9839224389655132,3.0945956422737066,0.24732123003901874,
holo,4D7D,X7J,7KVK,7,147.0,0.4746204642948639,1.9808180032893032,3.012582538664146,0.33606479664058786,
holo,4D7D,X7M,7KVJ,0,,,,,,span < 4 residues in common
holo,4D7D,X7P,7KVI,1,,,,,,span < 4 residues in common
holo,4D7D,Y83,6BDM,4,147.0,0.5038380093342342,3.9710333472961126,4.700511259912749,0.38409739795123304,
holo,4D7D,YNV,7LXL,2,,,,,,span < 4 residues in common
holo,4D7D,Z8Z,4I4G,7,147.0,0.3105163252354601,1.8984293927119626,3.2488661886488495,0.21048128078362588,
holo,4D7D,Z9Z,4I4H,7,147.0,0.2999832247980993,1.8159697737926526,2.940745410691739,0.23461071635738634,
holo,4I4G,08J,5TE8,7,147.0,1.1353390034552155,9.879606281356066,16.806913605584175,1.297837605616047,
holo,4I4G,08Y,3UA1,7,146.0,0.7077765602541053,5.2176609070558175,7.4827158343756395,1.0024714536604022,
holo,4I4G,1RD,4K9T,7,146.0,0.31550789663670403,6.304805759656167,8.294644342062531,0.26509463579255044,
holo,4I4G,2QH,4NY4,7,146.0,0.5448111015878386,4.88170700421708,6.472616147542057,0.6107251128566833,
holo,4I4G,5AW,4K9U,1,,,,,,span < 4 residues in common
holo,4I4G,6AW,4K9V,7,146.0,0.460066189919295,5.063371925512139,6.523209253393866,0.7140165819464244,
holo,4I4G,7AW,4K9W,7,147.0,0.46218796545581786,0.9413075309539374,1.7083706975665276,0.3602063883493972,
holo,4I4G,80K,6BD6,7,147.0,0.5526569929414972,4.614253796089026,6.579210360654109,0.5332812405998424,
holo,4I4G,8AW,4K9X,5,147.0,0.202617322174134,1.3306642560137851,2.041531253093793,0.18683119383167926,
holo,4I4G,A1A06,9COS,0,,,,,,span < 4 residues in common
holo,4I4G,A1A07,9COR,1,,,,,,span < 4 residues in common
holo,4I4G,A1A08,9COT,0,,,,,,span < 4 residues in common
holo,4I4G,A1A4K,9COX,0,,,,,,span < 4 residues in common
holo,4I4G,A1A4S,9COV,0,,,,,,span < 4 residues in common
holo,4I4G,A1A4T,9COY,0,,,,,,span < 4 residues in common
holo,4I4G,A1A4U,9COU,0,,,,,,span < 4 residues in common
holo,4I4G,A1A4V,9COW,0,,,,,,span < 4 residues in common
holo,4I4G,A1APA,9BBB,1,,,,,,span < 4 residues in common
holo,4I4G,A1ASO,9BVC,7,147.0,0.7050918030980291,5.043578369598323,7.031524770604396,0.8297450335144811,
holo,4I4G,A1ASP,9BVB,7,147.0,0.6856693199272227,5.085496948077609,7.2049597371327785,0.8515264465178104,
holo,4I4G,A1ASQ,9BVA,7,147.0,0.6963469817139715,5.171492733648891,7.235676376197576,0.834815466923763,
holo,4I4G,A1ASR,9BV9,7,147.0,0.7023005985915728,5.113606996257178,7.235622643103785,0.8542909739640017,
holo,4I4G,A1ASS,9BV8,7,147.0,0.73238145477402,5.055151731492701,6.815549165199761,0.854142438996283,
holo,4I4G,A1AST,9BV7,7,147.0,0.6796673126791177,5.103596340297605,7.018027320163895,0.8088423475860054,
holo,4I4G,A1ASU,9BV6,6,147.0,0.6390538140460201,4.691708751709122,6.096232411899535,0.6581200617331852,
holo,4I4G,A1ASV,9BV5,7,147.0,0.7756648264573971,5.041620998199841,6.917485391758268,0.886679641517802,
holo,4I4G,A1BNX,9MS1,2,,,,,,span < 4 residues in common
holo,4I4G,A1CIW,9PLK,4,147.0,0.894577815692535,5.7632953384340375,6.524514793917909,1.1897164075917281,
holo,4I4G,CFF,8SO1,7,147.0,0.759254885256989,5.1739327062080545,7.444049285259927,1.0339447273528444,
holo,4I4G,CL6,8SPD,7,147.0,0.9409318956319223,8.613803281023651,10.377559569949517,1.0471161303490981,
holo,4I4G,D0R,3TJS,2,,,,,,span < 4 residues in common
holo,4I4G,D7J,6BD7,7,147.0,0.6890163196960913,5.128969820255793,7.3281948931661915,0.7633463108947459,
holo,4I4G,D7M,6BD5,7,147.0,0.661958330969179,5.11405766081069,7.379922563777847,0.7566147778016674,
holo,4I4G,D7Y,6BCZ,7,147.0,0.6621562561689979,5.058114541205517,7.107545097407665,0.826873555674026,
holo,4I4G,D81,6BD8,7,147.0,0.6339246892417633,4.910712590225896,7.0758371321252005,0.5811765851858478,
holo,4I4G,DEJ,6BDI,7,147.0,0.6868798771391074,5.054819710697694,7.0980998930426535,0.7668912277228077,
holo,4I4G,DEV,6BDH,0,,,,,,span < 4 residues in common
holo,4I4G,DJ1,6BDK,7,147.0,0.7008925386522404,5.058863186629147,7.1679766800447,0.7848738820748653,
holo,4I4G,ERY,2J0D,4,147.0,1.0174758793796452,5.84105894139443,8.112311820022061,1.2883133846458745,
holo,4I4G,FZV,6DAC,4,147.0,0.6658655533475974,4.840574049211958,6.109471678544305,0.728936890800108,
holo,4I4G,G0D,6DA2,3,,,,,,span < 4 residues in common
holo,4I4G,G0J,6DA8,1,,,,,,span < 4 residues in common
holo,4I4G,G0M,6DAA,1,,,,,,span < 4 residues in common
holo,4I4G,G0V,6DAB,0,,,,,,span < 4 residues in common
holo,4I4G,G1J,6DA5,1,,,,,,span < 4 residues in common
holo,4I4G,J9K,4D78,7,146.0,0.2370678434275242,0.9557937442875386,1.6021444678203123,0.2606197096612635,
holo,4I4G,KLN,2V0M,7,146.0,0.3669760215803704,1.843983248565496,3.3464007887670224,0.39149716612453556,
holo,4I4G,MF8,5G5J,7,146.0,0.7053517177657821,5.282767577319643,7.427552800934981,0.9427001770407792,
holo,4I4G,MWS,6OOB,7,147.0,0.8370173629430623,5.4081210016294055,7.783687847534883,1.141060821337152,
holo,4I4G,MWV,6OO9,7,147.0,0.8807279239938012,5.3108118629686505,7.489774760318731,1.0699674495055715,
holo,4I4G,MWY,6OOA,1,,,,,,span < 4 residues in common
holo,4I4G,MYT,1W0G,7,146.0,0.8186988796717937,5.145577514275348,7.089066184201826,0.9245005087868967,
holo,4I4G,NH0,7UF9,0,,,,,,span < 4 residues in common
holo,4I4G,NI6,7UFA,7,146.0,0.4580182777363439,8.629379055347796,10.486131770130855,0.45711367669446373,
holo,4I4G,NJ0,7UFB,7,147.0,0.7168043074401357,5.149065899638391,7.234795529664503,0.8734804151474906,
holo,4I4G,NJO,7UFC,7,147.0,0.6950184058522987,4.952237452959924,6.636694271570337,0.6208001100865445,
holo,4I4G,NXR,7UFE,7,147.0,0.34770434677576123,1.2207251150455267,1.9059511579966277,0.23504382707611046,
holo,4I4G,NYF,7UFF,7,147.0,0.3491332375046047,1.2008468601120015,1.8842747154725348,0.2350655486404874,
holo,4I4G,PG0,9BV6,6,147.0,0.6390538140460201,4.691708751709122,6.096232411899535,0.6581200617331852,
holo,4I4G,PG4,9YK4,7,147.0,0.7144989630596806,5.118954210964677,7.178036858453912,0.9549507316190697,
holo,4I4G,PK9,4D6Z,7,146.0,0.6894171465343816,5.221792956999924,7.336941527773231,0.9051748831148888,
holo,4I4G,PKT,4D7D,7,147.0,0.3105163252354561,1.8984293927119649,3.248866188648856,0.21048128078362704,
holo,4I4G,QDJ,6UNL,0,,,,,,span < 4 residues in common
holo,4I4G,QDP,6UNM,0,,,,,,span < 4 residues in common
holo,4I4G,QDV,6UNI,0,,,,,,span < 4 residues in common
holo,4I4G,QDY,6UNJ,7,147.0,0.42339957757581853,5.934393220571107,7.032958530956994,0.35200183892923387,
holo,4I4G,QE4,6UNK,3,,,,,,span < 4 residues in common
holo,4I4G,QEA,6UNH,4,146.0,0.3638805753471561,4.77904362456392,5.940366542615703,0.4678572646896419,
holo,4I4G,QEP,6UNG,4,147.0,0.49404253362451056,4.75658159353277,5.862495948597997,0.33979896597790943,
holo,4I4G,QES,6UNE,4,147.0,0.5758311180737454,4.532975997194806,5.689041030496693,0.5659948586993562,
holo,4I4G,RIT,3NXU,7,147.0,0.4615957360249993,1.0697557130243904,1.7246220246828985,0.4364241725059748,
holo,4I4G,T0K,7UFD,7,147.0,0.6808600705023914,4.906727354482521,6.509094210913445,0.7584802157955735,
holo,4I4G,TCI,9PLJ,7,147.0,0.8021771652000879,5.315382550208698,7.702511861733743,1.1048543490571474,
holo,4I4G,X5Y,7KVH,7,147.0,0.3187028776783842,1.0479478435272696,2.1174376822671332,0.2864559731410284,
holo,4I4G,X6J,7KVP,3,,,,,,span < 4 residues in common
holo,4I4G,X6S,7KVO,7,147.0,0.3401900344740212,1.3691794291341193,2.4169434009424173,0.2496900613952206,
holo,4I4G,X6V,7KVN,7,146.0,0.3314122826900257,1.3060005687018956,2.475046624826,0.22645207925134025,
holo,4I4G,X71,7KVM,2,,,,,,span < 4 residues in common
holo,4I4G,X74,7KVS,7,147.0,0.29761736947393824,1.2580332844026432,2.095287322162897,0.24540860503289785,
holo,4I4G,X7D,7KVQ,7,147.0,0.34097606909651224,1.4621388125250154,2.77976958691627,0.21790905134316663,
holo,4I4G,X7J,7KVK,7,147.0,0.38375888990202506,1.2711968256506232,2.3612142128478464,0.27804166835733934,
holo,4I4G,X7M,7KVJ,0,,,,,,span < 4 residues in common
holo,4I4G,X7P,7KVI,1,,,,,,span < 4 residues in common
holo,4I4G,Y83,6BDM,4,147.0,0.568919391273589,4.840034936008648,5.747442307855297,0.43962531799593146,
holo,4I4G,YNV,7LXL,2,,,,,,span < 4 residues in common
holo,4I4G,Z9Z,4I4H,7,147.0,0.30301135031670984,1.3045058577294841,2.5055907510166633,0.2195069369657462,
holo,4I4H,08J,5TE8,7,147.0,1.111814765855593,9.641671800449537,16.472719550221516,1.3304966144625565,
holo,4I4H,08Y,3UA1,7,146.0,0.6983251230416646,4.517744487146853,5.570168087391575,1.0548333340473965,
holo,4I4H,1RD,4K9T,7,146.0,0.31236446173653015,6.192472845145108,7.842437549872603,0.30781047761157554,
holo,4I4H,2QH,4NY4,7,146.0,0.5467410082407127,4.2119113597282825,5.901835290139146,0.6500809014289611,
holo,4I4H,5AW,4K9U,1,,,,,,span < 4 residues in common
holo,4I4H,6AW,4K9V,7,146.0,0.4664020847833365,4.5236654285889335,6.108812919235583,0.7772101984949834,
holo,4I4H,7AW,4K9W,7,147.0,0.5067881541896734,0.9073053118783496,1.5163726968068432,0.3494690967011226,
holo,4I4H,80K,6BD6,7,147.0,0.5560675238928121,3.9877893453925575,5.712183992195363,0.5843136972858197,
holo,4I4H,8AW,4K9X,5,147.0,0.28734419172532133,1.1001247599691681,1.8765728847786032,0.22173213296884695,
holo,4I4H,A1A06,9COS,0,,,,,,span < 4 residues in common
holo,4I4H,A1A07,9COR,1,,,,,,span < 4 residues in common
holo,4I4H,A1A08,9COT,0,,,,,,span < 4 residues in common
holo,4I4H,A1A4K,9COX,0,,,,,,span < 4 residues in common
holo,4I4H,A1A4S,9COV,0,,,,,,span < 4 residues in common
holo,4I4H,A1A4T,9COY,0,,,,,,span < 4 residues in common
holo,4I4H,A1A4U,9COU,0,,,,,,span < 4 residues in common
holo,4I4H,A1A4V,9COW,0,,,,,,span < 4 residues in common
holo,4I4H,A1APA,9BBB,1,,,,,,span < 4 residues in common
holo,4I4H,A1ASO,9BVC,7,147.0,0.7016952016795208,4.414625649414226,5.75432031093143,0.8854613223780026,
holo,4I4H,A1ASP,9BVB,7,147.0,0.6965506438161777,4.415211027004644,5.697449251179226,0.9005498279845285,
holo,4I4H,A1ASQ,9BVA,7,147.0,0.6895382941621973,4.496966608897704,5.9164937651113565,0.8784654094878838,
holo,4I4H,A1ASR,9BV9,7,147.0,0.7100725989320826,4.442998219437657,5.736569573012163,0.902262243800089,
holo,4I4H,A1ASS,9BV8,7,147.0,0.7291423234153229,4.384743335933911,5.864403049675427,0.9127344757009492,
holo,4I4H,A1AST,9BV7,7,147.0,0.6904881759141301,4.478171829562372,5.839745134655339,0.8720882178239117,
holo,4I4H,A1ASU,9BV6,6,147.0,0.6397335019258612,4.822218780472216,5.697293179767594,0.707403586077187,
holo,4I4H,A1ASV,9BV5,7,147.0,0.7541927663121901,4.378817682725983,5.702334583143652,0.9364804178818862,
holo,4I4H,A1BNX,9MS1,2,,,,,,span < 4 residues in common
holo,4I4H,A1CIW,9PLK,4,147.0,0.8842306252853585,5.953652185720719,6.64861961493107,1.2272675308211498,
holo,4I4H,CFF,8SO1,7,147.0,0.7468254647429333,4.443244043319792,5.84603244371368,1.0803627361812038,
holo,4I4H,CL6,8SPD,7,147.0,0.9349252157546374,8.596487357529487,10.08885997791303,1.10041092769961,
holo,4I4H,D0R,3TJS,2,,,,,,span < 4 residues in common
holo,4I4H,D7J,6BD7,7,147.0,0.6800081643962994,4.45860993655536,5.782785805503941,0.8319499519334796,
holo,4I4H,D7M,6BD5,7,147.0,0.6587094271931154,4.41362733603449,5.682898348627963,0.8157529981279299,
holo,4I4H,D7Y,6BCZ,7,147.0,0.6538610860662933,4.3920440108789895,5.770839075662079,0.8804401643649516,
holo,4I4H,D81,6BD8,7,147.0,0.638262999274941,4.255278794329011,5.646031880278588,0.6398070972622516,
holo,4I4H,DEJ,6BDI,7,147.0,0.6794794754812203,4.382324458516768,5.7337266455968745,0.8307761606069562,
holo,4I4H,DEV,6BDH,0,,,,,,span < 4 residues in common
holo,4I4H,DJ1,6BDK,7,147.0,0.6909207141800278,4.386025875026844,5.643505813051501,0.8420202530889976,
holo,4I4H,ERY,2J0D,4,147.0,0.9986927701428301,6.211932108962294,9.077335763171114,1.3185230199490987,
holo,4I4H,FZV,6DAC,4,147.0,0.6617938132279856,4.457164113846445,5.704830183701266,0.7830692752454992,
holo,4I4H,G0D,6DA2,3,,,,,,span < 4 residues in common
holo,4I4H,G0J,6DA8,1,,,,,,span < 4 residues in common
holo,4I4H,G0M,6DAA,1,,,,,,span < 4 residues in common
holo,4I4H,G0V,6DAB,0,,,,,,span < 4 residues in common
holo,4I4H,G1J,6DA5,1,,,,,,span < 4 residues in common
holo,4I4H,J9K,4D78,7,146.0,0.26997927379508635,0.9957300985942491,1.503138371264179,0.33518960160922645,
holo,4I4H,KLN,2V0M,7,146.0,0.3756200501940924,2.178072248492807,3.551795529187324,0.36888981804938703,
holo,4I4H,MF8,5G5J,7,146.0,0.6940046613673123,4.599993427250719,6.000925994496122,1.0098853465050537,
holo,4I4H,MWS,6OOB,7,147.0,0.8245319507058329,4.715112845726659,5.87499651391737,1.175467655062365,
holo,4I4H,MWV,6OO9,7,147.0,0.8617461956062237,4.620802179255944,6.017616467059432,1.110439403118033,
holo,4I4H,MWY,6OOA,1,,,,,,span < 4 residues in common
holo,4I4H,MYT,1W0G,7,146.0,0.8139831146094744,4.463575464822167,5.924329155030312,0.9921714562269954,
holo,4I4H,NH0,7UF9,0,,,,,,span < 4 residues in common
holo,4I4H,NI6,7UFA,7,146.0,0.4658197550716016,8.58750733370025,10.347524652439853,0.5400377018339121,
holo,4I4H,NJ0,7UFB,7,147.0,0.7140381989159617,4.480077466676814,5.821874507219065,0.9263135654349359,
holo,4I4H,NJO,7UFC,7,147.0,0.6802462982389161,4.299059915550341,6.157429465916585,0.6750831522164404,
holo,4I4H,NXR,7UFE,7,147.0,0.412183820063899,0.6341482065838084,0.8622650409356944,0.2534249157960432,
holo,4I4H,NYF,7UFF,7,147.0,0.4141267458063075,0.6463620169509037,0.8948093104717445,0.2557231478228315,
holo,4I4H,PG0,9BV6,6,147.0,0.6397335019258612,4.822218780472216,5.697293179767594,0.707403586077187,
holo,4I4H,PG4,9YK4,7,147.0,0.6931892051017742,4.436893035761321,5.786326987158623,1.0011815758737344,
holo,4I4H,PK9,4D6Z,7,146.0,0.6857937133696748,4.5149953481743355,5.812452080955896,0.9740197406633576,
holo,4I4H,PKT,4D7D,7,147.0,0.29998322479809575,1.8159697737926501,2.940745410691732,0.2346107163573862,
holo,4I4H,QDJ,6UNL,0,,,,,,span < 4 residues in common
holo,4I4H,QDP,6UNM,0,,,,,,span < 4 residues in common
holo,4I4H,QDV,6UNI,0,,,,,,span < 4 residues in common
holo,4I4H,QDY,6UNJ,7,147.0,0.464552993020234,5.899098891067901,7.230019396280835,0.3994127166690059,
holo,4I4H,QE4,6UNK,3,,,,,,span < 4 residues in common
holo,4I4H,QEA,6UNH,4,146.0,0.36645402941482835,4.299652614123871,5.404638852220843,0.5314246366842273,
holo,4I4H,QEP,6UNG,4,147.0,0.46421736964970783,4.313481564359259,5.461382761878021,0.3784026493585723,
holo,4I4H,QES,6UNE,4,147.0,0.5571959151138772,4.149341952654527,5.297954758316705,0.5943128023177459,
holo,4I4H,RIT,3NXU,7,147.0,0.49849466444971535,0.5746884185281973,0.8852025360865261,0.4206186784645296,
holo,4I4H,T0K,7UFD,7,147.0,0.6686756926136966,4.248604179445714,6.015094086594219,0.8150185287363496,
holo,4I4H,TCI,9PLJ,7,147.0,0.8006574066712807,4.630081561734938,5.717475096768439,1.1439952867883976,
holo,4I4H,X5Y,7KVH,7,147.0,0.38072242695081226,0.8005353679749888,1.306497720601756,0.293317172225091,
holo,4I4H,X6J,7KVP,3,,,,,,span < 4 residues in common
holo,4I4H,X6S,7KVO,7,147.0,0.39703333312288625,0.7877797573812152,1.205959805516229,0.255852952791297,
holo,4I4H,X6V,7KVN,7,146.0,0.42679744879435333,0.6169110443247188,0.8002742368451119,0.260349678205224,
holo,4I4H,X71,7KVM,2,,,,,,span < 4 residues in common
holo,4I4H,X74,7KVS,7,147.0,0.36784701694628025,1.003185260383108,1.7418375572443288,0.27501060646019476,
holo,4I4H,X7D,7KVQ,7,147.0,0.4281080697036691,0.58559013805248,0.714505489099427,0.23584068095488608,
holo,4I4H,X7J,7KVK,7,147.0,0.4413545667469923,0.7108334615697292,1.1035041555828276,0.2874023552951562,
holo,4I4H,X7M,7KVJ,0,,,,,,span < 4 residues in common
holo,4I4H,X7P,7KVI,1,,,,,,span < 4 residues in common
holo,4I4H,Y83,6BDM,4,147.0,0.5491231790199664,4.760069566602748,5.373925880587372,0.46544131014583917,
holo,4I4H,YNV,7LXL,2,,,,,,span < 4 residues in common
holo,4I4H,Z8Z,4I4G,7,147.0,0.30301135031670956,1.3045058577294788,2.505590751016657,0.21950693696574725,
holo,4K9T,08J,5TE8,7,146.0,1.0257391251517654,5.795405391914128,11.372671839260688,1.1847775718425935,
holo,4K9T,08Y,3UA1,7,146.0,0.7173791734905186,4.421538773139647,6.684733445105133,0.9568139378227882,
holo,4K9T,2QH,4NY4,7,146.0,0.5623475034685056,4.530605530586249,5.724804854877606,0.6509068314056079,
holo,4K9T,5AW,4K9U,1,,,,,,span < 4 residues in common
holo,4K9T,6AW,4K9V,7,146.0,0.4802298267372209,4.2196292873970105,5.185110551320877,0.7107008736369196,
holo,4K9T,7AW,4K9W,7,146.0,0.4946477051618676,5.929191128592838,7.947243681812509,0.48383262251700565,
holo,4K9T,80K,6BD6,7,146.0,0.5395447587808889,4.553401200656215,6.100858617827955,0.534680904015077,
holo,4K9T,8AW,4K9X,5,146.0,0.30416845672226334,5.723473146141162,6.932628278395632,0.3241495948847744,
holo,4K9T,A1A06,9COS,0,,,,,,span < 4 residues in common
holo,4K9T,A1A07,9COR,1,,,,,,span < 4 residues in common
holo,4K9T,A1A08,9COT,0,,,,,,span < 4 residues in common
holo,4K9T,A1A4K,9COX,0,,,,,,span < 4 residues in common
holo,4K9T,A1A4S,9COV,0,,,,,,span < 4 residues in common
holo,4K9T,A1A4T,9COY,0,,,,,,span < 4 residues in common
holo,4K9T,A1A4U,9COU,0,,,,,,span < 4 residues in common
holo,4K9T,A1A4V,9COW,0,,,,,,span < 4 residues in common
holo,4K9T,A1APA,9BBB,1,,,,,,span < 4 residues in common
holo,4K9T,A1ASO,9BVC,7,146.0,0.6790812161611263,4.457996514393024,6.112988231219222,0.8120845902655383,
holo,4K9T,A1ASP,9BVB,7,146.0,0.6735263425091043,4.611786448228302,6.403924366696155,0.8365378371280268,
holo,4K9T,A1ASQ,9BVA,7,146.0,0.6794777443912711,4.602147447633004,6.464270157131991,0.8331678831714779,
holo,4K9T,A1ASR,9BV9,7,146.0,0.6911187450815102,4.62275461985632,6.416998894938359,0.8372704443203426,
holo,4K9T,A1ASS,9BV8,7,146.0,0.6519649520126894,4.424466713697765,6.063640343541767,0.8155945445261926,
holo,4K9T,A1AST,9BV7,7,146.0,0.6727497941849367,4.440920563350789,6.0179083939951425,0.814365046907541,
holo,4K9T,A1ASU,9BV6,6,146.0,0.6139136965934763,4.661508910352478,6.112322351116418,0.6264296099888721,
holo,4K9T,A1ASV,9BV5,7,146.0,0.7511071805452763,4.332639814966301,6.028125140940915,0.8584423925201509,
holo,4K9T,A1BNX,9MS1,2,,,,,,span < 4 residues in common
holo,4K9T,A1CIW,9PLK,4,146.0,0.8068906875674392,1.6194624250384289,1.8414420216002922,1.1067462024686374,
holo,4K9T,CFF,8SO1,7,146.0,0.6892120306072923,4.769656823565113,6.960565082709706,0.9769646406587537,
holo,4K9T,CL6,8SPD,7,146.0,0.853506579054749,3.8440781771276886,4.560279944737765,0.9585821477694804,
holo,4K9T,D0R,3TJS,2,,,,,,span < 4 residues in common
holo,4K9T,D7J,6BD7,7,146.0,0.6347230218481453,4.480233651504521,6.405365953425223,0.7268845765828414,
holo,4K9T,D7M,6BD5,7,146.0,0.6210659178023475,4.494665195921124,6.5582329979299745,0.7095008995241798,
holo,4K9T,D7Y,6BCZ,7,146.0,0.5940389696426199,4.445469731771793,6.304707145777306,0.7681623947174141,
holo,4K9T,D81,6BD8,7,146.0,0.6139787359908501,4.225355095935458,6.295918017738957,0.6169949594981126,
holo,4K9T,DEJ,6BDI,7,146.0,0.6320162446494887,4.410927249557171,6.289760252000236,0.7282756874400196,
holo,4K9T,DEV,6BDH,0,,,,,,span < 4 residues in common
holo,4K9T,DJ1,6BDK,7,146.0,0.6455538996290252,4.458673573308596,6.374225610918449,0.7487287118747308,
holo,4K9T,ERY,2J0D,4,146.0,0.9197886117909306,3.447480914757378,4.937903963598472,1.1823973370395964,
holo,4K9T,FZV,6DAC,4,146.0,0.6222115528832355,4.66884733936654,4.788749203777663,0.6864532638390546,
holo,4K9T,G0D,6DA2,3,,,,,,span < 4 residues in common
holo,4K9T,G0J,6DA8,1,,,,,,span < 4 residues in common
holo,4K9T,G0M,6DAA,1,,,,,,span < 4 residues in common
holo,4K9T,G0V,6DAB,0,,,,,,span < 4 residues in common
holo,4K9T,G1J,6DA5,1,,,,,,span < 4 residues in common
holo,4K9T,J9K,4D78,7,146.0,0.3075428004394003,6.166771583815156,7.83865675200609,0.26729967453052694,
holo,4K9T,KLN,2V0M,7,146.0,0.42178551225033145,6.225061106321942,8.003358700931916,0.46881445162667207,
holo,4K9T,MF8,5G5J,7,146.0,0.6915719445415573,4.5475246542399335,6.550631327392621,0.9209871346632594,
holo,4K9T,MWS,6OOB,7,146.0,0.7601323704270533,4.554460592451596,6.862706940552418,1.0544124141877569,
holo,4K9T,MWV,6OO9,7,146.0,0.8145025944260539,4.509367450237321,6.572864643081557,1.0031820273732377,
holo,4K9T,MWY,6OOA,1,,,,,,span < 4 residues in common
holo,4K9T,MYT,1W0G,7,146.0,0.8291689681421657,4.374967483250197,6.194961414326429,0.9420973788407406,
holo,4K9T,NH0,7UF9,0,,,,,,span < 4 residues in common
holo,4K9T,NI6,7UFA,7,146.0,0.5043078331921502,3.9893494907016316,6.77322604448767,0.44763832893498673,
holo,4K9T,NJ0,7UFB,7,146.0,0.6648507469165376,4.47423657796919,6.48966390559359,0.8390837911031797,
holo,4K9T,NJO,7UFC,7,146.0,0.62250208336254,4.477399186610259,5.9260134519618965,0.5792957049197961,
holo,4K9T,NXR,7UFE,7,146.0,0.35382377721172426,6.066484325040008,7.752497437171675,0.36464727879748965,
holo,4K9T,NYF,7UFF,7,146.0,0.3552303351774372,6.066723876157978,7.779873233650228,0.363652602778038,
holo,4K9T,PG0,9BV6,6,146.0,0.6139136965934763,4.661508910352478,6.112322351116418,0.6264296099888721,
holo,4K9T,PG4,9YK4,7,146.0,0.6811318230776773,4.496848502359665,6.463316365146572,0.9026689821613275,
holo,4K9T,PK9,4D6Z,7,146.0,0.7221198016500494,4.481336490884102,6.524562259038981,0.900804000412989,
holo,4K9T,PKT,4D7D,7,146.0,0.32500326019790865,6.267233602204537,7.60937886357699,0.2616149602457405,
holo,4K9T,QDJ,6UNL,0,,,,,,span < 4 residues in common
holo,4K9T,QDP,6UNM,0,,,,,,span < 4 residues in common
holo,4K9T,QDV,6UNI,0,,,,,,span < 4 residues in common
holo,4K9T,QDY,6UNJ,7,146.0,0.4313861788799043,2.330762519128311,3.571991026405543,0.46662225902512416,
holo,4K9T,QE4,6UNK,3,,,,,,span < 4 residues in common
holo,4K9T,QEA,6UNH,4,146.0,0.3493141216557097,4.808990419570467,4.9270380997981,0.5100132877322158,
holo,4K9T,QEP,6UNG,4,146.0,0.38093689017208787,4.695076371972183,4.946687753619038,0.39812479881593926,
holo,4K9T,QES,6UNE,4,146.0,0.5343924707798069,4.580958162238597,4.670733273409032,0.531349721616404,
holo,4K9T,RIT,3NXU,7,146.0,0.5225193218844782,6.146152815923698,7.870729507650133,0.5699406681370552,
holo,4K9T,T0K,7UFD,7,146.0,0.6063679817190365,4.414518894517215,5.829635490347065,0.7275904892854532,
holo,4K9T,TCI,9PLJ,7,146.0,0.7365764456039581,4.461636719808957,6.701403239107848,1.0382199220800845,
holo,4K9T,X5Y,7KVH,7,146.0,0.3258195246442477,6.117111299702763,8.140876541852881,0.30957413505235576,
holo,4K9T,X6J,7KVP,3,,,,,,span < 4 residues in common
holo,4K9T,X6S,7KVO,7,146.0,0.33385958654584624,5.774499719175896,7.156381964635939,0.38278567474065556,
holo,4K9T,X6V,7KVN,7,145.0,0.34904875550830133,6.056758089683435,7.702651586858562,0.3179228161234317,
holo,4K9T,X71,7KVM,2,,,,,,span < 4 residues in common
holo,4K9T,X74,7KVS,7,146.0,0.3146081779115407,5.823173580933751,7.463922546197704,0.366789261569999,
holo,4K9T,X7D,7KVQ,7,146.0,0.3470402520420529,5.931321526982095,7.4487530364412855,0.3309532061723746,
holo,4K9T,X7J,7KVK,7,146.0,0.36729984283860206,5.9098512058059,7.43076800467386,0.38542566614920765,
holo,4K9T,X7M,7KVJ,0,,,,,,span < 4 residues in common
holo,4K9T,X7P,7KVI,1,,,,,,span < 4 residues in common
holo,4K9T,Y83,6BDM,4,146.0,0.5437129912159615,4.44695054235513,5.1931832551384485,0.4361374787480451,
holo,4K9T,YNV,7LXL,2,,,,,,span < 4 residues in common
holo,4K9T,Z8Z,4I4G,7,146.0,0.3155078966367048,6.3048057596561735,8.29464434206254,0.2650946357925504,
holo,4K9T,Z9Z,4I4H,7,146.0,0.31236446173653043,6.192472845145112,7.842437549872609,0.30781047761157443,
holo,4K9V,08J,5TE8,7,146.0,0.7524169091311076,6.9687951665008505,11.962540486450932,0.6950785014245152,
holo,4K9V,08Y,3UA1,7,146.0,0.40195265061725644,1.1283317924730805,2.1842144424912,0.4381592466651898,
holo,4K9V,1RD,4K9T,7,146.0,0.48022982673722103,4.219629287397023,5.185110551320888,0.7107008736369216,
holo,4K9V,2QH,4NY4,7,146.0,0.3788269122538691,0.9168983935599027,1.853733571475697,0.4084950773391812,
holo,4K9V,5AW,4K9U,1,,,,,,span < 4 residues in common
holo,4K9V,7AW,4K9W,7,146.0,0.7245423294251555,4.533368950289425,5.989508781716477,0.9385882818655819,
holo,4K9V,80K,6BD6,7,146.0,0.3383504861682831,1.1613488761763073,1.9181700858726904,0.47772328944735554,
holo,4K9V,8AW,4K9X,5,146.0,0.43795984464941135,4.938134483205179,5.791796799461605,0.6923071098277298,
holo,4K9V,A1A06,9COS,0,,,,,,span < 4 residues in common
holo,4K9V,A1A07,9COR,1,,,,,,span < 4 residues in common
holo,4K9V,A1A08,9COT,0,,,,,,span < 4 residues in common
holo,4K9V,A1A4K,9COX,0,,,,,,span < 4 residues in common
holo,4K9V,A1A4S,9COV,0,,,,,,span < 4 residues in common
holo,4K9V,A1A4T,9COY,0,,,,,,span < 4 residues in common
holo,4K9V,A1A4U,9COU,0,,,,,,span < 4 residues in common
holo,4K9V,A1A4V,9COW,0,,,,,,span < 4 residues in common
holo,4K9V,A1APA,9BBB,1,,,,,,span < 4 residues in common
holo,4K9V,A1ASO,9BVC,7,146.0,0.3685777632555182,0.9934554508433764,2.1199614935062985,0.3126047593089597,
holo,4K9V,A1ASP,9BVB,7,146.0,0.36942146852391944,1.0741648957420191,2.229527047799034,0.30212865014857937,
holo,4K9V,A1ASQ,9BVA,7,146.0,0.3764376034779446,1.0582398701073394,2.2784207361449207,0.36478424402640686,
holo,4K9V,A1ASR,9BV9,7,146.0,0.3834212774800463,1.0814971828079616,2.2549320330219818,0.3131902478678304,
holo,4K9V,A1ASS,9BV8,7,146.0,0.3692791898162616,0.8069075320035525,1.5729677996470295,0.32881214275546,
holo,4K9V,A1AST,9BV7,7,146.0,0.37683405153960076,1.0070904818755095,2.133230144580648,0.33442195609681363,
holo,4K9V,A1ASU,9BV6,6,146.0,0.3651869542526534,4.152250252487912,6.3570536246660705,0.33873595398611456,
holo,4K9V,A1ASV,9BV5,7,146.0,0.42069979907589494,0.8606750860425362,1.825510900425464,0.29114259818548244,
holo,4K9V,A1BNX,9MS1,2,,,,,,span < 4 residues in common
holo,4K9V,A1CIW,9PLK,4,146.0,0.5133345529856953,4.177461581202589,5.49279337937893,0.6286827122222184,
holo,4K9V,CFF,8SO1,7,146.0,0.38281702477159313,1.1927490474910998,2.2913738501824743,0.43473313970936533,
holo,4K9V,CL6,8SPD,7,146.0,0.5523650386076938,6.986572581105507,8.897717349528977,0.4490884939288133,
holo,4K9V,D0R,3TJS,2,,,,,,span < 4 residues in common
holo,4K9V,D7J,6BD7,7,146.0,0.3359081412609964,1.0004381489515666,2.2616813716808144,0.21683546911548682,
holo,4K9V,D7M,6BD5,7,146.0,0.3374298724482545,1.0766398627780431,2.2524736125301703,0.24162525082372932,
holo,4K9V,D7Y,6BCZ,7,146.0,0.28354034624475327,0.9720338769354933,2.0645631256301504,0.21299592138097384,
holo,4K9V,D81,6BD8,7,146.0,0.3854871978275176,1.1535024450662101,2.222274587339912,0.5144007265205117,
holo,4K9V,DEJ,6BDI,7,146.0,0.3311591792803292,0.9843304824055825,2.042892507336158,0.2518325018359411,
holo,4K9V,DEV,6BDH,0,,,,,,span < 4 residues in common
holo,4K9V,DJ1,6BDK,7,146.0,0.3381418402102401,1.0386734103247104,2.1621788523662384,0.25412946571798267,
holo,4K9V,ERY,2J0D,4,146.0,0.6314852639147122,5.461597462957313,8.190827442487585,0.7028693029898092,
holo,4K9V,FZV,6DAC,4,146.0,0.3299380551755439,1.942538763125675,3.8352323138844624,0.3437725214380368,
holo,4K9V,G0D,6DA2,3,,,,,,span < 4 residues in common
holo,4K9V,G0J,6DA8,1,,,,,,span < 4 residues in common
holo,4K9V,G0M,6DAA,1,,,,,,span < 4 residues in common
holo,4K9V,G0V,6DAB,0,,,,,,span < 4 residues in common
holo,4K9V,G1J,6DA5,1,,,,,,span < 4 residues in common
holo,4K9V,J9K,4D78,7,146.0,0.40389098361283055,4.481879671612497,5.584852093790187,0.6449272926567923,
holo,4K9V,KLN,2V0M,7,146.0,0.6238144771791174,5.050840787382528,6.736847818580553,0.8922553202355429,
holo,4K9V,MF8,5G5J,7,146.0,0.401181566449308,1.0592969105475314,2.2217690084720574,0.3782169021375654,
holo,4K9V,MWS,6OOB,7,146.0,0.44658780545781057,1.2048805426885543,2.5111086657603328,0.5497286410666593,
holo,4K9V,MWV,6OO9,7,146.0,0.49217894141728485,1.051471147262372,2.2558703339684927,0.46985448057350615,
holo,4K9V,MWY,6OOA,1,,,,,,span < 4 residues in common
holo,4K9V,MYT,1W0G,7,146.0,0.5568166623450109,0.8205814528801183,1.6925769977762455,0.41648946869963616,
holo,4K9V,NH0,7UF9,0,,,,,,span < 4 residues in common
holo,4K9V,NI6,7UFA,7,146.0,0.32214524112070575,6.724781184304236,8.083265488656904,0.4445127020612504,
holo,4K9V,NJ0,7UFB,7,146.0,0.3366287800336243,0.9247114358815266,1.9379292149481455,0.27182167081333763,
holo,4K9V,NJO,7UFC,7,146.0,0.370754668500292,0.7976175504498357,1.5985115065938222,0.31024720309666176,
holo,4K9V,NXR,7UFE,7,146.0,0.6088223884840887,4.481651352555488,5.961712258687472,0.8573592314582071,
holo,4K9V,NYF,7UFF,7,146.0,0.6085569498709407,4.503093040814162,6.005508409989527,0.8556512554380352,
holo,4K9V,PG0,9BV6,6,146.0,0.3651869542526534,4.152250252487912,6.3570536246660705,0.33873595398611456,
holo,4K9V,PG4,9YK4,7,146.0,0.3333505074597686,1.0101205884544056,2.007127304522617,0.3113343259727582,
holo,4K9V,PK9,4D6Z,7,146.0,0.3787429652524204,1.0158762416702987,2.10269531798288,0.31181515327645337,
holo,4K9V,PKT,4D7D,7,146.0,0.433891781216833,4.08077518272876,5.39699488328963,0.6676529280979876,
holo,4K9V,QDJ,6UNL,0,,,,,,span < 4 residues in common
holo,4K9V,QDP,6UNM,0,,,,,,span < 4 residues in common
holo,4K9V,QDV,6UNI,0,,,,,,span < 4 residues in common
holo,4K9V,QDY,6UNJ,7,146.0,0.6371777315108633,3.91966022082898,4.877351377696771,0.9177347090780169,
holo,4K9V,QE4,6UNK,3,,,,,,span < 4 residues in common
holo,4K9V,QEA,6UNH,4,146.0,0.403161481305891,0.6658794129917397,0.7719857739415613,0.5481829307077133,
holo,4K9V,QEP,6UNG,4,146.0,0.35917221595807414,0.6593108273160586,0.8060319360340348,0.658556097430007,
holo,4K9V,QES,6UNE,4,146.0,0.3327897436449504,0.9719136886851124,1.0969332660995692,0.4668834393974522,
holo,4K9V,RIT,3NXU,7,146.0,0.7404593930785254,4.505498580798237,5.741057318772526,0.9853561851637416,
holo,4K9V,T0K,7UFD,7,146.0,0.33418485709909734,0.791031789868047,1.4287987542052532,0.33397249848364435,
holo,4K9V,TCI,9PLJ,7,146.0,0.42557440162935156,1.1884435117553644,2.444430227116115,0.4997913459292376,
holo,4K9V,X5Y,7KVH,7,146.0,0.5369660303588136,4.807290916907657,6.674450171901869,0.8341522686187375,
holo,4K9V,X6J,7KVP,3,,,,,,span < 4 residues in common
holo,4K9V,X6S,7KVO,7,146.0,0.5441804111717033,4.386664326846542,5.943073188130256,0.8399335588891976,
holo,4K9V,X6V,7KVN,7,145.0,0.5809629421027175,4.607870402214281,6.214529256701983,0.8316367080643599,
holo,4K9V,X71,7KVM,2,,,,,,span < 4 residues in common
holo,4K9V,X74,7KVS,7,146.0,0.5673823150343793,4.3807247779677425,6.129150352769569,0.8633543112657837,
holo,4K9V,X7D,7KVQ,7,146.0,0.5600671578384557,4.387405440447035,6.030028299366679,0.8245973544125084,
holo,4K9V,X7J,7KVK,7,146.0,0.6233886827824332,4.503218979211491,6.08698716642761,0.9083582008713161,
holo,4K9V,X7M,7KVJ,0,,,,,,span < 4 residues in common
holo,4K9V,X7P,7KVI,1,,,,,,span < 4 residues in common
holo,4K9V,Y83,6BDM,4,146.0,0.4098577990908959,2.894396971665158,5.28030581434941,0.7193902398010779,
holo,4K9V,YNV,7LXL,2,,,,,,span < 4 residues in common
holo,4K9V,Z8Z,4I4G,7,146.0,0.4600661899192953,5.063371925512145,6.523209253393864,0.7140165819464243,
holo,4K9V,Z9Z,4I4H,7,146.0,0.46640208478333556,4.523665428588927,6.10881291923556,0.7772101984949835,
holo,4K9W,08J,5TE8,7,148.0,1.4119444650321402,9.454989706637765,16.42225714529416,1.5605158682681188,
holo,4K9W,08Y,3UA1,7,147.0,1.0702566836117298,4.558316970089064,5.8494394220662755,1.2789025273139674,
holo,4K9W,1RD,4K9T,7,146.0,0.4946477051618684,5.929191128592804,7.947243681812473,0.48383262251701864,
holo,4K9W,2QH,4NY4,7,147.0,0.8973798963612122,4.230365140528026,5.730603010711833,0.8736040807400874,
holo,4K9W,5AW,4K9U,1,,,,,,span < 4 residues in common
holo,4K9W,6AW,4K9V,7,146.0,0.7245423294251561,4.533368950289406,5.989508781716494,0.9385882818656066,
holo,4K9W,80K,6BD6,7,148.0,0.820856693353673,4.028192325406163,5.57281687879923,0.7043478252150295,
holo,4K9W,8AW,4K9X,5,147.0,0.47133642236318074,1.0594840981270723,1.6253675970822608,0.37612957221857296,
holo,4K9W,A1A06,9COS,0,,,,,,span < 4 residues in common
holo,4K9W,A1A07,9COR,1,,,,,,span < 4 residues in common
holo,4K9W,A1A08,9COT,0,,,,,,span < 4 residues in common
holo,4K9W,A1A4K,9COX,0,,,,,,span < 4 residues in common
holo,4K9W,A1A4S,9COV,0,,,,,,span < 4 residues in common
holo,4K9W,A1A4T,9COY,0,,,,,,span < 4 residues in common
holo,4K9W,A1A4U,9COU,0,,,,,,span < 4 residues in common
holo,4K9W,A1A4V,9COW,0,,,,,,span < 4 residues in common
holo,4K9W,A1APA,9BBB,1,,,,,,span < 4 residues in common
holo,4K9W,A1ASO,9BVC,7,148.0,1.0231933730238227,4.439197316904856,5.597582997813711,1.0966280546942881,
holo,4K9W,A1ASP,9BVB,7,148.0,1.0040226917167294,4.464600242362619,5.539978241786743,1.1142447998425382,
holo,4K9W,A1ASQ,9BVA,7,148.0,1.0132652679400695,4.55688079287013,5.760935711984756,1.0818551068865214,
holo,4K9W,A1ASR,9BV9,7,148.0,1.0273322128446636,4.489093697864166,5.571276641225952,1.122500484221472,
holo,4K9W,A1ASS,9BV8,7,148.0,1.003547436665067,4.415360039467248,5.71086259192673,1.1294231675137318,
holo,4K9W,A1AST,9BV7,7,148.0,0.997183425284873,4.485287693142314,5.67825580564183,1.0864836523299728,
holo,4K9W,A1ASU,9BV6,6,148.0,0.9536206865580023,4.379860437586107,5.577049883466949,0.9380266209397293,
holo,4K9W,A1ASV,9BV5,7,148.0,1.1373051706446888,4.3765695020590885,5.539109013811329,1.1760088488834246,
holo,4K9W,A1BNX,9MS1,2,,,,,,span < 4 residues in common
holo,4K9W,A1CIW,9PLK,4,148.0,1.175053107318502,5.146065142912555,5.737110923012838,1.4500763370652006,
holo,4K9W,CFF,8SO1,7,148.0,1.0281009666116792,4.542079999455336,5.880075072655234,1.2978757473364053,
holo,4K9W,CL6,8SPD,7,148.0,1.2323172369991031,8.255677244742554,10.230588336663953,1.3202641703576623,
holo,4K9W,D0R,3TJS,2,,,,,,span < 4 residues in common
holo,4K9W,D7J,6BD7,7,148.0,0.9768020915210974,4.511975060196652,5.679641545461986,1.031403797526372,
holo,4K9W,D7M,6BD5,7,148.0,0.9531059109779969,4.4776058220129284,5.748609127234388,1.0139341747101223,
holo,4K9W,D7Y,6BCZ,7,148.0,0.9265914532652139,4.438925110341933,5.6311606431050345,1.075067161944042,
holo,4K9W,D81,6BD8,7,148.0,0.9038827623173277,4.292350617915355,5.53077446020243,0.8052757612982262,
holo,4K9W,DEJ,6BDI,7,148.0,0.969418847945099,4.422136429743534,5.591197695721558,1.0350084232792347,
holo,4K9W,DEV,6BDH,0,,,,,,span < 4 residues in common
holo,4K9W,DJ1,6BDK,7,148.0,0.9799209468122376,4.437051262151272,5.522909088442574,1.0448955890883165,
holo,4K9W,ERY,2J0D,4,148.0,1.328132931436997,5.321209119955348,7.928520938418015,1.5635810215290784,
holo,4K9W,FZV,6DAC,4,148.0,0.9420099362272562,4.517425555677864,5.566435966790499,0.9606786446371777,
holo,4K9W,G0D,6DA2,3,,,,,,span < 4 residues in common
holo,4K9W,G0J,6DA8,1,,,,,,span < 4 residues in common
holo,4K9W,G0M,6DAA,1,,,,,,span < 4 residues in common
holo,4K9W,G0V,6DAB,0,,,,,,span < 4 residues in common
holo,4K9W,G1J,6DA5,1,,,,,,span < 4 residues in common
holo,4K9W,J9K,4D78,7,146.0,0.5209510126648962,0.8959612085461656,1.3106581649589735,0.49799386537085033,
holo,4K9W,KLN,2V0M,7,146.0,0.4431292870929616,1.6569630131637894,2.5574949149378625,0.43286242542300035,
holo,4K9W,MF8,5G5J,7,147.0,1.0653714715192328,4.631659791583708,5.852474080766732,1.2199485042679576,
holo,4K9W,MWS,6OOB,7,148.0,1.117291901530431,4.781932897809816,6.1824146724604745,1.3981741577692115,
holo,4K9W,MWV,6OO9,7,148.0,1.157353913268153,4.681367873305121,5.887132810041057,1.3314235935533687,
holo,4K9W,MWY,6OOA,1,,,,,,span < 4 residues in common
holo,4K9W,MYT,1W0G,7,146.0,1.0917631639773424,4.536663687621019,5.816280249414085,1.1715918066340143,
holo,4K9W,NH0,7UF9,0,,,,,,span < 4 residues in common
holo,4K9W,NI6,7UFA,7,147.0,0.7704347138829339,8.173972761017888,9.79226986215688,0.7208584080370227,
holo,4K9W,NJ0,7UFB,7,148.0,1.0017789932835088,4.5296653146572785,5.684846626701676,1.1300169235414967,
holo,4K9W,NJO,7UFC,7,148.0,0.9704768411719373,4.335221982840144,6.006477931970461,0.8877598765594344,
holo,4K9W,NXR,7UFE,7,148.0,0.40332321348788375,0.6170816535923667,0.8941730997892599,0.2123387971397111,
holo,4K9W,NYF,7UFF,7,148.0,0.40489263392998653,0.5964087592380093,0.8460945583276792,0.21527624335845805,
holo,4K9W,PG0,9BV6,6,148.0,0.9536206865580023,4.379860437586107,5.577049883466949,0.9380266209397293,
holo,4K9W,PG4,9YK4,7,148.0,1.000671658585233,4.486761181472337,5.640445646644396,1.2179110672673032,
holo,4K9W,PK9,4D6Z,7,146.0,0.9867911756752549,4.615613655270925,5.7492154701025475,1.1557172089396859,
holo,4K9W,PKT,4D7D,7,147.0,0.5603598458221231,1.8109675933165228,2.7258525228017465,0.42510857980054095,
holo,4K9W,QDJ,6UNL,0,,,,,,span < 4 residues in common
holo,4K9W,QDP,6UNM,0,,,,,,span < 4 residues in common
holo,4K9W,QDV,6UNI,0,,,,,,span < 4 residues in common
holo,4K9W,QDY,6UNJ,7,147.0,0.4550195028950076,5.605203516180408,6.669785314679398,0.32034052533676954,
holo,4K9W,QE4,6UNK,3,,,,,,span < 4 residues in common
holo,4K9W,QEA,6UNH,4,147.0,0.6490492774572819,4.367627303818446,5.30181011794777,0.6138671200800487,
holo,4K9W,QEP,6UNG,4,148.0,0.7289456812977345,4.370944173239207,5.321538360601809,0.4886225918790503,
holo,4K9W,QES,6UNE,4,148.0,0.8269852179738558,4.1623483867804065,5.1647372007634695,0.7291011108939802,
holo,4K9W,RIT,3NXU,7,147.0,0.3272261978411374,0.5515776509463546,0.7487689900654688,0.22286434063348687,
holo,4K9W,T0K,7UFD,7,148.0,0.9523056538668765,4.277483220862309,5.862127289756112,0.9909269734673373,
holo,4K9W,TCI,9PLJ,7,148.0,1.0805173880661605,4.69344724147919,6.079414701125031,1.359741247500207,
holo,4K9W,X5Y,7KVH,7,147.0,0.40969597890998755,0.5223658105420859,0.8479073107086262,0.37101959073107604,
holo,4K9W,X6J,7KVP,3,,,,,,span < 4 residues in common
holo,4K9W,X6S,7KVO,7,148.0,0.5107186425396444,0.6860297777120181,0.9507087985371185,0.3459955269615774,
holo,4K9W,X6V,7KVN,7,146.0,0.42754062691821865,0.7042044302850011,1.056000542962281,0.29523832128939237,
holo,4K9W,X71,7KVM,2,,,,,,span < 4 residues in common
holo,4K9W,X74,7KVS,7,148.0,0.40486676859398696,0.7958332069996437,1.4189330449851483,0.32875780929501663,
holo,4K9W,X7D,7KVQ,7,147.0,0.46048481464914814,0.792736410802673,1.3076408513695317,0.3248305539310321,
holo,4K9W,X7J,7KVK,7,148.0,0.446843213155477,0.6004646156500865,0.8503390680271092,0.27842937892877756,
holo,4K9W,X7M,7KVJ,0,,,,,,span < 4 residues in common
holo,4K9W,X7P,7KVI,1,,,,,,span < 4 residues in common
holo,4K9W,Y83,6BDM,4,148.0,0.8246128656406672,4.5294063197192,5.251967913306846,0.550426811923088,
holo,4K9W,YNV,7LXL,2,,,,,,span < 4 residues in common
holo,4K9W,Z8Z,4I4G,7,147.0,0.46218796545581803,0.9413075309539842,1.7083706975665525,0.36020638834941865,
holo,4K9W,Z9Z,4I4H,7,147.0,0.506788154189672,0.9073053118783602,1.5163726968068765,0.3494690967011486,
holo,4NY4,08J,5TE8,7,148.0,0.8418501649845354,7.18508242976492,12.236441868398378,0.8707711419132559,
holo,4NY4,08Y,3UA1,7,148.0,0.554385175982873,1.2332680869639694,2.356032525551311,0.6374264547501725,
holo,4NY4,1RD,4K9T,7,146.0,0.5623475034685037,4.530605530586252,5.724804854877613,0.6509068314056063,
holo,4NY4,5AW,4K9U,1,,,,,,span < 4 residues in common
holo,4NY4,6AW,4K9V,7,146.0,0.37882691225386966,0.9168983935598973,1.8537335714756906,0.40849507733918605,
holo,4NY4,7AW,4K9W,7,147.0,0.8973798963612121,4.230365140528046,5.730603010711805,0.8736040807400524,
holo,4NY4,80K,6BD6,7,147.0,0.51532232883092,0.700094006497009,0.9139260208729645,0.4725979947783562,
holo,4NY4,8AW,4K9X,5,146.0,0.5277132604141231,4.4431658675840495,5.55847905278254,0.5958409003668234,
holo,4NY4,A1A06,9COS,0,,,,,,span < 4 residues in common
holo,4NY4,A1A07,9COR,1,,,,,,span < 4 residues in common
holo,4NY4,A1A08,9COT,0,,,,,,span < 4 residues in common
holo,4NY4,A1A4K,9COX,0,,,,,,span < 4 residues in common
holo,4NY4,A1A4S,9COV,0,,,,,,span < 4 residues in common
holo,4NY4,A1A4T,9COY,0,,,,,,span < 4 residues in common
holo,4NY4,A1A4U,9COU,0,,,,,,span < 4 residues in common
holo,4NY4,A1A4V,9COW,0,,,,,,span < 4 residues in common
holo,4NY4,A1APA,9BBB,1,,,,,,span < 4 residues in common
holo,4NY4,A1ASO,9BVC,7,148.0,0.455205759950328,1.0981967507244885,2.0215074417029837,0.3680319830824511,
holo,4NY4,A1ASP,9BVB,7,148.0,0.4665711362565674,1.1351545782935584,2.1620179903962518,0.3946319335270798,
holo,4NY4,A1ASQ,9BVA,7,147.0,0.47144923977773273,1.1170465389530269,2.1104816963892077,0.3320807526181458,
holo,4NY4,A1ASR,9BV9,7,148.0,0.4912512733932037,1.1546300734965722,2.193818767573683,0.3981318536497397,
holo,4NY4,A1ASS,9BV8,7,148.0,0.4556112349206177,0.8033895568217695,1.5935088366325294,0.46369632260792,
holo,4NY4,A1AST,9BV7,7,147.0,0.4430431560570676,1.1460820798395432,2.0697751374174893,0.3884274747764031,
holo,4NY4,A1ASU,9BV6,6,148.0,0.48067859271928937,3.9567024532246524,6.399152955505956,0.3084861728391852,
holo,4NY4,A1ASV,9BV5,7,149.0,0.7653254942023427,0.8636244902425148,1.6254506444199404,0.4527532746686941,
holo,4NY4,A1BNX,9MS1,2,,,,,,span < 4 residues in common
holo,4NY4,A1CIW,9PLK,4,149.0,0.6375403906817578,4.594424618148735,6.249294260963268,0.8051475761199247,
holo,4NY4,CFF,8SO1,7,149.0,0.5428054840423743,1.1444207152768375,2.1945411567951885,0.6545217623603021,
holo,4NY4,CL6,8SPD,7,147.0,0.6249484399622552,7.257181576168723,9.190161194350297,0.5978450015327098,
holo,4NY4,D0R,3TJS,2,,,,,,span < 4 residues in common
holo,4NY4,D7J,6BD7,7,149.0,0.6647648513900156,0.9993237442841589,1.8135830131260935,0.40657710771598343,
holo,4NY4,D7M,6BD5,7,147.0,0.48498753894385166,1.0826837967954224,2.085370950740996,0.4043987200857184,
holo,4NY4,D7Y,6BCZ,7,149.0,0.6921017616477328,1.0098254395499875,1.9412915241109485,0.48588435774818783,
holo,4NY4,D81,6BD8,7,147.0,0.5194720779450261,1.1104644229496374,1.6915955370296971,0.38779548160802696,
holo,4NY4,DEJ,6BDI,7,149.0,0.682826407803264,1.0172259113584203,1.958192439278882,0.40539319362645426,
holo,4NY4,DEV,6BDH,0,,,,,,span < 4 residues in common
holo,4NY4,DJ1,6BDK,7,149.0,0.6742792387899391,1.073651176146438,1.9869904915171603,0.3860939715059415,
holo,4NY4,ERY,2J0D,4,148.0,0.7309327846516547,5.574160099278462,8.05537655805402,0.8603096512142767,
holo,4NY4,FZV,6DAC,4,147.0,0.5038391934439119,1.8289216806492807,3.5616038487797295,0.4347182151680569,
holo,4NY4,G0D,6DA2,3,,,,,,span < 4 residues in common
holo,4NY4,G0J,6DA8,1,,,,,,span < 4 residues in common
holo,4NY4,G0M,6DAA,1,,,,,,span < 4 residues in common
holo,4NY4,G0V,6DAB,0,,,,,,span < 4 residues in common
holo,4NY4,G1J,6DA5,1,,,,,,span < 4 residues in common
holo,4NY4,J9K,4D78,7,146.0,0.5156087706486926,4.2464063319704435,5.6759946633251825,0.5972632276364604,
holo,4NY4,KLN,2V0M,7,146.0,0.6659844501244894,4.83133288645578,6.521516367400364,0.7246096353783932,
holo,4NY4,MF8,5G5J,7,148.0,0.5454441026822292,1.1155579335855295,2.10115185979171,0.6132661268670193,
holo,4NY4,MWS,6OOB,7,148.0,0.5810870292417766,1.3204290597251211,2.4328238181371926,0.7532141660709817,
holo,4NY4,MWV,6OO9,7,149.0,0.6254261292620098,1.1380572173370773,2.234730066928797,0.6439182621592093,
holo,4NY4,MWY,6OOA,1,,,,,,span < 4 residues in common
holo,4NY4,MYT,1W0G,7,146.0,0.6052357624968736,0.7137112501569479,1.366598953396729,0.5271763610116603,
holo,4NY4,NH0,7UF9,0,,,,,,span < 4 residues in common
holo,4NY4,NI6,7UFA,7,148.0,0.4803193514480075,6.965853624063071,8.049608479982368,0.404551255319063,
holo,4NY4,NJ0,7UFB,7,149.0,0.5089048630286956,1.0163028076773353,1.9550849378757247,0.39054224765515577,
holo,4NY4,NJO,7UFC,7,149.0,0.5977704883660967,0.46478309325285744,0.9370427155130372,0.3436832653389102,
holo,4NY4,NXR,7UFE,7,147.0,0.7977551168482933,4.142866074760137,5.718820689198076,0.7785824109860441,
holo,4NY4,NYF,7UFF,7,147.0,0.7962693725735851,4.166684109732992,5.762897221896232,0.7774706173727244,
holo,4NY4,PG0,9BV6,6,148.0,0.48067859271928937,3.9567024532246524,6.399152955505956,0.3084861728391852,
holo,4NY4,PG4,9YK4,7,147.0,0.48930626308754205,1.0614093849458777,2.136450889996765,0.47848133899098905,
holo,4NY4,PK9,4D6Z,7,146.0,0.47694327360280997,1.0517813434964052,2.1154151356502995,0.4886225595982802,
holo,4NY4,PKT,4D7D,7,146.0,0.49748418293956825,3.868550882027738,6.258557457787553,0.5584615033423765,
holo,4NY4,QDJ,6UNL,0,,,,,,span < 4 residues in common
holo,4NY4,QDP,6UNM,0,,,,,,span < 4 residues in common
holo,4NY4,QDV,6UNI,0,,,,,,span < 4 residues in common
holo,4NY4,QDY,6UNJ,7,146.0,0.6579505127305406,4.249197965627227,5.89687873018757,0.7845047628632986,
holo,4NY4,QE4,6UNK,3,,,,,,span < 4 residues in common
holo,4NY4,QEA,6UNH,4,147.0,0.5174661077354623,0.6266148302410097,0.7052667157116629,0.5624054260771822,
holo,4NY4,QEP,6UNG,4,148.0,0.47294075201803637,0.701030945438745,0.8779684503749028,0.5568071818891296,
holo,4NY4,QES,6UNE,4,147.0,0.5269169828330309,0.9632614829383455,1.161186048195447,0.43073535828057735,
holo,4NY4,RIT,3NXU,7,146.0,0.8070822848620494,4.218353175173498,5.510555224605573,0.8641233512682805,
holo,4NY4,T0K,7UFD,7,149.0,0.5941956306573846,0.4094091539858253,0.8255940863607222,0.426804542406915,
holo,4NY4,TCI,9PLJ,7,149.0,0.5583018400031016,1.3279318901276382,2.4376849927326396,0.6918087352082428,
holo,4NY4,X5Y,7KVH,7,146.0,0.5699669220126137,4.523569495260283,6.453217278945682,0.6960349638419457,
holo,4NY4,X6J,7KVP,3,,,,,,span < 4 residues in common
holo,4NY4,X6S,7KVO,7,148.0,0.757767707634739,4.043124510605173,5.689745032737141,0.7308908361712042,
holo,4NY4,X6V,7KVN,7,145.0,0.6321771309854859,4.2858743511104915,5.996547057377202,0.7113767027872455,
holo,4NY4,X71,7KVM,2,,,,,,span < 4 residues in common
holo,4NY4,X74,7KVS,7,148.0,0.7907785546647422,4.1298630327004195,5.871027568163688,0.7809783810329087,
holo,4NY4,X7D,7KVQ,7,146.0,0.5991087246285747,4.070188958078537,5.815351614287289,0.6764873145662754,
holo,4NY4,X7J,7KVK,7,148.0,0.8431761966447767,4.14445744814615,5.827329169079953,0.8374105904688849,
holo,4NY4,X7M,7KVJ,0,,,,,,span < 4 residues in common
holo,4NY4,X7P,7KVI,1,,,,,,span < 4 residues in common
holo,4NY4,Y83,6BDM,4,149.0,0.5826103018022236,2.8615281788556923,5.2025084253025575,0.6583247156114782,
holo,4NY4,YNV,7LXL,2,,,,,,span < 4 residues in common
holo,4NY4,Z8Z,4I4G,7,146.0,0.5448111015878392,4.8817070042170725,6.472616147542046,0.6107251128566866,
holo,4NY4,Z9Z,4I4H,7,146.0,0.546741008240715,4.211911359728281,5.901835290139142,0.6500809014289559,
holo,5A1P,08J,5TE8,7,150.0,0.5941592473450485,7.381325358187446,11.937700485278997,0.48027511125703737,
holo,5A1P,08Y,3UA1,7,148.0,0.4028504014045899,0.5967608855492279,0.7272391259569063,0.24100731158727456,
holo,5A1P,1RD,4K9T,7,146.0,0.7396635297454396,4.654801996814337,6.522659448945617,0.9410968154270483,
holo,5A1P,2QH,4NY4,7,149.0,0.6475293672151311,1.2633407687161133,2.464924964739002,0.6422142169089627,
holo,5A1P,5AW,4K9U,1,,,,,,span < 4 residues in common
holo,5A1P,6AW,4K9V,7,146.0,0.44554771614536803,1.1165250458139535,2.4439875495184085,0.4161826633824657,
holo,5A1P,7AW,4K9W,7,148.0,1.085785584912086,4.810241171200401,5.990418667643856,1.2565634498661316,
holo,5A1P,80K,6BD6,7,148.0,0.49051111577178547,1.1837100003386851,2.2725256684819595,0.7492847068508102,
holo,5A1P,8AW,4K9X,5,147.0,0.7837699339311587,4.982509513567637,5.779102530810111,0.9833884911459104,
holo,5A1P,A1A06,9COS,0,,,,,,span < 4 residues in common
holo,5A1P,A1A07,9COR,1,,,,,,span < 4 residues in common
holo,5A1P,A1A08,9COT,0,,,,,,span < 4 residues in common
holo,5A1P,A1A4K,9COX,0,,,,,,span < 4 residues in common
holo,5A1P,A1A4S,9COV,0,,,,,,span < 4 residues in common
holo,5A1P,A1A4T,9COY,0,,,,,,span < 4 residues in common
holo,5A1P,A1A4U,9COU,0,,,,,,span < 4 residues in common
holo,5A1P,A1A4V,9COW,0,,,,,,span < 4 residues in common
holo,5A1P,A1APA,9BBB,1,,,,,,span < 4 residues in common
holo,5A1P,A1ASO,9BVC,7,149.0,0.42716782928267083,0.6296009309936912,0.7842049946790588,0.43571926823976953,
holo,5A1P,A1ASP,9BVB,7,150.0,0.44907019034226303,0.4802854381774283,0.6495321656689168,0.4142805703034701,
holo,5A1P,A1ASQ,9BVA,7,149.0,0.44280089460077304,0.3840820486404657,0.4941661959265388,0.5062531470006981,
holo,5A1P,A1ASR,9BV9,7,150.0,0.44263582388421374,0.47041933538403363,0.6391354104493258,0.4035331384286652,
holo,5A1P,A1ASS,9BV8,7,150.0,0.3837190941188081,0.7050773881139941,0.9899645541772978,0.34229200660760767,
holo,5A1P,A1AST,9BV7,7,149.0,0.4597610229682083,0.601963357506356,0.7716457537531094,0.48878377800460543,
holo,5A1P,A1ASU,9BV6,6,150.0,0.4790230264482711,4.837176173940911,6.624294873846941,0.5465035953972315,
holo,5A1P,A1ASV,9BV5,7,151.0,0.765902564139919,0.6340333523287296,0.82233430723991,0.38437215101006905,
holo,5A1P,A1BNX,9MS1,2,,,,,,span < 4 residues in common
holo,5A1P,A1CIW,9PLK,4,151.0,0.4115553281737934,5.065805981884005,7.209938869965787,0.29903095662138773,
holo,5A1P,CFF,8SO1,7,151.0,0.3435497583037417,0.6712722735991686,0.9516109808542511,0.1699175509756245,
holo,5A1P,CL6,8SPD,7,149.0,0.45523187869643733,7.526871923924511,9.058405373194608,0.40943400382048956,
holo,5A1P,D0R,3TJS,2,,,,,,span < 4 residues in common
holo,5A1P,D7J,6BD7,7,151.0,0.6430696565666083,0.429416788626924,0.7056298135687351,0.4008180782889242,
holo,5A1P,D7M,6BD5,7,149.0,0.42966166473080775,0.5099497942403238,0.7754585948966384,0.4511852966914551,
holo,5A1P,D7Y,6BCZ,7,151.0,0.6205051455025086,0.48415938558111743,0.6799568537584311,0.3208898677122265,
holo,5A1P,D81,6BD8,7,149.0,0.5052269829911429,0.79394332315738,1.117985075225806,0.7726340076210061,
holo,5A1P,DEJ,6BDI,7,150.0,0.6072951048984385,0.5574416278010473,0.745047151782574,0.4278980882339332,
holo,5A1P,DEV,6BDH,0,,,,,,span < 4 residues in common
holo,5A1P,DJ1,6BDK,7,150.0,0.6024829394995439,0.5128631541065458,0.6981380683490874,0.4158300221398572,
holo,5A1P,ERY,2J0D,4,150.0,0.6232431971508358,6.373805238898313,8.683621628856558,0.4496489551493907,
holo,5A1P,FZV,6DAC,4,149.0,0.4048321247389071,2.256184178142248,4.41175694939336,0.5323823315947787,
holo,5A1P,G0D,6DA2,3,,,,,,span < 4 residues in common
holo,5A1P,G0J,6DA8,1,,,,,,span < 4 residues in common
holo,5A1P,G0M,6DAA,1,,,,,,span < 4 residues in common
holo,5A1P,G0V,6DAB,0,,,,,,span < 4 residues in common
holo,5A1P,G1J,6DA5,1,,,,,,span < 4 residues in common
holo,5A1P,J9K,4D78,7,146.0,0.6546041565420567,4.821564936262702,6.742137857662865,0.8969118262099505,
holo,5A1P,KLN,2V0M,7,146.0,0.8760639219456599,5.382415530779165,6.636464760873618,1.151420813945613,
holo,5A1P,MF8,5G5J,7,148.0,0.46240260464525,0.3534904989732134,0.536992213014767,0.19182947424856336,
holo,5A1P,MWS,6OOB,7,150.0,0.3420261108017215,0.4593320930024743,0.7143658357697941,0.22509650751501348,
holo,5A1P,MWV,6OO9,7,150.0,0.3647030454445165,0.3792259736334245,0.5250801740694631,0.19845338775838484,
holo,5A1P,MWY,6OOA,1,,,,,,span < 4 residues in common
holo,5A1P,MYT,1W0G,7,146.0,0.5493696853812067,0.7834637043691356,1.2120027752698517,0.42456472327904293,
holo,5A1P,NH0,7UF9,0,,,,,,span < 4 residues in common
holo,5A1P,NI6,7UFA,7,148.0,0.47659037343339467,7.310847453882842,8.914330240997788,0.6911271132978746,
holo,5A1P,NJ0,7UFB,7,151.0,0.3950275654598867,0.5595727290842936,0.8671791802592965,0.4052341978671391,
holo,5A1P,NJO,7UFC,7,151.0,0.6258486631637438,0.8764852497496732,1.5360220864647043,0.5994343245594088,
holo,5A1P,NXR,7UFE,7,149.0,1.0239630132359478,4.707627425099843,6.00846906884148,1.2122556492087682,
holo,5A1P,NYF,7UFF,7,149.0,1.0247777863833367,4.729013398604014,6.052056175136581,1.2111485932378474,
holo,5A1P,PG0,9BV6,6,150.0,0.4790230264482711,4.837176173940911,6.624294873846941,0.5465035953972315,
holo,5A1P,PG4,9YK4,7,149.0,0.3724700739184867,0.557030523757602,0.7040158299911163,0.3118412801373244,
holo,5A1P,PK9,4D6Z,7,146.0,0.322992225357467,0.5394242163931776,0.6370527940532861,0.30127364883102564,
holo,5A1P,PKT,4D7D,7,147.0,0.7567453200654158,4.4645148813753925,7.32586492706794,0.9399446946868371,
holo,5A1P,QDJ,6UNL,0,,,,,,span < 4 residues in common
holo,5A1P,QDP,6UNM,0,,,,,,span < 4 residues in common
holo,5A1P,QDV,6UNI,0,,,,,,span < 4 residues in common
holo,5A1P,QDY,6UNJ,7,147.0,0.994432952478089,4.658397314124031,7.060871664589209,1.2518651767835511,
holo,5A1P,QE4,6UNK,3,,,,,,span < 4 residues in common
holo,5A1P,QEA,6UNH,4,147.0,0.6687858996419621,0.8425526790751027,1.0095735186514,0.8288813141384422,
holo,5A1P,QEP,6UNG,4,149.0,0.6222889047248162,0.7639537999619923,0.9876376870762001,0.9170164911222034,
holo,5A1P,QES,6UNE,4,148.0,0.4808975612450088,1.0654449512205695,1.2965215724422654,0.7319685780450202,
holo,5A1P,RIT,3NXU,7,147.0,1.0816604903345355,4.768527534690353,5.911954638476357,1.268691843895473,
holo,5A1P,T0K,7UFD,7,151.0,0.6089813654116938,1.035221689214535,1.6834588882547017,0.550219470770236,
holo,5A1P,TCI,9PLJ,7,151.0,0.3611494565074043,0.44831088756106796,0.550005262313234,0.21257374968821022,
holo,5A1P,X5Y,7KVH,7,147.0,0.901243375072157,5.065021237239606,6.693063284703839,1.1384641932173327,
holo,5A1P,X6J,7KVP,3,,,,,,span < 4 residues in common
holo,5A1P,X6S,7KVO,7,150.0,0.9470621473611815,4.58788659272857,5.980426410657563,1.1673850426705017,
holo,5A1P,X6V,7KVN,7,146.0,0.8694627639871595,4.872316589379275,6.271184995083697,1.1343109565426335,
holo,5A1P,X71,7KVM,2,,,,,,span < 4 residues in common
holo,5A1P,X74,7KVS,7,149.0,0.9846428281184624,4.5913975557979105,6.156120178893798,1.1895238270011432,
holo,5A1P,X7D,7KVQ,7,147.0,0.8679415456076675,4.625788298979214,6.0974785201634845,1.1238609480730013,
holo,5A1P,X7J,7KVK,7,150.0,1.057577591327408,4.685436828890521,6.109574785690582,1.276693198402147,
holo,5A1P,X7M,7KVJ,0,,,,,,span < 4 residues in common
holo,5A1P,X7P,7KVI,1,,,,,,span < 4 residues in common
holo,5A1P,Y83,6BDM,4,150.0,0.5575064567910503,3.063118258614274,5.538223065904996,0.996637150451938,
holo,5A1P,YNV,7LXL,2,,,,,,span < 4 residues in common
holo,5A1P,Z8Z,4I4G,7,147.0,0.8042646945375507,5.416487036850259,7.576354494238152,0.9986522965032599,
holo,5A1P,Z9Z,4I4H,7,147.0,0.7974955859868643,4.7431049297533825,6.1269234159070685,1.0474729942180139,
holo,5A1R,08J,5TE8,7,150.0,0.6989874631881646,7.319743886893483,12.06469672641058,0.5848894811630299,
holo,5A1R,08Y,3UA1,7,148.0,0.3907051097099488,0.31821609900175835,0.4025434753370732,0.2717621451167759,
holo,5A1R,1RD,4K9T,7,146.0,0.6940619907998257,4.56944717188763,6.671432268235711,0.9068339339892819,
holo,5A1R,2QH,4NY4,7,148.0,0.530606249869891,1.10067866560699,2.149095495189661,0.6358035410708947,
holo,5A1R,5AW,4K9U,1,,,,,,span < 4 residues in common
holo,5A1R,6AW,4K9V,7,146.0,0.4155344824242583,1.070891182731383,2.3201113324576994,0.38621957183891664,
holo,5A1R,7AW,4K9W,7,148.0,1.0629738744523638,4.581501179908851,5.897861402131537,1.2278880957507488,
holo,5A1R,80K,6BD6,7,148.0,0.5342139012598338,1.0247862529477898,1.9489485075744915,0.7525468381835283,
holo,5A1R,8AW,4K9X,5,147.0,0.7381760737764004,4.697114581461731,5.46050399604874,0.9493872992404719,
holo,5A1R,A1A06,9COS,0,,,,,,span < 4 residues in common
holo,5A1R,A1A07,9COR,1,,,,,,span < 4 residues in common
holo,5A1R,A1A08,9COT,0,,,,,,span < 4 residues in common
holo,5A1R,A1A4K,9COX,0,,,,,,span < 4 residues in common
holo,5A1R,A1A4S,9COV,0,,,,,,span < 4 residues in common
holo,5A1R,A1A4T,9COY,0,,,,,,span < 4 residues in common
holo,5A1R,A1A4U,9COU,0,,,,,,span < 4 residues in common
holo,5A1R,A1A4V,9COW,0,,,,,,span < 4 residues in common
holo,5A1R,A1APA,9BBB,1,,,,,,span < 4 residues in common
holo,5A1R,A1ASO,9BVC,7,149.0,0.4167481021455769,0.6460439237806029,0.9760524861952582,0.43427502027142817,
holo,5A1R,A1ASP,9BVB,7,150.0,0.4730063276539801,0.4518580047626775,0.6817452345908187,0.3981350238889778,
holo,5A1R,A1ASQ,9BVA,7,149.0,0.45632987930144087,0.40702440952449104,0.6721441483882149,0.508587198020043,
holo,5A1R,A1ASR,9BV9,7,150.0,0.49188698278319226,0.4572395516029855,0.6754489399340011,0.3957563484890955,
holo,5A1R,A1ASS,9BV8,7,150.0,0.4455895250903767,0.4734104759084202,0.7704393117558707,0.3473439301244403,
holo,5A1R,A1AST,9BV7,7,149.0,0.4732792299135603,0.6048361069005311,1.0296949714089307,0.4547046862253876,
holo,5A1R,A1ASU,9BV6,6,150.0,0.5672860958511621,4.74954013480485,6.459363292584899,0.5439904227567867,
holo,5A1R,A1ASV,9BV5,7,150.0,0.6914088534668091,0.46588268493961393,0.8611124368571077,0.3836692391865851,
holo,5A1R,A1BNX,9MS1,2,,,,,,span < 4 residues in common
holo,5A1R,A1CIW,9PLK,4,150.0,0.5223687853241814,4.974086964352192,7.24466577247316,0.4222710629061386,
holo,5A1R,CFF,8SO1,7,150.0,0.39386161805177733,0.42562717563136715,0.5450047672775811,0.19371619960633435,
holo,5A1R,CL6,8SPD,7,149.0,0.5503686305773692,7.387779946137305,9.054128270952079,0.4674469981749109,
holo,5A1R,D0R,3TJS,2,,,,,,span < 4 residues in common
holo,5A1R,D7J,6BD7,7,150.0,0.5451748302993863,0.3258047221551174,0.5247408094849294,0.33727962219999774,
holo,5A1R,D7M,6BD5,7,149.0,0.439360860041057,0.24730450118177288,0.4324626358335754,0.39855756695727107,
holo,5A1R,D7Y,6BCZ,7,150.0,0.48392265870673734,0.3133584462674748,0.572564497542939,0.26850339598857753,
holo,5A1R,D81,6BD8,7,149.0,0.5281458304334015,0.6350893474680072,0.860620364154915,0.7697979941888399,
holo,5A1R,DEJ,6BDI,7,149.0,0.4740103667575752,0.3332282813550308,0.588591157823369,0.3793048992635519,
holo,5A1R,DEV,6BDH,0,,,,,,span < 4 residues in common
holo,5A1R,DJ1,6BDK,7,149.0,0.463823370793806,0.3483360988019067,0.6068834952069843,0.3914184190238908,
holo,5A1R,ERY,2J0D,4,150.0,0.6339292705786643,6.196791019633384,8.447406793276828,0.5241833876020531,
holo,5A1R,FZV,6DAC,4,149.0,0.44948112896724535,2.2343319569086884,4.448884760382421,0.530478506545187,
holo,5A1R,G0D,6DA2,3,,,,,,span < 4 residues in common
holo,5A1R,G0J,6DA8,1,,,,,,span < 4 residues in common
holo,5A1R,G0M,6DAA,1,,,,,,span < 4 residues in common
holo,5A1R,G0V,6DAB,0,,,,,,span < 4 residues in common
holo,5A1R,G1J,6DA5,1,,,,,,span < 4 residues in common
holo,5A1R,J9K,4D78,7,146.0,0.6180070391213451,4.650622693451077,6.737245557878127,0.8629518941383678,
holo,5A1R,KLN,2V0M,7,146.0,0.8541838506285624,5.201634490708266,6.418487897126748,1.1123808256477807,
holo,5A1R,MF8,5G5J,7,148.0,0.3517612591932072,0.230562786176255,0.30786970922141565,0.19486215109435526,
holo,5A1R,MWS,6OOB,7,150.0,0.41618665144190503,0.28565280981451946,0.36032403269077645,0.30554064008460247,
holo,5A1R,MWV,6OO9,7,149.0,0.4310531334342527,0.16888856275169706,0.2729293038963298,0.29615787826089446,
holo,5A1R,MWY,6OOA,1,,,,,,span < 4 residues in common
holo,5A1R,MYT,1W0G,7,146.0,0.5514482200518078,0.5357824030854998,0.85331728543331,0.44709531993552887,
holo,5A1R,NH0,7UF9,0,,,,,,span < 4 residues in common
holo,5A1R,NI6,7UFA,7,148.0,0.5066011285034834,7.164718100016933,8.902475695607203,0.6737373234698241,
holo,5A1R,NJ0,7UFB,7,150.0,0.4460233117697929,0.2685657387249408,0.49012784205943455,0.38789974011502015,
holo,5A1R,NJO,7UFC,7,150.0,0.5186971595442149,0.7708407219185044,1.281362272932762,0.547120924783482,
holo,5A1R,NXR,7UFE,7,149.0,1.002369734072398,4.463492070361077,5.656631456394521,1.1803034457310948,
holo,5A1R,NYF,7UFF,7,149.0,1.0029020999936464,4.484903848739708,5.700349692861855,1.1792769202790914,
holo,5A1R,PG0,9BV6,6,150.0,0.5672860958511621,4.74954013480485,6.459363292584899,0.5439904227567867,
holo,5A1R,PG4,9YK4,7,149.0,0.45070653798451865,0.30470329065654517,0.42077948518031993,0.2930982493000754,
holo,5A1R,PK9,4D6Z,7,146.0,0.37561589002989526,0.27138717774492205,0.3617220535936412,0.30651462522199663,
holo,5A1R,PKT,4D7D,7,147.0,0.6738884537456333,4.30013296539255,7.224116155842987,0.9104284343635186,
holo,5A1R,QDJ,6UNL,0,,,,,,span < 4 residues in common
holo,5A1R,QDP,6UNM,0,,,,,,span < 4 residues in common
holo,5A1R,QDV,6UNI,0,,,,,,span < 4 residues in common
holo,5A1R,QDY,6UNJ,7,147.0,0.9240166959211696,4.514880606453201,6.9807636674780245,1.207267799176676,
holo,5A1R,QE4,6UNK,3,,,,,,span < 4 residues in common
holo,5A1R,QEA,6UNH,4,147.0,0.6397208548084646,0.5550274357840131,0.6612518578874262,0.8277456329019621,
holo,5A1R,QEP,6UNG,4,149.0,0.586668445433288,0.47466868308512783,0.6511266240389968,0.9081793856846313,
holo,5A1R,QES,6UNE,4,148.0,0.5304431368570702,0.7909829571633628,1.0467993257742128,0.7304423922357505,
holo,5A1R,RIT,3NXU,7,147.0,1.031252771936586,4.555300501359262,5.880313847266535,1.235906519137843,
holo,5A1R,T0K,7UFD,7,150.0,0.5079113465588798,0.878333881917328,1.3962525533139396,0.5255630380612246,
holo,5A1R,TCI,9PLJ,7,150.0,0.4404672543975853,0.2882217450583503,0.3783678564172857,0.2968484974488578,
holo,5A1R,X5Y,7KVH,7,147.0,0.8410222664401021,4.843910379724674,6.361997226510933,1.1075331142768627,
holo,5A1R,X6J,7KVP,3,,,,,,span < 4 residues in common
holo,5A1R,X6S,7KVO,7,150.0,0.9416114441925253,4.351815640494177,5.637465964188846,1.124197172559487,
holo,5A1R,X6V,7KVN,7,146.0,0.860804511932099,4.62947058036661,5.924425619524663,1.1016998104112545,
holo,5A1R,X71,7KVM,2,,,,,,span < 4 residues in common
holo,5A1R,X74,7KVS,7,149.0,0.9849751151798927,4.380916923621082,5.815459804079756,1.1497324201541528,
holo,5A1R,X7D,7KVQ,7,147.0,0.8221053170315716,4.392437663214577,5.751802368638252,1.084721032416299,
holo,5A1R,X7J,7KVK,7,150.0,1.0437487489179629,4.451420386406448,5.768630620462662,1.226324232400217,
holo,5A1R,X7M,7KVJ,0,,,,,,span < 4 residues in common
holo,5A1R,X7P,7KVI,1,,,,,,span < 4 residues in common
holo,5A1R,Y83,6BDM,4,149.0,0.5969935473803685,2.897931155412264,5.353546450092709,0.981775501300908,
holo,5A1R,YNV,7LXL,2,,,,,,span < 4 residues in common
holo,5A1R,Z8Z,4I4G,7,147.0,0.7671341307096202,5.225442998015501,7.532787171482542,0.9598107475894181,
holo,5A1R,Z9Z,4I4H,7,147.0,0.7410057769361397,4.531518656296352,5.798252439112066,1.013635394399177,
holo,5G5J,08J,5TE8,7,148.0,0.683233245057714,7.374762710054766,12.101059677036012,0.5403003324230562,
holo,5G5J,08Y,3UA1,7,148.0,0.33379999166606067,0.4050620536963602,0.5816247791871042,0.2558557445416072,
holo,5G5J,1RD,4K9T,7,146.0,0.691571944541557,4.54752465423993,6.550631327392618,0.9209871346632589,
holo,5G5J,2QH,4NY4,7,148.0,0.5454441026822306,1.1155579335855381,2.1011518597917163,0.6132661268670194,
holo,5G5J,5AW,4K9U,1,,,,,,span < 4 residues in common
holo,5G5J,6AW,4K9V,7,146.0,0.4011815664493097,1.059296910547534,2.22176900847206,0.3782169021375683,
holo,5G5J,7AW,4K9W,7,147.0,1.0653714715192335,4.6316597915837,5.852474080766712,1.2199485042679568,
holo,5G5J,80K,6BD6,7,147.0,0.5426495835581531,0.9786771959578665,1.9062951496740126,0.7515965426780873,
holo,5G5J,8AW,4K9X,5,146.0,0.6703296098999404,4.842542790346796,5.666428369365817,0.9406696695336422,
holo,5G5J,A1A06,9COS,0,,,,,,span < 4 residues in common
holo,5G5J,A1A07,9COR,1,,,,,,span < 4 residues in common
holo,5G5J,A1A08,9COT,0,,,,,,span < 4 residues in common
holo,5G5J,A1A4K,9COX,0,,,,,,span < 4 residues in common
holo,5G5J,A1A4S,9COV,0,,,,,,span < 4 residues in common
holo,5G5J,A1A4T,9COY,0,,,,,,span < 4 residues in common
holo,5G5J,A1A4U,9COU,0,,,,,,span < 4 residues in common
holo,5G5J,A1A4V,9COW,0,,,,,,span < 4 residues in common
holo,5G5J,A1APA,9BBB,1,,,,,,span < 4 residues in common
holo,5G5J,A1ASO,9BVC,7,148.0,0.4428753360879607,0.5693256935591805,0.8622530985097276,0.3911764812116248,
holo,5G5J,A1ASP,9BVB,7,148.0,0.45200570960001407,0.43075416071990463,0.4828747032548789,0.3842831109750962,
holo,5G5J,A1ASQ,9BVA,7,147.0,0.4282392723818421,0.36979968294525933,0.4729139922610438,0.48054367139323106,
holo,5G5J,A1ASR,9BV9,7,148.0,0.46840335509115844,0.4338457055103763,0.4966680202673809,0.37196273243156613,
holo,5G5J,A1ASS,9BV8,7,148.0,0.4461958642040921,0.5162736616038017,0.6460130432888949,0.3271605712391649,
holo,5G5J,A1AST,9BV7,7,147.0,0.41646643236253206,0.5423551678435754,0.8367543820318727,0.45262592363078763,
holo,5G5J,A1ASU,9BV6,6,148.0,0.5221011422472019,4.653220471074536,6.177479962701363,0.5432580067903279,
holo,5G5J,A1ASV,9BV5,7,148.0,0.6845863094297543,0.46066403983335685,0.6520211930565766,0.36221118331705954,
holo,5G5J,A1BNX,9MS1,2,,,,,,span < 4 residues in common
holo,5G5J,A1CIW,9PLK,4,148.0,0.48345889598898506,4.925057766466008,7.154004623856944,0.41924205155638083,
holo,5G5J,CFF,8SO1,7,148.0,0.4164178804559574,0.5496099620292109,0.6853566399529396,0.18026084898489517,
holo,5G5J,CL6,8SPD,7,147.0,0.4871858621719445,7.431938495424216,8.99838707840054,0.4324285284869666,
holo,5G5J,D0R,3TJS,2,,,,,,span < 4 residues in common
holo,5G5J,D7J,6BD7,7,148.0,0.5383404067313758,0.2951924323892323,0.417644559325795,0.32006406876077,
holo,5G5J,D7M,6BD5,7,147.0,0.45152024741107927,0.3581184763728767,0.6259725679542162,0.3960818030614518,
holo,5G5J,D7Y,6BCZ,7,148.0,0.5120432204773394,0.3108607142685716,0.5201656459387134,0.27350273929361407,
holo,5G5J,D81,6BD8,7,147.0,0.5156802654198194,0.6212840374050072,0.8773270150709639,0.7666546171791745,
holo,5G5J,DEJ,6BDI,7,148.0,0.5215000430308712,0.3441967227131726,0.5883055372287458,0.3626400219592999,
holo,5G5J,DEV,6BDH,0,,,,,,span < 4 residues in common
holo,5G5J,DJ1,6BDK,7,148.0,0.5018905897012712,0.341838183365815,0.5648839273222563,0.3640116688482201,
holo,5G5J,ERY,2J0D,4,148.0,0.5944003398249599,6.135154621656754,8.241593852482644,0.5003864812465034,
holo,5G5J,FZV,6DAC,4,147.0,0.4367837344192599,2.3353307403102836,4.617276064822172,0.5181775857747992,
holo,5G5J,G0D,6DA2,3,,,,,,span < 4 residues in common
holo,5G5J,G0J,6DA8,1,,,,,,span < 4 residues in common
holo,5G5J,G0M,6DAA,1,,,,,,span < 4 residues in common
holo,5G5J,G0V,6DAB,0,,,,,,span < 4 residues in common
holo,5G5J,G1J,6DA5,1,,,,,,span < 4 residues in common
holo,5G5J,J9K,4D78,7,146.0,0.6228461398210572,4.6512121406461295,6.5624908755689155,0.8810287017648216,
holo,5G5J,KLN,2V0M,7,146.0,0.8583428154227558,5.1942056117408395,6.454302740329169,1.1271188564016659,
holo,5G5J,MWS,6OOB,7,148.0,0.4373285412280997,0.3984991473901507,0.6195412041003346,0.2901571461937763,
holo,5G5J,MWV,6OO9,7,148.0,0.4382314466335321,0.28386814131916027,0.3601806025432729,0.27613378282899237,
holo,5G5J,MWY,6OOA,1,,,,,,span < 4 residues in common
holo,5G5J,MYT,1W0G,7,146.0,0.5144541600867336,0.577050676842365,0.8336120255252891,0.3981745442136641,
holo,5G5J,NH0,7UF9,0,,,,,,span < 4 residues in common
holo,5G5J,NI6,7UFA,7,148.0,0.5526122095921108,7.1600090628661395,8.86370468494412,0.695187802968714,
holo,5G5J,NJ0,7UFB,7,148.0,0.47242038416208393,0.35369008277896985,0.5719975534899805,0.354876347336968,
holo,5G5J,NJO,7UFC,7,148.0,0.534618080802363,0.7465882888252161,1.2063614736717567,0.5473543298877556,
holo,5G5J,NXR,7UFE,7,147.0,0.9770062996763553,4.566356843398319,5.8765006374730895,1.1341585706710335,
holo,5G5J,NYF,7UFF,7,147.0,0.9775911332076272,4.587438233973267,5.919984331443873,1.1329145283620348,
holo,5G5J,PG0,9BV6,6,148.0,0.5221011422472019,4.653220471074536,6.177479962701363,0.5432580067903279,
holo,5G5J,PG4,9YK4,7,147.0,0.42303835350648983,0.3751504931916671,0.5642308512460191,0.27957946683588164,
holo,5G5J,PK9,4D6Z,7,146.0,0.32262454224841386,0.3546047942798082,0.5342912594207625,0.287403007759603,
holo,5G5J,PKT,4D7D,7,146.0,0.630165369511726,4.3305478484992035,7.115990516075519,0.9037991301820089,
holo,5G5J,QDJ,6UNL,0,,,,,,span < 4 residues in common
holo,5G5J,QDP,6UNM,0,,,,,,span < 4 residues in common
holo,5G5J,QDV,6UNI,0,,,,,,span < 4 residues in common
holo,5G5J,QDY,6UNJ,7,146.0,0.9062480528023504,4.4861248177633195,6.9155423080525535,1.1862506253232414,
holo,5G5J,QE4,6UNK,3,,,,,,span < 4 residues in common
holo,5G5J,QEA,6UNH,4,147.0,0.6565542310585151,0.6280810667747797,0.9369127413689549,0.8255473933442312,
holo,5G5J,QEP,6UNG,4,148.0,0.6390970751639066,0.5202230158007883,0.7675272063001398,0.9101717443489201,
holo,5G5J,QES,6UNE,4,147.0,0.5479769205119294,0.7653770605515048,0.9906756818000575,0.7440270353842399,
holo,5G5J,RIT,3NXU,7,146.0,1.002959993143207,4.632801821257627,5.777780781636394,1.2163945466097903,
holo,5G5J,T0K,7UFD,7,148.0,0.5295676886780278,0.8870942279876569,1.3294561432047107,0.5255252483462153,
holo,5G5J,TCI,9PLJ,7,148.0,0.45060651997738493,0.3686091493627898,0.43661907551627976,0.26515486465721266,
holo,5G5J,X5Y,7KVH,7,146.0,0.7965607340677691,4.91939603775502,6.5737436771876,1.0888025599537559,
holo,5G5J,X6J,7KVP,3,,,,,,span < 4 residues in common
holo,5G5J,X6S,7KVO,7,148.0,0.9308004383950619,4.440256466878885,5.854343507449751,1.0871169597171793,
holo,5G5J,X6V,7KVN,7,145.0,0.8165656494082866,4.716046503542762,6.145526031527705,1.0882514907209855,
holo,5G5J,X71,7KVM,2,,,,,,span < 4 residues in common
holo,5G5J,X74,7KVS,7,148.0,0.9854497130839093,4.437267984774208,6.025386075275033,1.1296482005250998,
holo,5G5J,X7D,7KVQ,7,146.0,0.7958297189382234,4.474938208673832,5.970460456083853,1.0701330722417197,
holo,5G5J,X7J,7KVK,7,148.0,1.0318887665776884,4.54431192051411,5.98370984506739,1.1833373125938158,
holo,5G5J,X7M,7KVJ,0,,,,,,span < 4 residues in common
holo,5G5J,X7P,7KVI,1,,,,,,span < 4 residues in common
holo,5G5J,Y83,6BDM,4,148.0,0.6283437796712359,2.8112080844298504,5.055247028849172,0.988924494680067,
holo,5G5J,YNV,7LXL,2,,,,,,span < 4 residues in common
holo,5G5J,Z8Z,4I4G,7,146.0,0.70535171776578,5.282767577319627,7.4275528009349605,0.9427001770407776,
holo,5G5J,Z9Z,4I4H,7,146.0,0.694004661367312,4.59999342725072,6.000925994496135,1.009885346505055,
holo,5TE8,08Y,3UA1,7,148.0,0.5202963584497072,7.243442126051477,11.94058019946452,0.3676720612672446,
holo,5TE8,1RD,4K9T,7,146.0,0.9028317939369873,5.817011989134731,11.260595318778853,1.1880214282736221,
holo,5TE8,2QH,4NY4,7,148.0,0.7252929870237582,7.104738225535373,12.065015823604764,0.8223219533379899,
holo,5TE8,5AW,4K9U,1,,,,,,span < 4 residues in common
holo,5TE8,6AW,4K9V,7,146.0,0.6221182582441412,6.8752619989273525,11.747992224872759,0.659205067294297,
holo,5TE8,7AW,4K9W,7,148.0,1.3114658357606404,9.339898284483452,16.26170748237561,1.5447663982907696,
holo,5TE8,80K,6BD6,7,148.0,0.719477296499972,7.397316710349166,12.254749786772884,0.9867595736064402,
holo,5TE8,8AW,4K9X,5,147.0,0.9898175134242024,10.325942175994458,16.3739600635603,1.2783268323759518,
holo,5TE8,A1A06,9COS,0,,,,,,span < 4 residues in common
holo,5TE8,A1A07,9COR,1,,,,,,span < 4 residues in common
holo,5TE8,A1A08,9COT,0,,,,,,span < 4 residues in common
holo,5TE8,A1A4K,9COX,0,,,,,,span < 4 residues in common
holo,5TE8,A1A4S,9COV,0,,,,,,span < 4 residues in common
holo,5TE8,A1A4T,9COY,0,,,,,,span < 4 residues in common
holo,5TE8,A1A4U,9COU,0,,,,,,span < 4 residues in common
holo,5TE8,A1A4V,9COW,0,,,,,,span < 4 residues in common
holo,5TE8,A1APA,9BBB,1,,,,,,span < 4 residues in common
holo,5TE8,A1ASO,9BVC,7,149.0,0.5828921381240492,7.398377362534952,12.042893444573682,0.6444586245086911,
holo,5TE8,A1ASP,9BVB,7,150.0,0.6567524675238006,7.430002051417588,12.062694731774151,0.6438893497395967,
holo,5TE8,A1ASQ,9BVA,7,149.0,0.6151321644361778,7.34694889912872,11.849819975810828,0.6989701660586137,
holo,5TE8,A1ASR,9BV9,7,150.0,0.6637288742416786,7.431811736014186,12.032129146650421,0.640402058064065,
holo,5TE8,A1ASS,9BV8,7,150.0,0.6087751486497097,7.028462699756094,11.770721395434181,0.6155178790367797,
holo,5TE8,A1AST,9BV7,7,149.0,0.7063787613365227,7.310973015905903,11.911460904300558,0.7418693224309132,
holo,5TE8,A1ASU,9BV6,6,150.0,0.6981618712941541,7.569415399612328,11.895679847658396,0.8004128156041713,
holo,5TE8,A1ASV,9BV5,7,150.0,0.7834315657214925,7.142557521561591,11.86990969897033,0.5516402775868905,
holo,5TE8,A1BNX,9MS1,2,,,,,,span < 4 residues in common
holo,5TE8,A1CIW,9PLK,4,150.0,0.5217126167066027,2.124104396956367,3.1229239787305008,0.35890120278057686,
holo,5TE8,CFF,8SO1,7,150.0,0.5953426369236388,7.239187101162857,11.787130571000349,0.47619674711988513,
holo,5TE8,CL6,8SPD,7,149.0,0.5303579077122735,4.890432203474485,8.382969920006113,0.4775951030372392,
holo,5TE8,D0R,3TJS,2,,,,,,span < 4 residues in common
holo,5TE8,D7J,6BD7,7,150.0,0.6727682607189394,7.2615623620031595,11.87827689113698,0.6541929514128567,
holo,5TE8,D7M,6BD5,7,149.0,0.6876202934047518,7.20010717811716,11.817612075154507,0.7124501752243386,
holo,5TE8,D7Y,6BCZ,7,150.0,0.6946027837200757,7.202968369658453,11.858502774362787,0.602436072894318,
holo,5TE8,D81,6BD8,7,149.0,0.7603457901893222,7.148599563796668,11.841712578251125,1.014136147400879,
holo,5TE8,DEJ,6BDI,7,149.0,0.6309445396200657,7.211206914136244,11.929316543610112,0.6507771188483574,
holo,5TE8,DEV,6BDH,0,,,,,,span < 4 residues in common
holo,5TE8,DJ1,6BDK,7,149.0,0.6210417148188624,7.284441192108541,11.946147080540165,0.6292353026075722,
holo,5TE8,ERY,2J0D,4,150.0,0.5778069603519258,1.7472902949909919,3.4122420764668537,0.3137195715575345,
holo,5TE8,FZV,6DAC,4,149.0,0.6860151765549563,8.190821353826143,11.781858535480492,0.7961513749663789,
holo,5TE8,G0D,6DA2,3,,,,,,span < 4 residues in common
holo,5TE8,G0J,6DA8,1,,,,,,span < 4 residues in common
holo,5TE8,G0M,6DAA,1,,,,,,span < 4 residues in common
holo,5TE8,G0V,6DAB,0,,,,,,span < 4 residues in common
holo,5TE8,G1J,6DA5,1,,,,,,span < 4 residues in common
holo,5TE8,J9K,4D78,7,146.0,0.8394560901074655,9.689899584820552,16.545356381664593,1.1674875942040817,
holo,5TE8,KLN,2V0M,7,146.0,1.052239807263574,9.792578051821504,16.28316226759308,1.3864452878867637,
holo,5TE8,MF8,5G5J,7,148.0,0.5271183847510374,7.328178973864183,11.93180115779716,0.48612832905704667,
holo,5TE8,MWS,6OOB,7,150.0,0.5395487162399863,7.225274712343934,11.741733901412235,0.4042658521466899,
holo,5TE8,MWV,6OO9,7,149.0,0.47699985869427064,7.1743912995988905,11.713791895611926,0.3494613210455897,
holo,5TE8,MWY,6OOA,1,,,,,,span < 4 residues in common
holo,5TE8,MYT,1W0G,7,146.0,0.6435914458394647,7.01939988575324,11.757964499972537,0.5948470035327856,
holo,5TE8,NH0,7UF9,0,,,,,,span < 4 residues in common
holo,5TE8,NI6,7UFA,7,148.0,0.6811316859900902,6.248382455087326,10.639440468241007,0.9248572384344363,
holo,5TE8,NJ0,7UFB,7,150.0,0.6535636090806565,7.105192721198613,11.75380136512638,0.6121638945729064,
holo,5TE8,NJO,7UFC,7,150.0,0.7156329731509008,7.081221341426225,11.866358002963176,0.819991856929279,
holo,5TE8,NXR,7UFE,7,149.0,1.3122385237975063,9.137983094672949,15.899315610278283,1.54276272477111,
holo,5TE8,NYF,7UFF,7,149.0,1.312931231690056,9.15307532165288,15.932848299093184,1.540960697501817,
holo,5TE8,PG0,9BV6,6,150.0,0.6981618712941541,7.569415399612328,11.895679847658396,0.8004128156041713,
holo,5TE8,PG4,9YK4,7,149.0,0.5842734630204603,7.156432534806746,11.825910374138642,0.5065852990538798,
holo,5TE8,PK9,4D6Z,7,146.0,0.46916040322240016,7.20765486589712,11.875773149738562,0.4831135412387177,
holo,5TE8,PKT,4D7D,7,147.0,0.9254920882465768,9.25383847416914,15.443982914775491,1.2289757092140818,
holo,5TE8,QDJ,6UNL,0,,,,,,span < 4 residues in common
holo,5TE8,QDP,6UNM,0,,,,,,span < 4 residues in common
holo,5TE8,QDV,6UNI,0,,,,,,span < 4 residues in common
holo,5TE8,QDY,6UNJ,7,147.0,1.1932541642506262,6.1496701280294594,11.83063507987149,1.5204329073143874,
holo,5TE8,QE4,6UNK,3,,,,,,span < 4 residues in common
holo,5TE8,QEA,6UNH,4,147.0,0.8637605790483751,8.561120024446723,12.056326444876666,1.090946902211014,
holo,5TE8,QEP,6UNG,4,149.0,0.8051706207487228,8.560290228997907,12.12854976599564,1.1902421364132187,
holo,5TE8,QES,6UNE,4,148.0,0.6972208445454348,8.651868686459443,12.31308030197531,0.9412637399433468,
holo,5TE8,RIT,3NXU,7,147.0,1.263533127254873,9.419501255120217,16.206440101809676,1.5343413414543645,
holo,5TE8,T0K,7UFD,7,150.0,0.7021481065134104,6.951484717696515,11.7472136922915,0.7465408576566617,
holo,5TE8,TCI,9PLJ,7,150.0,0.5549438410757952,7.240019216622669,11.78469408849609,0.37500694327238127,
holo,5TE8,X5Y,7KVH,7,147.0,1.0946807699316488,9.637102071482937,16.90013660424244,1.4059460100348584,
holo,5TE8,X6J,7KVP,3,,,,,,span < 4 residues in common
holo,5TE8,X6S,7KVO,7,150.0,1.2746468985346662,9.047569385335464,15.939739966994393,1.5037509578377226,
holo,5TE8,X6V,7KVN,7,146.0,1.0942238336257135,9.471293177019442,16.40338377134781,1.4026361557430058,
holo,5TE8,X71,7KVM,2,,,,,,span < 4 residues in common
holo,5TE8,X74,7KVS,7,149.0,1.2788395517278566,9.306893570155177,16.220320637598466,1.4962547100558912,
holo,5TE8,X7D,7KVQ,7,147.0,1.0751691834839272,9.287380028117644,16.14840807095631,1.4031745532506634,
holo,5TE8,X7J,7KVK,7,150.0,1.3864670107269603,9.156955026679919,16.06454075623595,1.6120381583714312,
holo,5TE8,X7M,7KVJ,0,,,,,,span < 4 residues in common
holo,5TE8,X7P,7KVI,1,,,,,,span < 4 residues in common
holo,5TE8,Y83,6BDM,4,149.0,0.8011921310374388,8.428573298656504,12.262977443048525,1.2562797936270533,
holo,5TE8,YNV,7LXL,2,,,,,,span < 4 residues in common
holo,5TE8,Z8Z,4I4G,7,147.0,1.008526592033557,9.758672022978041,16.65041504358981,1.2887952836465217,
holo,5TE8,Z9Z,4I4H,7,147.0,0.9665921301740737,9.516845102943554,16.311795212290022,1.325700962574393,
holo,5VC0,08J,5TE8,7,149.0,1.3449158901070706,9.827035392325579,17.060016820987148,1.5028730799938592,
holo,5VC0,08Y,3UA1,7,147.0,0.8918462089247979,4.963875730327443,6.613015491173779,1.1852602366149576,
holo,5VC0,1RD,4K9T,7,146.0,0.4016764170305902,6.207006902269979,8.196897067600064,0.4148142723680791,
holo,5VC0,2QH,4NY4,7,147.0,0.6935733527370377,4.645982041875861,6.285593831578895,0.7659931102591174,
holo,5VC0,5AW,4K9U,1,,,,,,span < 4 residues in common
holo,5VC0,6AW,4K9V,7,146.0,0.6082011760019151,4.888057657461012,6.536756246066095,0.8643759583035883,
holo,5VC0,7AW,4K9W,7,148.0,0.48110178445575136,0.8047149321477348,0.9301507127170568,0.20120484445546405,
holo,5VC0,80K,6BD6,7,148.0,0.7006170317926438,4.389012289598145,6.058945536615329,0.5933130305931071,
holo,5VC0,8AW,4K9X,5,147.0,0.3874401943179264,1.2985009227499147,2.209996365128742,0.27408861256854805,
holo,5VC0,A1A06,9COS,0,,,,,,span < 4 residues in common
holo,5VC0,A1A07,9COR,1,,,,,,span < 4 residues in common
holo,5VC0,A1A08,9COT,0,,,,,,span < 4 residues in common
holo,5VC0,A1A4K,9COX,0,,,,,,span < 4 residues in common
holo,5VC0,A1A4S,9COV,0,,,,,,span < 4 residues in common
holo,5VC0,A1A4T,9COY,0,,,,,,span < 4 residues in common
holo,5VC0,A1A4U,9COU,0,,,,,,span < 4 residues in common
holo,5VC0,A1A4V,9COW,0,,,,,,span < 4 residues in common
holo,5VC0,A1APA,9BBB,1,,,,,,span < 4 residues in common
holo,5VC0,A1ASO,9BVC,7,148.0,0.8637607608569768,4.790247433485545,6.1390016232714,0.992120224653297,
holo,5VC0,A1ASP,9BVB,7,149.0,0.9296954635393458,4.799995275853555,6.227769914145034,1.0357980384372372,
holo,5VC0,A1ASQ,9BVA,7,149.0,0.9705015029807535,4.883939328176506,6.288712534502946,1.00605532475915,
holo,5VC0,A1ASR,9BV9,7,149.0,0.9542406409774298,4.82290710356873,6.254519129520738,1.0428761177940216,
holo,5VC0,A1ASS,9BV8,7,149.0,0.9588902502843721,4.79531849920678,6.268124588401069,1.0557266598778423,
holo,5VC0,A1AST,9BV7,7,149.0,0.9359023341907184,4.815183042294944,6.21403017333758,1.0072165582740522,
holo,5VC0,A1ASU,9BV6,6,149.0,0.9378489070786719,4.5676663137305225,6.068173911675149,0.8555913235975007,
holo,5VC0,A1ASV,9BV5,7,149.0,1.0513112685148651,4.765738244776352,6.1027024732363975,1.084477910907954,
holo,5VC0,A1BNX,9MS1,2,,,,,,span < 4 residues in common
holo,5VC0,A1CIW,9PLK,4,149.0,1.1589476021499499,5.4992231593297864,6.31941186467962,1.3736135469723765,
holo,5VC0,CFF,8SO1,7,149.0,0.971017981074323,4.933908546549679,6.606834060349563,1.2162638019847556,
holo,5VC0,CL6,8SPD,7,149.0,1.1795955604736124,8.567886507935828,10.20953159593349,1.2378311009770624,
holo,5VC0,D0R,3TJS,2,,,,,,span < 4 residues in common
holo,5VC0,D7J,6BD7,7,149.0,0.9585163760004392,4.836789205159524,6.353631179050943,0.9724082023171999,
holo,5VC0,D7M,6BD5,7,149.0,0.8776949339932343,4.867605259783158,6.46630748269956,0.9244131846469885,
holo,5VC0,D7Y,6BCZ,7,149.0,0.8858830524747574,4.813820282775508,6.173793352630756,0.993544944835251,
holo,5VC0,D81,6BD8,7,149.0,0.834737239358768,4.658812351713719,6.103388983953291,0.6953254514078749,
holo,5VC0,DEJ,6BDI,7,148.0,0.8476430695624284,4.829655358859134,6.187557064680959,0.9404100383962263,
holo,5VC0,DEV,6BDH,0,,,,,,span < 4 residues in common
holo,5VC0,DJ1,6BDK,7,148.0,0.8596795119081465,4.830440007921963,6.249461188223214,0.9442353810936204,
holo,5VC0,ERY,2J0D,4,149.0,1.266271373823472,5.760872925343408,8.352691450241561,1.4979130532889966,
holo,5VC0,FZV,6DAC,4,149.0,0.8854779157840043,4.800855040242125,6.127738105550516,0.8654076189128097,
holo,5VC0,G0D,6DA2,3,,,,,,span < 4 residues in common
holo,5VC0,G0J,6DA8,1,,,,,,span < 4 residues in common
holo,5VC0,G0M,6DAA,1,,,,,,span < 4 residues in common
holo,5VC0,G0V,6DAB,0,,,,,,span < 4 residues in common
holo,5VC0,G1J,6DA5,1,,,,,,span < 4 residues in common
holo,5VC0,J9K,4D78,7,146.0,0.4173290811538267,0.7458965249840058,1.1701500803757428,0.4046888181690018,
holo,5VC0,KLN,2V0M,7,146.0,0.43008402443748617,1.7024095827447612,3.150590238241651,0.40468687209517984,
holo,5VC0,MF8,5G5J,7,147.0,0.8913958235777187,5.016071293570022,6.509559690633562,1.1309624870676485,
holo,5VC0,MWS,6OOB,7,149.0,1.0535203614094502,5.143093273987583,6.900256600254649,1.322098347468063,
holo,5VC0,MWV,6OO9,7,148.0,1.0300764879037843,5.082203883215721,6.617424348572623,1.2322139426875505,
holo,5VC0,MWY,6OOA,1,,,,,,span < 4 residues in common
holo,5VC0,MYT,1W0G,7,146.0,0.9906960089905725,4.937229959898125,6.366922655389991,1.0975331765313352,
holo,5VC0,NH0,7UF9,0,,,,,,span < 4 residues in common
holo,5VC0,NI6,7UFA,7,147.0,0.6428820501598833,8.58957057732586,10.404566310525517,0.6085832326249829,
holo,5VC0,NJ0,7UFB,7,149.0,0.9362836940740622,4.916653150834964,6.384450753702541,1.0443232243745981,
holo,5VC0,NJO,7UFC,7,149.0,0.9326420974889875,4.695505528251501,6.517743013546234,0.8128426024465131,
holo,5VC0,NXR,7UFE,7,149.0,0.4906890451799747,1.1987014674876535,1.5090652513458913,0.17305608715728626,
holo,5VC0,NYF,7UFF,7,149.0,0.4919010666949564,1.1774995790044036,1.496291698560945,0.17262794499281495,
holo,5VC0,PG0,9BV6,6,149.0,0.9378489070786719,4.5676663137305225,6.068173911675149,0.8555913235975007,
holo,5VC0,PG4,9YK4,7,149.0,0.9750716604516713,4.8537880965117886,6.257014357567577,1.1523976199214903,
holo,5VC0,PK9,4D6Z,7,146.0,0.8650396994469407,5.000696115963681,6.469273534447195,1.0805012844018858,
holo,5VC0,PKT,4D7D,7,147.0,0.4942928972134262,1.8858270314917347,2.91622358592362,0.33461168090799787,
holo,5VC0,QDJ,6UNL,0,,,,,,span < 4 residues in common
holo,5VC0,QDP,6UNM,0,,,,,,span < 4 residues in common
holo,5VC0,QDV,6UNI,0,,,,,,span < 4 residues in common
holo,5VC0,QDY,6UNJ,7,147.0,0.3640518771401653,5.930914579900661,7.028261653265283,0.30675835947327057,
holo,5VC0,QE4,6UNK,3,,,,,,span < 4 residues in common
holo,5VC0,QEA,6UNH,4,147.0,0.47269234028063817,4.717438319886505,5.870982247761562,0.5115897623036451,
holo,5VC0,QEP,6UNG,4,148.0,0.6004590443894015,4.691018723723002,5.869020161524685,0.37060453626503814,
holo,5VC0,QES,6UNE,4,148.0,0.7144998991956412,4.479371114381258,5.6909257790950365,0.6267889361464412,
holo,5VC0,RIT,3NXU,7,147.0,0.3862078971428634,0.9291583986899177,1.1591075024437616,0.26593707423778185,
holo,5VC0,T0K,7UFD,7,149.0,0.91921465517792,4.655173654089443,6.41245853798905,0.9231757287157676,
holo,5VC0,TCI,9PLJ,7,149.0,1.020066624948429,5.043710653167349,6.794167353103572,1.2818114941465482,
holo,5VC0,X5Y,7KVH,7,147.0,0.3792424013361763,0.8081712966454743,1.110652264788678,0.29819835628290703,
holo,5VC0,X6J,7KVP,3,,,,,,span < 4 residues in common
holo,5VC0,X6S,7KVO,7,149.0,0.49034152916374985,1.1829453091420128,1.5053905847303812,0.2895687989687679,
holo,5VC0,X6V,7KVN,7,146.0,0.384018974802426,1.147314286604507,1.6286437031637127,0.22605201727884833,
holo,5VC0,X71,7KVM,2,,,,,,span < 4 residues in common
holo,5VC0,X74,7KVS,7,148.0,0.4288913877300069,1.0846466010623723,1.5601339736299977,0.2732575558727979,
holo,5VC0,X7D,7KVQ,7,147.0,0.3884428355783275,1.2558760454752438,1.907572898567357,0.24756382814077615,
holo,5VC0,X7J,7KVK,7,149.0,0.4603894670327615,1.097273812312647,1.4746434099028458,0.2677195489077698,
holo,5VC0,X7M,7KVJ,0,,,,,,span < 4 residues in common
holo,5VC0,X7P,7KVI,1,,,,,,span < 4 residues in common
holo,5VC0,Y83,6BDM,4,148.0,0.702621079523035,4.838019836059552,5.749220512235206,0.4850624746928331,
holo,5VC0,YNV,7LXL,2,,,,,,span < 4 residues in common
holo,5VC0,Z8Z,4I4G,7,147.0,0.3582449844457893,0.6123683889986803,1.2446267456038362,0.28006080491299057,
holo,5VC0,Z9Z,4I4H,7,147.0,0.44019472930213077,1.1310127287802219,1.7339294705011485,0.2779972003609159,
holo,5VCE,08J,5TE8,7,148.0,0.961798249945303,7.622290910020182,12.467009435259454,1.2367219072705817,
holo,5VCE,08Y,3UA1,7,147.0,0.5904704747156644,0.8455469235784292,1.1129142958862521,0.9944677714349315,
holo,5VCE,1RD,4K9T,7,146.0,0.4787855652439962,4.99774292782115,6.82764672530123,0.39943994874353356,
holo,5VCE,2QH,4NY4,7,147.0,0.5312662680771568,1.0042620820857606,1.8932316129072597,0.602423831687425,
holo,5VCE,5AW,4K9U,1,,,,,,span < 4 residues in common
holo,5VCE,6AW,4K9V,7,146.0,0.39768418733358063,1.2151848063466473,2.2703147233156873,0.7162647994069361,
holo,5VCE,7AW,4K9W,7,148.0,0.7153496049716204,4.407737077828906,5.8326693458885925,0.5109558146890676,
holo,5VCE,80K,6BD6,7,148.0,0.41570983903434067,0.9448389431334675,1.605881412409047,0.471439629984081,
holo,5VCE,8AW,4K9X,5,147.0,0.3915114549185647,4.578867199883166,5.6039836870149005,0.2697320760523074,
holo,5VCE,A1A06,9COS,0,,,,,,span < 4 residues in common
holo,5VCE,A1A07,9COR,1,,,,,,span < 4 residues in common
holo,5VCE,A1A08,9COT,0,,,,,,span < 4 residues in common
holo,5VCE,A1A4K,9COX,0,,,,,,span < 4 residues in common
holo,5VCE,A1A4S,9COV,0,,,,,,span < 4 residues in common
holo,5VCE,A1A4T,9COY,0,,,,,,span < 4 residues in common
holo,5VCE,A1A4U,9COU,0,,,,,,span < 4 residues in common
holo,5VCE,A1A4V,9COW,0,,,,,,span < 4 residues in common
holo,5VCE,A1APA,9BBB,1,,,,,,span < 4 residues in common
holo,5VCE,A1ASO,9BVC,7,148.0,0.5654936075135014,0.8025475019963189,0.9792065811491019,0.8020924298983189,
holo,5VCE,A1ASP,9BVB,7,148.0,0.5597753536304826,0.6555924851007002,0.8433650754498516,0.8356882441866683,
holo,5VCE,A1ASQ,9BVA,7,148.0,0.561376062564369,0.6124978462677649,0.7800390971349098,0.8120581794184637,
holo,5VCE,A1ASR,9BV9,7,148.0,0.5840992174220124,0.6700711684494648,0.8742945118083623,0.8414746110081731,
holo,5VCE,A1ASS,9BV8,7,148.0,0.5833858410454997,0.7175872484367033,0.8554578589149899,0.8376413752597968,
holo,5VCE,A1AST,9BV7,7,148.0,0.5556842875368734,0.861181148962108,1.0123936235379112,0.8031443693098491,
holo,5VCE,A1ASU,9BV6,6,148.0,0.49066551024411964,4.643608371826598,6.390877987581921,0.649497299433784,
holo,5VCE,A1ASV,9BV5,7,148.0,0.6604253146765672,0.748617451794919,0.905549063481634,0.8595828532987413,
holo,5VCE,A1BNX,9MS1,2,,,,,,span < 4 residues in common
holo,5VCE,A1CIW,9PLK,4,148.0,0.7273120157274178,5.192294692669193,7.429405310157486,1.136277486412512,
holo,5VCE,CFF,8SO1,7,148.0,0.613367386633013,0.5641831093479869,0.673597255383273,0.999171504557222,
holo,5VCE,CL6,8SPD,7,148.0,0.7576887409621034,7.776451617013949,9.519215245709734,0.9820809344424636,
holo,5VCE,D0R,3TJS,2,,,,,,span < 4 residues in common
holo,5VCE,D7J,6BD7,7,148.0,0.5602196078286799,0.6382616822484349,0.8273176748900943,0.7655314638154759,
holo,5VCE,D7M,6BD5,7,148.0,0.5120344698661073,0.6355524599759026,0.7847059067019726,0.750422195719343,
holo,5VCE,D7Y,6BCZ,7,148.0,0.5263965827542171,0.6181640507867695,0.7550078859094671,0.8059676017821518,
holo,5VCE,D81,6BD8,7,148.0,0.4618749097568877,0.8921130278519965,1.2348934096803852,0.5065227595854145,
holo,5VCE,DEJ,6BDI,7,148.0,0.5425092957475268,0.6556712228459032,0.7865388970436878,0.7583233387233892,
holo,5VCE,DEV,6BDH,0,,,,,,span < 4 residues in common
holo,5VCE,DJ1,6BDK,7,148.0,0.5482863601747068,0.6567388437228828,0.8187142569715397,0.7574141388266,
holo,5VCE,ERY,2J0D,4,148.0,0.8810265816496513,6.257344911985611,8.456442217100905,1.2294877847291525,
holo,5VCE,FZV,6DAC,4,148.0,0.4820920807262257,2.1202382019478385,4.020165844111109,0.667207923537304,
holo,5VCE,G0D,6DA2,3,,,,,,span < 4 residues in common
holo,5VCE,G0J,6DA8,1,,,,,,span < 4 residues in common
holo,5VCE,G0M,6DAA,1,,,,,,span < 4 residues in common
holo,5VCE,G0V,6DAB,0,,,,,,span < 4 residues in common
holo,5VCE,G1J,6DA5,1,,,,,,span < 4 residues in common
holo,5VCE,J9K,4D78,7,146.0,0.3659009974974497,4.354454539046881,6.300641914684497,0.33575567325618294,
holo,5VCE,KLN,2V0M,7,146.0,0.5613149395970701,4.938204251518492,6.3781150810946405,0.48145591767505275,
holo,5VCE,MF8,5G5J,7,147.0,0.613868333730032,0.6705964190986605,0.8377781523390182,0.9566445491223584,
holo,5VCE,MWS,6OOB,7,148.0,0.6802196346321121,0.8349048470690387,0.93402688850534,1.1013375406460393,
holo,5VCE,MWV,6OO9,7,148.0,0.6936253199639022,0.7120782606847034,0.8215810545548441,1.0287216517075126,
holo,5VCE,MWY,6OOA,1,,,,,,span < 4 residues in common
holo,5VCE,MYT,1W0G,7,146.0,0.6999206551653322,0.8492511675180153,0.9721804743757867,0.9143992986139593,
holo,5VCE,NH0,7UF9,0,,,,,,span < 4 residues in common
holo,5VCE,NI6,7UFA,7,147.0,0.35453200514545047,7.62287887505579,9.213239041744709,0.39893977376258716,
holo,5VCE,NJ0,7UFB,7,148.0,0.5619227907015741,0.6793206245693033,0.8325994752313577,0.8427713643690243,
holo,5VCE,NJO,7UFC,7,148.0,0.552516427728846,0.7438352154034722,1.0950988358380545,0.6115750795498059,
holo,5VCE,NXR,7UFE,7,148.0,0.6277123043491895,4.3241916962023375,5.845007925740019,0.41713419227481,
holo,5VCE,NYF,7UFF,7,148.0,0.628407700448521,4.347944165861967,5.889218892940183,0.41534904107756443,
holo,5VCE,PG0,9BV6,6,148.0,0.49066551024411964,4.643608371826598,6.390877987581921,0.649497299433784,
holo,5VCE,PG4,9YK4,7,148.0,0.551479042066563,0.6449196357450047,0.811936823179108,0.9056166986748768,
holo,5VCE,PK9,4D6Z,7,146.0,0.5290540496285974,0.7273480879494533,0.943928589427427,0.8806401814826919,
holo,5VCE,PKT,4D7D,7,147.0,0.452605997558399,3.979687457437992,6.815507775792461,0.26414309230523403,
holo,5VCE,QDJ,6UNL,0,,,,,,span < 4 residues in common
holo,5VCE,QDP,6UNM,0,,,,,,span < 4 residues in common
holo,5VCE,QDV,6UNI,0,,,,,,span < 4 residues in common
holo,5VCE,QDY,6UNJ,7,147.0,0.6073164574413087,4.888651815441164,7.10360246395831,0.5259800903240821,
holo,5VCE,QE4,6UNK,3,,,,,,span < 4 residues in common
holo,5VCE,QEA,6UNH,4,147.0,0.4453561011253312,0.8090434617518162,1.0632711966809598,0.4608106011050807,
holo,5VCE,QEP,6UNG,4,148.0,0.44291960001277586,0.8387100829754559,0.9988877877149226,0.2714597362804901,
holo,5VCE,QES,6UNE,4,148.0,0.44703712317622946,1.073899548833211,1.2289423162343691,0.5087948778285685,
holo,5VCE,RIT,3NXU,7,147.0,0.657034496200329,4.324356169307305,5.57628971324281,0.5337670454261079,
holo,5VCE,T0K,7UFD,7,148.0,0.5432438076293988,0.8633382554337145,1.2325651322694893,0.7123939281609373,
holo,5VCE,TCI,9PLJ,7,148.0,0.646968431656026,0.8670674920662557,1.0323205314457955,1.0748178139469389,
holo,5VCE,X5Y,7KVH,7,147.0,0.5126329733442216,4.669656112299691,6.531945080465021,0.3841642183696468,
holo,5VCE,X6J,7KVP,3,,,,,,span < 4 residues in common
holo,5VCE,X6S,7KVO,7,148.0,0.5873458872896482,4.248477893210913,5.823798282395124,0.3648460291287414,
holo,5VCE,X6V,7KVN,7,146.0,0.501240298148082,4.443518032556769,6.097917484785039,0.37179512523858005,
holo,5VCE,X71,7KVM,2,,,,,,span < 4 residues in common
holo,5VCE,X74,7KVS,7,148.0,0.6103478010552899,4.2494957788770655,6.004510287191554,0.4147038061353038,
holo,5VCE,X7D,7KVQ,7,147.0,0.5247438871528604,4.210959491797448,5.928640773879693,0.3436061139615558,
holo,5VCE,X7J,7KVK,7,148.0,0.6588376339046857,4.345540271040396,5.961760400986878,0.47182005470066574,
holo,5VCE,X7M,7KVJ,0,,,,,,span < 4 residues in common
holo,5VCE,X7P,7KVI,1,,,,,,span < 4 residues in common
holo,5VCE,Y83,6BDM,4,148.0,0.44231903204086614,3.017175110395723,5.296932047932827,0.4475057341261895,
holo,5VCE,YNV,7LXL,2,,,,,,span < 4 residues in common
holo,5VCE,Z8Z,4I4G,7,147.0,0.41989240871098193,5.025927854357553,7.1919706833717365,0.34269470063626145,
holo,5VCE,Z9Z,4I4H,7,147.0,0.44553710872623115,4.313238433830712,6.006258816772761,0.34486004199280673,
holo,5VCG,08J,5TE8,7,149.0,0.7626685794745782,7.124913410877231,11.8267564681209,0.5576241024384858,
holo,5VCG,08Y,3UA1,7,147.0,0.37035352239639824,0.4996644837529487,0.6381572175096322,0.24555204367855135,
holo,5VCG,1RD,4K9T,7,146.0,0.5759194180235703,4.603620390762198,6.7972555509391706,0.9673327172003483,
holo,5VCG,2QH,4NY4,7,147.0,0.4878682838024517,0.9851525295407682,2.0733612097666314,0.7221312308646942,
holo,5VCG,5AW,4K9U,1,,,,,,span < 4 residues in common
holo,5VCG,6AW,4K9V,7,146.0,0.3615209780422058,1.0474397979108419,2.134958137380899,0.5077069528426805,
holo,5VCG,7AW,4K9W,7,148.0,0.9913708435883346,4.532754740516615,5.789244842603469,1.3255593448725629,
holo,5VCG,80K,6BD6,7,148.0,0.5219452430380371,1.0953465551528492,1.904623969115947,0.8611647144672373,
holo,5VCG,8AW,4K9X,5,147.0,0.6533503565793836,4.676669778740276,5.636376317573851,1.0556377659839322,
holo,5VCG,A1A06,9COS,0,,,,,,span < 4 residues in common
holo,5VCG,A1A07,9COR,1,,,,,,span < 4 residues in common
holo,5VCG,A1A08,9COT,0,,,,,,span < 4 residues in common
holo,5VCG,A1A4K,9COX,0,,,,,,span < 4 residues in common
holo,5VCG,A1A4S,9COV,0,,,,,,span < 4 residues in common
holo,5VCG,A1A4T,9COY,0,,,,,,span < 4 residues in common
holo,5VCG,A1A4U,9COU,0,,,,,,span < 4 residues in common
holo,5VCG,A1A4V,9COW,0,,,,,,span < 4 residues in common
holo,5VCG,A1APA,9BBB,1,,,,,,span < 4 residues in common
holo,5VCG,A1ASO,9BVC,7,148.0,0.45843064936053424,0.9071758854985795,1.3099084107499743,0.5648810218834229,
holo,5VCG,A1ASP,9BVB,7,149.0,0.4687172365947421,0.7548875208290091,1.0392819968996865,0.5505814029765324,
holo,5VCG,A1ASQ,9BVA,7,149.0,0.4826514373710788,0.7250792793734918,1.0581113118177325,0.6097429260126395,
holo,5VCG,A1ASR,9BV9,7,149.0,0.4963094895504595,0.7682444041253534,1.0485266893683003,0.543865664753055,
holo,5VCG,A1ASS,9BV8,7,149.0,0.4470159288837131,0.44542950566153805,0.7950827066075306,0.47018183054096957,
holo,5VCG,A1AST,9BV7,7,149.0,0.4807809376683039,0.9116211662859929,1.406808068796815,0.6134769565024902,
holo,5VCG,A1ASU,9BV6,6,149.0,0.497116136602111,4.709641109624599,6.438096431303201,0.6484098433466922,
holo,5VCG,A1ASV,9BV5,7,149.0,0.5531331070412961,0.5953607245935345,1.07496054362248,0.5218609732059459,
holo,5VCG,A1BNX,9MS1,2,,,,,,span < 4 residues in common
holo,5VCG,A1CIW,9PLK,4,149.0,0.5304805207982453,4.899751681925286,7.266365244087217,0.45333096869469086,
holo,5VCG,CFF,8SO1,7,149.0,0.4265862204350775,0.31700374319936886,0.6444767229583128,0.3111993728722575,
holo,5VCG,CL6,8SPD,7,149.0,0.5947855486033378,7.27759478801749,9.016988659755024,0.5298980283374283,
holo,5VCG,D0R,3TJS,2,,,,,,span < 4 residues in common
holo,5VCG,D7J,6BD7,7,149.0,0.48134720810350207,0.6251753072169524,0.9656338646341072,0.47241731348920574,
holo,5VCG,D7M,6BD5,7,149.0,0.44071185568293697,0.4518943168502866,0.6885083986797798,0.5144626352798605,
holo,5VCG,D7Y,6BCZ,7,149.0,0.44302842871631865,0.5587762815997362,0.9140474718070984,0.4187116692063363,
holo,5VCG,D81,6BD8,7,149.0,0.5620509145920071,0.8152621297863268,1.229370402534482,0.9186737449892782,
holo,5VCG,DEJ,6BDI,7,148.0,0.45547491515173805,0.5255230971094759,0.9109452608786184,0.519386643344632,
holo,5VCG,DEV,6BDH,0,,,,,,span < 4 residues in common
holo,5VCG,DJ1,6BDK,7,148.0,0.4579707370776431,0.6002876514807962,0.964971154944778,0.5381595523658216,
holo,5VCG,ERY,2J0D,4,149.0,0.6369590581385957,5.972232998420474,8.144710809480403,0.4825511380805984,
holo,5VCG,FZV,6DAC,4,149.0,0.46462207838961495,2.115871675163996,4.197077833889114,0.6527048338858503,
holo,5VCG,G0D,6DA2,3,,,,,,span < 4 residues in common
holo,5VCG,G0J,6DA8,1,,,,,,span < 4 residues in common
holo,5VCG,G0M,6DAA,1,,,,,,span < 4 residues in common
holo,5VCG,G0V,6DAB,0,,,,,,span < 4 residues in common
holo,5VCG,G1J,6DA5,1,,,,,,span < 4 residues in common
holo,5VCG,J9K,4D78,7,146.0,0.5265641005180446,4.633762865737037,6.590468824655822,0.9493385429609643,
holo,5VCG,KLN,2V0M,7,146.0,0.7329324968278612,5.187442112988091,6.735006435744375,1.1827439776331246,
holo,5VCG,MF8,5G5J,7,147.0,0.4350463785832553,0.578131427154563,0.6501377499853735,0.2987614529956744,
holo,5VCG,MWS,6OOB,7,149.0,0.4560587622598742,0.5717426837542016,0.7438546999322415,0.2820693750147338,
holo,5VCG,MWV,6OO9,7,148.0,0.5143141437622636,0.4384148313833908,0.557977747715445,0.36835906588102335,
holo,5VCG,MWY,6OOA,1,,,,,,span < 4 residues in common
holo,5VCG,MYT,1W0G,7,146.0,0.6321030418298689,0.43265232783900803,0.800313131812143,0.5336477565501334,
holo,5VCG,NH0,7UF9,0,,,,,,span < 4 residues in common
holo,5VCG,NI6,7UFA,7,147.0,0.47252973580593405,7.1284833862435555,8.879882253337161,0.7871111295534438,
holo,5VCG,NJ0,7UFB,7,149.0,0.46523270664257604,0.3659632861889882,0.4928503272747767,0.5357457333025203,
holo,5VCG,NJO,7UFC,7,149.0,0.5194093222103521,0.7664376541183299,1.2856318242119433,0.6901171686563223,
holo,5VCG,NXR,7UFE,7,149.0,0.9416678440648707,4.379589247143196,5.746557489921036,1.2747433563586175,
holo,5VCG,NYF,7UFF,7,149.0,0.9418627144938051,4.402842060962714,5.790358522745506,1.2737901184619067,
holo,5VCG,PG0,9BV6,6,149.0,0.497116136602111,4.709641109624599,6.438096431303201,0.6484098433466922,
holo,5VCG,PG4,9YK4,7,149.0,0.45143529289686335,0.3981282422486547,0.5920038967367908,0.4287564046343259,
holo,5VCG,PK9,4D6Z,7,146.0,0.423089942774714,0.37483437775322526,0.5363490468121971,0.4377977059957535,
holo,5VCG,PKT,4D7D,7,147.0,0.6137110592938262,4.248625329472195,6.969536918321269,1.0046531702560242,
holo,5VCG,QDJ,6UNL,0,,,,,,span < 4 residues in common
holo,5VCG,QDP,6UNM,0,,,,,,span < 4 residues in common
holo,5VCG,QDV,6UNI,0,,,,,,span < 4 residues in common
holo,5VCG,QDY,6UNJ,7,147.0,0.8169838326978789,4.503500610131737,6.833624046694649,1.2941221366001945,
holo,5VCG,QE4,6UNK,3,,,,,,span < 4 residues in common
holo,5VCG,QEA,6UNH,4,147.0,0.5454023544610234,0.5842273943330454,0.6371853766313873,0.9414791944794636,
holo,5VCG,QEP,6UNG,4,148.0,0.5501681431314388,0.6759149721595286,0.8163026613602692,1.0210439047201916,
holo,5VCG,QES,6UNE,4,148.0,0.540232350727608,0.9599378834304454,1.0559321663507009,0.8441216707082736,
holo,5VCG,RIT,3NXU,7,147.0,0.92420400582906,4.496693555121867,5.718573417975319,1.321673285492906,
holo,5VCG,T0K,7UFD,7,149.0,0.4960688129953933,0.7738369545526087,1.3644294471583351,0.6948660081048319,
holo,5VCG,TCI,9PLJ,7,149.0,0.4267027219207345,0.6315851650776847,0.7325875898468779,0.3098762218849054,
holo,5VCG,X5Y,7KVH,7,147.0,0.747236165879363,4.808283578642358,6.506213685713131,1.1908781895306637,
holo,5VCG,X6J,7KVP,3,,,,,,span < 4 residues in common
holo,5VCG,X6S,7KVO,7,149.0,0.83669824826468,4.304309044444333,5.740821135031044,1.2258830276881065,
holo,5VCG,X6V,7KVN,7,146.0,0.7341755659334434,4.581953819841643,6.047088313948376,1.1897286404799603,
holo,5VCG,X71,7KVM,2,,,,,,span < 4 residues in common
holo,5VCG,X74,7KVS,7,148.0,0.8534553742385388,4.371028900639452,5.9374354684347574,1.2453566103967166,
holo,5VCG,X7D,7KVQ,7,147.0,0.7354467704206299,4.335326195503898,5.856849686524032,1.1859196520809914,
holo,5VCG,X7J,7KVK,7,149.0,0.9300897542696148,4.406764898007863,5.880805290841734,1.3136258208621456,
holo,5VCG,X7M,7KVJ,0,,,,,,span < 4 residues in common
holo,5VCG,X7P,7KVI,1,,,,,,span < 4 residues in common
holo,5VCG,Y83,6BDM,4,148.0,0.5888333868800497,2.8819191082372457,5.2991580830823,1.0876661504145413,
holo,5VCG,YNV,7LXL,2,,,,,,span < 4 residues in common
holo,5VCG,Z8Z,4I4G,7,147.0,0.6747487315685545,5.195734416317383,7.35061875630906,1.0619805226675736,
holo,5VCG,Z9Z,4I4H,7,147.0,0.6768288113623673,4.480336827237737,5.943750269091687,1.0968243806089397,
holo,6BCZ,08J,5TE8,7,150.0,0.7259984200700902,7.261503763462836,12.04297510151688,0.6334041269904489,
holo,6BCZ,08Y,3UA1,7,148.0,0.46651049540206213,0.42360526391154235,0.7140604095987859,0.31451264021735964,
holo,6BCZ,1RD,4K9T,7,146.0,0.5940389696426206,4.445469731771797,6.304707145777321,0.768162394717417,
holo,6BCZ,2QH,4NY4,7,149.0,0.6921017616477348,1.0098254395499915,1.9412915241109507,0.48588435774819005,
holo,6BCZ,5AW,4K9U,1,,,,,,span < 4 residues in common
holo,6BCZ,6AW,4K9V,7,146.0,0.2835403462447513,0.972033876935492,2.064563125630151,0.21299592138097398,
holo,6BCZ,7AW,4K9W,7,148.0,0.9265914532652137,4.4389251103419385,5.631160643105054,1.075067161944042,
holo,6BCZ,80K,6BD6,7,148.0,0.3127481827821456,0.8734891049914335,1.7323148555008467,0.549785138761701,
holo,6BCZ,8AW,4K9X,5,147.0,0.6431655736921045,4.60586801716844,5.434030252347448,0.8151941171206218,
holo,6BCZ,A1A06,9COS,0,,,,,,span < 4 residues in common
holo,6BCZ,A1A07,9COR,1,,,,,,span < 4 residues in common
holo,6BCZ,A1A08,9COT,0,,,,,,span < 4 residues in common
holo,6BCZ,A1A4K,9COX,0,,,,,,span < 4 residues in common
holo,6BCZ,A1A4S,9COV,0,,,,,,span < 4 residues in common
holo,6BCZ,A1A4T,9COY,0,,,,,,span < 4 residues in common
holo,6BCZ,A1A4U,9COU,0,,,,,,span < 4 residues in common
holo,6BCZ,A1A4V,9COW,0,,,,,,span < 4 residues in common
holo,6BCZ,A1APA,9BBB,1,,,,,,span < 4 residues in common
holo,6BCZ,A1ASO,9BVC,7,149.0,0.3907830371613756,0.44464735033467057,0.685736013093634,0.3338320893737907,
holo,6BCZ,A1ASP,9BVB,7,150.0,0.44126546047380977,0.35354562378545656,0.5261972510966931,0.3049445058320266,
holo,6BCZ,A1ASQ,9BVA,7,149.0,0.4011072611668202,0.32057705568660727,0.45170023644809393,0.38890787553301126,
holo,6BCZ,A1ASR,9BV9,7,150.0,0.43855307774733504,0.3763217461989999,0.552035142887029,0.3069276278504974,
holo,6BCZ,A1ASS,9BV8,7,150.0,0.3742392755610417,0.3839662124714936,0.5588915789789546,0.2689335271021374,
holo,6BCZ,A1AST,9BV7,7,149.0,0.4233675811756322,0.4354312526825371,0.6315495711438692,0.352844012595631,
holo,6BCZ,A1ASU,9BV6,6,150.0,0.4523670324939167,4.5524898633214175,6.221507544832636,0.37583879894877464,
holo,6BCZ,A1ASV,9BV5,7,151.0,0.7550389108810192,0.28157646104039713,0.3706048173101519,0.3429939737454457,
holo,6BCZ,A1BNX,9MS1,2,,,,,,span < 4 residues in common
holo,6BCZ,A1CIW,9PLK,4,151.0,0.5869550696791135,4.844609918322346,6.976991557555439,0.5353623514437558,
holo,6BCZ,CFF,8SO1,7,151.0,0.5541702907962477,0.5156617028582057,0.8996307468104782,0.3311283146787373,
holo,6BCZ,CL6,8SPD,7,149.0,0.5234627504870597,7.299683958632795,8.825463852619338,0.41398799252331564,
holo,6BCZ,D0R,3TJS,2,,,,,,span < 4 residues in common
holo,6BCZ,D7J,6BD7,7,151.0,0.33951350497951815,0.2217340250394133,0.320222737760139,0.1906202024864003,
holo,6BCZ,D7M,6BD5,7,149.0,0.22178562808741092,0.23947115769322538,0.3494897026717825,0.2129276963585434,
holo,6BCZ,D81,6BD8,7,149.0,0.3237820573626587,0.4620680502678875,0.58015215813607,0.5918301809348232,
holo,6BCZ,DEJ,6BDI,7,150.0,0.19508376306299255,0.12192999061245496,0.20933190562831414,0.22321617950748399,
holo,6BCZ,DEV,6BDH,0,,,,,,span < 4 residues in common
holo,6BCZ,DJ1,6BDK,7,150.0,0.20238587854998547,0.12520390890017696,0.2128137265082508,0.22518596052568512,
holo,6BCZ,ERY,2J0D,4,150.0,0.7043058178064583,6.0431388957131915,8.18822347928661,0.6388265864236359,
holo,6BCZ,FZV,6DAC,4,149.0,0.22237509313214135,2.228659494848826,4.44297815552458,0.3608004004350244,
holo,6BCZ,G0D,6DA2,3,,,,,,span < 4 residues in common
holo,6BCZ,G0J,6DA8,1,,,,,,span < 4 residues in common
holo,6BCZ,G0M,6DAA,1,,,,,,span < 4 residues in common
holo,6BCZ,G0V,6DAB,0,,,,,,span < 4 residues in common
holo,6BCZ,G1J,6DA5,1,,,,,,span < 4 residues in common
holo,6BCZ,J9K,4D78,7,146.0,0.49353939324437535,4.4780970175209385,6.265750419946766,0.7282508465164985,
holo,6BCZ,KLN,2V0M,7,146.0,0.7200638755027045,4.9984506643383275,6.384412506378545,0.9727521318149711,
holo,6BCZ,MF8,5G5J,7,148.0,0.5120432204773396,0.3108607142685693,0.5201656459387118,0.2735027392936145,
holo,6BCZ,MWS,6OOB,7,150.0,0.329913112359983,0.5363768194286493,0.9322744477305311,0.4305642885426727,
holo,6BCZ,MWV,6OO9,7,150.0,0.5903222538623097,0.3239606093381939,0.47837515956567406,0.37360689009520576,
holo,6BCZ,MWY,6OOA,1,,,,,,span < 4 residues in common
holo,6BCZ,MYT,1W0G,7,146.0,0.5543321400047796,0.5259929176082151,0.7572718256675822,0.40255688993757777,
holo,6BCZ,NH0,7UF9,0,,,,,,span < 4 residues in common
holo,6BCZ,NI6,7UFA,7,148.0,0.3103689378784559,7.108371366253237,8.76398415520281,0.5109315638402901,
holo,6BCZ,NJ0,7UFB,7,151.0,0.49435130139070305,0.30463288103011904,0.7346831129788698,0.26854776051126716,
holo,6BCZ,NJO,7UFC,7,151.0,0.3658147492435755,0.6469078888817253,1.0757228099893494,0.36643447197340784,
holo,6BCZ,NXR,7UFE,7,149.0,0.8493265050397385,4.349545433807242,5.629053704866413,1.0200893708624754,
holo,6BCZ,NYF,7UFF,7,149.0,0.8496946907054376,4.371101987072558,5.672827073868371,1.01843307065154,
holo,6BCZ,PG0,9BV6,6,150.0,0.4523670324939167,4.5524898633214175,6.221507544832636,0.37583879894877464,
holo,6BCZ,PG4,9YK4,7,149.0,0.31077669620610887,0.24927985235449426,0.3687266272766483,0.2685572949318876,
holo,6BCZ,PK9,4D6Z,7,146.0,0.2509865370304813,0.2987250938061126,0.4458724881830087,0.24487902165983017,
holo,6BCZ,PKT,4D7D,7,147.0,0.6029783423349643,4.149879823300583,6.860047413251205,0.7689535230923115,
holo,6BCZ,QDJ,6UNL,0,,,,,,span < 4 residues in common
holo,6BCZ,QDP,6UNM,0,,,,,,span < 4 residues in common
holo,6BCZ,QDV,6UNI,0,,,,,,span < 4 residues in common
holo,6BCZ,QDY,6UNJ,7,147.0,0.8243840424043057,4.40026907926015,6.773259056392492,1.0474962713546503,
holo,6BCZ,QE4,6UNK,3,,,,,,span < 4 residues in common
holo,6BCZ,QEA,6UNH,4,147.0,0.5233387266667344,0.38150830822281706,0.5905175054468463,0.644410073429043,
holo,6BCZ,QEP,6UNG,4,149.0,0.43383750462662096,0.28611561364374527,0.3339322051036001,0.7407305974572211,
holo,6BCZ,QES,6UNE,4,148.0,0.30106276899875184,0.6106210864360342,0.7553834124218453,0.5241466349479517,
holo,6BCZ,RIT,3NXU,7,147.0,0.9346763729845997,4.404907964797719,5.439096759605091,1.0998391989660081,
holo,6BCZ,T0K,7UFD,7,151.0,0.362441750695466,0.7484558732918158,1.24603950087931,0.36858859617688305,
holo,6BCZ,TCI,9PLJ,7,151.0,0.5315383481544226,0.4512250925861419,0.6666901864555889,0.40294659061060734,
holo,6BCZ,X5Y,7KVH,7,147.0,0.7360215932679791,4.691197120803368,6.332152883214205,0.9531808957854208,
holo,6BCZ,X6J,7KVP,3,,,,,,span < 4 residues in common
holo,6BCZ,X6S,7KVO,7,150.0,0.8198352814064558,4.214380273364411,5.603527924523431,0.9919810461292626,
holo,6BCZ,X6V,7KVN,7,146.0,0.7227333278841646,4.487157660353861,5.8937986634562005,0.9460319870418401,
holo,6BCZ,X71,7KVM,2,,,,,,span < 4 residues in common
holo,6BCZ,X74,7KVS,7,149.0,0.8520486672772917,4.2214744663726735,5.781525484936213,1.0195129989151446,
holo,6BCZ,X7D,7KVQ,7,147.0,0.724353891981088,4.246897486042954,5.714809589501421,0.9461073451913016,
holo,6BCZ,X7J,7KVK,7,150.0,0.9185651961159008,4.315384313360937,5.737109145172554,1.0829203997528216,
holo,6BCZ,X7M,7KVJ,0,,,,,,span < 4 residues in common
holo,6BCZ,X7P,7KVI,1,,,,,,span < 4 residues in common
holo,6BCZ,Y83,6BDM,4,150.0,0.6046353056281907,2.7812281510873342,5.13076747093561,0.8022932808073105,
holo,6BCZ,YNV,7LXL,2,,,,,,span < 4 residues in common
holo,6BCZ,Z8Z,4I4G,7,147.0,0.6621562561689963,5.05811454120552,7.107545097407667,0.8268735556740252,
holo,6BCZ,Z9Z,4I4H,7,147.0,0.6538610860662943,4.392044010878995,5.770839075662086,0.8804401643649539,
holo,6BD5,08J,5TE8,7,149.0,0.7394364180206329,7.282339744734036,12.040236427161448,0.7408872802146023,
holo,6BD5,08Y,3UA1,7,147.0,0.390593208226981,0.33233861456314184,0.4610680400370532,0.4198559514948168,
holo,6BD5,1RD,4K9T,7,146.0,0.6210659178023474,4.494665195921117,6.558232997929966,0.7095008995241822,
holo,6BD5,2QH,4NY4,7,147.0,0.4849875389438531,1.0826837967954241,2.0853709507409963,0.4043987200857186,
holo,6BD5,5AW,4K9U,1,,,,,,span < 4 residues in common
holo,6BD5,6AW,4K9V,7,146.0,0.33742987244825395,1.076639862778042,2.2524736125301694,0.24162525082373187,
holo,6BD5,7AW,4K9W,7,148.0,0.9531059109779959,4.477605822012931,5.748609127234389,1.01393417471012,
holo,6BD5,80K,6BD6,7,148.0,0.28658871010080555,1.0089293498741623,1.9133509244302274,0.4930025472102105,
holo,6BD5,8AW,4K9X,5,147.0,0.6495391149238335,4.570733144984252,5.361416919914116,0.7559029099317189,
holo,6BD5,A1A06,9COS,0,,,,,,span < 4 residues in common
holo,6BD5,A1A07,9COR,1,,,,,,span < 4 residues in common
holo,6BD5,A1A08,9COT,0,,,,,,span < 4 residues in common
holo,6BD5,A1A4K,9COX,0,,,,,,span < 4 residues in common
holo,6BD5,A1A4S,9COV,0,,,,,,span < 4 residues in common
holo,6BD5,A1A4T,9COY,0,,,,,,span < 4 residues in common
holo,6BD5,A1A4U,9COU,0,,,,,,span < 4 residues in common
holo,6BD5,A1A4V,9COW,0,,,,,,span < 4 residues in common
holo,6BD5,A1APA,9BBB,1,,,,,,span < 4 residues in common
holo,6BD5,A1ASO,9BVC,7,148.0,0.3224521523685331,0.6026224143837257,0.9526773011397228,0.2739127119033217,
holo,6BD5,A1ASP,9BVB,7,149.0,0.36980652344753556,0.46576075489496305,0.7626426783542201,0.2947898707936594,
holo,6BD5,A1ASQ,9BVA,7,149.0,0.38111866217947393,0.44528400762291165,0.6426688325831732,0.36322812629284856,
holo,6BD5,A1ASR,9BV9,7,149.0,0.38642467171771694,0.48327654866096925,0.7908591334579474,0.3046640590071844,
holo,6BD5,A1ASS,9BV8,7,149.0,0.3497390498099982,0.43321578318874343,0.689363331722184,0.29909988577544666,
holo,6BD5,A1AST,9BV7,7,149.0,0.387041653620377,0.6160440474247294,0.8841707638215972,0.3131124536337396,
holo,6BD5,A1ASU,9BV6,6,149.0,0.4136873729793031,4.687709898818149,6.361390771217739,0.3419170864030612,
holo,6BD5,A1ASV,9BV5,7,149.0,0.47613608691811515,0.37607616220741363,0.6231510298000237,0.32082978051832034,
holo,6BD5,A1BNX,9MS1,2,,,,,,span < 4 residues in common
holo,6BD5,A1CIW,9PLK,4,149.0,0.47980769389534106,4.93233170879559,7.185728855651704,0.6457238587864662,
holo,6BD5,CFF,8SO1,7,149.0,0.31999568378610727,0.4358919897309197,0.7035616503730758,0.44111068450342206,
holo,6BD5,CL6,8SPD,7,149.0,0.5169159186122598,7.3148325676051815,9.017807749252796,0.4780669451681283,
holo,6BD5,D0R,3TJS,2,,,,,,span < 4 residues in common
holo,6BD5,D7J,6BD7,7,149.0,0.3546339729553372,0.345713165905042,0.47435642313698456,0.18536099957948926,
holo,6BD5,D7Y,6BCZ,7,149.0,0.2217856280874124,0.2394711576932268,0.34948970267178453,0.2129276963585445,
holo,6BD5,D81,6BD8,7,149.0,0.30462133995057483,0.523139717345969,0.6264026486012295,0.48556156040035864,
holo,6BD5,DEJ,6BDI,7,148.0,0.22205832645571513,0.21193987219819485,0.34626962126372846,0.1816119685616516,
holo,6BD5,DEV,6BDH,0,,,,,,span < 4 residues in common
holo,6BD5,DJ1,6BDK,7,148.0,0.23363050503589267,0.24234698366274868,0.34763488328499503,0.17960730383966317,
holo,6BD5,ERY,2J0D,4,149.0,0.6428102562268617,6.138020936426387,8.38353415387385,0.7255998887472875,
holo,6BD5,FZV,6DAC,4,149.0,0.23136356162576274,2.252729209706724,4.494707071497036,0.32738491334657444,
holo,6BD5,G0D,6DA2,3,,,,,,span < 4 residues in common
holo,6BD5,G0J,6DA8,1,,,,,,span < 4 residues in common
holo,6BD5,G0M,6DAA,1,,,,,,span < 4 residues in common
holo,6BD5,G0V,6DAB,0,,,,,,span < 4 residues in common
holo,6BD5,G1J,6DA5,1,,,,,,span < 4 residues in common
holo,6BD5,J9K,4D78,7,146.0,0.5137982336805788,4.533622339052451,6.546385767303358,0.6584107289117205,
holo,6BD5,KLN,2V0M,7,146.0,0.7340405932403321,5.068612426716847,6.418562609225126,0.881290590994086,
holo,6BD5,MF8,5G5J,7,147.0,0.4515202474110818,0.35811847637287275,0.6259725679542146,0.39608180306145757,
holo,6BD5,MWS,6OOB,7,149.0,0.36052489740601734,0.4306491778684822,0.5992763541281664,0.5492903081174974,
holo,6BD5,MWV,6OO9,7,148.0,0.3955068021638982,0.29134610774132547,0.4399556931411534,0.46649963146953827,
holo,6BD5,MWY,6OOA,1,,,,,,span < 4 residues in common
holo,6BD5,MYT,1W0G,7,146.0,0.5609546848987786,0.5337777642429903,0.7770540975472886,0.43185180261785033,
holo,6BD5,NH0,7UF9,0,,,,,,span < 4 residues in common
holo,6BD5,NI6,7UFA,7,147.0,0.3159765472198778,7.13365210349116,8.906813857404892,0.45739316995505414,
holo,6BD5,NJ0,7UFB,7,149.0,0.2447730726067748,0.30693773229880905,0.6142479202353122,0.2430664344443047,
holo,6BD5,NJO,7UFC,7,149.0,0.3383469023138133,0.7721214116530786,1.2480635523005643,0.30551159800435246,
holo,6BD5,NXR,7UFE,7,149.0,0.8545371609108465,4.368853241417735,5.5291440028202254,0.9446914171638803,
holo,6BD5,NYF,7UFF,7,149.0,0.8548216002048982,4.390328627385704,5.572866497055544,0.9428602648069829,
holo,6BD5,PG0,9BV6,6,149.0,0.4136873729793031,4.687709898818149,6.361390771217739,0.3419170864030612,
holo,6BD5,PG4,9YK4,7,149.0,0.350953897201908,0.23247585156484496,0.3354331975663823,0.32108504488680256,
holo,6BD5,PK9,4D6Z,7,146.0,0.2923782543512165,0.23728628045464004,0.30966510835279,0.2959648313755749,
holo,6BD5,PKT,4D7D,7,147.0,0.594188532044075,4.214755381386299,7.089698639359772,0.7010127274257704,
holo,6BD5,QDJ,6UNL,0,,,,,,span < 4 residues in common
holo,6BD5,QDP,6UNM,0,,,,,,span < 4 residues in common
holo,6BD5,QDV,6UNI,0,,,,,,span < 4 residues in common
holo,6BD5,QDY,6UNJ,7,147.0,0.8227561218011904,4.471204166913294,6.95639211168173,0.9557471118280557,
holo,6BD5,QE4,6UNK,3,,,,,,span < 4 residues in common
holo,6BD5,QEA,6UNH,4,147.0,0.5092773714320311,0.38835575063337835,0.5395714794973568,0.6042498258600396,
holo,6BD5,QEP,6UNG,4,148.0,0.42752421086153275,0.33690384136265167,0.4095694864631949,0.6753415829879139,
holo,6BD5,QES,6UNE,4,148.0,0.2979464148159951,0.6823365092341187,0.9518650500825873,0.4780649294845087,
holo,6BD5,RIT,3NXU,7,147.0,0.9410117733987351,4.4369101714629675,5.715396548906712,1.0317529579373026,
holo,6BD5,T0K,7UFD,7,149.0,0.35234775889862685,0.8449121606305466,1.3552863757057956,0.3720860381443405,
holo,6BD5,TCI,9PLJ,7,149.0,0.3344191092758673,0.3753486995178427,0.5708635404341129,0.5069469416815975,
holo,6BD5,X5Y,7KVH,7,147.0,0.7344178201143136,4.722019360195851,6.246935124472623,0.8713593855635525,
holo,6BD5,X6J,7KVP,3,,,,,,span < 4 residues in common
holo,6BD5,X6S,7KVO,7,149.0,0.7620296447948003,4.260278975508377,5.5202030959085,0.8864445815831101,
holo,6BD5,X6V,7KVN,7,146.0,0.7195533236441435,4.510015722309247,5.801292797338761,0.8660597362071605,
holo,6BD5,X71,7KVM,2,,,,,,span < 4 residues in common
holo,6BD5,X74,7KVS,7,148.0,0.796712225159114,4.285213760483787,5.70427313745545,0.9067252817078459,
holo,6BD5,X7D,7KVQ,7,147.0,0.7219022933403257,4.263439180668603,5.618524588272089,0.8570491264379628,
holo,6BD5,X7J,7KVK,7,149.0,0.8625027749447787,4.365088548374019,5.656590179885864,0.9730599420906302,
holo,6BD5,X7M,7KVJ,0,,,,,,span < 4 residues in common
holo,6BD5,X7P,7KVI,1,,,,,,span < 4 residues in common
holo,6BD5,Y83,6BDM,4,148.0,0.3900618654470737,2.8306405954372393,5.260531073767236,0.7708679704674137,
holo,6BD5,YNV,7LXL,2,,,,,,span < 4 residues in common
holo,6BD5,Z8Z,4I4G,7,147.0,0.6619583309691792,5.114057660810684,7.379922563777838,0.7566147778016665,
holo,6BD5,Z9Z,4I4H,7,147.0,0.6587094271931151,4.41362733603449,5.682898348627965,0.8157529981279301,
holo,6BD6,08J,5TE8,7,148.0,0.8014484093115528,7.494014721449412,12.460626875416345,1.0100195377836396,
holo,6BD6,08Y,3UA1,7,147.0,0.5099303266765846,1.1418211682914834,2.1658672696480386,0.7743053277935402,
holo,6BD6,1RD,4K9T,7,146.0,0.5395447587808867,4.553401200656213,6.100858617827948,0.5346809040150776,
holo,6BD6,2QH,4NY4,7,147.0,0.5153223288309229,0.7000940064970129,0.9139260208729688,0.47259799477835884,
holo,6BD6,5AW,4K9U,1,,,,,,span < 4 residues in common
holo,6BD6,6AW,4K9V,7,146.0,0.33835048616828367,1.1613488761763062,1.9181700858726807,0.4777232894473578,
holo,6BD6,7AW,4K9W,7,148.0,0.8208566933536748,4.028192325406158,5.572816878799216,0.704347825215032,
holo,6BD6,8AW,4K9X,5,147.0,0.5290455801673528,4.172104887958401,5.338212253382054,0.4897024687762157,
holo,6BD6,A1A06,9COS,0,,,,,,span < 4 residues in common
holo,6BD6,A1A07,9COR,1,,,,,,span < 4 residues in common
holo,6BD6,A1A08,9COT,0,,,,,,span < 4 residues in common
holo,6BD6,A1A4K,9COX,0,,,,,,span < 4 residues in common
holo,6BD6,A1A4S,9COV,0,,,,,,span < 4 residues in common
holo,6BD6,A1A4T,9COY,0,,,,,,span < 4 residues in common
holo,6BD6,A1A4U,9COU,0,,,,,,span < 4 residues in common
holo,6BD6,A1A4V,9COW,0,,,,,,span < 4 residues in common
holo,6BD6,A1APA,9BBB,1,,,,,,span < 4 residues in common
holo,6BD6,A1ASO,9BVC,7,148.0,0.4054086228151561,0.83810285306444,1.8446632162049645,0.5620476315574631,
holo,6BD6,A1ASP,9BVB,7,148.0,0.42075552005752836,0.9169240270251218,1.9569379969870966,0.6024381264525854,
holo,6BD6,A1ASQ,9BVA,7,148.0,0.41161941317761813,0.9270294404304668,1.871940257540643,0.5962672553588341,
holo,6BD6,A1ASR,9BV9,7,148.0,0.4392930953007703,0.9355761874042157,1.9881513160000353,0.615044428575212,
holo,6BD6,A1ASS,9BV8,7,148.0,0.42695584316845236,0.9141798313378503,1.5395247069172002,0.6359958133619978,
holo,6BD6,A1AST,9BV7,7,148.0,0.42870054680973674,0.9064542404305534,1.9272989836952465,0.588670463999236,
holo,6BD6,A1ASU,9BV6,6,148.0,0.3682533772703934,3.8458982017115373,5.707271331622964,0.48295764860256263,
holo,6BD6,A1ASV,9BV5,7,148.0,0.5450289777771483,0.8258508371740735,1.5750720428347753,0.6254677483988754,
holo,6BD6,A1BNX,9MS1,2,,,,,,span < 4 residues in common
holo,6BD6,A1CIW,9PLK,4,148.0,0.5476340513826121,4.884469721843418,6.714302153094721,0.9285327490465011,
holo,6BD6,CFF,8SO1,7,148.0,0.44321704031278447,1.1642723374563995,1.9517523798229213,0.7898783706492479,
holo,6BD6,CL6,8SPD,7,148.0,0.5729283951008686,7.43057241110123,8.865595898382196,0.7259765530913906,
holo,6BD6,D0R,3TJS,2,,,,,,span < 4 residues in common
holo,6BD6,D7J,6BD7,7,148.0,0.3440866575887286,0.8455684491585094,1.5781823386024858,0.5263361261629856,
holo,6BD6,D7M,6BD5,7,148.0,0.28658871010080705,1.0089293498741678,1.9133509244302347,0.4930025472102116,
holo,6BD6,D7Y,6BCZ,7,148.0,0.31274818278214506,0.8734891049914341,1.7323148555008518,0.5497851387617009,
holo,6BD6,D81,6BD8,7,148.0,0.25543720625776983,0.8337647635657423,1.4937193410670782,0.32393775484670895,
holo,6BD6,DEJ,6BDI,7,148.0,0.34748223965406017,0.9045518591611571,1.7545240497720636,0.5366141323904017,
holo,6BD6,DEV,6BDH,0,,,,,,span < 4 residues in common
holo,6BD6,DJ1,6BDK,7,148.0,0.3472286253566376,0.9109268221165164,1.7558703362185533,0.5057407520851926,
holo,6BD6,ERY,2J0D,4,148.0,0.732397512296991,5.885791491922098,8.061459175756147,1.0447508224118751,
holo,6BD6,FZV,6DAC,4,148.0,0.26978900579826276,1.8376954749216632,3.53072423539074,0.35372031977285945,
holo,6BD6,G0D,6DA2,3,,,,,,span < 4 residues in common
holo,6BD6,G0J,6DA8,1,,,,,,span < 4 residues in common
holo,6BD6,G0M,6DAA,1,,,,,,span < 4 residues in common
holo,6BD6,G0V,6DAB,0,,,,,,span < 4 residues in common
holo,6BD6,G1J,6DA5,1,,,,,,span < 4 residues in common
holo,6BD6,J9K,4D78,7,146.0,0.4065223164496452,3.997414442887908,5.7383469718103495,0.43388038613697233,
holo,6BD6,KLN,2V0M,7,146.0,0.6384604859219634,4.566506621636492,6.109691964202706,0.6504698887656017,
holo,6BD6,MF8,5G5J,7,147.0,0.5426495835581537,0.9786771959578646,1.906295149674011,0.7515965426780885,
holo,6BD6,MWS,6OOB,7,148.0,0.49093945629698005,1.2571378486897682,2.237997095551125,0.8930200680236778,
holo,6BD6,MWV,6OO9,7,148.0,0.5219576059521441,1.1223301378889665,2.0830898398109836,0.804458518446659,
holo,6BD6,MWY,6OOA,1,,,,,,span < 4 residues in common
holo,6BD6,MYT,1W0G,7,146.0,0.6258279083009884,0.9169560529778756,1.3989047501992347,0.7408271919861297,
holo,6BD6,NH0,7UF9,0,,,,,,span < 4 residues in common
holo,6BD6,NI6,7UFA,7,147.0,0.2762610442517427,7.1285908811669145,8.608034774549127,0.33159068550487647,
holo,6BD6,NJ0,7UFB,7,148.0,0.3561399068397988,0.9890359610961019,1.7769461104275914,0.5853328069198601,
holo,6BD6,NJO,7UFC,7,148.0,0.3570198059945917,0.5820829435494961,0.8299350208564769,0.4435252273943847,
holo,6BD6,NXR,7UFE,7,148.0,0.7081565154473818,3.9777097378863253,5.622925787713126,0.6223997993551442,
holo,6BD6,NYF,7UFF,7,148.0,0.7085782052739255,4.00027997734876,5.666410950553564,0.6194855638877529,
holo,6BD6,PG0,9BV6,6,148.0,0.3682533772703934,3.8458982017115373,5.707271331622964,0.48295764860256263,
holo,6BD6,PG4,9YK4,7,148.0,0.4061724260141686,1.036721723468183,1.968388730030981,0.675141672964457,
holo,6BD6,PK9,4D6Z,7,146.0,0.41643554334230976,1.0719899594086781,1.9866612160937775,0.6643932142260044,
holo,6BD6,PKT,4D7D,7,147.0,0.49974815038208775,3.627369191127293,6.327582994847151,0.47605440579366604,
holo,6BD6,QDJ,6UNL,0,,,,,,span < 4 residues in common
holo,6BD6,QDP,6UNM,0,,,,,,span < 4 residues in common
holo,6BD6,QDV,6UNI,0,,,,,,span < 4 residues in common
holo,6BD6,QDY,6UNJ,7,147.0,0.722366722112608,4.393997448084867,6.4348055963162745,0.6808100138952731,
holo,6BD6,QE4,6UNK,3,,,,,,span < 4 residues in common
holo,6BD6,QEA,6UNH,4,147.0,0.42197882327494585,0.5494021298288906,0.9527712273845591,0.2727207461301939,
holo,6BD6,QEP,6UNG,4,148.0,0.30883166362467385,0.40435628024321457,0.5182363661557369,0.32496124848707025,
holo,6BD6,QES,6UNE,4,148.0,0.1873083603673244,0.451427762897023,0.495430905338929,0.22560857578943658,
holo,6BD6,RIT,3NXU,7,147.0,0.825872191200179,3.9844704264137234,5.330743916547475,0.72925172131688,
holo,6BD6,T0K,7UFD,7,148.0,0.35549875203148124,0.6833265049263578,0.801046703815811,0.5130211448742688,
holo,6BD6,TCI,9PLJ,7,148.0,0.45929059750839896,1.2193028419991603,2.2578571619898136,0.8472838013402669,
holo,6BD6,X5Y,7KVH,7,147.0,0.6246652981658637,4.27903444454817,6.271617865732494,0.5835822478740473,
holo,6BD6,X6J,7KVP,3,,,,,,span < 4 residues in common
holo,6BD6,X6S,7KVO,7,148.0,0.6664078297138845,3.861457526040556,5.600493495309314,0.6331104386309061,
holo,6BD6,X6V,7KVN,7,146.0,0.6183273179400874,4.065199515307862,5.865743441553834,0.5814841571059847,
holo,6BD6,X71,7KVM,2,,,,,,span < 4 residues in common
holo,6BD6,X74,7KVS,7,148.0,0.7013451162798578,3.912276612723688,5.768801276446754,0.6563178942670983,
holo,6BD6,X7D,7KVQ,7,147.0,0.6258200004307997,3.849895875044325,5.703284451733537,0.5941312358057915,
holo,6BD6,X7J,7KVK,7,148.0,0.7458362490613056,3.9637624113620715,5.728587010374685,0.6963759511880188,
holo,6BD6,X7M,7KVJ,0,,,,,,span < 4 residues in common
holo,6BD6,X7P,7KVI,1,,,,,,span < 4 residues in common
holo,6BD6,Y83,6BDM,4,148.0,0.2829602225708605,2.630592196440769,4.6145946346016995,0.4833654812673892,
holo,6BD6,YNV,7LXL,2,,,,,,span < 4 residues in common
holo,6BD6,Z8Z,4I4G,7,147.0,0.5526569929414972,4.614253796089023,6.5792103606541055,0.5332812405998428,
holo,6BD6,Z9Z,4I4H,7,147.0,0.5560675238928099,3.987789345392547,5.712183992195344,0.5843136972858193,
holo,6BD7,08J,5TE8,7,150.0,0.7063969864501695,7.321834163593756,12.062352607500904,0.7010257202832305,
holo,6BD7,08Y,3UA1,7,148.0,0.5093737353807273,0.48301631366674935,0.6954788612625332,0.4011153976469123,
holo,6BD7,1RD,4K9T,7,146.0,0.6347230218481444,4.480233651504521,6.405365953425228,0.7268845765828407,
holo,6BD7,2QH,4NY4,7,149.0,0.6647648513900168,0.9993237442841674,1.8135830131261024,0.40657710771598343,
holo,6BD7,5AW,4K9U,1,,,,,,span < 4 residues in common
holo,6BD7,6AW,4K9V,7,146.0,0.3359081412609956,1.0004381489515646,2.261681371680809,0.21683546911548837,
holo,6BD7,7AW,4K9W,7,148.0,0.9768020915210969,4.511975060196645,5.67964154546198,1.0314037975263757,
holo,6BD7,80K,6BD6,7,148.0,0.3440866575887328,0.8455684491585141,1.5781823386024885,0.5263361261629885,
holo,6BD7,8AW,4K9X,5,147.0,0.6794722305560309,4.639806284287329,5.450781563789287,0.7630778562962537,
holo,6BD7,A1A06,9COS,0,,,,,,span < 4 residues in common
holo,6BD7,A1A07,9COR,1,,,,,,span < 4 residues in common
holo,6BD7,A1A08,9COT,0,,,,,,span < 4 residues in common
holo,6BD7,A1A4K,9COX,0,,,,,,span < 4 residues in common
holo,6BD7,A1A4S,9COV,0,,,,,,span < 4 residues in common
holo,6BD7,A1A4T,9COY,0,,,,,,span < 4 residues in common
holo,6BD7,A1A4U,9COU,0,,,,,,span < 4 residues in common
holo,6BD7,A1A4V,9COW,0,,,,,,span < 4 residues in common
holo,6BD7,A1APA,9BBB,1,,,,,,span < 4 residues in common
holo,6BD7,A1ASO,9BVC,7,149.0,0.3802134192050028,0.4215729392388007,0.7007334740643307,0.25530569931304753,
holo,6BD7,A1ASP,9BVB,7,150.0,0.4444418781144318,0.3264927723112257,0.4673953422036447,0.2667183103919094,
holo,6BD7,A1ASQ,9BVA,7,149.0,0.4164746235232904,0.26648620132548556,0.4218456269881554,0.3246352590708418,
holo,6BD7,A1ASR,9BV9,7,150.0,0.439301791976461,0.3367082713774381,0.49353102950538613,0.2718010375278374,
holo,6BD7,A1ASS,9BV8,7,150.0,0.3687675734456484,0.4830683187869586,0.7394412570855403,0.24182955627222946,
holo,6BD7,A1AST,9BV7,7,149.0,0.38671386423173804,0.40581500454735764,0.5619904283701604,0.2586973370232612,
holo,6BD7,A1ASU,9BV6,6,150.0,0.42846841949605824,4.506424674671964,6.225550585043006,0.32569679176590094,
holo,6BD7,A1ASV,9BV5,7,151.0,0.8435262130892901,0.3311960648583834,0.5350169391971429,0.3075409097623863,
holo,6BD7,A1BNX,9MS1,2,,,,,,span < 4 residues in common
holo,6BD7,A1CIW,9PLK,4,151.0,0.5852367443000319,4.9103978964157236,7.107101358054243,0.6106657871522347,
holo,6BD7,CFF,8SO1,7,151.0,0.6050945902095246,0.5882678496746324,0.924889452361131,0.37883590179375726,
holo,6BD7,CL6,8SPD,7,149.0,0.4826393463852268,7.375726418023489,8.960056567821061,0.42736987211961724,
holo,6BD7,D0R,3TJS,2,,,,,,span < 4 residues in common
holo,6BD7,D7M,6BD5,7,149.0,0.35463397295533794,0.3457131659050411,0.474356423136985,0.18536099957948982,
holo,6BD7,D7Y,6BCZ,7,151.0,0.3395135049795176,0.2217340250394134,0.32022273776013654,0.1906202024864003,
holo,6BD7,D81,6BD8,7,149.0,0.4632209005121219,0.48127070146375567,0.6552541103059325,0.5353846826561541,
holo,6BD7,DEJ,6BDI,7,150.0,0.17470470963993395,0.26531653173982844,0.36788883393355476,0.1436822345479305,
holo,6BD7,DEV,6BDH,0,,,,,,span < 4 residues in common
holo,6BD7,DJ1,6BDK,7,150.0,0.18697359487707152,0.22020045402631194,0.34096633672285254,0.17051197283904493,
holo,6BD7,ERY,2J0D,4,150.0,0.7148753817302198,6.1285709539392235,8.329959322928662,0.6974607148870796,
holo,6BD7,FZV,6DAC,4,149.0,0.3942318544428591,2.106199509701668,4.182475986382951,0.34491114394565603,
holo,6BD7,G0D,6DA2,3,,,,,,span < 4 residues in common
holo,6BD7,G0J,6DA8,1,,,,,,span < 4 residues in common
holo,6BD7,G0M,6DAA,1,,,,,,span < 4 residues in common
holo,6BD7,G0V,6DAB,0,,,,,,span < 4 residues in common
holo,6BD7,G1J,6DA5,1,,,,,,span < 4 residues in common
holo,6BD7,J9K,4D78,7,146.0,0.5409772877814301,4.550509739020097,6.487503484900166,0.679208863711582,
holo,6BD7,KLN,2V0M,7,146.0,0.7535185075206514,5.062310845627347,6.5165753503699815,0.9044785951522627,
holo,6BD7,MF8,5G5J,7,148.0,0.5383404067313743,0.2951924323892296,0.41764455932578926,0.32006406876077037,
holo,6BD7,MWS,6OOB,7,150.0,0.39367235180478666,0.5601485696892753,0.8707858474915215,0.5009340999274984,
holo,6BD7,MWV,6OO9,7,150.0,0.59989132766269,0.33275220840345043,0.5003365551323444,0.44708223290316973,
holo,6BD7,MWY,6OOA,1,,,,,,span < 4 residues in common
holo,6BD7,MYT,1W0G,7,146.0,0.5280442988320111,0.5505471458609108,0.8397610671908209,0.34386103852801925,
holo,6BD7,NH0,7UF9,0,,,,,,span < 4 residues in common
holo,6BD7,NI6,7UFA,7,148.0,0.351860947320223,7.137345834331363,8.856055026818042,0.47128602863378477,
holo,6BD7,NJ0,7UFB,7,151.0,0.5472573996143064,0.3950433010159826,0.8123949167147281,0.20753841299731426,
holo,6BD7,NJO,7UFC,7,151.0,0.3493477333620904,0.6205932917597301,0.8793299172637928,0.2946938127699916,
holo,6BD7,NXR,7UFE,7,149.0,0.9610492211647428,4.391873767048318,5.619733717176634,0.9894323874639128,
holo,6BD7,NYF,7UFF,7,149.0,0.9608217022209077,4.413317757684995,5.663578356242281,0.9875660433214476,
holo,6BD7,PG0,9BV6,6,150.0,0.42846841949605824,4.506424674671964,6.225550585043006,0.32569679176590094,
holo,6BD7,PG4,9YK4,7,149.0,0.31789996573813006,0.4098882408713727,0.47596308982438146,0.2691768654521499,
holo,6BD7,PK9,4D6Z,7,146.0,0.2669070833797611,0.38786974780008304,0.4596416085641163,0.25258130675603335,
holo,6BD7,PKT,4D7D,7,147.0,0.6115754523487228,4.209626763317726,7.082619501936937,0.7122236179124509,
holo,6BD7,QDJ,6UNL,0,,,,,,span < 4 residues in common
holo,6BD7,QDP,6UNM,0,,,,,,span < 4 residues in common
holo,6BD7,QDV,6UNI,0,,,,,,span < 4 residues in common
holo,6BD7,QDY,6UNJ,7,147.0,0.8399372442127052,4.459632509862997,6.928520951505498,0.9733185750626172,
holo,6BD7,QE4,6UNK,3,,,,,,span < 4 residues in common
holo,6BD7,QEA,6UNH,4,147.0,0.539537644705219,0.47678279638142806,0.5381812621166004,0.608534462529851,
holo,6BD7,QEP,6UNG,4,149.0,0.45674040430944346,0.3877656920369698,0.5321994024043465,0.6933600158850654,
holo,6BD7,QES,6UNE,4,148.0,0.350188515511504,0.70375739237653,0.8593644199776921,0.512421102961656,
holo,6BD7,RIT,3NXU,7,147.0,0.9785221150509325,4.47676641593908,5.659082030156748,1.0558605300288246,
holo,6BD7,T0K,7UFD,7,151.0,0.3436096096920827,0.7448893264241198,1.024312565194848,0.344121583244945,
holo,6BD7,TCI,9PLJ,7,151.0,0.5658822670129523,0.46153081124416223,0.6880076459353612,0.4573212038462368,
holo,6BD7,X5Y,7KVH,7,147.0,0.7652962777296523,4.7591677288764265,6.342992765480729,0.8918255730110203,
holo,6BD7,X6J,7KVP,3,,,,,,span < 4 residues in common
holo,6BD7,X6S,7KVO,7,150.0,0.9011652858506788,4.254529674312343,5.594323211233876,0.9497576886222062,
holo,6BD7,X6V,7KVN,7,146.0,0.7582810820139106,4.556020799959343,5.899806795706003,0.8851015963808178,
holo,6BD7,X71,7KVM,2,,,,,,span < 4 residues in common
holo,6BD7,X74,7KVS,7,149.0,0.8692954726451898,4.299195253718669,5.785279494734465,0.9454930169341738,
holo,6BD7,X7D,7KVQ,7,147.0,0.7565238914986201,4.312318010797448,5.717464614524669,0.8780250902770316,
holo,6BD7,X7J,7KVK,7,150.0,1.0017014548350713,4.355202687241852,5.728863892751403,1.0445142499563076,
holo,6BD7,X7M,7KVJ,0,,,,,,span < 4 residues in common
holo,6BD7,X7P,7KVI,1,,,,,,span < 4 residues in common
holo,6BD7,Y83,6BDM,4,150.0,0.6107799542723608,2.848949925545417,5.186015894614988,0.769031976471335,
holo,6BD7,YNV,7LXL,2,,,,,,span < 4 residues in common
holo,6BD7,Z8Z,4I4G,7,147.0,0.6890163196960913,5.128969820255793,7.3281948931661915,0.7633463108947487,
holo,6BD7,Z9Z,4I4H,7,147.0,0.680008164396299,4.458609936555356,5.78278580550393,0.831949951933479,
holo,6BD8,08J,5TE8,7,149.0,0.7989129026293237,7.2325929423750965,12.058498522331059,1.0279518650724815,
holo,6BD8,08Y,3UA1,7,147.0,0.4668605726675452,0.6462419208383704,1.061339694571084,0.7926124652084504,
holo,6BD8,1RD,4K9T,7,146.0,0.6139787359908502,4.225355095935458,6.295918017738953,0.6169949594981138,
holo,6BD8,2QH,4NY4,7,147.0,0.5194720779450228,1.1104644229496323,1.6915955370296931,0.3877954816080243,
holo,6BD8,5AW,4K9U,1,,,,,,span < 4 residues in common
holo,6BD8,6AW,4K9V,7,146.0,0.38548719782752106,1.1535024450662164,2.2222745873399203,0.5144007265205117,
holo,6BD8,7AW,4K9W,7,148.0,0.9038827623173262,4.29235061791536,5.530774460202438,0.8052757612982249,
holo,6BD8,80K,6BD6,7,148.0,0.2554372062577712,0.8337647635657425,1.4937193410670784,0.3239377548467039,
holo,6BD8,8AW,4K9X,5,147.0,0.616926880726649,4.397675081867012,5.333421727046985,0.560642215431096,
holo,6BD8,A1A06,9COS,0,,,,,,span < 4 residues in common
holo,6BD8,A1A07,9COR,1,,,,,,span < 4 residues in common
holo,6BD8,A1A08,9COT,0,,,,,,span < 4 residues in common
holo,6BD8,A1A4K,9COX,0,,,,,,span < 4 residues in common
holo,6BD8,A1A4S,9COV,0,,,,,,span < 4 residues in common
holo,6BD8,A1A4T,9COY,0,,,,,,span < 4 residues in common
holo,6BD8,A1A4U,9COU,0,,,,,,span < 4 residues in common
holo,6BD8,A1A4V,9COW,0,,,,,,span < 4 residues in common
holo,6BD8,A1APA,9BBB,1,,,,,,span < 4 residues in common
holo,6BD8,A1ASO,9BVC,7,148.0,0.40240742178209554,0.5981121940536833,0.8856541535096721,0.4970556773116739,
holo,6BD8,A1ASP,9BVB,7,149.0,0.45516802057986644,0.6461700410992292,0.9571317433685507,0.5621106185711617,
holo,6BD8,A1ASQ,9BVA,7,149.0,0.4459939024953017,0.6054731516454162,0.756325589283931,0.5427817892871067,
holo,6BD8,A1ASR,9BV9,7,149.0,0.4688439620480388,0.6671609084632868,0.9856066168670734,0.5709838704581889,
holo,6BD8,A1ASS,9BV8,7,149.0,0.4582462250843991,0.6998146368347518,0.8408964441192709,0.6090866906147127,
holo,6BD8,A1AST,9BV7,7,149.0,0.47043315069695957,0.6470400632392316,1.086449829495745,0.5363058300534117,
holo,6BD8,A1ASU,9BV6,6,149.0,0.4519538240243944,4.329133030664358,5.86770835559539,0.4496446144011529,
holo,6BD8,A1ASV,9BV5,7,149.0,0.5045459770377082,0.5177460413163344,0.6660905932414322,0.5830555156379001,
holo,6BD8,A1BNX,9MS1,2,,,,,,span < 4 residues in common
holo,6BD8,A1CIW,9PLK,4,149.0,0.5624911182738734,4.772752708787791,7.023113476698172,0.9293407904382225,
holo,6BD8,CFF,8SO1,7,149.0,0.4357699213404012,0.8731258917300705,1.2590820923695165,0.8008206356899791,
holo,6BD8,CL6,8SPD,7,149.0,0.5999073593443857,7.1451727483875125,8.918328859865174,0.7140971567437412,
holo,6BD8,D0R,3TJS,2,,,,,,span < 4 residues in common
holo,6BD8,D7J,6BD7,7,149.0,0.46322090051212017,0.4812707014637576,0.6552541103059363,0.5353846826561529,
holo,6BD8,D7M,6BD5,7,149.0,0.30462133995057616,0.5231397173459669,0.6264026486012265,0.48556156040035875,
holo,6BD8,D7Y,6BCZ,7,149.0,0.32378205736265747,0.46206805026788633,0.5801521581360655,0.5918301809348266,
holo,6BD8,DEJ,6BDI,7,148.0,0.33505650317309593,0.47328013399026764,0.6221165660400662,0.5072456134803197,
holo,6BD8,DEV,6BDH,0,,,,,,span < 4 residues in common
holo,6BD8,DJ1,6BDK,7,148.0,0.32921180137128314,0.48224177517713557,0.7042493845041545,0.46456323624868123,
holo,6BD8,ERY,2J0D,4,149.0,0.7257129398680658,5.922858754500856,7.978588056046797,1.030853033175424,
holo,6BD8,FZV,6DAC,4,149.0,0.2671881634774826,2.1103985609382523,4.089415123789065,0.4184570967056896,
holo,6BD8,G0D,6DA2,3,,,,,,span < 4 residues in common
holo,6BD8,G0J,6DA8,1,,,,,,span < 4 residues in common
holo,6BD8,G0M,6DAA,1,,,,,,span < 4 residues in common
holo,6BD8,G0V,6DAB,0,,,,,,span < 4 residues in common
holo,6BD8,G1J,6DA5,1,,,,,,span < 4 residues in common
holo,6BD8,J9K,4D78,7,146.0,0.47745037175899696,4.330025453295674,6.183466244720349,0.5170409122390189,
holo,6BD8,KLN,2V0M,7,146.0,0.7075508403130101,4.8275001455104505,6.278915152479675,0.7039591510931401,
holo,6BD8,MF8,5G5J,7,147.0,0.5156802654198196,0.6212840374050056,0.8773270150709646,0.766654617179175,
holo,6BD8,MWS,6OOB,7,149.0,0.4775061536562721,0.7964267068160453,1.2225860603109118,0.9080868225577081,
holo,6BD8,MWV,6OO9,7,148.0,0.48259563981477527,0.6865903341078721,0.8832418268351515,0.7858338769604549,
holo,6BD8,MWY,6OOA,1,,,,,,span < 4 residues in common
holo,6BD8,MYT,1W0G,7,146.0,0.6251634451211615,0.7584010561463772,1.1070667529433125,0.6946867808924143,
holo,6BD8,NH0,7UF9,0,,,,,,span < 4 residues in common
holo,6BD8,NI6,7UFA,7,147.0,0.29856682245935956,6.9993134611368015,8.890242849216557,0.35501540030973017,
holo,6BD8,NJ0,7UFB,7,149.0,0.3269943768109468,0.662718589556535,1.1281553379116702,0.5353059816058443,
holo,6BD8,NJO,7UFC,7,149.0,0.406759443143878,0.7760797228372562,0.9411852847992819,0.41111144361783175,
holo,6BD8,NXR,7UFE,7,149.0,0.8259780109458067,4.226014147029497,5.561460924535123,0.7292079527429366,
holo,6BD8,NYF,7UFF,7,149.0,0.8261648205682359,4.246487159460739,5.604318271929112,0.7266018261517769,
holo,6BD8,PG0,9BV6,6,149.0,0.4519538240243944,4.329133030664358,5.86770835559539,0.4496446144011529,
holo,6BD8,PG4,9YK4,7,149.0,0.43540659596847914,0.6240209047837597,0.7326650370206069,0.6609612471719036,
holo,6BD8,PK9,4D6Z,7,146.0,0.37815972667745057,0.6634438692649095,0.7876062681832167,0.636396423094953,
holo,6BD8,PKT,4D7D,7,147.0,0.5846681930031543,4.042741290391267,6.848674323300764,0.5242787092847111,
holo,6BD8,QDJ,6UNL,0,,,,,,span < 4 residues in common
holo,6BD8,QDP,6UNM,0,,,,,,span < 4 residues in common
holo,6BD8,QDV,6UNI,0,,,,,,span < 4 residues in common
holo,6BD8,QDY,6UNJ,7,147.0,0.8031831898141697,4.315182994800125,6.903855086364612,0.7403754059017408,
holo,6BD8,QE4,6UNK,3,,,,,,span < 4 residues in common
holo,6BD8,QEA,6UNH,4,147.0,0.5274234742713797,0.611701581392275,0.8931473116835407,0.4494858697739679,
holo,6BD8,QEP,6UNG,4,148.0,0.39928117729460605,0.353708724213517,0.5375187219033832,0.4231524557292033,
holo,6BD8,QES,6UNE,4,148.0,0.2803348638636062,0.4242898219398591,0.5254381036639459,0.352358846346571,
holo,6BD8,RIT,3NXU,7,147.0,0.9053838905458419,4.27441447567023,5.3932394160045165,0.8244543176165311,
holo,6BD8,T0K,7UFD,7,149.0,0.42780497164337133,0.8635361634134927,1.0465205127524049,0.5007451083802781,
holo,6BD8,TCI,9PLJ,7,149.0,0.44623438130668436,0.6724016871472969,1.0106072289387276,0.8562749176132588,
holo,6BD8,X5Y,7KVH,7,147.0,0.7046722877746209,4.540104092159194,6.231780877438896,0.640856894768703,
holo,6BD8,X6J,7KVP,3,,,,,,span < 4 residues in common
holo,6BD8,X6S,7KVO,7,149.0,0.7327007877412615,4.080645214935278,5.548455253631747,0.6623783855996548,
holo,6BD8,X6V,7KVN,7,146.0,0.6829347974016093,4.341557490711653,5.819018349925539,0.6472714343072827,
holo,6BD8,X71,7KVM,2,,,,,,span < 4 residues in common
holo,6BD8,X74,7KVS,7,148.0,0.7677279908979326,4.103462889376891,5.717882687078501,0.6796962860593266,
holo,6BD8,X7D,7KVQ,7,147.0,0.6879624744011369,4.09895239210651,5.645949655391442,0.6188567400909494,
holo,6BD8,X7J,7KVK,7,149.0,0.830473190530981,4.187123772389009,5.674471035165608,0.7662729754383393,
holo,6BD8,X7M,7KVJ,0,,,,,,span < 4 residues in common
holo,6BD8,X7P,7KVI,1,,,,,,span < 4 residues in common
holo,6BD8,Y83,6BDM,4,148.0,0.357520181270536,2.602638312937923,4.747454173187148,0.5683717343324957,
holo,6BD8,YNV,7LXL,2,,,,,,span < 4 residues in common
holo,6BD8,Z8Z,4I4G,7,147.0,0.633924689241762,4.910712590225903,7.0758371321252085,0.5811765851858435,
holo,6BD8,Z9Z,4I4H,7,147.0,0.6382629992749408,4.255278794329014,5.646031880278592,0.6398070972622535,
holo,6BDI,08J,5TE8,7,149.0,0.6790753337341533,7.258170934247542,12.095924562652693,0.6978464420344408,
holo,6BDI,08Y,3UA1,7,148.0,0.47653531842789343,0.40908713633948796,0.703238181498097,0.4208047451409881,
holo,6BDI,1RD,4K9T,7,146.0,0.6320162446494888,4.410927249557177,6.289760252000243,0.7282756874400204,
holo,6BDI,2QH,4NY4,7,149.0,0.6828264078032641,1.017225911358423,1.9581924392788845,0.4053931936264513,
holo,6BDI,5AW,4K9U,1,,,,,,span < 4 residues in common
holo,6BDI,6AW,4K9V,7,146.0,0.33115917928032984,0.984330482405583,2.042892507336161,0.25183250183594286,
holo,6BDI,7AW,4K9W,7,148.0,0.9694188479450991,4.42213642974353,5.591197695721567,1.0350084232792351,
holo,6BDI,80K,6BD6,7,148.0,0.34748223965406005,0.9045518591611519,1.7545240497720558,0.5366141323904037,
holo,6BDI,8AW,4K9X,5,147.0,0.6715190225132501,4.586516625743011,5.401973111273189,0.7695210361877403,
holo,6BDI,A1A06,9COS,0,,,,,,span < 4 residues in common
holo,6BDI,A1A07,9COR,1,,,,,,span < 4 residues in common
holo,6BDI,A1A08,9COT,0,,,,,,span < 4 residues in common
holo,6BDI,A1A4K,9COX,0,,,,,,span < 4 residues in common
holo,6BDI,A1A4S,9COV,0,,,,,,span < 4 residues in common
holo,6BDI,A1A4T,9COY,0,,,,,,span < 4 residues in common
holo,6BDI,A1A4U,9COU,0,,,,,,span < 4 residues in common
holo,6BDI,A1A4V,9COW,0,,,,,,span < 4 residues in common
holo,6BDI,A1APA,9BBB,1,,,,,,span < 4 residues in common
holo,6BDI,A1ASO,9BVC,7,149.0,0.36089665249707636,0.5344590322575238,0.891472366978368,0.25772524950517345,
holo,6BDI,A1ASP,9BVB,7,149.0,0.3957597972085073,0.43113786316203634,0.6321997436555736,0.26770172109172236,
holo,6BDI,A1ASQ,9BVA,7,148.0,0.3575421276209378,0.4105372831685231,0.572963785529685,0.32736217037744175,
holo,6BDI,A1ASR,9BV9,7,149.0,0.38978177660441643,0.45242373140357567,0.653608266443165,0.2705082926632974,
holo,6BDI,A1ASS,9BV8,7,149.0,0.31271366411657564,0.3547337957446904,0.5441867391175305,0.21779468187837012,
holo,6BDI,A1AST,9BV7,7,148.0,0.35345644343485993,0.500718729228182,0.7055155071912905,0.2631255666716105,
holo,6BDI,A1ASU,9BV6,6,149.0,0.38087939317534497,4.541833589434007,6.1780297611096175,0.3265333188766484,
holo,6BDI,A1ASV,9BV5,7,150.0,0.7371896332361816,0.3324061480638226,0.4894644448527607,0.34365308452757964,
holo,6BDI,A1BNX,9MS1,2,,,,,,span < 4 residues in common
holo,6BDI,A1CIW,9PLK,4,150.0,0.5600784128240404,4.790096776010938,6.963020995135266,0.6196902726329747,
holo,6BDI,CFF,8SO1,7,150.0,0.5562710534990453,0.5069173290491111,0.8974547883176377,0.4241818945510979,
holo,6BDI,CL6,8SPD,7,148.0,0.4516416154670052,7.27309159994978,8.814587007025716,0.44075961812285025,
holo,6BDI,D0R,3TJS,2,,,,,,span < 4 residues in common
holo,6BDI,D7J,6BD7,7,150.0,0.17470470963993495,0.2653165317398312,0.3678888339335584,0.1436822345479312,
holo,6BDI,D7M,6BD5,7,148.0,0.22205832645571322,0.2119398721981921,0.3462696212637266,0.1816119685616507,
holo,6BDI,D7Y,6BCZ,7,150.0,0.1950837630629937,0.12192999061245685,0.2093319056283145,0.22321617950748607,
holo,6BDI,D81,6BD8,7,148.0,0.3350565031730938,0.47328013399026725,0.6221165660400675,0.5072456134803203,
holo,6BDI,DEV,6BDH,0,,,,,,span < 4 residues in common
holo,6BDI,DJ1,6BDK,7,150.0,0.14785840970660466,0.1548382169694237,0.21165866057911034,0.1373660394867732,
holo,6BDI,ERY,2J0D,4,149.0,0.6751800314397374,5.972619585385129,8.098555050434769,0.7087215759770148,
holo,6BDI,FZV,6DAC,4,148.0,0.23134554625385254,2.2800921166637425,4.546911122581813,0.35950653038379143,
holo,6BDI,G0D,6DA2,3,,,,,,span < 4 residues in common
holo,6BDI,G0J,6DA8,1,,,,,,span < 4 residues in common
holo,6BDI,G0M,6DAA,1,,,,,,span < 4 residues in common
holo,6BDI,G0V,6DAB,0,,,,,,span < 4 residues in common
holo,6BDI,G1J,6DA5,1,,,,,,span < 4 residues in common
holo,6BDI,J9K,4D78,7,146.0,0.5281853559344292,4.481425113022048,6.260392109530475,0.681147178288366,
holo,6BDI,KLN,2V0M,7,146.0,0.7532710773435743,4.989906670892007,6.422304275976793,0.9037903163291024,
holo,6BDI,MF8,5G5J,7,148.0,0.5215000430308717,0.3441967227131731,0.5883055372287438,0.36264002195929973,
holo,6BDI,MWS,6OOB,7,149.0,0.3319854265304629,0.545442181493303,0.9456867060626488,0.5194621016464906,
holo,6BDI,MWV,6OO9,7,150.0,0.5825673851307458,0.3352766805270695,0.46998220085924186,0.46282813862323474,
holo,6BDI,MWY,6OOA,1,,,,,,span < 4 residues in common
holo,6BDI,MYT,1W0G,7,146.0,0.517615351669521,0.4769600333868077,0.7314410918184877,0.3561652629133668,
holo,6BDI,NH0,7UF9,0,,,,,,span < 4 residues in common
holo,6BDI,NI6,7UFA,7,148.0,0.32541348324205144,7.049724939138558,8.74226649512707,0.4650739574404299,
holo,6BDI,NJ0,7UFB,7,150.0,0.4780800912974884,0.3113231869144386,0.7169911329870516,0.20782294349826785,
holo,6BDI,NJO,7UFC,7,150.0,0.33377210222303744,0.6537659565165905,1.068657917234782,0.28662059988894706,
holo,6BDI,NXR,7UFE,7,148.0,0.8229613753026962,4.355186191360559,5.582968777945445,0.9393136021029729,
holo,6BDI,NYF,7UFF,7,148.0,0.8231647087016851,4.376526354706271,5.626765886267529,0.9375756123538169,
holo,6BDI,PG0,9BV6,6,149.0,0.38087939317534497,4.541833589434007,6.1780297611096175,0.3265333188766484,
holo,6BDI,PG4,9YK4,7,148.0,0.270658951590814,0.23702382426099552,0.3801016436432063,0.27416056443466846,
holo,6BDI,PK9,4D6Z,7,146.0,0.23492527898570206,0.2615869788329061,0.43317040129360673,0.24840628071766502,
holo,6BDI,PKT,4D7D,7,147.0,0.622466548860155,4.153656617094728,6.851904244321588,0.7097706855598707,
holo,6BDI,QDJ,6UNL,0,,,,,,span < 4 residues in common
holo,6BDI,QDP,6UNM,0,,,,,,span < 4 residues in common
holo,6BDI,QDV,6UNI,0,,,,,,span < 4 residues in common
holo,6BDI,QDY,6UNJ,7,147.0,0.8503225309112803,4.369272970144612,6.749754627506777,0.9735114047797135,
holo,6BDI,QE4,6UNK,3,,,,,,span < 4 residues in common
holo,6BDI,QEA,6UNH,4,147.0,0.555479033813443,0.33861268519547605,0.4926433901432002,0.6275638004789424,
holo,6BDI,QEP,6UNG,4,149.0,0.47038159623239634,0.2703562081463747,0.29069044723436027,0.6986662785733329,
holo,6BDI,QES,6UNE,4,148.0,0.3472472014699984,0.593298965455617,0.702900664323348,0.5265291991166934,
holo,6BDI,RIT,3NXU,7,147.0,0.9693183173743385,4.390724009250695,5.431658247652948,1.0572236989152952,
holo,6BDI,T0K,7UFD,7,150.0,0.32960319952867245,0.7325052062170865,1.2181562544263211,0.3396488638726096,
holo,6BDI,TCI,9PLJ,7,150.0,0.5272424619271213,0.4770013008944518,0.673172501832198,0.48946214440571245,
holo,6BDI,X5Y,7KVH,7,147.0,0.7641833875666261,4.674752518749623,6.292856554413688,0.892318667599855,
holo,6BDI,X6J,7KVP,3,,,,,,span < 4 residues in common
holo,6BDI,X6S,7KVO,7,149.0,0.8129452845308431,4.209049133757781,5.556117649488184,0.9072915830176502,
holo,6BDI,X6V,7KVN,7,146.0,0.7564586849525995,4.46987376824062,5.848284397664557,0.8852535706562865,
holo,6BDI,X71,7KVM,2,,,,,,span < 4 residues in common
holo,6BDI,X74,7KVS,7,149.0,0.8675086419886531,4.209756555634993,5.733748292033074,0.9465388091665532,
holo,6BDI,X7D,7KVQ,7,147.0,0.7496874625943476,4.226855348399501,5.665666333534323,0.8776360483945337,
holo,6BDI,X7J,7KVK,7,149.0,0.9178038374196225,4.313592943805746,5.691663703097992,0.9976664587845634,
holo,6BDI,X7M,7KVJ,0,,,,,,span < 4 residues in common
holo,6BDI,X7P,7KVI,1,,,,,,span < 4 residues in common
holo,6BDI,Y83,6BDM,4,150.0,0.611554551683854,2.7608662433086755,5.090529549367463,0.7729757439995564,
holo,6BDI,YNV,7LXL,2,,,,,,span < 4 residues in common
holo,6BDI,Z8Z,4I4G,7,147.0,0.6868798771391065,5.054819710697686,7.098099893042645,0.7668912277228084,
holo,6BDI,Z9Z,4I4H,7,147.0,0.6794794754812209,4.3823244585167656,5.7337266455968745,0.8307761606069574,
holo,6BDK,08J,5TE8,7,149.0,0.6632239139720539,7.329116051547549,12.11218034903914,0.6726448790672954,
holo,6BDK,08Y,3UA1,7,148.0,0.469133876011381,0.42122440796200317,0.7528335007316725,0.41072481083297535,
holo,6BDK,1RD,4K9T,7,146.0,0.6455538996290261,4.458673573308613,6.374225610918458,0.74872871187473,
holo,6BDK,2QH,4NY4,7,149.0,0.6742792387899404,1.073651176146436,1.9869904915171563,0.38609397150594277,
holo,6BDK,5AW,4K9U,1,,,,,,span < 4 residues in common
holo,6BDK,6AW,4K9V,7,146.0,0.33814184021024063,1.0386734103247095,2.162178852366239,0.2541294657179828,
holo,6BDK,7AW,4K9W,7,148.0,0.9799209468122371,4.437051262151261,5.522909088442564,1.044895589088321,
holo,6BDK,80K,6BD6,7,148.0,0.3472286253566369,0.9109268221165181,1.7558703362185586,0.5057407520851923,
holo,6BDK,8AW,4K9X,5,147.0,0.6821837416983261,4.596180601415706,5.319020266232395,0.7818996869733053,
holo,6BDK,A1A06,9COS,0,,,,,,span < 4 residues in common
holo,6BDK,A1A07,9COR,1,,,,,,span < 4 residues in common
holo,6BDK,A1A08,9COT,0,,,,,,span < 4 residues in common
holo,6BDK,A1A4K,9COX,0,,,,,,span < 4 residues in common
holo,6BDK,A1A4S,9COV,0,,,,,,span < 4 residues in common
holo,6BDK,A1A4T,9COY,0,,,,,,span < 4 residues in common
holo,6BDK,A1A4U,9COU,0,,,,,,span < 4 residues in common
holo,6BDK,A1A4V,9COW,0,,,,,,span < 4 residues in common
holo,6BDK,A1APA,9BBB,1,,,,,,span < 4 residues in common
holo,6BDK,A1ASO,9BVC,7,149.0,0.34927546170188917,0.4486531572081326,0.7430430872253476,0.2142225015704869,
holo,6BDK,A1ASP,9BVB,7,149.0,0.3814192625824244,0.33143543950333976,0.5108099066470065,0.23993431391200873,
holo,6BDK,A1ASQ,9BVA,7,148.0,0.34870934102565,0.31274912041146274,0.4115154734482194,0.29677918420951455,
holo,6BDK,A1ASR,9BV9,7,149.0,0.37531024606418034,0.3506462386868995,0.5363731479432267,0.2444513729520372,
holo,6BDK,A1ASS,9BV8,7,149.0,0.30661513856517764,0.4432605837024093,0.6734848543554667,0.2368281832451302,
holo,6BDK,A1AST,9BV7,7,148.0,0.33575963190001634,0.42670080516748526,0.6203398501392116,0.2627370453945624,
holo,6BDK,A1ASU,9BV6,6,149.0,0.38802426487154296,4.5720576541771,6.168285889842581,0.3248867649786467,
holo,6BDK,A1ASV,9BV5,7,150.0,0.7215031031531969,0.3245823165791374,0.4540771114524338,0.3440026262526833,
holo,6BDK,A1BNX,9MS1,2,,,,,,span < 4 residues in common
holo,6BDK,A1CIW,9PLK,4,150.0,0.5395215343691298,4.913589305318308,7.067750954000195,0.5906852050090345,
holo,6BDK,CFF,8SO1,7,150.0,0.5497337962690579,0.5321543274196148,0.9278287844289782,0.41635729150397527,
holo,6BDK,CL6,8SPD,7,148.0,0.42723796258914015,7.354310780926564,8.929115263624002,0.39786875442514025,
holo,6BDK,D0R,3TJS,2,,,,,,span < 4 residues in common
holo,6BDK,D7J,6BD7,7,150.0,0.18697359487706997,0.2202004540263114,0.34096633672285664,0.17051197283904487,
holo,6BDK,D7M,6BD5,7,148.0,0.23363050503589208,0.24234698366274998,0.34763488328498987,0.17960730383966234,
holo,6BDK,D7Y,6BCZ,7,150.0,0.202385878549986,0.1252039089001778,0.21281372650824604,0.22518596052568673,
holo,6BDK,D81,6BD8,7,148.0,0.3292118013712853,0.48224177517713895,0.7042493845041501,0.464563236248682,
holo,6BDK,DEJ,6BDI,7,150.0,0.14785840970660502,0.1548382169694209,0.2116586605791056,0.1373660394867703,
holo,6BDK,DEV,6BDH,0,,,,,,span < 4 residues in common
holo,6BDK,ERY,2J0D,4,149.0,0.6578955099995181,6.115217761136095,8.241713794187023,0.6874272261817901,
holo,6BDK,FZV,6DAC,4,148.0,0.2203050295686992,2.2838584146272844,4.554040943000171,0.3243868606852395,
holo,6BDK,G0D,6DA2,3,,,,,,span < 4 residues in common
holo,6BDK,G0J,6DA8,1,,,,,,span < 4 residues in common
holo,6BDK,G0M,6DAA,1,,,,,,span < 4 residues in common
holo,6BDK,G0V,6DAB,0,,,,,,span < 4 residues in common
holo,6BDK,G1J,6DA5,1,,,,,,span < 4 residues in common
holo,6BDK,J9K,4D78,7,146.0,0.5422603971519179,4.484308686695634,6.314294056050326,0.697289476519942,
holo,6BDK,KLN,2V0M,7,146.0,0.765337391582895,4.992127980765099,6.44866672740606,0.9162437528772859,
holo,6BDK,MF8,5G5J,7,148.0,0.5018905897012718,0.3418381833658094,0.564883927322246,0.36401166884821773,
holo,6BDK,MWS,6OOB,7,149.0,0.32328962666256356,0.559520709311583,0.9630025187801622,0.5112369274633851,
holo,6BDK,MWV,6OO9,7,150.0,0.5627256355518191,0.3671889830088104,0.5065466801204674,0.4367617415505858,
holo,6BDK,MWY,6OOA,1,,,,,,span < 4 residues in common
holo,6BDK,MYT,1W0G,7,146.0,0.5077200697294723,0.5818151116260295,0.8477460174352185,0.3772462337368922,
holo,6BDK,NH0,7UF9,0,,,,,,span < 4 residues in common
holo,6BDK,NI6,7UFA,7,148.0,0.33477258148478284,7.1299735564567746,8.85662209346323,0.4702108926126543,
holo,6BDK,NJ0,7UFB,7,150.0,0.47366900512841914,0.35848848308857245,0.8068963992722533,0.17684698265277757,
holo,6BDK,NJO,7UFC,7,150.0,0.3381247438214141,0.7129959785247141,1.1501200912217855,0.2915638084587499,
holo,6BDK,NXR,7UFE,7,148.0,0.8352137853173783,4.369686361052267,5.48512953050158,0.9505750625630174,
holo,6BDK,NYF,7UFF,7,148.0,0.8351289518466587,4.391055329346059,5.528931605801805,0.9486636643167379,
holo,6BDK,PG0,9BV6,6,149.0,0.38802426487154296,4.5720576541771,6.168285889842581,0.3248867649786467,
holo,6BDK,PG4,9YK4,7,148.0,0.27009685850060816,0.29459066397026157,0.4531472940220772,0.26913628200614587,
holo,6BDK,PK9,4D6Z,7,146.0,0.22407878826412345,0.3091323575211515,0.4848142579441592,0.2456010910368122,
holo,6BDK,PKT,4D7D,7,147.0,0.6279092574286615,4.166655838892287,6.913811524557923,0.7199371975881831,
holo,6BDK,QDJ,6UNL,0,,,,,,span < 4 residues in common
holo,6BDK,QDP,6UNM,0,,,,,,span < 4 residues in common
holo,6BDK,QDV,6UNI,0,,,,,,span < 4 residues in common
holo,6BDK,QDY,6UNJ,7,147.0,0.8651289121654726,4.424255149815185,6.873043605975418,0.9923162515075543,
holo,6BDK,QE4,6UNK,3,,,,,,span < 4 residues in common
holo,6BDK,QEA,6UNH,4,147.0,0.559445615865934,0.30859892377353965,0.37570205887168523,0.6096834660103345,
holo,6BDK,QEP,6UNG,4,149.0,0.47377785645288034,0.2557823304351093,0.2989449610603824,0.6886424628908837,
holo,6BDK,QES,6UNE,4,148.0,0.3465860645833666,0.5947611859142117,0.7456457750250484,0.48807007257224894,
holo,6BDK,RIT,3NXU,7,147.0,0.9874289292847198,4.402571082177365,5.4939834124127245,1.0635668085567243,
holo,6BDK,T0K,7UFD,7,150.0,0.3321204235077196,0.8049445151369253,1.3249269525730314,0.32583743139272314,
holo,6BDK,TCI,9PLJ,7,150.0,0.5173017041892104,0.4568797369639928,0.6844511087102136,0.47457024036374307,
holo,6BDK,X5Y,7KVH,7,147.0,0.7732771483859822,4.684574770984348,6.20277417975366,0.8992078111727433,
holo,6BDK,X6J,7KVP,3,,,,,,span < 4 residues in common
holo,6BDK,X6S,7KVO,7,149.0,0.8233911028186351,4.219096035944566,5.4597970336211645,0.9123752380059098,
holo,6BDK,X6V,7KVN,7,146.0,0.7674833952882528,4.479953424450863,5.753323663939463,0.8959448463282281,
holo,6BDK,X71,7KVM,2,,,,,,span < 4 residues in common
holo,6BDK,X74,7KVS,7,149.0,0.8790704672594258,4.2076811070984235,5.638572347822407,0.9533219338779293,
holo,6BDK,X7D,7KVQ,7,147.0,0.7598375260683606,4.236243862401444,5.568365764545362,0.8841782328297385,
holo,6BDK,X7J,7KVK,7,149.0,0.9279279729346608,4.32373351496037,5.5962529347169045,1.0095674750571662,
holo,6BDK,X7M,7KVJ,0,,,,,,span < 4 residues in common
holo,6BDK,X7P,7KVI,1,,,,,,span < 4 residues in common
holo,6BDK,Y83,6BDM,4,150.0,0.609820688026847,2.784384686858802,5.098425698467183,0.784061655611307,
holo,6BDK,YNV,7LXL,2,,,,,,span < 4 residues in common
holo,6BDK,Z8Z,4I4G,7,147.0,0.7008925386522409,5.058863186629145,7.1679766800446965,0.7848738820748676,
holo,6BDK,Z9Z,4I4H,7,147.0,0.6909207141800278,4.386025875026849,5.643505813051513,0.8420202530889969,
holo,6MA6,08J,5TE8,7,150.0,0.69300869112811,7.267840132038356,11.986060462478726,0.6895204947276201,
holo,6MA6,08Y,3UA1,7,148.0,0.4581458134325342,0.5329447829956433,0.7171931530693679,0.44141897255194973,
holo,6MA6,1RD,4K9T,7,146.0,0.6665951567623973,4.538096964082334,6.318122236646026,0.8562995621886492,
holo,6MA6,2QH,4NY4,7,149.0,0.5179910032483169,0.8966696519547608,1.7137375450298993,0.4372853631028794,
holo,6MA6,5AW,4K9U,1,,,,,,span < 4 residues in common
holo,6MA6,6AW,4K9V,7,146.0,0.3425590485585618,0.8823694554056013,2.0414854427388294,0.3152359132832603,
holo,6MA6,7AW,4K9W,7,148.0,1.0085137846164425,4.5803838372814205,5.8968301626785635,1.124302935933803,
holo,6MA6,80K,6BD6,7,148.0,0.38886526570330543,0.8488504004081154,1.5436911302240188,0.6268420212481866,
holo,6MA6,8AW,4K9X,5,147.0,0.7192351116712443,4.750107864340421,5.688495793307598,0.8556228248228069,
holo,6MA6,A1A06,9COS,0,,,,,,span < 4 residues in common
holo,6MA6,A1A07,9COR,1,,,,,,span < 4 residues in common
holo,6MA6,A1A08,9COT,0,,,,,,span < 4 residues in common
holo,6MA6,A1A4K,9COX,0,,,,,,span < 4 residues in common
holo,6MA6,A1A4S,9COV,0,,,,,,span < 4 residues in common
holo,6MA6,A1A4T,9COY,0,,,,,,span < 4 residues in common
holo,6MA6,A1A4U,9COU,0,,,,,,span < 4 residues in common
holo,6MA6,A1A4V,9COW,0,,,,,,span < 4 residues in common
holo,6MA6,A1APA,9BBB,1,,,,,,span < 4 residues in common
holo,6MA6,A1ASO,9BVC,7,149.0,0.33870593523009707,0.5121291786762068,0.6926093557931186,0.25871294984789295,
holo,6MA6,A1ASP,9BVB,7,150.0,0.42157741622957307,0.4211507854575592,0.518447680823428,0.23840986655820215,
holo,6MA6,A1ASQ,9BVA,7,149.0,0.36706774153297606,0.356377179439376,0.5147540016546849,0.3117924994387564,
holo,6MA6,A1ASR,9BV9,7,150.0,0.4257539370019548,0.4274748131307707,0.5465180809621895,0.24026217481184706,
holo,6MA6,A1ASS,9BV8,7,150.0,0.3392470503725012,0.4098906596198742,0.47415465842803783,0.25506448825227396,
holo,6MA6,A1AST,9BV7,7,149.0,0.40109031425297864,0.4951554456301735,0.7309685405577354,0.24307401483383384,
holo,6MA6,A1ASU,9BV6,6,150.0,0.4064265766698759,4.513561129682386,6.374281123574225,0.3940600792357743,
holo,6MA6,A1ASV,9BV5,7,151.0,0.7518635871120791,0.36612295914364307,0.5100056472339751,0.25343745540661744,
holo,6MA6,A1BNX,9MS1,2,,,,,,span < 4 residues in common
holo,6MA6,A1CIW,9PLK,4,151.0,0.39743911626766104,4.848233922503602,6.9289591038400555,0.5839011665888473,
holo,6MA6,CFF,8SO1,7,151.0,0.31631958195935034,0.5994145994760881,0.8393255353628131,0.35745195114691247,
holo,6MA6,CL6,8SPD,7,149.0,0.47575174830470496,7.378500567109931,8.936379353644606,0.4533021394564244,
holo,6MA6,D0R,3TJS,2,,,,,,span < 4 residues in common
holo,6MA6,D7J,6BD7,7,151.0,0.5443051581902659,0.2387571925224971,0.3292792973586637,0.23308209652713138,
holo,6MA6,D7M,6BD5,7,149.0,0.3400682971583657,0.42812206154868004,0.5704649828477126,0.32629848876684525,
holo,6MA6,D7Y,6BCZ,7,151.0,0.5521826271482321,0.3299983434664499,0.4770278886188367,0.30834354915422174,
holo,6MA6,D81,6BD8,7,149.0,0.4325335867090662,0.6428510093397668,0.9080688368231246,0.6049751123906904,
holo,6MA6,DEJ,6BDI,7,150.0,0.5169602137492285,0.38597759793843717,0.5371369725487006,0.263007991873265,
holo,6MA6,DEV,6BDH,0,,,,,,span < 4 residues in common
holo,6MA6,DJ1,6BDK,7,150.0,0.5085779950585928,0.38533176282414466,0.4980266825695012,0.2648901604165173,
holo,6MA6,ERY,2J0D,4,150.0,0.6783887064800396,6.069026573195224,8.391213560679283,0.684949955788495,
holo,6MA6,FZV,6DAC,4,149.0,0.34265708327154404,2.1077484754010234,4.163187201746886,0.44812686617147085,
holo,6MA6,G0D,6DA2,3,,,,,,span < 4 residues in common
holo,6MA6,G0J,6DA8,1,,,,,,span < 4 residues in common
holo,6MA6,G0M,6DAA,1,,,,,,span < 4 residues in common
holo,6MA6,G0V,6DAB,0,,,,,,span < 4 residues in common
holo,6MA6,G1J,6DA5,1,,,,,,span < 4 residues in common
holo,6MA6,J9K,4D78,7,146.0,0.576895187110791,4.612430336921536,6.4553888782321796,0.8004252466117218,
holo,6MA6,KLN,2V0M,7,146.0,0.7933230659545111,5.162304413796242,6.571021181124203,1.0075765434519586,
holo,6MA6,MF8,5G5J,7,148.0,0.4629926926245648,0.2897628898170503,0.46104317036001624,0.3310152681467898,
holo,6MA6,MWS,6OOB,7,150.0,0.3319954228614253,0.5456343208105557,0.8683789224780386,0.5106569317903719,
holo,6MA6,MWV,6OO9,7,150.0,0.37617141404936333,0.3460462506211832,0.6380319914950284,0.4070657890455356,
holo,6MA6,MWY,6OOA,1,,,,,,span < 4 residues in common
holo,6MA6,MYT,1W0G,7,146.0,0.5159231527871984,0.4510300753964951,0.5575201934037824,0.2515451839000682,
holo,6MA6,NH0,7UF9,0,,,,,,span < 4 residues in common
holo,6MA6,NI6,7UFA,7,148.0,0.36490393859339526,7.119578249669186,8.634114058346025,0.5792989032382077,
holo,6MA6,NJ0,7UFB,7,151.0,0.273209497916365,0.38243600557934415,0.5492519934665624,0.21169052257376206,
holo,6MA6,NJO,7UFC,7,151.0,0.4923511974615336,0.5140644874393632,0.7720532062376163,0.39972419631540707,
holo,6MA6,NXR,7UFE,7,149.0,0.9981025312651832,4.467827562516065,5.900676178172043,1.0758049178978837,
holo,6MA6,NYF,7UFF,7,149.0,0.9983196589490748,4.489855315357035,5.944481208056363,1.0743668371250887,
holo,6MA6,PG0,9BV6,6,150.0,0.4064265766698759,4.513561129682386,6.374281123574225,0.3940600792357743,
holo,6MA6,PG4,9YK4,7,149.0,0.28554686835867793,0.4256955495911961,0.5639158810438121,0.2724297350872462,
holo,6MA6,PK9,4D6Z,7,146.0,0.24665394065043736,0.40420535610552305,0.516673357113849,0.22030608788515454,
holo,6MA6,PKT,4D7D,7,147.0,0.66350751230591,4.230650040418961,6.991787348380938,0.8156030849918487,
holo,6MA6,QDJ,6UNL,0,,,,,,span < 4 residues in common
holo,6MA6,QDP,6UNM,0,,,,,,span < 4 residues in common
holo,6MA6,QDV,6UNI,0,,,,,,span < 4 residues in common
holo,6MA6,QDY,6UNJ,7,147.0,0.8908423265040097,4.458146811688348,6.695567615664787,1.0722431025857402,
holo,6MA6,QE4,6UNK,3,,,,,,span < 4 residues in common
holo,6MA6,QEA,6UNH,4,147.0,0.5723980961721999,0.6327058673679854,0.842141873825178,0.7001313910796569,
holo,6MA6,QEP,6UNG,4,149.0,0.4800253435020018,0.5750169658731106,0.7620828359700891,0.7817444897374739,
holo,6MA6,QES,6UNE,4,148.0,0.38925016733825785,0.8751125999152196,1.011463152263739,0.6175725651543293,
holo,6MA6,RIT,3NXU,7,147.0,1.0075677721724188,4.539006051281008,5.65700214470626,1.13990670748221,
holo,6MA6,T0K,7UFD,7,151.0,0.4953514609393356,0.6710026501559586,0.9247260428068511,0.3684815533860887,
holo,6MA6,TCI,9PLJ,7,151.0,0.32344553536916665,0.5348901020938504,0.8160844477993132,0.43340673236739746,
holo,6MA6,X5Y,7KVH,7,147.0,0.8245406889404998,4.83344968795581,6.59707398559598,1.008940189372885,
holo,6MA6,X6J,7KVP,3,,,,,,span < 4 residues in common
holo,6MA6,X6S,7KVO,7,150.0,0.9448450614409616,4.35182989639488,5.87537346320618,1.0302728425833458,
holo,6MA6,X6V,7KVN,7,146.0,0.8071386888641006,4.629225546388885,6.16329442390552,0.9936568048065647,
holo,6MA6,X71,7KVM,2,,,,,,span < 4 residues in common
holo,6MA6,X74,7KVS,7,149.0,0.9291155234072676,4.390000282593964,6.054837262560379,1.0399300196554544,
holo,6MA6,X7D,7KVQ,7,147.0,0.8063950102078928,4.391467373915838,5.988584343652764,0.9800416208284974,
holo,6MA6,X7J,7KVK,7,150.0,1.045639048278476,4.450506277109592,6.007824188062097,1.1355815209059086,
holo,6MA6,X7M,7KVJ,0,,,,,,span < 4 residues in common
holo,6MA6,X7P,7KVI,1,,,,,,span < 4 residues in common
holo,6MA6,Y83,6BDM,4,150.0,0.4638983498240841,2.9138352486015004,5.270937636663059,0.8692159923312675,
holo,6MA6,YNV,7LXL,2,,,,,,span < 4 residues in common
holo,6MA6,Z8Z,4I4G,7,147.0,0.734620181660151,5.188551458905591,7.24200887714048,0.8611242538039858,
holo,6MA6,Z9Z,4I4H,7,147.0,0.7160402039742775,4.527488473579007,6.0368473340305835,0.9265930038971276,
holo,6MA7,08J,5TE8,7,150.0,0.6658826973345855,7.163660071974595,11.697498705015896,0.661836794647251,
holo,6MA7,08Y,3UA1,7,148.0,0.4766874360400234,0.5516135267808941,0.8921620970447076,0.37833971443447517,
holo,6MA7,1RD,4K9T,7,146.0,0.7194627022929695,4.275204582683788,6.34633873682663,0.895726661062566,
holo,6MA7,2QH,4NY4,7,149.0,0.5707970784061871,1.395597582834596,2.5225935756964293,0.47780098164619816,
holo,6MA7,5AW,4K9U,1,,,,,,span < 4 residues in common
holo,6MA7,6AW,4K9V,7,146.0,0.4100082651773225,1.1738259238578599,2.453018069769477,0.351188059623062,
holo,6MA7,7AW,4K9W,7,148.0,1.055442561542872,4.7941643292615534,5.940065340261527,1.1956858263055519,
holo,6MA7,80K,6BD6,7,148.0,0.45211791498265597,1.2362667617133654,2.3582258165796213,0.6767528744112312,
holo,6MA7,8AW,4K9X,5,147.0,0.7682138228738556,4.9551727378029335,5.759820665235721,0.9147982165617087,
holo,6MA7,A1A06,9COS,0,,,,,,span < 4 residues in common
holo,6MA7,A1A07,9COR,1,,,,,,span < 4 residues in common
holo,6MA7,A1A08,9COT,0,,,,,,span < 4 residues in common
holo,6MA7,A1A4K,9COX,0,,,,,,span < 4 residues in common
holo,6MA7,A1A4S,9COV,0,,,,,,span < 4 residues in common
holo,6MA7,A1A4T,9COY,0,,,,,,span < 4 residues in common
holo,6MA7,A1A4U,9COU,0,,,,,,span < 4 residues in common
holo,6MA7,A1A4V,9COW,0,,,,,,span < 4 residues in common
holo,6MA7,A1APA,9BBB,1,,,,,,span < 4 residues in common
holo,6MA7,A1ASO,9BVC,7,149.0,0.3625436446297918,0.6339874113260927,0.9223173693067016,0.23584325128505892,
holo,6MA7,A1ASP,9BVB,7,150.0,0.4303165052372199,0.5674471416837918,0.7068120139878213,0.23810587289771812,
holo,6MA7,A1ASQ,9BVA,7,149.0,0.37741408523062403,0.5416075911979804,0.7138740195645847,0.30238435069235753,
holo,6MA7,A1ASR,9BV9,7,150.0,0.42045513292475384,0.5612869792664568,0.6820595612638359,0.24274025171888283,
holo,6MA7,A1ASS,9BV8,7,150.0,0.36432594053923806,0.7417928240196442,0.9676506969641349,0.2450804283794979,
holo,6MA7,A1AST,9BV7,7,149.0,0.42494912511411637,0.526736799685861,0.6388415388246722,0.22850533189627628,
holo,6MA7,A1ASU,9BV6,6,150.0,0.4508267748562042,4.7221095548379965,6.5580456716840905,0.42979571609866224,
holo,6MA7,A1ASV,9BV5,7,151.0,0.7277295706436377,0.6116506086238545,0.8569902966010425,0.19347026526665853,
holo,6MA7,A1BNX,9MS1,2,,,,,,span < 4 residues in common
holo,6MA7,A1CIW,9PLK,4,151.0,0.43044002113202945,4.844587232424003,7.0736393804580215,0.563900434669006,
holo,6MA7,CFF,8SO1,7,151.0,0.30217748517127757,0.8529212541425373,1.2063096549559682,0.3357366329232115,
holo,6MA7,CL6,8SPD,7,149.0,0.45103039243267384,7.197727851161079,8.942646735129463,0.4160674098019291,
holo,6MA7,D0R,3TJS,2,,,,,,span < 4 residues in common
holo,6MA7,D7J,6BD7,7,151.0,0.5996632269699534,0.478325816964794,0.7607723921324434,0.27464641931755496,
holo,6MA7,D7M,6BD5,7,149.0,0.3896560968770866,0.5251978410901681,0.6006391900989514,0.32549769210509655,
holo,6MA7,D7Y,6BCZ,7,151.0,0.5948905244506144,0.4747126067782751,0.5752247510908944,0.3251724327962946,
holo,6MA7,D81,6BD8,7,149.0,0.4665756423905324,0.6338751567904279,0.9817846276786868,0.6408764847277149,
holo,6MA7,DEJ,6BDI,7,150.0,0.5676362519448823,0.5042839355451298,0.647543279465663,0.29133316762669814,
holo,6MA7,DEV,6BDH,0,,,,,,span < 4 residues in common
holo,6MA7,DJ1,6BDK,7,150.0,0.5594913054017705,0.4663209136509309,0.5908063052475993,0.29694796108844257,
holo,6MA7,ERY,2J0D,4,150.0,0.6214794466705148,6.174052604008497,8.189859950919956,0.6229636391975553,
holo,6MA7,FZV,6DAC,4,149.0,0.371573905620885,2.4011092794806155,4.727887698825192,0.4503701233122674,
holo,6MA7,G0D,6DA2,3,,,,,,span < 4 residues in common
holo,6MA7,G0J,6DA8,1,,,,,,span < 4 residues in common
holo,6MA7,G0M,6DAA,1,,,,,,span < 4 residues in common
holo,6MA7,G0V,6DAB,0,,,,,,span < 4 residues in common
holo,6MA7,G1J,6DA5,1,,,,,,span < 4 residues in common
holo,6MA7,J9K,4D78,7,146.0,0.613107594444256,4.877342729039877,6.716189105493383,0.8286870880856807,
holo,6MA7,KLN,2V0M,7,146.0,0.8134552976461471,5.3424912852972595,6.719227224284747,1.0240895507094758,
holo,6MA7,MF8,5G5J,7,148.0,0.5037540740203545,0.48027461922710535,0.5930670641741501,0.3082398247907449,
holo,6MA7,MWS,6OOB,7,150.0,0.3574016168384887,0.5371104104846177,0.9569612733074352,0.47489103896736573,
holo,6MA7,MWV,6OO9,7,150.0,0.3969529440852113,0.4904914363033495,0.6358346827574286,0.37595610519556755,
holo,6MA7,MWY,6OOA,1,,,,,,span < 4 residues in common
holo,6MA7,MYT,1W0G,7,146.0,0.5462434280398718,0.8047502118902273,1.1994723737971364,0.29434730548002475,
holo,6MA7,NH0,7UF9,0,,,,,,span < 4 residues in common
holo,6MA7,NI6,7UFA,7,148.0,0.423723664830205,6.9580713976435185,8.807834811498804,0.6111301663469167,
holo,6MA7,NJ0,7UFB,7,151.0,0.32499411488689794,0.6136751556766343,1.063050206250505,0.23745611467034655,
holo,6MA7,NJO,7UFC,7,151.0,0.6013578766411914,0.9760847098580501,1.5783211018682388,0.4678719957118346,
holo,6MA7,NXR,7UFE,7,149.0,1.0100357379796612,4.7000260157921865,5.924824380687118,1.1444226340410935,
holo,6MA7,NYF,7UFF,7,149.0,1.0104034962697583,4.719693601961184,5.968226131342028,1.1431880944472088,
holo,6MA7,PG0,9BV6,6,150.0,0.4508267748562042,4.7221095548379965,6.5580456716840905,0.42979571609866224,
holo,6MA7,PG4,9YK4,7,149.0,0.3053455023207078,0.5860762028246975,0.7690400022545019,0.1868099753865132,
holo,6MA7,PK9,4D6Z,7,146.0,0.26915958383286687,0.5519592381978918,0.7159367367759029,0.1567086784400003,
holo,6MA7,PKT,4D7D,7,147.0,0.7134834697870028,4.556879862328631,7.344798879265106,0.8656754890451946,
holo,6MA7,QDJ,6UNL,0,,,,,,span < 4 residues in common
holo,6MA7,QDP,6UNM,0,,,,,,span < 4 residues in common
holo,6MA7,QDV,6UNI,0,,,,,,span < 4 residues in common
holo,6MA7,QDY,6UNJ,7,147.0,0.9376367313389028,4.348003028163967,7.0003343783043235,1.1281545800088726,
holo,6MA7,QE4,6UNK,3,,,,,,span < 4 residues in common
holo,6MA7,QEA,6UNH,4,147.0,0.6439988394373125,0.7317644558213796,0.8678240420034952,0.7662074753546729,
holo,6MA7,QEP,6UNG,4,149.0,0.5523933632842013,0.5628178108983173,0.666113699000696,0.8455571310625396,
holo,6MA7,QES,6UNE,4,148.0,0.44432185870422103,0.7924871347654313,0.9041973561690735,0.6659462526920126,
holo,6MA7,RIT,3NXU,7,147.0,1.066976480692142,4.788416659136417,5.883779088164132,1.1982544030410764,
holo,6MA7,T0K,7UFD,7,151.0,0.5992803620890055,1.092450932305919,1.7094588093192107,0.4536154909760796,
holo,6MA7,TCI,9PLJ,7,151.0,0.35053036505734775,0.4495433666842735,0.7148131267965635,0.4259409684112937,
holo,6MA7,X5Y,7KVH,7,147.0,0.8564896117031149,5.046011243569085,6.6439177598561425,1.0562307945040916,
holo,6MA7,X6J,7KVP,3,,,,,,span < 4 residues in common
holo,6MA7,X6S,7KVO,7,150.0,0.9421096707622717,4.537404694180391,5.900822866269306,1.0859071436245733,
holo,6MA7,X6V,7KVN,7,146.0,0.8569954136868145,4.856345731584011,6.20499950112217,1.0559826252932172,
holo,6MA7,X71,7KVM,2,,,,,,span < 4 residues in common
holo,6MA7,X74,7KVS,7,149.0,0.9515319769489263,4.5512939835776836,6.0852388131125545,1.0991641567171102,
holo,6MA7,X7D,7KVQ,7,147.0,0.8310002684823583,4.612681017533283,6.022303947321417,1.035514456821841,
holo,6MA7,X7J,7KVK,7,150.0,1.0578218950855138,4.643009379380489,6.032038718532661,1.196140714885419,
holo,6MA7,X7M,7KVJ,0,,,,,,span < 4 residues in common
holo,6MA7,X7P,7KVI,1,,,,,,span < 4 residues in common
holo,6MA7,Y83,6BDM,4,150.0,0.5371363306793097,2.765462792728698,5.025716344594893,0.9385904404087952,
holo,6MA7,YNV,7LXL,2,,,,,,span < 4 residues in common
holo,6MA7,Z8Z,4I4G,7,147.0,0.781372377623615,5.415172722461402,7.545363164884157,0.9201856916741684,
holo,6MA7,Z9Z,4I4H,7,147.0,0.7716170908684321,4.773188544772397,6.066342882871789,0.9839061780017201,
holo,6MA8,08J,5TE8,7,150.0,0.6341365916139808,7.2697846137453626,12.010196333615905,0.5177553605179545,
holo,6MA8,08Y,3UA1,7,148.0,0.4247555977730935,0.29763145847331074,0.44324872611901295,0.185236171724066,
holo,6MA8,1RD,4K9T,7,146.0,0.6602642535497405,4.556615417459214,6.5906293689555095,0.9452592140130441,
holo,6MA8,2QH,4NY4,7,148.0,0.54899661940758,1.1492749007926277,2.2501466629647764,0.6477894262705056,
holo,6MA8,5AW,4K9U,1,,,,,,span < 4 residues in common
holo,6MA8,6AW,4K9V,7,146.0,0.34811341760371267,1.1028722472385823,2.160761982448344,0.4273671757837474,
holo,6MA8,7AW,4K9W,7,148.0,1.014233996262556,4.5160909795575845,5.693529605235163,1.279567302977321,
holo,6MA8,80K,6BD6,7,148.0,0.4417483323881755,1.0864818822748816,2.046400922889225,0.780170118387267,
holo,6MA8,8AW,4K9X,5,147.0,0.7140861529284594,4.686183562647611,5.509041455723624,1.0025300107384976,
holo,6MA8,A1A06,9COS,0,,,,,,span < 4 residues in common
holo,6MA8,A1A07,9COR,1,,,,,,span < 4 residues in common
holo,6MA8,A1A08,9COT,0,,,,,,span < 4 residues in common
holo,6MA8,A1A4K,9COX,0,,,,,,span < 4 residues in common
holo,6MA8,A1A4S,9COV,0,,,,,,span < 4 residues in common
holo,6MA8,A1A4T,9COY,0,,,,,,span < 4 residues in common
holo,6MA8,A1A4U,9COU,0,,,,,,span < 4 residues in common
holo,6MA8,A1A4V,9COW,0,,,,,,span < 4 residues in common
holo,6MA8,A1APA,9BBB,1,,,,,,span < 4 residues in common
holo,6MA8,A1ASO,9BVC,7,149.0,0.38831901021309617,0.711359429271848,1.0840431077612225,0.4302869090389233,
holo,6MA8,A1ASP,9BVB,7,150.0,0.43562731321638754,0.5188220189319229,0.8654028249079788,0.42349781251790586,
holo,6MA8,A1ASQ,9BVA,7,149.0,0.3968578060951754,0.4766157600620108,0.6993883500111923,0.4959911806966981,
holo,6MA8,A1ASR,9BV9,7,150.0,0.42559146673643844,0.5315725974478636,0.8912551822536043,0.4145012685749197,
holo,6MA8,A1ASS,9BV8,7,150.0,0.333565911068776,0.43848034511434597,0.7535589246551805,0.3506525679903287,
holo,6MA8,A1AST,9BV7,7,149.0,0.4215585325120131,0.6594365320438051,0.9660477753516806,0.4780512964741233,
holo,6MA8,A1ASU,9BV6,6,150.0,0.44528246761645235,4.756819753051772,6.30937038962992,0.5783200700978515,
holo,6MA8,A1ASV,9BV5,7,150.0,0.6343645248693672,0.4773596784879019,0.7464998242879484,0.3842594562212203,
holo,6MA8,A1BNX,9MS1,2,,,,,,span < 4 residues in common
holo,6MA8,A1CIW,9PLK,4,150.0,0.3439132344637499,4.960744331737042,7.186351245760175,0.37304079002840673,
holo,6MA8,CFF,8SO1,7,150.0,0.2501987463204492,0.3323049259735137,0.5603103647955108,0.16078123981176906,
holo,6MA8,CL6,8SPD,7,149.0,0.4625995867337051,7.368073725468102,9.000373324645187,0.43895135509443367,
holo,6MA8,D0R,3TJS,2,,,,,,span < 4 residues in common
holo,6MA8,D7J,6BD7,7,150.0,0.3155722076335985,0.4276818846997521,0.6536942228339161,0.3795991449046444,
holo,6MA8,D7M,6BD5,7,149.0,0.3609750348912374,0.22237233748934557,0.2873858850983331,0.42051301748697223,
holo,6MA8,D7Y,6BCZ,7,150.0,0.28659488895540264,0.3033990194119495,0.43902292775894286,0.3198464402083435,
holo,6MA8,D81,6BD8,7,149.0,0.46827307654878064,0.6287867464050937,0.7006526674193336,0.8011472039216658,
holo,6MA8,DEJ,6BDI,7,149.0,0.2572943683899601,0.2991414650002586,0.4223465019303754,0.41128535872778627,
holo,6MA8,DEV,6BDH,0,,,,,,span < 4 residues in common
holo,6MA8,DJ1,6BDK,7,149.0,0.2617882002072267,0.32425658422161796,0.45073510744776907,0.41218246145160753,
holo,6MA8,ERY,2J0D,4,150.0,0.6413966870121065,6.117966149811209,8.212224246060922,0.44413563187422067,
holo,6MA8,FZV,6DAC,4,149.0,0.35045089383686884,2.3546373236424243,4.699754801866154,0.5469441370994096,
holo,6MA8,G0D,6DA2,3,,,,,,span < 4 residues in common
holo,6MA8,G0J,6DA8,1,,,,,,span < 4 residues in common
holo,6MA8,G0M,6DAA,1,,,,,,span < 4 residues in common
holo,6MA8,G0V,6DAB,0,,,,,,span < 4 residues in common
holo,6MA8,G1J,6DA5,1,,,,,,span < 4 residues in common
holo,6MA8,J9K,4D78,7,146.0,0.5692425213441097,4.589272870946881,6.500389179394776,0.900640380113224,
holo,6MA8,KLN,2V0M,7,146.0,0.7827997520026478,5.115380585334904,6.4695989776584915,1.133834189196892,
holo,6MA8,MF8,5G5J,7,148.0,0.4961349799351213,0.36342150575727067,0.5321100477304125,0.1843606606262061,
holo,6MA8,MWS,6OOB,7,150.0,0.2911437955754521,0.44558712669583855,0.5908367383305034,0.21752885961525253,
holo,6MA8,MWV,6OO9,7,149.0,0.3459279222019717,0.2965124333808987,0.40361229888513417,0.24302146112509826,
holo,6MA8,MWY,6OOA,1,,,,,,span < 4 residues in common
holo,6MA8,MYT,1W0G,7,146.0,0.5431026491307155,0.5551873218055158,0.9285210528918274,0.4430001612220435,
holo,6MA8,NH0,7UF9,0,,,,,,span < 4 residues in common
holo,6MA8,NI6,7UFA,7,148.0,0.39103799468005856,7.185523626860539,8.89068451612318,0.7148252527965993,
holo,6MA8,NJ0,7UFB,7,150.0,0.29738872260033233,0.30183336695608626,0.5041397548972304,0.4116692118097956,
holo,6MA8,NJO,7UFC,7,150.0,0.4267230955437326,0.8312361998433294,1.3990993519400297,0.6038459852634722,
holo,6MA8,NXR,7UFE,7,149.0,0.972450378365687,4.380119342896952,5.672318345928383,1.234617409145981,
holo,6MA8,NYF,7UFF,7,149.0,0.9728232470357424,4.402024567783834,5.716214749293607,1.2335834884663037,
holo,6MA8,PG0,9BV6,6,150.0,0.44528246761645235,4.756819753051772,6.30937038962992,0.5783200700978515,
holo,6MA8,PG4,9YK4,7,149.0,0.23715286656910703,0.15645704366923108,0.2456472371140832,0.268211952308517,
holo,6MA8,PK9,4D6Z,7,146.0,0.21489191904013935,0.17683939587209885,0.33600154501291696,0.2824883581089626,
holo,6MA8,PKT,4D7D,7,147.0,0.6724300071317845,4.245162372459699,6.992771205862379,0.9546024667416176,
holo,6MA8,QDJ,6UNL,0,,,,,,span < 4 residues in common
holo,6MA8,QDP,6UNM,0,,,,,,span < 4 residues in common
holo,6MA8,QDV,6UNI,0,,,,,,span < 4 residues in common
holo,6MA8,QDY,6UNJ,7,147.0,0.9005535691797184,4.5167910495745485,6.890901996180569,1.2582528167028983,
holo,6MA8,QE4,6UNK,3,,,,,,span < 4 residues in common
holo,6MA8,QEA,6UNH,4,147.0,0.61250487460534,0.4284274714784827,0.5585890791806097,0.8654570142960037,
holo,6MA8,QEP,6UNG,4,149.0,0.5324504097539559,0.44021822146020184,0.5330180771957808,0.9527747787506651,
holo,6MA8,QES,6UNE,4,148.0,0.43174652713791367,0.7386288305276082,0.8021056358991506,0.7634065309152842,
holo,6MA8,RIT,3NXU,7,147.0,1.002741901425753,4.472833747062973,5.645561621503016,1.2793304277004882,
holo,6MA8,T0K,7UFD,7,150.0,0.4021524994386318,0.9066447661480398,1.543959397171774,0.5884269339282274,
holo,6MA8,TCI,9PLJ,7,150.0,0.27244132247089903,0.4182196778026807,0.5268298545013188,0.2426145507697869,
holo,6MA8,X5Y,7KVH,7,147.0,0.8132285736844638,4.770467642426575,6.3994956730552826,1.149469706088932,
holo,6MA8,X6J,7KVP,3,,,,,,span < 4 residues in common
holo,6MA8,X6S,7KVO,7,150.0,0.9151231098900737,4.262954919395248,5.649789239322659,1.1803450488368497,
holo,6MA8,X6V,7KVN,7,146.0,0.8057183067143812,4.561791645562085,5.952458645787992,1.1468794759122674,
holo,6MA8,X71,7KVM,2,,,,,,span < 4 residues in common
holo,6MA8,X74,7KVS,7,149.0,0.9216739439161559,4.297294663011375,5.837819110936153,1.2020536148455092,
holo,6MA8,X7D,7KVQ,7,147.0,0.7951335590515322,4.316420294318598,5.769461924473483,1.1341362480058064,
holo,6MA8,X7J,7KVK,7,150.0,1.026726726749426,4.361157820719248,5.7856709806966755,1.288605560118417,
holo,6MA8,X7M,7KVJ,0,,,,,,span < 4 residues in common
holo,6MA8,X7P,7KVI,1,,,,,,span < 4 residues in common
holo,6MA8,Y83,6BDM,4,149.0,0.5277027433445376,2.801149516216524,5.138643712041565,1.0451802996612098,
holo,6MA8,YNV,7LXL,2,,,,,,span < 4 residues in common
holo,6MA8,Z8Z,4I4G,7,147.0,0.7306464829809909,5.151459202164713,7.305519110473167,1.0139257676569244,
holo,6MA8,Z9Z,4I4H,7,147.0,0.7115637255865196,4.4583015596187705,5.841266974166322,1.057636474115963,
holo,6OO9,08J,5TE8,7,149.0,0.5123753436714145,7.221020395815775,11.881812739465428,0.36674948187063394,
holo,6OO9,08Y,3UA1,7,148.0,0.40552333811681945,0.3397554409784541,0.49389531279147236,0.23571071407315472,
holo,6OO9,1RD,4K9T,7,146.0,0.8145025944260547,4.509367450237314,6.57286464308155,1.0031820273732392,
holo,6OO9,2QH,4NY4,7,149.0,0.6254261292620122,1.1380572173370815,2.2347300669288006,0.6439182621592113,
holo,6OO9,5AW,4K9U,1,,,,,,span < 4 residues in common
holo,6OO9,6AW,4K9V,7,146.0,0.4921789414172855,1.0514711472623757,2.2558703339685016,0.4698544805735053,
holo,6OO9,7AW,4K9W,7,148.0,1.1573539132681518,4.681367873305116,5.887132810041053,1.3314235935533703,
holo,6OO9,80K,6BD6,7,148.0,0.5219576059521429,1.1223301378889605,2.083089839810973,0.8044585184466589,
holo,6OO9,8AW,4K9X,5,147.0,0.8555244799412164,4.816672835535883,5.692054287339974,1.0599895676965703,
holo,6OO9,A1A06,9COS,0,,,,,,span < 4 residues in common
holo,6OO9,A1A07,9COR,1,,,,,,span < 4 residues in common
holo,6OO9,A1A08,9COT,0,,,,,,span < 4 residues in common
holo,6OO9,A1A4K,9COX,0,,,,,,span < 4 residues in common
holo,6OO9,A1A4S,9COV,0,,,,,,span < 4 residues in common
holo,6OO9,A1A4T,9COY,0,,,,,,span < 4 residues in common
holo,6OO9,A1A4U,9COU,0,,,,,,span < 4 residues in common
holo,6OO9,A1A4V,9COW,0,,,,,,span < 4 residues in common
holo,6OO9,A1APA,9BBB,1,,,,,,span < 4 residues in common
holo,6OO9,A1ASO,9BVC,7,149.0,0.416231088378006,0.7191221530222597,1.0479269082471327,0.443001977904655,
holo,6OO9,A1ASP,9BVB,7,149.0,0.4423736604744147,0.5634892978660402,0.7116461622014957,0.4261633081680839,
holo,6OO9,A1ASQ,9BVA,7,148.0,0.4311236650978206,0.4932461461608581,0.6962739534581636,0.5001761017766804,
holo,6OO9,A1ASR,9BV9,7,149.0,0.4449246508418655,0.5670737284612244,0.730163114789059,0.41326325576882145,
holo,6OO9,A1ASS,9BV8,7,149.0,0.3515728503748292,0.47013029880936413,0.7058807215514485,0.3554994978605787,
holo,6OO9,A1AST,9BV7,7,148.0,0.4532772915307229,0.6883225352532987,1.0119948022549117,0.5147559991946364,
holo,6OO9,A1ASU,9BV6,6,149.0,0.47115890452722353,4.783723993266323,6.522353756906523,0.5718273174854613,
holo,6OO9,A1ASV,9BV5,7,150.0,0.6577439814904533,0.5190821308302473,0.8201471828198563,0.36758983212224233,
holo,6OO9,A1BNX,9MS1,2,,,,,,span < 4 residues in common
holo,6OO9,A1CIW,9PLK,4,150.0,0.2934912353452627,4.911060703514136,7.155879256597594,0.25854839169000776,
holo,6OO9,CFF,8SO1,7,150.0,0.33829504607448907,0.4365038891329742,0.5937811508324367,0.20124419711867975,
holo,6OO9,CL6,8SPD,7,148.0,0.393320013343824,7.320896163718441,8.966802272050375,0.37494491807854147,
holo,6OO9,D0R,3TJS,2,,,,,,span < 4 residues in common
holo,6OO9,D7J,6BD7,7,150.0,0.5998913276626892,0.3327522084034489,0.5003365551323453,0.4470822329031673,
holo,6OO9,D7M,6BD5,7,148.0,0.3955068021638987,0.29134610774132,0.43995569314114713,0.4664996314695392,
holo,6OO9,D7Y,6BCZ,7,150.0,0.5903222538623103,0.32396060933818854,0.4783751595656666,0.37360689009520553,
holo,6OO9,D81,6BD8,7,148.0,0.48259563981477444,0.6865903341078591,0.8832418268351381,0.7858338769604511,
holo,6OO9,DEJ,6BDI,7,150.0,0.5825673851307465,0.33527668052706816,0.46998220085923836,0.46282813862322925,
holo,6OO9,DEV,6BDH,0,,,,,,span < 4 residues in common
holo,6OO9,DJ1,6BDK,7,150.0,0.5627256355518206,0.3671889830088059,0.5065466801204742,0.43676174155058606,
holo,6OO9,ERY,2J0D,4,149.0,0.5169643975108146,6.1463418589633125,8.433578464476723,0.390207180447105,
holo,6OO9,FZV,6DAC,4,148.0,0.37180368173529404,2.312224093264717,4.600173768572951,0.5805860436578769,
holo,6OO9,G0D,6DA2,3,,,,,,span < 4 residues in common
holo,6OO9,G0J,6DA8,1,,,,,,span < 4 residues in common
holo,6OO9,G0M,6DAA,1,,,,,,span < 4 residues in common
holo,6OO9,G0V,6DAB,0,,,,,,span < 4 residues in common
holo,6OO9,G1J,6DA5,1,,,,,,span < 4 residues in common
holo,6OO9,J9K,4D78,7,146.0,0.729418444413686,4.746637279538902,6.703335425739529,0.9733651193464793,
holo,6OO9,KLN,2V0M,7,146.0,0.9636925776653202,5.304194298431901,6.616376592031298,1.211159993310248,
holo,6OO9,MF8,5G5J,7,148.0,0.4382314466335317,0.2838681413191663,0.360180602543282,0.2761337828289917,
holo,6OO9,MWS,6OOB,7,149.0,0.2732477736440339,0.2642032060797896,0.40356470704490705,0.22272651371227437,
holo,6OO9,MWY,6OOA,1,,,,,,span < 4 residues in common
holo,6OO9,MYT,1W0G,7,146.0,0.5318046051382315,0.5196794797290982,0.8869942987948377,0.4176259545432768,
holo,6OO9,NH0,7UF9,0,,,,,,span < 4 residues in common
holo,6OO9,NI6,7UFA,7,148.0,0.4846495063964913,7.098932399523615,8.807490173735895,0.748090673416741,
holo,6OO9,NJ0,7UFB,7,150.0,0.3789598781611854,0.2677532933448785,0.45816133742798376,0.3875822340869141,
holo,6OO9,NJO,7UFC,7,150.0,0.604615254123211,0.7607460169081234,1.3159627399224465,0.6166941277189313,
holo,6OO9,NXR,7UFE,7,148.0,1.036117404039747,4.599834096489238,5.897333055256303,1.2480099140013792,
holo,6OO9,NYF,7UFF,7,148.0,1.0365768190636158,4.621269379767312,5.940794603652767,1.2466902159636062,
holo,6OO9,PG0,9BV6,6,149.0,0.47115890452722353,4.783723993266323,6.522353756906523,0.5718273174854613,
holo,6OO9,PG4,9YK4,7,148.0,0.3705908381312068,0.32032772707564877,0.4376683115517273,0.30745027815544973,
holo,6OO9,PK9,4D6Z,7,146.0,0.30060155553735707,0.2874182956244926,0.43773950648215815,0.3077649640452125,
holo,6OO9,PKT,4D7D,7,147.0,0.8043658082295162,4.38446716844137,7.198062869677353,1.013700543004241,
holo,6OO9,QDJ,6UNL,0,,,,,,span < 4 residues in common
holo,6OO9,QDP,6UNM,0,,,,,,span < 4 residues in common
holo,6OO9,QDV,6UNI,0,,,,,,span < 4 residues in common
holo,6OO9,QDY,6UNJ,7,147.0,1.0656483301899093,4.487499080818729,6.899602358382919,1.3205234561063763,
holo,6OO9,QE4,6UNK,3,,,,,,span < 4 residues in common
holo,6OO9,QEA,6UNH,4,147.0,0.7421819352642217,0.6667781993164844,0.8552415072617885,0.8872777253625633,
holo,6OO9,QEP,6UNG,4,149.0,0.6490471854036771,0.5827988965163571,0.6688075390499717,0.982992035246664,
holo,6OO9,QES,6UNE,4,148.0,0.5005373171443585,0.9008948717396135,1.102352119038174,0.7656907167680816,
holo,6OO9,RIT,3NXU,7,147.0,1.15568420606767,4.641090640204761,5.841547897625496,1.3416706012931785,
holo,6OO9,T0K,7UFD,7,150.0,0.6012490037102111,0.8687776565326738,1.4217761576729575,0.5633329072436898,
holo,6OO9,TCI,9PLJ,7,150.0,0.29029914784834976,0.2734755111344301,0.363258866363846,0.19132286863520379,
holo,6OO9,X5Y,7KVH,7,147.0,0.9618387104441581,4.932271230283984,6.590595625353329,1.200698535311582,
holo,6OO9,X6J,7KVP,3,,,,,,span < 4 residues in common
holo,6OO9,X6S,7KVO,7,149.0,1.0209965044640255,4.465666344956002,5.869504477283123,1.209893705983504,
holo,6OO9,X6V,7KVN,7,146.0,0.9546260162477923,4.734139068853034,6.162372272116806,1.1960616228876808,
holo,6OO9,X71,7KVM,2,,,,,,span < 4 residues in common
holo,6OO9,X74,7KVS,7,149.0,1.0829862574424287,4.46916717447174,6.042006688195183,1.2594776401396015,
holo,6OO9,X7D,7KVQ,7,147.0,0.9435607791727477,4.480013789149946,5.981229885275231,1.190207322687599,
holo,6OO9,X7J,7KVK,7,149.0,1.1318536954571534,4.568528912301064,6.000765497603405,1.3169002490177535,
holo,6OO9,X7M,7KVJ,0,,,,,,span < 4 residues in common
holo,6OO9,X7P,7KVI,1,,,,,,span < 4 residues in common
holo,6OO9,Y83,6BDM,4,150.0,0.6178586275609068,2.9244010681055217,5.39167370856455,1.0652284354860269,
holo,6OO9,YNV,7LXL,2,,,,,,span < 4 residues in common
holo,6OO9,Z8Z,4I4G,7,147.0,0.8807279239938007,5.310811862968647,7.489774760318726,1.0699674495055749,
holo,6OO9,Z9Z,4I4H,7,147.0,0.8617461956062241,4.620802179255943,6.01761646705943,1.1104394031180325,
holo,6OOB,08J,5TE8,7,150.0,0.5756704021819125,7.275702507369177,11.923897748702828,0.41327378993123504,
holo,6OOB,08Y,3UA1,7,148.0,0.3917273998769143,0.37022197438647,0.4876608497449074,0.2281378715714142,
holo,6OOB,1RD,4K9T,7,146.0,0.7601323704270534,4.554460592451596,6.862706940552422,1.0544124141877573,
holo,6OOB,2QH,4NY4,7,148.0,0.5810870292417727,1.320429059725115,2.4328238181371877,0.7532141660709798,
holo,6OOB,5AW,4K9U,1,,,,,,span < 4 residues in common
holo,6OOB,6AW,4K9V,7,146.0,0.4465878054578117,1.2048805426885536,2.511108665760334,0.5497286410666552,
holo,6OOB,7AW,4K9W,7,148.0,1.1172919015304312,4.781932897809812,6.18241467246047,1.398174157769213,
holo,6OOB,80K,6BD6,7,148.0,0.4909394562969804,1.2571378486897744,2.2379970955511332,0.8930200680236773,
holo,6OOB,8AW,4K9X,5,147.0,0.8250784729832084,4.857616078202511,5.551723186596664,1.131437772682961,
holo,6OOB,A1A06,9COS,0,,,,,,span < 4 residues in common
holo,6OOB,A1A07,9COR,1,,,,,,span < 4 residues in common
holo,6OOB,A1A08,9COT,0,,,,,,span < 4 residues in common
holo,6OOB,A1A4K,9COX,0,,,,,,span < 4 residues in common
holo,6OOB,A1A4S,9COV,0,,,,,,span < 4 residues in common
holo,6OOB,A1A4T,9COY,0,,,,,,span < 4 residues in common
holo,6OOB,A1A4U,9COU,0,,,,,,span < 4 residues in common
holo,6OOB,A1A4V,9COW,0,,,,,,span < 4 residues in common
holo,6OOB,A1APA,9BBB,1,,,,,,span < 4 residues in common
holo,6OOB,A1ASO,9BVC,7,149.0,0.3963930354099701,0.8596923900364404,1.3262319183002715,0.5476720998182236,
holo,6OOB,A1ASP,9BVB,7,150.0,0.4400268663280836,0.6718185177032294,1.0369995144906756,0.5297839815894851,
holo,6OOB,A1ASQ,9BVA,7,149.0,0.42872681506816973,0.6142410625427591,1.0298157403604813,0.6116143811989394,
holo,6OOB,A1ASR,9BV9,7,150.0,0.44191031539187925,0.6725937340533952,1.0289311945756212,0.5185586059103194,
holo,6OOB,A1ASS,9BV8,7,150.0,0.35023942135790265,0.6680503570804089,1.0405955821261208,0.45340049894031886,
holo,6OOB,A1AST,9BV7,7,149.0,0.46231489610097276,0.806352233789061,1.382928275961627,0.6095627812544417,
holo,6OOB,A1ASU,9BV6,6,150.0,0.48598336676450815,4.957184719443684,6.649441383161341,0.6806956465787775,
holo,6OOB,A1ASV,9BV5,7,150.0,0.665520793843096,0.6990835493203026,1.208642882465941,0.49411068630917,
holo,6OOB,A1BNX,9MS1,2,,,,,,span < 4 residues in common
holo,6OOB,A1CIW,9PLK,4,150.0,0.26688423009956463,5.05584871629135,7.401817940415346,0.23665665705683922,
holo,6OOB,CFF,8SO1,7,150.0,0.26157616817770163,0.5067829644938192,0.6066246716666599,0.24480758693587928,
holo,6OOB,CL6,8SPD,7,149.0,0.4368689426642442,7.35139978356533,9.171170607848055,0.46480804073789933,
holo,6OOB,D0R,3TJS,2,,,,,,span < 4 residues in common
holo,6OOB,D7J,6BD7,7,150.0,0.393672351804789,0.560148569689279,0.8707858474915248,0.5009340999274987,
holo,6OOB,D7M,6BD5,7,149.0,0.360524897406018,0.4306491778684928,0.5992763541281714,0.5492903081174949,
holo,6OOB,D7Y,6BCZ,7,150.0,0.3299131123599833,0.5363768194286433,0.9322744477305257,0.4305642885426729,
holo,6OOB,D81,6BD8,7,149.0,0.4775061536562724,0.7964267068160463,1.2225860603109127,0.9080868225577078,
holo,6OOB,DEJ,6BDI,7,149.0,0.33198542653046287,0.5454421814933021,0.9456867060626449,0.5194621016464903,
holo,6OOB,DEV,6BDH,0,,,,,,span < 4 residues in common
holo,6OOB,DJ1,6BDK,7,149.0,0.32328962666256256,0.5595207093115814,0.9630025187801604,0.5112369274633862,
holo,6OOB,ERY,2J0D,4,150.0,0.5738819803583946,6.292176367968023,8.471525749220245,0.3587240693096886,
holo,6OOB,FZV,6DAC,4,149.0,0.36138418914780235,2.416901774745052,4.7937292344874685,0.6584718987248113,
holo,6OOB,G0D,6DA2,3,,,,,,span < 4 residues in common
holo,6OOB,G0J,6DA8,1,,,,,,span < 4 residues in common
holo,6OOB,G0M,6DAA,1,,,,,,span < 4 residues in common
holo,6OOB,G0V,6DAB,0,,,,,,span < 4 residues in common
holo,6OOB,G1J,6DA5,1,,,,,,span < 4 residues in common
holo,6OOB,J9K,4D78,7,146.0,0.6660717484893124,4.85391205750006,7.019825682551744,1.0224065470038661,
holo,6OOB,KLN,2V0M,7,146.0,0.8939115525915908,5.410870748670407,6.7279087695458974,1.2688905019581278,
holo,6OOB,MF8,5G5J,7,148.0,0.4373285412281001,0.3984991473901492,0.6195412041003346,0.2901571461937791,
holo,6OOB,MWV,6OO9,7,149.0,0.2732477736440328,0.26420320607979403,0.4035647070449001,0.22272651371226898,
holo,6OOB,MWY,6OOA,1,,,,,,span < 4 residues in common
holo,6OOB,MYT,1W0G,7,146.0,0.5673909535146258,0.6956581543334088,1.0876010829432865,0.5213023456567648,
holo,6OOB,NH0,7UF9,0,,,,,,span < 4 residues in common
holo,6OOB,NI6,7UFA,7,148.0,0.4471553780922339,7.128192808880593,8.97101025715821,0.8250832333132795,
holo,6OOB,NJ0,7UFB,7,150.0,0.3130493500420462,0.39287209669313033,0.5639468677776763,0.5055609667056719,
holo,6OOB,NJO,7UFC,7,150.0,0.42642995148983864,1.0021433676293514,1.567973132536659,0.7135283903185539,
holo,6OOB,NXR,7UFE,7,149.0,1.046478383531786,4.652474184800864,5.851618235000844,1.3485226591973352,
holo,6OOB,NYF,7UFF,7,149.0,1.0467180522222612,4.67330675864463,5.861590885432793,1.3475951058185356,
holo,6OOB,PG0,9BV6,6,150.0,0.48598336676450815,4.957184719443684,6.649441383161341,0.6806956465787775,
holo,6OOB,PG4,9YK4,7,149.0,0.33901603921151774,0.48670449017024564,0.6786210329359003,0.3922722431021265,
holo,6OOB,PK9,4D6Z,7,146.0,0.29747069693219297,0.44289068137018506,0.5771252540161607,0.40125538038263986,
holo,6OOB,PKT,4D7D,7,147.0,0.7651205664951831,4.484319329895924,7.4492445794923485,1.0777469561131092,
holo,6OOB,QDJ,6UNL,0,,,,,,span < 4 residues in common
holo,6OOB,QDP,6UNM,0,,,,,,span < 4 residues in common
holo,6OOB,QDV,6UNI,0,,,,,,span < 4 residues in common
holo,6OOB,QDY,6UNJ,7,147.0,1.0125230202479016,4.5220111828825225,7.097064190721684,1.394400479276028,
holo,6OOB,QE4,6UNK,3,,,,,,span < 4 residues in common
holo,6OOB,QEA,6UNH,4,147.0,0.6899220414586305,0.7386460735194682,0.8562032727708365,0.980937070506623,
holo,6OOB,QEP,6UNG,4,149.0,0.5955304337575578,0.6092927163637881,0.7871410588080967,1.0666015188627729,
holo,6OOB,QES,6UNE,4,148.0,0.4806364491259767,0.9151271046152226,1.2243260533135236,0.8753406424655553,
holo,6OOB,RIT,3NXU,7,147.0,1.1136299142978707,4.740257671123254,6.143535889615179,1.405627668150252,
holo,6OOB,T0K,7UFD,7,150.0,0.4212389702214813,1.1034402002931725,1.6714796485026744,0.6832291953328051,
holo,6OOB,TCI,9PLJ,7,150.0,0.2053084583016117,0.22426860551276692,0.2613712361789556,0.16048898617338522,
holo,6OOB,X5Y,7KVH,7,147.0,0.9207007262170672,5.028265735366001,6.450906321713451,1.2776389902044776,
holo,6OOB,X6J,7KVP,3,,,,,,span < 4 residues in common
holo,6OOB,X6S,7KVO,7,150.0,0.9841771834370006,4.534738399517553,5.734161834023138,1.2986391307690572,
holo,6OOB,X6V,7KVN,7,146.0,0.9017012866465473,4.830409325972666,6.025787257405452,1.27015764103411,
holo,6OOB,X71,7KVM,2,,,,,,span < 4 residues in common
holo,6OOB,X74,7KVS,7,149.0,1.0206387306625047,4.571090044594115,5.91144929446136,1.329934102415975,
holo,6OOB,X7D,7KVQ,7,147.0,0.897103173829699,4.5760374022153645,5.847833151341277,1.2635169372171497,
holo,6OOB,X7J,7KVK,7,150.0,1.0954553086736496,4.635113787376236,5.863720351767672,1.406103794763701,
holo,6OOB,X7M,7KVJ,0,,,,,,span < 4 residues in common
holo,6OOB,X7P,7KVI,1,,,,,,span < 4 residues in common
holo,6OOB,Y83,6BDM,4,149.0,0.5595322531651432,2.9798590300879786,5.53349209714553,1.144242617494763,
holo,6OOB,YNV,7LXL,2,,,,,,span < 4 residues in common
holo,6OOB,Z8Z,4I4G,7,147.0,0.8370173629430638,5.408121001629411,7.783687847534893,1.141060821337152,
holo,6OOB,Z9Z,4I4H,7,147.0,0.824531950705832,4.715112845726649,5.874996513917353,1.1754676550623624,
holo,6UNJ,08J,5TE8,7,147.0,1.3165652809446398,6.175802442837006,11.98160151611878,1.543147338634202,
holo,6UNJ,08Y,3UA1,7,146.0,0.9134483345761991,4.3501809131961675,6.858440557854799,1.2458365954012995,
holo,6UNJ,1RD,4K9T,7,146.0,0.4313861788799032,2.33076251912831,3.5719910264055406,0.46662225902512044,
holo,6UNJ,2QH,4NY4,7,146.0,0.6579505127305412,4.2491979656272205,5.896878730187566,0.7845047628633002,
holo,6UNJ,5AW,4K9U,1,,,,,,span < 4 residues in common
holo,6UNJ,6AW,4K9V,7,146.0,0.6371777315108645,3.9196602208289817,4.877351377696775,0.9177347090780191,
holo,6UNJ,7AW,4K9W,7,147.0,0.45501950289500714,5.605203516180494,6.669785314679433,0.32034052533676194,
holo,6UNJ,80K,6BD6,7,147.0,0.7223667221126047,4.393997448084867,6.434805596316264,0.6808100138952752,
holo,6UNJ,8AW,4K9X,5,147.0,0.45504662951097086,5.654539261799833,7.409683481217827,0.4014510126678889,
holo,6UNJ,A1A06,9COS,0,,,,,,span < 4 residues in common
holo,6UNJ,A1A07,9COR,1,,,,,,span < 4 residues in common
holo,6UNJ,A1A08,9COT,0,,,,,,span < 4 residues in common
holo,6UNJ,A1A4K,9COX,0,,,,,,span < 4 residues in common
holo,6UNJ,A1A4S,9COV,0,,,,,,span < 4 residues in common
holo,6UNJ,A1A4T,9COY,0,,,,,,span < 4 residues in common
holo,6UNJ,A1A4U,9COU,0,,,,,,span < 4 residues in common
holo,6UNJ,A1A4V,9COW,0,,,,,,span < 4 residues in common
holo,6UNJ,A1APA,9BBB,1,,,,,,span < 4 residues in common
holo,6UNJ,A1ASO,9BVC,7,147.0,0.8583415341068776,4.400419075593392,6.751698667760487,1.0212091263826706,
holo,6UNJ,A1ASP,9BVB,7,147.0,0.8341016650804791,4.530533091858539,6.93741882143193,1.0449127897257247,
holo,6UNJ,A1ASQ,9BVA,7,147.0,0.861466126383482,4.56523054403426,6.9956421824657,1.0137043780488617,
holo,6UNJ,A1ASR,9BV9,7,147.0,0.855860343982018,4.544839527908649,6.957216635954243,1.0512219055651484,
holo,6UNJ,A1ASS,9BV8,7,147.0,0.8868635319447561,4.2766168941634515,6.296287213797593,1.078317418218007,
holo,6UNJ,A1AST,9BV7,7,147.0,0.8303248789227009,4.372936320462539,6.713632022465145,0.9903214465364495,
holo,6UNJ,A1ASU,9BV6,6,147.0,0.8103469162106823,4.638807736359758,6.27596182639045,0.8600298996562565,
holo,6UNJ,A1ASV,9BV5,7,147.0,0.9664013299189802,4.24337136755611,6.490219496553803,1.087244831865381,
holo,6UNJ,A1BNX,9MS1,2,,,,,,span < 4 residues in common
holo,6UNJ,A1CIW,9PLK,4,147.0,1.0823037152421071,2.8716070154923816,3.6062821487795595,1.4510884539069298,
holo,6UNJ,CFF,8SO1,7,147.0,0.9243195468096651,4.66722221042372,7.013204801871373,1.2828580549378676,
holo,6UNJ,CL6,8SPD,7,147.0,1.100569441883465,4.198110857117274,4.940436559533823,1.2514979000732736,
holo,6UNJ,D0R,3TJS,2,,,,,,span < 4 residues in common
holo,6UNJ,D7J,6BD7,7,147.0,0.839937244212706,4.459632509862996,6.928520951505494,0.9733185750626173,
holo,6UNJ,D7M,6BD5,7,147.0,0.8227561218011892,4.471204166913287,6.956392111681723,0.9557471118280555,
holo,6UNJ,D7Y,6BCZ,7,147.0,0.8243840424043065,4.400269079260164,6.773259056392506,1.0474962713546554,
holo,6UNJ,D81,6BD8,7,147.0,0.8031831898141711,4.315182994800125,6.903855086364615,0.7403754059017409,
holo,6UNJ,DEJ,6BDI,7,147.0,0.850322530911285,4.369272970144623,6.7497546275067934,0.9735114047797149,
holo,6UNJ,DEV,6BDH,0,,,,,,span < 4 residues in common
holo,6UNJ,DJ1,6BDK,7,147.0,0.8651289121654717,4.424255149815178,6.873043605975412,0.992316251507551,
holo,6UNJ,ERY,2J0D,4,147.0,1.1886225092007,3.996171151677934,5.123431459687653,1.5406378089894814,
holo,6UNJ,FZV,6DAC,4,147.0,0.8409283054862261,4.510753906679355,5.718874925071638,0.907344260097789,
holo,6UNJ,G0D,6DA2,3,,,,,,span < 4 residues in common
holo,6UNJ,G0J,6DA8,1,,,,,,span < 4 residues in common
holo,6UNJ,G0M,6DAA,1,,,,,,span < 4 residues in common
holo,6UNJ,G0V,6DAB,0,,,,,,span < 4 residues in common
holo,6UNJ,G1J,6DA5,1,,,,,,span < 4 residues in common
holo,6UNJ,J9K,4D78,7,146.0,0.4721934124072721,5.831935877206299,6.962551990914543,0.46267314317136804,
holo,6UNJ,KLN,2V0M,7,146.0,0.45507919533909386,5.998210268651284,6.9877989420806195,0.38861060946142273,
holo,6UNJ,MF8,5G5J,7,146.0,0.9062480528023499,4.486124817763312,6.915542308052547,1.1862506253232386,
holo,6UNJ,MWS,6OOB,7,147.0,1.0125230202479014,4.522011182882519,7.097064190721679,1.3944004792760278,
holo,6UNJ,MWV,6OO9,7,147.0,1.065648330189911,4.487499080818741,6.899602358382928,1.3205234561063817,
holo,6UNJ,MWY,6OOA,1,,,,,,span < 4 residues in common
holo,6UNJ,MYT,1W0G,7,146.0,0.9858969715356507,4.207484116167155,6.335683855169548,1.1355459994716581,
holo,6UNJ,NH0,7UF9,0,,,,,,span < 4 residues in common
holo,6UNJ,NI6,7UFA,7,146.0,0.6713107476018617,3.6198347881303334,5.266920668879551,0.6663420013847641,
holo,6UNJ,NJ0,7UFB,7,147.0,0.8796026783230831,4.350868803273369,6.597042728505893,1.0683535704271219,
holo,6UNJ,NJO,7UFC,7,147.0,0.8239634599453506,4.340675842413087,6.3233847282580395,0.8221913465215144,
holo,6UNJ,NXR,7UFE,7,147.0,0.3540773554538996,5.6657816192215265,6.945441126483491,0.26210741356620204,
holo,6UNJ,NYF,7UFF,7,147.0,0.35442809926803304,5.670068759846749,6.969510707048311,0.26314109610656417,
holo,6UNJ,PG0,9BV6,6,147.0,0.8103469162106823,4.638807736359758,6.27596182639045,0.8600298996562565,
holo,6UNJ,PG4,9YK4,7,147.0,0.8916066168049315,4.410625310408824,6.735739331068761,1.16376068293644,
holo,6UNJ,PK9,4D6Z,7,146.0,0.8922236903559806,4.381435036095664,6.812371013506134,1.121884507773801,
holo,6UNJ,PKT,4D7D,7,147.0,0.49768000963048403,5.8286940155320455,6.884963988616847,0.40620471402411074,
holo,6UNJ,QDJ,6UNL,0,,,,,,span < 4 residues in common
holo,6UNJ,QDP,6UNM,0,,,,,,span < 4 residues in common
holo,6UNJ,QDV,6UNI,0,,,,,,span < 4 residues in common
holo,6UNJ,QE4,6UNK,3,,,,,,span < 4 residues in common
holo,6UNJ,QEA,6UNH,4,146.0,0.4641795387840535,3.8978792982725454,4.636356442850415,0.5970290611757455,
holo,6UNJ,QEP,6UNG,4,147.0,0.602678723337597,3.8398036908445285,4.474241006794743,0.47985726347560564,
holo,6UNJ,QES,6UNE,4,147.0,0.7322504654907289,3.722870333285967,4.417992723332601,0.7112556903436948,
holo,6UNJ,RIT,3NXU,7,147.0,0.44492362918731576,5.809821282780036,7.291744284055858,0.4153179398347009,
holo,6UNJ,T0K,7UFD,7,147.0,0.8090844888914589,4.257296937345353,6.16643367240183,0.9512595884201384,
holo,6UNJ,TCI,9PLJ,7,147.0,0.9840599685497932,4.468857480058568,7.04296389160356,1.354471516107396,
holo,6UNJ,X5Y,7KVH,7,147.0,0.33291575275184637,5.791927463197785,6.950491361391805,0.31287788188766535,
holo,6UNJ,X6J,7KVP,3,,,,,,span < 4 residues in common
holo,6UNJ,X6S,7KVO,7,147.0,0.3586790637385346,5.473614475095673,6.945508442701423,0.3542558325018923,
holo,6UNJ,X6V,7KVN,7,146.0,0.3537678365007287,5.709250094692383,6.9312421711059065,0.26591979753388467,
holo,6UNJ,X71,7KVM,2,,,,,,span < 4 residues in common
holo,6UNJ,X74,7KVS,7,147.0,0.2754060401111021,5.510359085122531,6.247127578144451,0.28132989474928516,
holo,6UNJ,X7D,7KVQ,7,147.0,0.35619363151837,5.614899707564665,6.913535379118386,0.3001045529872242,
holo,6UNJ,X7J,7KVK,7,147.0,0.3046900167831156,5.596355474775954,6.92759368560992,0.237625204505296,
holo,6UNJ,X7M,7KVJ,0,,,,,,span < 4 residues in common
holo,6UNJ,X7P,7KVI,1,,,,,,span < 4 residues in common
holo,6UNJ,Y83,6BDM,4,147.0,0.7160332759484703,3.8673088001851292,5.116523627444118,0.5235927099539103,
holo,6UNJ,YNV,7LXL,2,,,,,,span < 4 residues in common
holo,6UNJ,Z8Z,4I4G,7,147.0,0.42339957757582153,5.93439322057111,7.032958530957003,0.3520018389292404,
holo,6UNJ,Z9Z,4I4H,7,147.0,0.4645529930202386,5.899098891067904,7.230019396280838,0.39941271666900835,
holo,7KVH,08J,5TE8,7,147.0,1.2245848099858683,9.756534389481246,17.060974809703147,1.4086738968903119,
holo,7KVH,08Y,3UA1,7,146.0,0.7964287647818303,4.838708665258684,6.155890920981249,1.1291201043086718,
holo,7KVH,1RD,4K9T,7,146.0,0.3258195246442472,6.11711129970276,8.140876541852878,0.30957413505235293,
holo,7KVH,2QH,4NY4,7,146.0,0.5699669220126156,4.523569495260278,6.453217278945675,0.6960349638419489,
holo,7KVH,5AW,4K9U,1,,,,,,span < 4 residues in common
holo,7KVH,6AW,4K9V,7,146.0,0.5369660303588143,4.807290916907666,6.6744501719018805,0.8341522686187359,
holo,7KVH,7AW,4K9W,7,147.0,0.4096959789099866,0.5223658105420994,0.8479073107086973,0.3710195907310455,
holo,7KVH,80K,6BD6,7,147.0,0.6246652981658675,4.2790344445481745,6.271617865732498,0.5835822478740511,
holo,7KVH,8AW,4K9X,5,147.0,0.32374598656099096,1.0622883217926709,1.4674031080815133,0.2932749383673253,
holo,7KVH,A1A06,9COS,0,,,,,,span < 4 residues in common
holo,7KVH,A1A07,9COR,1,,,,,,span < 4 residues in common
holo,7KVH,A1A08,9COT,0,,,,,,span < 4 residues in common
holo,7KVH,A1A4K,9COX,0,,,,,,span < 4 residues in common
holo,7KVH,A1A4S,9COV,0,,,,,,span < 4 residues in common
holo,7KVH,A1A4T,9COY,0,,,,,,span < 4 residues in common
holo,7KVH,A1A4U,9COU,0,,,,,,span < 4 residues in common
holo,7KVH,A1A4V,9COW,0,,,,,,span < 4 residues in common
holo,7KVH,A1APA,9BBB,1,,,,,,span < 4 residues in common
holo,7KVH,A1ASO,9BVC,7,147.0,0.7840785396533643,4.702581642174565,6.310544961073458,0.938050913023802,
holo,7KVH,A1ASP,9BVB,7,147.0,0.7516377194346443,4.723444406757366,6.2498734225076635,0.9632261151086413,
holo,7KVH,A1ASQ,9BVA,7,147.0,0.773406410002509,4.821705132794916,6.476169086806618,0.9413917532020419,
holo,7KVH,A1ASR,9BV9,7,147.0,0.7708957543864542,4.751197220528479,6.288564785276219,0.9671104674701186,
holo,7KVH,A1ASS,9BV8,7,147.0,0.7937061728141842,4.680014965824888,6.419180935768634,0.9806855379256737,
holo,7KVH,A1AST,9BV7,7,147.0,0.7490893004361981,4.752599420210736,6.393616121625639,0.925194766252104,
holo,7KVH,A1ASU,9BV6,6,147.0,0.7091045963223577,4.6407854763564655,6.284297668488313,0.744890093372139,
holo,7KVH,A1ASV,9BV5,7,147.0,0.8536499391699911,4.66786445474118,6.269943956379196,0.9983576885775597,
holo,7KVH,A1BNX,9MS1,2,,,,,,span < 4 residues in common
holo,7KVH,A1CIW,9PLK,4,147.0,0.981266901794665,5.369468806313977,6.130577664125549,1.3172759228549256,
holo,7KVH,CFF,8SO1,7,147.0,0.8351059670899641,4.788920991043906,6.401792092645596,1.1751440704066682,
holo,7KVH,CL6,8SPD,7,147.0,1.0039528401871958,8.442591948254087,10.112691582436787,1.1314142558377107,
holo,7KVH,D0R,3TJS,2,,,,,,span < 4 residues in common
holo,7KVH,D7J,6BD7,7,147.0,0.7652962777296538,4.759167728876429,6.342992765480729,0.8918255730110171,
holo,7KVH,D7M,6BD5,7,147.0,0.7344178201143146,4.722019360195852,6.246935124472633,0.871359385563556,
holo,7KVH,D7Y,6BCZ,7,147.0,0.7360215932679764,4.691197120803355,6.33215288321419,0.9531808957854234,
holo,7KVH,D81,6BD8,7,147.0,0.7046722877746203,4.540104092159189,6.231780877438892,0.6408568947687051,
holo,7KVH,DEJ,6BDI,7,147.0,0.7641833875666253,4.67475251874962,6.292856554413693,0.8923186675998585,
holo,7KVH,DEV,6BDH,0,,,,,,span < 4 residues in common
holo,7KVH,DJ1,6BDK,7,147.0,0.7732771483859807,4.6845747709843515,6.202774179753662,0.8992078111727407,
holo,7KVH,ERY,2J0D,4,147.0,1.0917290572541793,5.593287693646887,8.292459102510561,1.410000637280907,
holo,7KVH,FZV,6DAC,4,147.0,0.7376845857451512,4.917979762074576,6.26942119071891,0.804067677689728,
holo,7KVH,G0D,6DA2,3,,,,,,span < 4 residues in common
holo,7KVH,G0J,6DA8,1,,,,,,span < 4 residues in common
holo,7KVH,G0M,6DAA,1,,,,,,span < 4 residues in common
holo,7KVH,G0V,6DAB,0,,,,,,span < 4 residues in common
holo,7KVH,G1J,6DA5,1,,,,,,span < 4 residues in common
holo,7KVH,J9K,4D78,7,146.0,0.34106918181197154,1.1007859005957503,1.7500786083670248,0.321224126424641,
holo,7KVH,KLN,2V0M,7,146.0,0.3402403154632367,1.8000210484817984,2.8636365345904355,0.358779143919482,
holo,7KVH,MF8,5G5J,7,146.0,0.79656073406777,4.919396037755023,6.573743677187611,1.0888025599537579,
holo,7KVH,MWS,6OOB,7,147.0,0.920700726217068,5.028265735366015,6.450906321713464,1.2776389902044734,
holo,7KVH,MWV,6OO9,7,147.0,0.9618387104441574,4.93227123028398,6.590595625353326,1.2006985353115802,
holo,7KVH,MWY,6OOA,1,,,,,,span < 4 residues in common
holo,7KVH,MYT,1W0G,7,146.0,0.8940904402908408,4.765475239899809,6.500345795188473,1.0697284694125138,
holo,7KVH,NH0,7UF9,0,,,,,,span < 4 residues in common
holo,7KVH,NI6,7UFA,7,146.0,0.5295199419672172,8.356223427743807,9.922297110466268,0.5383268206712462,
holo,7KVH,NJ0,7UFB,7,147.0,0.7900315740670649,4.7850518301141145,6.387873934678772,0.9836642214869608,
holo,7KVH,NJO,7UFC,7,147.0,0.7611965632937294,4.599819137511493,6.709137591177638,0.7239036349686043,
holo,7KVH,NXR,7UFE,7,147.0,0.26959273022414854,0.6391181162845989,0.9084382097232858,0.2289005519031983,
holo,7KVH,NYF,7UFF,7,147.0,0.2674209301517965,0.6104257565085649,0.8752147713635778,0.22563531726718603,
holo,7KVH,PG0,9BV6,6,147.0,0.7091045963223577,4.6407854763564655,6.284297668488313,0.744890093372139,
holo,7KVH,PG4,9YK4,7,147.0,0.7946806327663875,4.739659888330801,6.343720344618904,1.0710773737440604,
holo,7KVH,PK9,4D6Z,7,146.0,0.7771809616119055,4.8372556430927425,6.380968293237376,1.0339189040503283,
holo,7KVH,PKT,4D7D,7,147.0,0.3886540186672942,2.1386048667340516,3.3370194879372286,0.281193104406289,
holo,7KVH,QDJ,6UNL,0,,,,,,span < 4 residues in common
holo,7KVH,QDP,6UNM,0,,,,,,span < 4 residues in common
holo,7KVH,QDV,6UNI,0,,,,,,span < 4 residues in common
holo,7KVH,QDY,6UNJ,7,147.0,0.3329157527518506,5.791927463197788,6.950491361391818,0.3128778818876676,
holo,7KVH,QE4,6UNK,3,,,,,,span < 4 residues in common
holo,7KVH,QEA,6UNH,4,146.0,0.36863977065990294,4.777210227480174,5.97086138102963,0.48605088684572145,
holo,7KVH,QEP,6UNG,4,147.0,0.5313237126174623,4.765069649786907,6.02385790263417,0.3720601975124339,
holo,7KVH,QES,6UNE,4,147.0,0.636285481344282,4.5572108762869625,5.862485233751785,0.6007570226265498,
holo,7KVH,RIT,3NXU,7,147.0,0.4531775102523363,0.6937277647259239,0.9635277767998099,0.46066768660234364,
holo,7KVH,T0K,7UFD,7,147.0,0.7439735085318931,4.542182882478339,6.566087040555298,0.8667264159908826,
holo,7KVH,TCI,9PLJ,7,147.0,0.8833573514057578,4.935426067847298,6.300521907267177,1.2433403681908066,
holo,7KVH,X6J,7KVP,3,,,,,,span < 4 residues in common
holo,7KVH,X6S,7KVO,7,147.0,0.30540851331714713,0.6416115844033689,1.0254257954736208,0.2855796498553852,
holo,7KVH,X6V,7KVN,7,146.0,0.279022138838385,0.5005552390419488,0.6583187936058146,0.18036910815679755,
holo,7KVH,X71,7KVM,2,,,,,,span < 4 residues in common
holo,7KVH,X74,7KVS,7,147.0,0.1962625143194072,0.8915896398205809,1.9445184785664817,0.2221903863033082,
holo,7KVH,X7D,7KVQ,7,147.0,0.2822591852653884,0.6711761859235638,0.8756983131046867,0.19847476143065418,
holo,7KVH,X7J,7KVK,7,147.0,0.29605812691258526,0.498523748889401,0.7762791983633825,0.23786683955446888,
holo,7KVH,X7M,7KVJ,0,,,,,,span < 4 residues in common
holo,7KVH,X7P,7KVI,1,,,,,,span < 4 residues in common
holo,7KVH,Y83,6BDM,4,147.0,0.6199316351816866,4.905570148546133,5.949948617814019,0.4357967465427506,
holo,7KVH,YNV,7LXL,2,,,,,,span < 4 residues in common
holo,7KVH,Z8Z,4I4G,7,147.0,0.3187028776783855,1.0479478435272762,2.1174376822671257,0.28645597314102667,
holo,7KVH,Z9Z,4I4H,7,147.0,0.38072242695081177,0.8005353679749819,1.3064977206017492,0.29331717222509,
holo,7KVK,08J,5TE8,7,150.0,1.4640047723708176,9.250479257553648,16.20002791297878,1.6278307765892202,
holo,7KVK,08Y,3UA1,7,148.0,0.9936977858778907,4.448737930592489,5.5375070675474305,1.2489746345657424,
holo,7KVK,1RD,4K9T,7,146.0,0.36729984283860223,5.909851205805899,7.4307680046738485,0.3854256661492046,
holo,7KVK,2QH,4NY4,7,148.0,0.8431761966447758,4.144457448146146,5.827329169079948,0.837410590468882,
holo,7KVK,5AW,4K9U,1,,,,,,span < 4 residues in common
holo,7KVK,6AW,4K9V,7,146.0,0.6233886827824318,4.503218979211483,6.0869871664275985,0.9083582008713157,
holo,7KVK,7AW,4K9W,7,148.0,0.44684321315547715,0.6004646156501143,0.8503390680270745,0.2784293789287781,
holo,7KVK,80K,6BD6,7,148.0,0.7458362490613077,3.9637624113620666,5.728587010374681,0.6963759511880254,
holo,7KVK,8AW,4K9X,5,147.0,0.4014517947491343,0.8431915604598827,1.1579701829201563,0.3297574431117042,
holo,7KVK,A1A06,9COS,0,,,,,,span < 4 residues in common
holo,7KVK,A1A07,9COR,1,,,,,,span < 4 residues in common
holo,7KVK,A1A08,9COT,0,,,,,,span < 4 residues in common
holo,7KVK,A1A4K,9COX,0,,,,,,span < 4 residues in common
holo,7KVK,A1A4S,9COV,0,,,,,,span < 4 residues in common
holo,7KVK,A1A4T,9COY,0,,,,,,span < 4 residues in common
holo,7KVK,A1A4U,9COU,0,,,,,,span < 4 residues in common
holo,7KVK,A1A4V,9COW,0,,,,,,span < 4 residues in common
holo,7KVK,A1APA,9BBB,1,,,,,,span < 4 residues in common
holo,7KVK,A1ASO,9BVC,7,149.0,0.9972821727699913,4.341375643938525,5.704490921470618,1.0594632351774524,
holo,7KVK,A1ASP,9BVB,7,150.0,1.0206133009218281,4.328331615855177,5.639299112576507,1.1101188260342014,
holo,7KVK,A1ASQ,9BVA,7,149.0,0.9795619227957846,4.444134777628102,5.881741765579326,1.0693965183379894,
holo,7KVK,A1ASR,9BV9,7,150.0,1.0279352357498408,4.352992273327993,5.67277235424893,1.1146689759313844,
holo,7KVK,A1ASS,9BV8,7,150.0,1.0251145231093408,4.269063007685594,5.78674900044722,1.1230168420502398,
holo,7KVK,A1AST,9BV7,7,149.0,0.9284782177231933,4.389061004820455,5.793581102065095,1.0445551459790703,
holo,7KVK,A1ASU,9BV6,6,150.0,1.0392101508142846,4.493290071022412,5.696015569026361,0.9422609209365419,
holo,7KVK,A1ASV,9BV5,7,150.0,1.2496097335537608,4.211268556468931,5.606890101348754,1.210772163028976,
holo,7KVK,A1BNX,9MS1,2,,,,,,span < 4 residues in common
holo,7KVK,A1CIW,9PLK,4,150.0,1.1977457606906385,5.369142937647534,6.026982127669493,1.4689655662572818,
holo,7KVK,CFF,8SO1,7,150.0,1.0051639669459667,4.390582490758926,5.788330907822119,1.2962874623988978,
holo,7KVK,CL6,8SPD,7,149.0,1.189107071264221,8.176549472209143,9.56918958936793,1.3124883994134353,
holo,7KVK,D0R,3TJS,2,,,,,,span < 4 residues in common
holo,7KVK,D7J,6BD7,7,150.0,1.0017014548350713,4.3552026872418566,5.728863892751397,1.044514249956303,
holo,7KVK,D7M,6BD5,7,149.0,0.8625027749447791,4.365088548374015,5.65659017988586,0.9730599420906322,
holo,7KVK,D7Y,6BCZ,7,150.0,0.9185651961159027,4.315384313360947,5.737109145172564,1.0829203997528183,
holo,7KVK,D81,6BD8,7,149.0,0.8304731905309805,4.1871237723890165,5.674471035165625,0.7662729754383395,
holo,7KVK,DEJ,6BDI,7,149.0,0.9178038374196242,4.31359294380575,5.691663703098,0.9976664587845631,
holo,7KVK,DEV,6BDH,0,,,,,,span < 4 residues in common
holo,7KVK,DJ1,6BDK,7,149.0,0.9279279729346611,4.3237335149603675,5.596252934716896,1.0095674750571635,
holo,7KVK,ERY,2J0D,4,150.0,1.3821083536622387,5.600967820157157,8.419502109006586,1.6076500577951065,
holo,7KVK,FZV,6DAC,4,149.0,0.8664155723491431,4.507957489002847,5.677322797790106,0.9337462732489399,
holo,7KVK,G0D,6DA2,3,,,,,,span < 4 residues in common
holo,7KVK,G0J,6DA8,1,,,,,,span < 4 residues in common
holo,7KVK,G0M,6DAA,1,,,,,,span < 4 residues in common
holo,7KVK,G0V,6DAB,0,,,,,,span < 4 residues in common
holo,7KVK,G1J,6DA5,1,,,,,,span < 4 residues in common
holo,7KVK,J9K,4D78,7,146.0,0.4192437783618493,1.1283981190302403,1.7130649822687227,0.38359426564488336,
holo,7KVK,KLN,2V0M,7,146.0,0.39398278541605575,1.8188782896532114,2.7048083697281298,0.3029074534941696,
holo,7KVK,MF8,5G5J,7,148.0,1.0318887665776886,4.544311920514106,5.983709845067374,1.1833373125938145,
holo,7KVK,MWS,6OOB,7,150.0,1.0954553086736498,4.635113787376247,5.863720351767684,1.4061037947636938,
holo,7KVK,MWV,6OO9,7,149.0,1.131853695457156,4.568528912301067,6.00076549760341,1.3169002490177562,
holo,7KVK,MWY,6OOA,1,,,,,,span < 4 residues in common
holo,7KVK,MYT,1W0G,7,146.0,1.0140921517334474,4.45045464275761,5.913919843053304,1.1379212688505214,
holo,7KVK,NH0,7UF9,0,,,,,,span < 4 residues in common
holo,7KVK,NI6,7UFA,7,148.0,0.7512543742333706,8.160889523961973,9.89220748899294,0.6767476972354993,
holo,7KVK,NJ0,7UFB,7,150.0,0.9638197512936131,4.407171118112818,5.792752333578453,1.1139633607042858,
holo,7KVK,NJO,7UFC,7,150.0,0.9498540681075924,4.221488568847677,6.125833058159206,0.8818536406396651,
holo,7KVK,NXR,7UFE,7,149.0,0.25524549352748793,0.46896099694881216,0.7092889859556442,0.167603394461255,
holo,7KVK,NYF,7UFF,7,149.0,0.254344912711302,0.4595497783236073,0.710717742722533,0.16892992257204517,
holo,7KVK,PG0,9BV6,6,150.0,1.0392101508142846,4.493290071022412,5.696015569026361,0.9422609209365419,
holo,7KVK,PG4,9YK4,7,149.0,0.9728872146206238,4.360183935186025,5.739147181515219,1.2062357801923913,
holo,7KVK,PK9,4D6Z,7,146.0,0.8663929238175593,4.515401139665139,5.788724148263349,1.1098478555019886,
holo,7KVK,PKT,4D7D,7,147.0,0.47462046429486404,1.9808180032892986,3.0125825386641356,0.33606479664058714,
holo,7KVK,QDJ,6UNL,0,,,,,,span < 4 residues in common
holo,7KVK,QDP,6UNM,0,,,,,,span < 4 residues in common
holo,7KVK,QDV,6UNI,0,,,,,,span < 4 residues in common
holo,7KVK,QDY,6UNJ,7,147.0,0.30469001678311775,5.596355474775957,6.927593685609929,0.2376252045052956,
holo,7KVK,QE4,6UNK,3,,,,,,span < 4 residues in common
holo,7KVK,QEA,6UNH,4,147.0,0.5545874013827393,4.334695777481466,5.350288872052734,0.5910034324208087,
holo,7KVK,QEP,6UNG,4,149.0,0.7505676822925887,4.313970865405515,5.434754684813839,0.5002257244676057,
holo,7KVK,QES,6UNE,4,148.0,0.7542070047290153,4.146125660026073,5.3042662503531295,0.7245879619748254,
holo,7KVK,RIT,3NXU,7,147.0,0.43306115831440745,0.6353314114734407,1.0410668606253841,0.3512109315488555,
holo,7KVK,T0K,7UFD,7,150.0,0.9506904329450845,4.14912625697869,5.946463686748167,1.0242036478001149,
holo,7KVK,TCI,9PLJ,7,150.0,1.0754314194987797,4.542081100939634,5.712241546929965,1.3766753876904227,
holo,7KVK,X5Y,7KVH,7,147.0,0.29605812691258543,0.49852374888940026,0.7762791983633787,0.23786683955447158,
holo,7KVK,X6J,7KVP,3,,,,,,span < 4 residues in common
holo,7KVK,X6S,7KVO,7,150.0,0.21063209919811834,0.17961517962998577,0.2549595742708477,0.21850698147686254,
holo,7KVK,X6V,7KVN,7,146.0,0.22791830908938746,0.3085043662249018,0.4379713845528293,0.1874132980787364,
holo,7KVK,X71,7KVM,2,,,,,,span < 4 residues in common
holo,7KVK,X74,7KVS,7,149.0,0.22941677743970273,0.7176687329323256,1.7904207414975764,0.13986995265726787,
holo,7KVK,X7D,7KVQ,7,147.0,0.23164857044767648,0.3284676585031546,0.468600116212114,0.18587986462507303,
holo,7KVK,X7M,7KVJ,0,,,,,,span < 4 residues in common
holo,7KVK,X7P,7KVI,1,,,,,,span < 4 residues in common
holo,7KVK,Y83,6BDM,4,149.0,0.7865755041099634,4.5627929877475335,5.39632249024123,0.5809232295634034,
holo,7KVK,YNV,7LXL,2,,,,,,span < 4 residues in common
holo,7KVK,Z8Z,4I4G,7,147.0,0.38375888990202367,1.2711968256506245,2.3612142128478517,0.27804166835733873,
holo,7KVK,Z9Z,4I4H,7,147.0,0.44135456674699247,0.7108334615697306,1.1035041555828322,0.2874023552951582,
holo,7KVN,08J,5TE8,7,146.0,1.196812894788177,9.60711860115889,16.5804290858391,1.402897046106821,
holo,7KVN,08Y,3UA1,7,145.0,0.7706254725381615,4.6482940418727265,5.716283602091714,1.1259193104707934,
holo,7KVN,1RD,4K9T,7,145.0,0.3490487555083022,6.056758089683442,7.7026515868585745,0.31792281612343126,
holo,7KVN,2QH,4NY4,7,145.0,0.6321771309854877,4.285874351110485,5.996547057377187,0.7113767027872469,
holo,7KVN,5AW,4K9U,1,,,,,,span < 4 residues in common
holo,7KVN,6AW,4K9V,7,145.0,0.5809629421027184,4.607870402214286,6.2145292567019865,0.8316367080643564,
holo,7KVN,7AW,4K9W,7,146.0,0.42754062691821926,0.7042044302850364,1.056000542962244,0.2952383212893815,
holo,7KVN,80K,6BD6,7,146.0,0.6183273179400889,4.06519951530786,5.865743441553824,0.5814841571059863,
holo,7KVN,8AW,4K9X,5,146.0,0.35379796959467713,0.9541556803208926,1.2524080190767182,0.2562696217473771,
holo,7KVN,A1A06,9COS,0,,,,,,span < 4 residues in common
holo,7KVN,A1A07,9COR,1,,,,,,span < 4 residues in common
holo,7KVN,A1A08,9COT,0,,,,,,span < 4 residues in common
holo,7KVN,A1A4K,9COX,0,,,,,,span < 4 residues in common
holo,7KVN,A1A4S,9COV,0,,,,,,span < 4 residues in common
holo,7KVN,A1A4T,9COY,0,,,,,,span < 4 residues in common
holo,7KVN,A1A4U,9COU,0,,,,,,span < 4 residues in common
holo,7KVN,A1A4V,9COW,0,,,,,,span < 4 residues in common
holo,7KVN,A1APA,9BBB,1,,,,,,span < 4 residues in common
holo,7KVN,A1ASO,9BVC,7,146.0,0.8024119134790916,4.506973993945192,5.871372164904597,0.9468880148265758,
holo,7KVN,A1ASP,9BVB,7,146.0,0.7672913555291931,4.521921333059622,5.81158086968365,0.969148306392358,
holo,7KVN,A1ASQ,9BVA,7,146.0,0.7892445916787609,4.610841154266896,6.037689815875161,0.95532301684509,
holo,7KVN,A1ASR,9BV9,7,146.0,0.7819946483914214,4.549690488787531,5.848037149842089,0.9734474155508234,
holo,7KVN,A1ASS,9BV8,7,146.0,0.8064280214741337,4.4578686679269275,5.957727455070843,0.9869444061613727,
holo,7KVN,A1AST,9BV7,7,146.0,0.7658895626932226,4.557482057434229,5.9488309891104345,0.9302778992105891,
holo,7KVN,A1ASU,9BV6,6,146.0,0.7214947303406666,4.574916160378286,5.870870233031289,0.7624010744693394,
holo,7KVN,A1ASV,9BV5,7,146.0,0.8548330827662931,4.474214018335136,5.826420979473216,0.9975010876573523,
holo,7KVN,A1BNX,9MS1,2,,,,,,span < 4 residues in common
holo,7KVN,A1CIW,9PLK,4,146.0,0.9597885081570643,5.643497919102156,6.316775586542546,1.3138638138195422,
holo,7KVN,CFF,8SO1,7,146.0,0.8179287406229014,4.563489512980359,5.951082278207042,1.1663297203448235,
holo,7KVN,CL6,8SPD,7,146.0,1.0059536994687917,8.444966868507112,9.92355272404329,1.137776666059771,
holo,7KVN,D0R,3TJS,2,,,,,,span < 4 residues in common
holo,7KVN,D7J,6BD7,7,146.0,0.7582810820139091,4.556020799959351,5.899806795706014,0.8851015963808203,
holo,7KVN,D7M,6BD5,7,146.0,0.7195533236441438,4.5100157223092365,5.801292797338752,0.8660597362071639,
holo,7KVN,D7Y,6BCZ,7,146.0,0.7227333278841644,4.487157660353861,5.893798663456201,0.9460319870418368,
holo,7KVN,D81,6BD8,7,146.0,0.6829347974016066,4.341557490711652,5.81901834992554,0.6472714343072832,
holo,7KVN,DEJ,6BDI,7,146.0,0.7564586849526006,4.4698737682406176,5.848284397664561,0.8852535706562902,
holo,7KVN,DEV,6BDH,0,,,,,,span < 4 residues in common
holo,7KVN,DJ1,6BDK,7,146.0,0.7674833952882523,4.479953424450861,5.753323663939458,0.8959448463282267,
holo,7KVN,ERY,2J0D,4,146.0,1.10325684344688,5.832998686056113,8.634487244711293,1.4161398070385451,
holo,7KVN,FZV,6DAC,4,146.0,0.7246588401856803,4.627278988337781,5.8225512454508745,0.8163324999607469,
holo,7KVN,G0D,6DA2,3,,,,,,span < 4 residues in common
holo,7KVN,G0J,6DA8,1,,,,,,span < 4 residues in common
holo,7KVN,G0M,6DAA,1,,,,,,span < 4 residues in common
holo,7KVN,G0V,6DAB,0,,,,,,span < 4 residues in common
holo,7KVN,G1J,6DA5,1,,,,,,span < 4 residues in common
holo,7KVN,J9K,4D78,7,145.0,0.365517193301154,1.1566728192897808,1.8143566126568613,0.33266436932579596,
holo,7KVN,KLN,2V0M,7,145.0,0.37978366762653204,1.9270351175437077,2.7946364631107854,0.39965816592949194,
holo,7KVN,MF8,5G5J,7,145.0,0.8165656494082868,4.716046503542752,6.145526031527698,1.0882514907209884,
holo,7KVN,MWS,6OOB,7,146.0,0.9017012866465471,4.8304093259726555,6.025787257405436,1.2701576410341093,
holo,7KVN,MWV,6OO9,7,146.0,0.954626016247792,4.734139068853033,6.162372272116815,1.196061622887685,
holo,7KVN,MWY,6OOA,1,,,,,,span < 4 residues in common
holo,7KVN,MYT,1W0G,7,145.0,0.9445440470083776,4.550948954808593,6.0475220752055865,1.0559302666116355,
holo,7KVN,NH0,7UF9,0,,,,,,span < 4 residues in common
holo,7KVN,NI6,7UFA,7,145.0,0.5283430377635052,8.351599365094165,9.854237934779109,0.5257670657300314,
holo,7KVN,NJ0,7UFB,7,146.0,0.7807522053980916,4.578587755394212,5.948037384136648,0.9824367319404941,
holo,7KVN,NJO,7UFC,7,146.0,0.7582670266835834,4.384564525685754,6.279602522779574,0.7141035675047174,
holo,7KVN,NXR,7UFE,7,146.0,0.17106652407352788,0.38529428817566896,0.7117189000965229,0.15992167264588067,
holo,7KVN,NYF,7UFF,7,146.0,0.16993843988335747,0.3840749707896496,0.726474722259614,0.1567541275261029,
holo,7KVN,PG0,9BV6,6,146.0,0.7214947303406666,4.574916160378286,5.870870233031289,0.7624010744693394,
holo,7KVN,PG4,9YK4,7,146.0,0.8034585844562939,4.533412485433122,5.893302224657181,1.0747944437166619,
holo,7KVN,PK9,4D6Z,7,145.0,0.7553300566472936,4.637160606313939,5.925031088999061,1.0240716704193442,
holo,7KVN,PKT,4D7D,7,146.0,0.4338366765490482,2.0010676957086524,3.1490951942159353,0.28017451058550685,
holo,7KVN,QDJ,6UNL,0,,,,,,span < 4 residues in common
holo,7KVN,QDP,6UNM,0,,,,,,span < 4 residues in common
holo,7KVN,QDV,6UNI,0,,,,,,span < 4 residues in common
holo,7KVN,QDY,6UNJ,7,146.0,0.35376783650072685,5.709250094692383,6.931242171105902,0.26591979753388506,
holo,7KVN,QE4,6UNK,3,,,,,,span < 4 residues in common
holo,7KVN,QEA,6UNH,4,145.0,0.4005147573927862,4.443060617148918,5.484205824198817,0.4828506110414038,
holo,7KVN,QEP,6UNG,4,146.0,0.5674964900466526,4.442827650952023,5.576006287546049,0.37417992966516384,
holo,7KVN,QES,6UNE,4,146.0,0.6416858341699679,4.2694610124364445,5.438669422861638,0.6067617536894407,
holo,7KVN,RIT,3NXU,7,146.0,0.4575596650587324,0.6119155448395938,0.7623338759189537,0.40045793767395627,
holo,7KVN,T0K,7UFD,7,146.0,0.74536005566263,4.31879287737726,6.111679647453756,0.84673228943661,
holo,7KVN,TCI,9PLJ,7,146.0,0.8677504921037786,4.74135165376786,5.877020382639711,1.2357435866838342,
holo,7KVN,X5Y,7KVH,7,146.0,0.2790221388383851,0.5005552390419449,0.6583187936058061,0.18036910815679577,
holo,7KVN,X6J,7KVP,3,,,,,,span < 4 residues in common
holo,7KVN,X6S,7KVO,7,146.0,0.2689325990671253,0.44106348830168923,0.5523683331810821,0.2666409980088963,
holo,7KVN,X71,7KVM,2,,,,,,span < 4 residues in common
holo,7KVN,X74,7KVS,7,146.0,0.25882467257658015,0.9204011084470973,2.144647503657221,0.1885113886061066,
holo,7KVN,X7D,7KVQ,7,146.0,0.17964596799539495,0.2750707663092412,0.3513135111503053,0.1395468788621604,
holo,7KVN,X7J,7KVK,7,146.0,0.2279183090893871,0.3085043662249107,0.43797138455283285,0.18741329807873786,
holo,7KVN,X7M,7KVJ,0,,,,,,span < 4 residues in common
holo,7KVN,X7P,7KVI,1,,,,,,span < 4 residues in common
holo,7KVN,Y83,6BDM,4,146.0,0.6088464173595369,4.73352633773913,5.54439684291125,0.43647768111597496,
holo,7KVN,YNV,7LXL,2,,,,,,span < 4 residues in common
holo,7KVN,Z8Z,4I4G,7,146.0,0.3314122826900246,1.3060005687018972,2.4750466248260032,0.22645207925134325,
holo,7KVN,Z9Z,4I4H,7,146.0,0.42679744879435233,0.6169110443247121,0.8002742368451032,0.26034967820522287,
holo,7KVO,08J,5TE8,7,150.0,1.3423888006394389,9.140866894624317,16.077320748048923,1.5219592468895387,
holo,7KVO,08Y,3UA1,7,148.0,0.8860460985831476,4.341380164523909,5.405103625008336,1.154128911467755,
holo,7KVO,1RD,4K9T,7,146.0,0.33385958654584535,5.774499719175888,7.156381964635931,0.3827856747406532,
holo,7KVO,2QH,4NY4,7,148.0,0.7577677076347401,4.043124510605174,5.689745032737149,0.7308908361712015,
holo,7KVO,5AW,4K9U,1,,,,,,span < 4 residues in common
holo,7KVO,6AW,4K9V,7,146.0,0.544180411171704,4.386664326846546,5.943073188130262,0.8399335588891963,
holo,7KVO,7AW,4K9W,7,148.0,0.5107186425396439,0.686029777712052,0.9507087985372304,0.3459955269615671,
holo,7KVO,80K,6BD6,7,148.0,0.6664078297138851,3.861457526040556,5.600493495309311,0.6331104386309075,
holo,7KVO,8AW,4K9X,5,147.0,0.3573184674328059,0.7892316920802274,1.0045772284156644,0.27996570211619753,
holo,7KVO,A1A06,9COS,0,,,,,,span < 4 residues in common
holo,7KVO,A1A07,9COR,1,,,,,,span < 4 residues in common
holo,7KVO,A1A08,9COT,0,,,,,,span < 4 residues in common
holo,7KVO,A1A4K,9COX,0,,,,,,span < 4 residues in common
holo,7KVO,A1A4S,9COV,0,,,,,,span < 4 residues in common
holo,7KVO,A1A4T,9COY,0,,,,,,span < 4 residues in common
holo,7KVO,A1A4U,9COU,0,,,,,,span < 4 residues in common
holo,7KVO,A1A4V,9COW,0,,,,,,span < 4 residues in common
holo,7KVO,A1APA,9BBB,1,,,,,,span < 4 residues in common
holo,7KVO,A1ASO,9BVC,7,149.0,0.8915988938589765,4.237603309694729,5.57113875843631,0.9559142604605698,
holo,7KVO,A1ASP,9BVB,7,150.0,0.9157641618769011,4.228692096774564,5.506435153960351,1.010562791942549,
holo,7KVO,A1ASQ,9BVA,7,149.0,0.8730354971532803,4.34102527804463,5.747177208312645,0.9621105253956308,
holo,7KVO,A1ASR,9BV9,7,150.0,0.9207587205349097,4.2533275775332395,5.539461191914213,1.0129573386678212,
holo,7KVO,A1ASS,9BV8,7,150.0,0.9203763724599456,4.169512797055269,5.6489877316522765,1.0245788250155767,
holo,7KVO,A1AST,9BV7,7,149.0,0.8277395367601182,4.284778316975368,5.657511949647563,0.9470278737945357,
holo,7KVO,A1ASU,9BV6,6,150.0,0.938808665729129,4.425177793941133,5.573361657640191,0.8456793913734052,
holo,7KVO,A1ASV,9BV5,7,150.0,1.1481512967204608,4.110291421170421,5.474284022532859,1.1051601752079907,
holo,7KVO,A1BNX,9MS1,2,,,,,,span < 4 residues in common
holo,7KVO,A1CIW,9PLK,4,150.0,1.084285673205951,5.316535529837561,5.941282581483422,1.359195612487972,
holo,7KVO,CFF,8SO1,7,150.0,0.8921054380427886,4.294448992541836,5.6515623500718535,1.189877865948051,
holo,7KVO,CL6,8SPD,7,149.0,1.0770127265427476,8.068937595002186,9.51160132184161,1.2166475769374239,
holo,7KVO,D0R,3TJS,2,,,,,,span < 4 residues in common
holo,7KVO,D7J,6BD7,7,150.0,0.9011652858506798,4.254529674312348,5.594323211233872,0.9497576886222037,
holo,7KVO,D7M,6BD5,7,149.0,0.762029644794802,4.26027897550838,5.520203095908503,0.8864445815831086,
holo,7KVO,D7Y,6BCZ,7,150.0,0.8198352814064549,4.214380273364409,5.603527924523431,0.9919810461292619,
holo,7KVO,D81,6BD8,7,149.0,0.7327007877412628,4.080645214935284,5.548455253631759,0.6623783855996529,
holo,7KVO,DEJ,6BDI,7,149.0,0.8129452845308428,4.2090491337577784,5.556117649488176,0.9072915830176513,
holo,7KVO,DEV,6BDH,0,,,,,,span < 4 residues in common
holo,7KVO,DJ1,6BDK,7,149.0,0.8233911028186354,4.219096035944559,5.459797033621154,0.9123752380059083,
holo,7KVO,ERY,2J0D,4,150.0,1.2604963845591317,5.58768544169736,8.407337895779456,1.4951114568618644,
holo,7KVO,FZV,6DAC,4,149.0,0.7614199851166428,4.378500506373385,5.540337076718233,0.8426620596704846,
holo,7KVO,G0D,6DA2,3,,,,,,span < 4 residues in common
holo,7KVO,G0J,6DA8,1,,,,,,span < 4 residues in common
holo,7KVO,G0M,6DAA,1,,,,,,span < 4 residues in common
holo,7KVO,G0V,6DAB,0,,,,,,span < 4 residues in common
holo,7KVO,G1J,6DA5,1,,,,,,span < 4 residues in common
holo,7KVO,J9K,4D78,7,146.0,0.36865881323290883,1.192875713641648,1.7522188124690816,0.36652330192066107,
holo,7KVO,KLN,2V0M,7,146.0,0.38614995225377285,1.8441902251214188,2.795128298576943,0.2891721068809327,
holo,7KVO,MF8,5G5J,7,148.0,0.9308004383950615,4.440256466878886,5.854343507449762,1.087116959717182,
holo,7KVO,MWS,6OOB,7,150.0,0.9841771834370003,4.534738399517563,5.734161834023154,1.2986391307690557,
holo,7KVO,MWV,6OO9,7,149.0,1.0209965044640263,4.4656663449559995,5.869504477283117,1.209893705983506,
holo,7KVO,MWY,6OOA,1,,,,,,span < 4 residues in common
holo,7KVO,MYT,1W0G,7,146.0,0.9152003947950883,4.335354454202828,5.771974001553832,1.0401105811889597,
holo,7KVO,NH0,7UF9,0,,,,,,span < 4 residues in common
holo,7KVO,NI6,7UFA,7,148.0,0.6652399182714082,8.061987438942024,9.91742103048291,0.596092090565938,
holo,7KVO,NJ0,7UFB,7,150.0,0.8601222204919523,4.30675321969719,5.659545645422954,1.016190740326686,
holo,7KVO,NJO,7UFC,7,150.0,0.8608355292464758,4.122078222910541,5.99333816704148,0.7990777619518987,
holo,7KVO,NXR,7UFE,7,149.0,0.30573026990535757,0.5484734108077423,0.8282733579045718,0.24113050764250843,
holo,7KVO,NYF,7UFF,7,149.0,0.3062273440841361,0.5423642378732477,0.8229045556919543,0.24258134472051127,
holo,7KVO,PG0,9BV6,6,150.0,0.938808665729129,4.425177793941133,5.573361657640191,0.8456793913734052,
holo,7KVO,PG4,9YK4,7,149.0,0.8646076055448081,4.257122023732233,5.601199015165662,1.1065623690701727,
holo,7KVO,PK9,4D6Z,7,146.0,0.7613803193639589,4.39833590317685,5.64412629476095,1.0160281092423202,
holo,7KVO,PKT,4D7D,7,147.0,0.4203716574976651,1.9919061712952928,2.944275345812215,0.2684540731825428,
holo,7KVO,QDJ,6UNL,0,,,,,,span < 4 residues in common
holo,7KVO,QDP,6UNM,0,,,,,,span < 4 residues in common
holo,7KVO,QDV,6UNI,0,,,,,,span < 4 residues in common
holo,7KVO,QDY,6UNJ,7,147.0,0.35867906373853514,5.473614475095673,6.9455084427014215,0.3542558325018918,
holo,7KVO,QE4,6UNK,3,,,,,,span < 4 residues in common
holo,7KVO,QEA,6UNH,4,147.0,0.5075070136752895,4.18888854356002,5.205178011281002,0.5660305241702417,
holo,7KVO,QEP,6UNG,4,149.0,0.6812733358026527,4.174466524150062,5.301201531075146,0.4125769083751903,
holo,7KVO,QES,6UNE,4,148.0,0.670182431770292,4.003930132066133,5.172868825279854,0.6595560237228603,
holo,7KVO,RIT,3NXU,7,147.0,0.49180219097433503,0.7231951204623773,1.1933924577020227,0.3674022668955933,
holo,7KVO,T0K,7UFD,7,150.0,0.8610937772852882,4.048492774539529,5.808682805546316,0.9371226962351324,
holo,7KVO,TCI,9PLJ,7,150.0,0.964245732602385,4.441746482713107,5.584838740194139,1.2665099674008469,
holo,7KVO,X5Y,7KVH,7,147.0,0.3054085133171473,0.6416115844033801,1.025425795473637,0.28557964985538736,
holo,7KVO,X6J,7KVP,3,,,,,,span < 4 residues in common
holo,7KVO,X6V,7KVN,7,146.0,0.2689325990671258,0.44106348830169284,0.5523683331810788,0.2666409980089003,
holo,7KVO,X71,7KVM,2,,,,,,span < 4 residues in common
holo,7KVO,X74,7KVS,7,149.0,0.24772192622579997,0.7206127173645118,1.7325811291515985,0.17096076621777875,
holo,7KVO,X7D,7KVQ,7,147.0,0.2055301757825724,0.3626635534075674,0.4962153626395672,0.1687862558465717,
holo,7KVO,X7J,7KVK,7,150.0,0.2106320991981158,0.17961517962998644,0.25495957427084415,0.21850698147685452,
holo,7KVO,X7M,7KVJ,0,,,,,,span < 4 residues in common
holo,7KVO,X7P,7KVI,1,,,,,,span < 4 residues in common
holo,7KVO,Y83,6BDM,4,149.0,0.7081327442800174,4.4352370923332325,5.272394508082092,0.5375375582342113,
holo,7KVO,YNV,7LXL,2,,,,,,span < 4 residues in common
holo,7KVO,Z8Z,4I4G,7,147.0,0.34019003447402163,1.3691794291341237,2.4169434009424187,0.24969006139522215,
holo,7KVO,Z9Z,4I4H,7,147.0,0.397033333122888,0.7877797573812217,1.2059598055162348,0.2558529527913022,
holo,7KVQ,08J,5TE8,7,147.0,1.1884660194635142,9.408773552358927,16.31232697740094,1.410563907914006,
holo,7KVQ,08Y,3UA1,7,146.0,0.7812411927019068,4.383009744014148,5.52306754887286,1.124806991897249,
holo,7KVQ,1RD,4K9T,7,146.0,0.3470402520420502,5.931321526982088,7.44875303644126,0.3309532061723736,
holo,7KVQ,2QH,4NY4,7,146.0,0.5991087246285709,4.070188958078516,5.815351614287265,0.6764873145662913,
holo,7KVQ,5AW,4K9U,1,,,,,,span < 4 residues in common
holo,7KVQ,6AW,4K9V,7,146.0,0.5600671578384541,4.387405440447037,6.030028299366675,0.824597354412506,
holo,7KVQ,7AW,4K9W,7,147.0,0.4604848146491492,0.7927364108027212,1.307640851369513,0.3248305539310083,
holo,7KVQ,80K,6BD6,7,147.0,0.6258200004307993,3.8498958750443415,5.703284451733562,0.594131235805788,
holo,7KVQ,8AW,4K9X,5,147.0,0.3711868144737425,0.9493363728153189,1.2855779020437015,0.2436013864476856,
holo,7KVQ,A1A06,9COS,0,,,,,,span < 4 residues in common
holo,7KVQ,A1A07,9COR,1,,,,,,span < 4 residues in common
holo,7KVQ,A1A08,9COT,0,,,,,,span < 4 residues in common
holo,7KVQ,A1A4K,9COX,0,,,,,,span < 4 residues in common
holo,7KVQ,A1A4S,9COV,0,,,,,,span < 4 residues in common
holo,7KVQ,A1A4T,9COY,0,,,,,,span < 4 residues in common
holo,7KVQ,A1A4U,9COU,0,,,,,,span < 4 residues in common
holo,7KVQ,A1A4V,9COW,0,,,,,,span < 4 residues in common
holo,7KVQ,A1APA,9BBB,1,,,,,,span < 4 residues in common
holo,7KVQ,A1ASO,9BVC,7,147.0,0.7716242964378347,4.275623462406572,5.693732417977846,0.9268474320330496,
holo,7KVQ,A1ASP,9BVB,7,147.0,0.7364300041131198,4.284390469212744,5.634071933859675,0.9530988649599691,
holo,7KVQ,A1ASQ,9BVA,7,147.0,0.7605127641062311,4.3736030859538255,5.859874997956769,0.9286418002195588,
holo,7KVQ,A1ASR,9BV9,7,147.0,0.7530814543121503,4.3117105080000595,5.669145297213303,0.9551395448806497,
holo,7KVQ,A1ASS,9BV8,7,147.0,0.7761447984235399,4.227230300335701,5.774896263860366,0.9698890636716636,
holo,7KVQ,A1AST,9BV7,7,147.0,0.7382133499780976,4.329513881442268,5.770871472882831,0.9107061334113055,
holo,7KVQ,A1ASU,9BV6,6,147.0,0.7129277446803969,4.55453731522607,5.701165077212659,0.7505146292488099,
holo,7KVQ,A1ASV,9BV5,7,147.0,0.8624926974202979,4.222707600805401,5.636455177896043,0.9921249950659662,
holo,7KVQ,A1BNX,9MS1,2,,,,,,span < 4 residues in common
holo,7KVQ,A1CIW,9PLK,4,147.0,0.9528419740071414,5.555270324270013,6.272186071487113,1.3052705730571668,
holo,7KVQ,CFF,8SO1,7,147.0,0.8077177855444521,4.31629614840643,5.767166452903645,1.1548187719671705,
holo,7KVQ,CL6,8SPD,7,147.0,0.9900801167171228,8.293851572148892,9.776255458869096,1.1477270200521978,
holo,7KVQ,D0R,3TJS,2,,,,,,span < 4 residues in common
holo,7KVQ,D7J,6BD7,7,147.0,0.7565238914986187,4.31231801079744,5.717464614524657,0.8780250902770372,
holo,7KVQ,D7M,6BD5,7,147.0,0.7219022933403261,4.263439180668594,5.618524588272074,0.857049126437966,
holo,7KVQ,D7Y,6BCZ,7,147.0,0.7243538919810867,4.2468974860429585,5.714809589501422,0.9461073451913035,
holo,7KVQ,D81,6BD8,7,147.0,0.6879624744011362,4.098952392106506,5.645949655391441,0.6188567400909459,
holo,7KVQ,DEJ,6BDI,7,147.0,0.7496874625943477,4.226855348399492,5.665666333534312,0.8776360483945322,
holo,7KVQ,DEV,6BDH,0,,,,,,span < 4 residues in common
holo,7KVQ,DJ1,6BDK,7,147.0,0.7598375260683601,4.236243862401448,5.568365764545364,0.8841782328297412,
holo,7KVQ,ERY,2J0D,4,147.0,1.0697194602932152,5.840108100456479,8.73559187665249,1.4024569413954027,
holo,7KVQ,FZV,6DAC,4,147.0,0.7268247595844103,4.421067363215859,5.6382924025240575,0.8101557661167091,
holo,7KVQ,G0D,6DA2,3,,,,,,span < 4 residues in common
holo,7KVQ,G0J,6DA8,1,,,,,,span < 4 residues in common
holo,7KVQ,G0M,6DAA,1,,,,,,span < 4 residues in common
holo,7KVQ,G0V,6DAB,0,,,,,,span < 4 residues in common
holo,7KVQ,G1J,6DA5,1,,,,,,span < 4 residues in common
holo,7KVQ,J9K,4D78,7,146.0,0.36737742394026485,1.217890583653234,1.8837027453799513,0.33059267855917973,
holo,7KVQ,KLN,2V0M,7,146.0,0.4007939536851453,1.993264968691141,3.1031667861151737,0.3550100972757261,
holo,7KVQ,MF8,5G5J,7,146.0,0.795829718938225,4.474938208673832,5.970460456083864,1.070133072241718,
holo,7KVQ,MWS,6OOB,7,147.0,0.8971031738296998,4.576037402215362,5.847833151341271,1.263516937217152,
holo,7KVQ,MWV,6OO9,7,147.0,0.9435607791727457,4.4800137891499565,5.981229885275235,1.190207322687586,
holo,7KVQ,MWY,6OOA,1,,,,,,span < 4 residues in common
holo,7KVQ,MYT,1W0G,7,146.0,0.9187753121147556,4.310473504707511,5.8562560985899115,1.0398995622400695,
holo,7KVQ,NH0,7UF9,0,,,,,,span < 4 residues in common
holo,7KVQ,NI6,7UFA,7,146.0,0.5427698018554102,8.23264992138184,9.853387477220494,0.5307015102873427,
holo,7KVQ,NJ0,7UFB,7,147.0,0.7763047187214765,4.3342792181223055,5.7675323485535674,0.9735850109937805,
holo,7KVQ,NJO,7UFC,7,147.0,0.7548701232405236,4.1564462794624975,6.1079458606948,0.7122157255973335,
holo,7KVQ,NXR,7UFE,7,147.0,0.20816274776804486,0.44658066771199767,0.9746265376066324,0.18203722266195282,
holo,7KVQ,NYF,7UFF,7,147.0,0.20717446189414343,0.4540796400087771,0.990815600396762,0.17973836667892223,
holo,7KVQ,PG0,9BV6,6,147.0,0.7129277446803969,4.55453731522607,5.701165077212659,0.7505146292488099,
holo,7KVQ,PG4,9YK4,7,147.0,0.8021487473808022,4.288689957919267,5.707889919618013,1.0648219899959492,
holo,7KVQ,PK9,4D6Z,7,146.0,0.7749293700501759,4.376687632919851,5.729001712133392,1.019689488319214,
holo,7KVQ,PKT,4D7D,7,147.0,0.44460514195128686,1.9839224389655172,3.0945956422737195,0.24732123003901957,
holo,7KVQ,QDJ,6UNL,0,,,,,,span < 4 residues in common
holo,7KVQ,QDP,6UNM,0,,,,,,span < 4 residues in common
holo,7KVQ,QDV,6UNI,0,,,,,,span < 4 residues in common
holo,7KVQ,QDY,6UNJ,7,147.0,0.3561936315183669,5.614899707564668,6.913535379118391,0.3001045529872247,
holo,7KVQ,QE4,6UNK,3,,,,,,span < 4 residues in common
holo,7KVQ,QEA,6UNH,4,146.0,0.40879799933705646,4.212269900472474,5.2989492863953,0.493398986369686,
holo,7KVQ,QEP,6UNG,4,147.0,0.5400165526574353,4.217997483079749,5.407693225107855,0.35781922204985667,
holo,7KVQ,QES,6UNE,4,147.0,0.635631052972575,4.037330039239317,5.26861063483863,0.6178387393886065,
holo,7KVQ,RIT,3NXU,7,147.0,0.48020252593925955,0.6655937401973494,1.0567577564669268,0.3956403002862687,
holo,7KVQ,T0K,7UFD,7,147.0,0.7431128720515058,4.090067057133173,5.928613352882635,0.8480966956750545,
holo,7KVQ,TCI,9PLJ,7,147.0,0.8597704338161609,4.489047374021321,5.700666418286561,1.2253737521189094,
holo,7KVQ,X5Y,7KVH,7,147.0,0.2822591852653894,0.6711761859235629,0.8756983131046923,0.19847476143066026,
holo,7KVQ,X6J,7KVP,3,,,,,,span < 4 residues in common
holo,7KVQ,X6S,7KVO,7,147.0,0.20553017578257168,0.36266355340756984,0.4962153626395875,0.1687862558465761,
holo,7KVQ,X6V,7KVN,7,146.0,0.17964596799539528,0.2750707663092494,0.35131351115031345,0.1395468788621529,
holo,7KVQ,X71,7KVM,2,,,,,,span < 4 residues in common
holo,7KVQ,X74,7KVS,7,147.0,0.23849267829246895,0.8768123743789947,1.8802858409184733,0.13963616809051882,
holo,7KVQ,X7J,7KVK,7,147.0,0.2316485704476725,0.3284676585031638,0.4686001162121141,0.18587986462506118,
holo,7KVQ,X7M,7KVJ,0,,,,,,span < 4 residues in common
holo,7KVQ,X7P,7KVI,1,,,,,,span < 4 residues in common
holo,7KVQ,Y83,6BDM,4,147.0,0.634581112388905,4.57059689922775,5.378616843347473,0.4649787594726179,
holo,7KVQ,YNV,7LXL,2,,,,,,span < 4 residues in common
holo,7KVQ,Z8Z,4I4G,7,147.0,0.3409760690965104,1.4621388125250208,2.779769586916276,0.21790905134316532,
holo,7KVQ,Z9Z,4I4H,7,147.0,0.42810806970366916,0.5855901380524772,0.714505489099421,0.23584068095488608,
holo,7KVS,08J,5TE8,7,149.0,1.371225018873909,9.374066997819,16.337421677385954,1.5231763013618695,
holo,7KVS,08Y,3UA1,7,148.0,0.95360229987691,4.334505256753946,5.579856996286053,1.2026597454423371,
holo,7KVS,1RD,4K9T,7,146.0,0.31460817791154205,5.8231735809337515,7.463922546197711,0.3667892615700013,
holo,7KVS,2QH,4NY4,7,148.0,0.7907785546647422,4.129863032700426,5.871027568163706,0.7809783810329116,
holo,7KVS,5AW,4K9U,1,,,,,,span < 4 residues in common
holo,7KVS,6AW,4K9V,7,146.0,0.5673823150343794,4.380724777967737,6.1291503527695586,0.8633543112657872,
holo,7KVS,7AW,4K9W,7,148.0,0.4048667685939856,0.7958332069996487,1.4189330449851278,0.3287578092950086,
holo,7KVS,80K,6BD6,7,148.0,0.7013451162798576,3.9122766127236943,5.768801276446767,0.6563178942670962,
holo,7KVS,8AW,4K9X,5,147.0,0.33072249573013596,1.310311085608899,2.292512882538653,0.3010437143867551,
holo,7KVS,A1A06,9COS,0,,,,,,span < 4 residues in common
holo,7KVS,A1A07,9COR,1,,,,,,span < 4 residues in common
holo,7KVS,A1A08,9COT,0,,,,,,span < 4 residues in common
holo,7KVS,A1A4K,9COX,0,,,,,,span < 4 residues in common
holo,7KVS,A1A4S,9COV,0,,,,,,span < 4 residues in common
holo,7KVS,A1A4T,9COY,0,,,,,,span < 4 residues in common
holo,7KVS,A1A4U,9COU,0,,,,,,span < 4 residues in common
holo,7KVS,A1A4V,9COW,0,,,,,,span < 4 residues in common
holo,7KVS,A1APA,9BBB,1,,,,,,span < 4 residues in common
holo,7KVS,A1ASO,9BVC,7,149.0,0.9462010520120613,4.188566994416085,5.7465048745613485,0.9991454085686251,
holo,7KVS,A1ASP,9BVB,7,149.0,0.936053956163721,4.212752554270315,5.6868468310535425,1.0252603700254597,
holo,7KVS,A1ASQ,9BVA,7,148.0,0.8669069769654014,4.345352721361388,5.931492091702687,0.9738889714156385,
holo,7KVS,A1ASR,9BV9,7,149.0,0.9443654214328939,4.236553978773152,5.720609908213698,1.028601153793191,
holo,7KVS,A1ASS,9BV8,7,149.0,0.9238575572946315,4.22412448850771,5.840969981515877,1.030694328260976,
holo,7KVS,A1AST,9BV7,7,148.0,0.8310957989273099,4.273815666546785,5.844745270589165,0.9566054191285137,
holo,7KVS,A1ASU,9BV6,6,149.0,0.9073881963557207,4.563204250698752,5.743448999866285,0.8594258034785133,
holo,7KVS,A1ASV,9BV5,7,149.0,1.1764091511532642,4.108699897007773,5.648150886702137,1.1412994672155168,
holo,7KVS,A1BNX,9MS1,2,,,,,,span < 4 residues in common
holo,7KVS,A1CIW,9PLK,4,149.0,1.0828285870670091,5.292843636205055,6.120020247536236,1.3786027365238827,
holo,7KVS,CFF,8SO1,7,149.0,0.933789958973222,4.335679764566703,5.836761742031042,1.217954447300941,
holo,7KVS,CL6,8SPD,7,148.0,1.0772938815365662,8.27331509171635,9.731018693528698,1.2087379937346252,
holo,7KVS,D0R,3TJS,2,,,,,,span < 4 residues in common
holo,7KVS,D7J,6BD7,7,149.0,0.8692954726451902,4.299195253718663,5.785279494734454,0.9454930169341726,
holo,7KVS,D7M,6BD5,7,148.0,0.7967122251591148,4.285213760483793,5.704273137455453,0.9067252817078391,
holo,7KVS,D7Y,6BCZ,7,149.0,0.8520486672772888,4.2214744663726815,5.781525484936222,1.0195129989151432,
holo,7KVS,D81,6BD8,7,148.0,0.7677279908979324,4.1034628893769,5.717882687078523,0.6796962860593214,
holo,7KVS,DEJ,6BDI,7,149.0,0.8675086419886547,4.209756555634987,5.733748292033064,0.9465388091665572,
holo,7KVS,DEV,6BDH,0,,,,,,span < 4 residues in common
holo,7KVS,DJ1,6BDK,7,149.0,0.879070467259427,4.207681107098412,5.638572347822391,0.9533219338779322,
holo,7KVS,ERY,2J0D,4,149.0,1.293340208980021,5.676943375052209,8.548101721155984,1.517070333749396,
holo,7KVS,FZV,6DAC,4,148.0,0.7976763935673229,4.551450075715664,5.724790819994854,0.8646224501845968,
holo,7KVS,G0D,6DA2,3,,,,,,span < 4 residues in common
holo,7KVS,G0J,6DA8,1,,,,,,span < 4 residues in common
holo,7KVS,G0M,6DAA,1,,,,,,span < 4 residues in common
holo,7KVS,G0V,6DAB,0,,,,,,span < 4 residues in common
holo,7KVS,G1J,6DA5,1,,,,,,span < 4 residues in common
holo,7KVS,J9K,4D78,7,146.0,0.3575581549317337,1.163792766849567,1.7221525580407184,0.3673261602017453,
holo,7KVS,KLN,2V0M,7,146.0,0.32953108095960065,1.7590771389248823,2.674582365240874,0.32917745887211897,
holo,7KVS,MF8,5G5J,7,148.0,0.9854497130839085,4.437267984774215,6.025386075275035,1.1296482005250938,
holo,7KVS,MWS,6OOB,7,149.0,1.0206387306625007,4.571090044594119,5.911449294461369,1.3299341024159692,
holo,7KVS,MWV,6OO9,7,149.0,1.0829862574424278,4.469167174471731,6.042006688195182,1.2594776401396046,
holo,7KVS,MWY,6OOA,1,,,,,,span < 4 residues in common
holo,7KVS,MYT,1W0G,7,146.0,0.9284221764323116,4.389673725327841,5.956189585607951,1.076334341938503,
holo,7KVS,NH0,7UF9,0,,,,,,span < 4 residues in common
holo,7KVS,NI6,7UFA,7,148.0,0.6921626567543463,8.220878524371715,9.922797635672556,0.6328058615050496,
holo,7KVS,NJ0,7UFB,7,149.0,0.8886821807636214,4.33180431718209,5.839175997994185,1.0337524097004558,
holo,7KVS,NJO,7UFC,7,149.0,0.8533283344841899,4.187393146502963,6.168710278078142,0.7892874122684868,
holo,7KVS,NXR,7UFE,7,148.0,0.24888038835923018,0.9355586140986472,2.012539510232686,0.18696349610756044,
holo,7KVS,NYF,7UFF,7,148.0,0.24917034992718598,0.9323529829209587,2.030756980289571,0.18643990518398748,
holo,7KVS,PG0,9BV6,6,149.0,0.9073881963557207,4.563204250698752,5.743448999866285,0.8594258034785133,
holo,7KVS,PG4,9YK4,7,148.0,0.8504953927430511,4.300080460629603,5.795536998149757,1.1113256206683069,
holo,7KVS,PK9,4D6Z,7,146.0,0.8112744034844105,4.412327746748189,5.831428338371101,1.0533758632511074,
holo,7KVS,PKT,4D7D,7,147.0,0.4012785168261534,2.029094620010284,3.0389602815803194,0.30863019830839483,
holo,7KVS,QDJ,6UNL,0,,,,,,span < 4 residues in common
holo,7KVS,QDP,6UNM,0,,,,,,span < 4 residues in common
holo,7KVS,QDV,6UNI,0,,,,,,span < 4 residues in common
holo,7KVS,QDY,6UNJ,7,147.0,0.27540604011110115,5.510359085122523,6.247127578144453,0.2813298947492826,
holo,7KVS,QE4,6UNK,3,,,,,,span < 4 residues in common
holo,7KVS,QEA,6UNH,4,147.0,0.5180204311903592,4.400488574070588,5.39268497940092,0.5535336812250565,
holo,7KVS,QEP,6UNG,4,149.0,0.7121001302088298,4.377923296457057,5.476013429399819,0.45858145942674666,
holo,7KVS,QES,6UNE,4,148.0,0.7068304183246549,4.206497947636091,5.345060716523789,0.6788808252491213,
holo,7KVS,RIT,3NXU,7,147.0,0.3926570700013709,0.9674502433213514,1.9033941743063316,0.37775771212847953,
holo,7KVS,T0K,7UFD,7,149.0,0.8425528249160189,4.134340714945035,5.997206021359098,0.9277404412940936,
holo,7KVS,TCI,9PLJ,7,149.0,0.9934802664557031,4.463210005733471,5.761155218123175,1.296742178335575,
holo,7KVS,X5Y,7KVH,7,147.0,0.19626251431940783,0.8915896398205704,1.944518478566458,0.22219038630331073,
holo,7KVS,X6J,7KVP,3,,,,,,span < 4 residues in common
holo,7KVS,X6S,7KVO,7,149.0,0.24772192622580216,0.7206127173645066,1.7325811291515953,0.1709607662177793,
holo,7KVS,X6V,7KVN,7,146.0,0.2588246725765811,0.920401108447098,2.144647503657217,0.18851138860610475,
holo,7KVS,X71,7KVM,2,,,,,,span < 4 residues in common
holo,7KVS,X7D,7KVQ,7,147.0,0.23849267829247298,0.8768123743789912,1.8802858409184586,0.13963616809052035,
holo,7KVS,X7J,7KVK,7,149.0,0.2294167774397032,0.7176687329323295,1.7904207414975875,0.13986995265726967,
holo,7KVS,X7M,7KVJ,0,,,,,,span < 4 residues in common
holo,7KVS,X7P,7KVI,1,,,,,,span < 4 residues in common
holo,7KVS,Y83,6BDM,4,149.0,0.7469573181741341,4.601479763675675,5.436114957049192,0.5673877790988506,
holo,7KVS,YNV,7LXL,2,,,,,,span < 4 residues in common
holo,7KVS,Z8Z,4I4G,7,147.0,0.2976173694739365,1.2580332844026454,2.095287322162899,0.24540860503290154,
holo,7KVS,Z9Z,4I4H,7,147.0,0.3678470169462816,1.003185260383099,1.741837557244316,0.27501060646019704,
holo,7UFA,08J,5TE8,7,148.0,0.7681434340844805,6.21268173250737,10.70752669343226,0.9446965409608284,
holo,7UFA,08Y,3UA1,7,148.0,0.5244611018315276,7.054649707834009,8.830686143762737,0.7097069642221076,
holo,7UFA,1RD,4K9T,7,146.0,0.5043078331921506,3.989349490701635,6.773226044487672,0.4476383289349872,
holo,7UFA,2QH,4NY4,7,148.0,0.4803193514480038,6.965853624063084,8.049608479982384,0.40455125531906183,
holo,7UFA,5AW,4K9U,1,,,,,,span < 4 residues in common
holo,7UFA,6AW,4K9V,7,146.0,0.3221452411207055,6.724781184304233,8.0832654886569,0.44451270206125054,
holo,7UFA,7AW,4K9W,7,147.0,0.7704347138829333,8.17397276101797,9.792269862156948,0.7208584080369774,
holo,7UFA,80K,6BD6,7,147.0,0.2762610442517423,7.128590881166909,8.608034774549118,0.33159068550487514,
holo,7UFA,8AW,4K9X,5,146.0,0.44394915281854364,8.17460345546738,10.3322432688356,0.4292997744585599,
holo,7UFA,A1A06,9COS,0,,,,,,span < 4 residues in common
holo,7UFA,A1A07,9COR,1,,,,,,span < 4 residues in common
holo,7UFA,A1A08,9COT,0,,,,,,span < 4 residues in common
holo,7UFA,A1A4K,9COX,0,,,,,,span < 4 residues in common
holo,7UFA,A1A4S,9COV,0,,,,,,span < 4 residues in common
holo,7UFA,A1A4T,9COY,0,,,,,,span < 4 residues in common
holo,7UFA,A1A4U,9COU,0,,,,,,span < 4 residues in common
holo,7UFA,A1A4V,9COW,0,,,,,,span < 4 residues in common
holo,7UFA,A1APA,9BBB,1,,,,,,span < 4 residues in common
holo,7UFA,A1ASO,9BVC,7,148.0,0.4211750252475264,7.169985799822035,8.793565023228958,0.5389532688739668,
holo,7UFA,A1ASP,9BVB,7,148.0,0.4452367477449478,7.280389681586786,8.921125627900707,0.5732985977757159,
holo,7UFA,A1ASQ,9BVA,7,147.0,0.40524494774781306,7.303847646565857,8.966135930303164,0.5495740949106335,
holo,7UFA,A1ASR,9BV9,7,148.0,0.45270945288627484,7.291799362367772,8.933617412031369,0.5794085882774078,
holo,7UFA,A1ASS,9BV8,7,148.0,0.36838968131411065,6.933660580729334,8.343183258956268,0.5669244981306665,
holo,7UFA,A1AST,9BV7,7,147.0,0.4115434904431984,7.100819244465031,8.679286816191134,0.541168108178742,
holo,7UFA,A1ASU,9BV6,6,148.0,0.3767523875167383,6.727489833108921,8.207396743417414,0.3830132336352762,
holo,7UFA,A1ASV,9BV5,7,148.0,0.6634500086936145,7.006162124809782,8.526866948644997,0.5912906408012198,
holo,7UFA,A1BNX,9MS1,2,,,,,,span < 4 residues in common
holo,7UFA,A1CIW,9PLK,4,148.0,0.48580732604857,4.351046188034012,5.819819253794865,0.8644475143538489,
holo,7UFA,CFF,8SO1,7,148.0,0.41502182468233495,7.3276877522987975,9.06446104514707,0.7356330218892231,
holo,7UFA,CL6,8SPD,7,147.0,0.5257546815318215,3.3270679425041827,4.50727047146548,0.6544325876307436,
holo,7UFA,D0R,3TJS,2,,,,,,span < 4 residues in common
holo,7UFA,D7J,6BD7,7,148.0,0.35186094732022305,7.13734583433136,8.85605502681804,0.4712860286337826,
holo,7UFA,D7M,6BD5,7,147.0,0.31597654721987883,7.133652103491164,8.906813857404895,0.45739316995505497,
holo,7UFA,D7Y,6BCZ,7,148.0,0.3103689378784565,7.108371366253235,8.763984155202808,0.5109315638402898,
holo,7UFA,D81,6BD8,7,147.0,0.29856682245935745,6.999313461136806,8.890242849216557,0.35501540030973017,
holo,7UFA,DEJ,6BDI,7,148.0,0.3254134832420518,7.049724939138553,8.742266495127065,0.46507395744042923,
holo,7UFA,DEV,6BDH,0,,,,,,span < 4 residues in common
holo,7UFA,DJ1,6BDK,7,148.0,0.3347725814847837,7.129973556456772,8.856622093463226,0.47021089261265225,
holo,7UFA,ERY,2J0D,4,148.0,0.7562203520587139,4.875716015336927,6.040712693498234,0.9490533987762059,
holo,7UFA,FZV,6DAC,4,147.0,0.2602617972585476,6.832808329465207,9.476681906763085,0.40613332356705634,
holo,7UFA,G0D,6DA2,3,,,,,,span < 4 residues in common
holo,7UFA,G0J,6DA8,1,,,,,,span < 4 residues in common
holo,7UFA,G0M,6DAA,1,,,,,,span < 4 residues in common
holo,7UFA,G0V,6DAB,0,,,,,,span < 4 residues in common
holo,7UFA,G1J,6DA5,1,,,,,,span < 4 residues in common
holo,7UFA,J9K,4D78,7,146.0,0.39073583177118737,8.61671963419092,10.381182119735616,0.38640357871179193,
holo,7UFA,KLN,2V0M,7,146.0,0.6171338633083611,8.595533288784415,10.616975465173294,0.6392534958834675,
holo,7UFA,MF8,5G5J,7,148.0,0.5526122095921103,7.160009062866132,8.863704684944114,0.6951878029687119,
holo,7UFA,MWS,6OOB,7,148.0,0.4471553780922342,7.128192808880598,8.971010257158216,0.8250832333132819,
holo,7UFA,MWV,6OO9,7,148.0,0.4846495063964904,7.098932399523599,8.807490173735879,0.748090673416738,
holo,7UFA,MWY,6OOA,1,,,,,,span < 4 residues in common
holo,7UFA,MYT,1W0G,7,146.0,0.6089290217671027,6.843105789187147,8.347319249417327,0.6747825545991517,
holo,7UFA,NH0,7UF9,0,,,,,,span < 4 residues in common
holo,7UFA,NJ0,7UFB,7,148.0,0.3120970350263642,7.040779001959441,8.608023844033411,0.536535298047511,
holo,7UFA,NJO,7UFC,7,148.0,0.35931869959512386,7.01059177293583,8.394528095713477,0.34306964874859064,
holo,7UFA,NXR,7UFE,7,147.0,0.6324422966494286,8.249186788627204,9.78567716822827,0.6181493764044872,
holo,7UFA,NYF,7UFF,7,147.0,0.6318034283456443,8.247913825219603,9.79924865182923,0.6150441673330524,
holo,7UFA,PG0,9BV6,6,148.0,0.3767523875167383,6.727489833108921,8.207396743417414,0.3830132336352762,
holo,7UFA,PG4,9YK4,7,147.0,0.378969504848576,7.08760133594141,8.747538253409061,0.6003002270737737,
holo,7UFA,PK9,4D6Z,7,146.0,0.3918776253621712,7.07745398233407,8.801709431339544,0.6043212098049683,
holo,7UFA,PKT,4D7D,7,146.0,0.4185574220239219,8.661697273921858,10.28699673926036,0.40211411094306077,
holo,7UFA,QDJ,6UNL,0,,,,,,span < 4 residues in common
holo,7UFA,QDP,6UNM,0,,,,,,span < 4 residues in common
holo,7UFA,QDV,6UNI,0,,,,,,span < 4 residues in common
holo,7UFA,QDY,6UNJ,7,146.0,0.6713107476018624,3.6198347881303303,5.266920668879549,0.6663420013847692,
holo,7UFA,QE4,6UNK,3,,,,,,span < 4 residues in common
holo,7UFA,QEA,6UNH,4,147.0,0.46393237974921064,6.081252826604577,7.001517414833523,0.41003941115233095,
holo,7UFA,QEP,6UNG,4,148.0,0.3280355126408213,5.998407669624318,7.042235558238777,0.3823445609207134,
holo,7UFA,QES,6UNE,4,147.0,0.2800008070905494,5.8612596162902175,6.701004991249315,0.33429718775320394,
holo,7UFA,RIT,3NXU,7,146.0,0.7551079617552726,8.49135473529099,10.312376232292639,0.746630523658621,
holo,7UFA,T0K,7UFD,7,148.0,0.3448680324647828,6.905919270627762,8.267421648866423,0.45251645825930825,
holo,7UFA,TCI,9PLJ,7,148.0,0.40490832736283955,7.101418593180623,8.905099810371324,0.7955681363117693,
holo,7UFA,X5Y,7KVH,7,146.0,0.529519941967216,8.356223427743803,9.922297110466266,0.5383268206712488,
holo,7UFA,X6J,7KVP,3,,,,,,span < 4 residues in common
holo,7UFA,X6S,7KVO,7,148.0,0.6652399182714053,8.06198743894203,9.917421030482915,0.5960920905659343,
holo,7UFA,X6V,7KVN,7,145.0,0.5283430377635059,8.351599365094161,9.854237934779103,0.5257670657300316,
holo,7UFA,X71,7KVM,2,,,,,,span < 4 residues in common
holo,7UFA,X74,7KVS,7,148.0,0.6921626567543445,8.220878524371718,9.922797635672566,0.632805861505048,
holo,7UFA,X7D,7KVQ,7,146.0,0.5427698018554096,8.232649921381856,9.853387477220512,0.5307015102873341,
holo,7UFA,X7J,7KVK,7,148.0,0.7512543742333695,8.160889523961973,9.892207488992945,0.6767476972354982,
holo,7UFA,X7M,7KVJ,0,,,,,,span < 4 residues in common
holo,7UFA,X7P,7KVI,1,,,,,,span < 4 residues in common
holo,7UFA,Y83,6BDM,4,148.0,0.306746337039758,5.40992491288691,6.254481128113175,0.46690973468715385,
holo,7UFA,YNV,7LXL,2,,,,,,span < 4 residues in common
holo,7UFA,Z8Z,4I4G,7,146.0,0.4580182777363441,8.629379055347796,10.486131770130857,0.457113676694463,
holo,7UFA,Z9Z,4I4H,7,146.0,0.4658197550716023,8.587507333700248,10.347524652439851,0.5400377018339126,
holo,7UFB,08J,5TE8,7,150.0,0.7106613947996381,7.16405249629401,11.9380925122545,0.6607945836674186,
holo,7UFB,08Y,3UA1,7,148.0,0.43549929510036345,0.2954833781609389,0.42997887724146666,0.40283717105499944,
holo,7UFB,1RD,4K9T,7,146.0,0.6648507469165373,4.474236577969191,6.489663905593594,0.839083791103178,
holo,7UFB,2QH,4NY4,7,149.0,0.508904863028697,1.0163028076773344,1.9550849378757211,0.39054224765515727,
holo,7UFB,5AW,4K9U,1,,,,,,span < 4 residues in common
holo,7UFB,6AW,4K9V,7,146.0,0.3366287800336234,0.924711435881528,1.9379292149481544,0.27182167081333436,
holo,7UFB,7AW,4K9W,7,148.0,1.0017789932835095,4.529665314657273,5.684846626701675,1.1300169235414992,
holo,7UFB,80K,6BD6,7,148.0,0.3561399068397996,0.9890359610961041,1.776946110427591,0.5853328069198622,
holo,7UFB,8AW,4K9X,5,147.0,0.7044569201117398,4.6799238161603505,5.495425551891604,0.865129412772938,
holo,7UFB,A1A06,9COS,0,,,,,,span < 4 residues in common
holo,7UFB,A1A07,9COR,1,,,,,,span < 4 residues in common
holo,7UFB,A1A08,9COT,0,,,,,,span < 4 residues in common
holo,7UFB,A1A4K,9COX,0,,,,,,span < 4 residues in common
holo,7UFB,A1A4S,9COV,0,,,,,,span < 4 residues in common
holo,7UFB,A1A4T,9COY,0,,,,,,span < 4 residues in common
holo,7UFB,A1A4U,9COU,0,,,,,,span < 4 residues in common
holo,7UFB,A1A4V,9COW,0,,,,,,span < 4 residues in common
holo,7UFB,A1APA,9BBB,1,,,,,,span < 4 residues in common
holo,7UFB,A1ASO,9BVC,7,149.0,0.3324527288155887,0.6966480612684071,1.1847379556036775,0.18215610416716882,
holo,7UFB,A1ASP,9BVB,7,150.0,0.395557127327903,0.5745119161742492,0.9775683063582584,0.18016097544294785,
holo,7UFB,A1ASQ,9BVA,7,149.0,0.3596565182300888,0.5268192259296737,0.9870784742744776,0.2600114355729579,
holo,7UFB,A1ASR,9BV9,7,150.0,0.39537247204595094,0.5891947655761677,0.9860835489905697,0.18328833058479238,
holo,7UFB,A1ASS,9BV8,7,150.0,0.31207132243649427,0.33862886906823725,0.5915408139478134,0.22129353658344222,
holo,7UFB,A1AST,9BV7,7,149.0,0.37788091521448847,0.6796140200109299,1.2473891563280979,0.22921001965914617,
holo,7UFB,A1ASU,9BV6,6,150.0,0.42198811361852584,4.68358995242864,6.409142177388916,0.3532081952183275,
holo,7UFB,A1ASV,9BV5,7,151.0,0.7323396086814359,0.4549769265993333,0.9577676133674179,0.23824071850665662,
holo,7UFB,A1BNX,9MS1,2,,,,,,span < 4 residues in common
holo,7UFB,A1CIW,9PLK,4,151.0,0.4277432238441665,4.846852019513499,6.991227497406167,0.5717803334622622,
holo,7UFB,CFF,8SO1,7,151.0,0.269691897435543,0.39002324174955827,0.5564246216285853,0.38845739349027913,
holo,7UFB,CL6,8SPD,7,149.0,0.47471711755768053,7.241710140212363,8.744186734291967,0.3670289039524711,
holo,7UFB,D0R,3TJS,2,,,,,,span < 4 residues in common
holo,7UFB,D7J,6BD7,7,151.0,0.5472573996143084,0.3950433010159811,0.8123949167147231,0.20753841299731313,
holo,7UFB,D7M,6BD5,7,149.0,0.24477307260677744,0.30693773229880683,0.614247920235304,0.24306643444430576,
holo,7UFB,D7Y,6BCZ,7,151.0,0.4943513013907033,0.304632881030119,0.7346831129788693,0.26854776051126955,
holo,7UFB,D81,6BD8,7,149.0,0.3269943768109443,0.662718589556525,1.1281553379116576,0.5353059816058392,
holo,7UFB,DEJ,6BDI,7,150.0,0.47808009129748813,0.311323186914441,0.7169911329870567,0.20782294349826633,
holo,7UFB,DEV,6BDH,0,,,,,,span < 4 residues in common
holo,7UFB,DJ1,6BDK,7,150.0,0.473669005128419,0.35848848308857173,0.8068963992722494,0.17684698265277773,
holo,7UFB,ERY,2J0D,4,150.0,0.6942173661518871,6.009961963078601,8.214690481879767,0.6627086311134777,
holo,7UFB,FZV,6DAC,4,149.0,0.236921585040077,2.2652892740530723,4.5269021359912225,0.38088430892864256,
holo,7UFB,G0D,6DA2,3,,,,,,span < 4 residues in common
holo,7UFB,G0J,6DA8,1,,,,,,span < 4 residues in common
holo,7UFB,G0M,6DAA,1,,,,,,span < 4 residues in common
holo,7UFB,G0V,6DAB,0,,,,,,span < 4 residues in common
holo,7UFB,G1J,6DA5,1,,,,,,span < 4 residues in common
holo,7UFB,J9K,4D78,7,146.0,0.5628371166318825,4.590955343048196,6.487838738894715,0.785707401114721,
holo,7UFB,KLN,2V0M,7,146.0,0.7799641327794772,5.139086171254681,6.483891702716088,0.9994270986568055,
holo,7UFB,MF8,5G5J,7,148.0,0.47242038416208376,0.3536900827789721,0.5719975534899807,0.3548763473369694,
holo,7UFB,MWS,6OOB,7,150.0,0.31304935004204854,0.3928720966931374,0.5639468677776844,0.5055609667056753,
holo,7UFB,MWV,6OO9,7,150.0,0.37895987816118687,0.26775329334487596,0.4581613374279844,0.38758223408691506,
holo,7UFB,MWY,6OOA,1,,,,,,span < 4 residues in common
holo,7UFB,MYT,1W0G,7,146.0,0.5186116690565766,0.3879036973258111,0.6378234017317441,0.31752921202570944,
holo,7UFB,NH0,7UF9,0,,,,,,span < 4 residues in common
holo,7UFB,NI6,7UFA,7,148.0,0.31209703502636454,7.04077900195944,8.60802384403341,0.5365352980475117,
holo,7UFB,NJO,7UFC,7,151.0,0.48372596365648396,0.7061824315040187,1.056266610569592,0.3328921949031635,
holo,7UFB,NXR,7UFE,7,149.0,0.9100010681977739,4.413965571943085,5.678330234466114,1.0661942929064445,
holo,7UFB,NYF,7UFF,7,149.0,0.9100680991952481,4.435828979227967,5.722001956737814,1.0643275214208578,
holo,7UFB,PG0,9BV6,6,150.0,0.42198811361852584,4.68358995242864,6.409142177388916,0.3532081952183275,
holo,7UFB,PG4,9YK4,7,149.0,0.2847893383645217,0.2394841237952936,0.4369677198653587,0.2207026395318089,
holo,7UFB,PK9,4D6Z,7,146.0,0.2057537387175921,0.21935424755025834,0.40079693105318953,0.19032241338477482,
holo,7UFB,PKT,4D7D,7,147.0,0.663870329486123,4.225328290938695,6.918900475488268,0.809255647348794,
holo,7UFB,QDJ,6UNL,0,,,,,,span < 4 residues in common
holo,7UFB,QDP,6UNM,0,,,,,,span < 4 residues in common
holo,7UFB,QDV,6UNI,0,,,,,,span < 4 residues in common
holo,7UFB,QDY,6UNJ,7,147.0,0.8796026783230847,4.350868803273372,6.597042728505896,1.0683535704271254,
holo,7UFB,QE4,6UNK,3,,,,,,span < 4 residues in common
holo,7UFB,QEA,6UNH,4,147.0,0.5741247842838096,0.49104203923245293,0.6173183666436317,0.6789161042354411,
holo,7UFB,QEP,6UNG,4,149.0,0.47279681058269074,0.4455599655676184,0.5334759851915539,0.7678510065778589,
holo,7UFB,QES,6UNE,4,148.0,0.3528564286511029,0.7498108241097274,0.9092186106368746,0.5588559531917985,
holo,7UFB,RIT,3NXU,7,147.0,1.001434829679852,4.491843655472096,5.612514972728064,1.1488690439204967,
holo,7UFB,T0K,7UFD,7,151.0,0.4865533315822045,0.7840092576594981,1.2190057337044262,0.31753893607101213,
holo,7UFB,TCI,9PLJ,7,151.0,0.2851830291904937,0.4106315816258985,0.5743775072900955,0.442818891146353,
holo,7UFB,X5Y,7KVH,7,147.0,0.790031574067064,4.785051830114106,6.387873934678761,0.9836642214869608,
holo,7UFB,X6J,7KVP,3,,,,,,span < 4 residues in common
holo,7UFB,X6S,7KVO,7,150.0,0.8601222204919513,4.306753219697189,5.659545645422954,1.016190740326686,
holo,7UFB,X6V,7KVN,7,146.0,0.7807522053980911,4.578587755394214,5.948037384136646,0.982436731940494,
holo,7UFB,X71,7KVM,2,,,,,,span < 4 residues in common
holo,7UFB,X74,7KVS,7,149.0,0.8886821807636233,4.331804317182092,5.839175997994175,1.033752409700453,
holo,7UFB,X7D,7KVQ,7,147.0,0.7763047187214742,4.334279218122298,5.767532348553574,0.9735850109937826,
holo,7UFB,X7J,7KVK,7,150.0,0.9638197512936169,4.40717111811282,5.792752333578459,1.1139633607042871,
holo,7UFB,X7M,7KVJ,0,,,,,,span < 4 residues in common
holo,7UFB,X7P,7KVI,1,,,,,,span < 4 residues in common
holo,7UFB,Y83,6BDM,4,150.0,0.44165445658873137,2.8345590407691814,5.2574038516609605,0.8488583350572949,
holo,7UFB,YNV,7LXL,2,,,,,,span < 4 residues in common
holo,7UFB,Z8Z,4I4G,7,147.0,0.7168043074401345,5.149065899638387,7.234795529664494,0.873480415147492,
holo,7UFB,Z9Z,4I4H,7,147.0,0.7140381989159614,4.480077466676823,5.821874507219066,0.9263135654349308,
holo,7UFC,08J,5TE8,7,150.0,0.7646963460105128,7.1633986679718555,12.054952830687911,0.8432071387179361,
holo,7UFC,08Y,3UA1,7,148.0,0.5180531294007678,0.9237911393439842,1.4673186108495622,0.610547752654931,
holo,7UFC,1RD,4K9T,7,146.0,0.622502083362541,4.477399186610263,5.9260134519619,0.579295704919795,
holo,7UFC,2QH,4NY4,7,149.0,0.5977704883660973,0.4647830932528545,0.9370427155130302,0.3436832653389091,
holo,7UFC,5AW,4K9U,1,,,,,,span < 4 residues in common
holo,7UFC,6AW,4K9V,7,146.0,0.3707546685002924,0.7976175504498357,1.5985115065938154,0.31024720309666154,
holo,7UFC,7AW,4K9W,7,148.0,0.9704768411719376,4.335221982840149,6.006477931970468,0.8877598765594329,
holo,7UFC,80K,6BD6,7,148.0,0.3570198059945938,0.5820829435495047,0.829935020856478,0.44352522739438427,
holo,7UFC,8AW,4K9X,5,147.0,0.6836856930838626,4.538180681425165,5.789130947434097,0.6180432197882206,
holo,7UFC,A1A06,9COS,0,,,,,,span < 4 residues in common
holo,7UFC,A1A07,9COR,1,,,,,,span < 4 residues in common
holo,7UFC,A1A08,9COT,0,,,,,,span < 4 residues in common
holo,7UFC,A1A4K,9COX,0,,,,,,span < 4 residues in common
holo,7UFC,A1A4S,9COV,0,,,,,,span < 4 residues in common
holo,7UFC,A1A4T,9COY,0,,,,,,span < 4 residues in common
holo,7UFC,A1A4U,9COU,0,,,,,,span < 4 residues in common
holo,7UFC,A1A4V,9COW,0,,,,,,span < 4 residues in common
holo,7UFC,A1APA,9BBB,1,,,,,,span < 4 residues in common
holo,7UFC,A1ASO,9BVC,7,149.0,0.3974828824134832,0.7196381706649836,1.1742015517292659,0.3825772146550748,
holo,7UFC,A1ASP,9BVB,7,150.0,0.462184733000591,0.7558702884728716,1.2731608567520674,0.37859695853312425,
holo,7UFC,A1ASQ,9BVA,7,149.0,0.43983019111280514,0.730678517696622,1.2176967333448894,0.418507677899364,
holo,7UFC,A1ASR,9BV9,7,150.0,0.46826909541838124,0.7732367050592048,1.3044196356902882,0.38271617211281483,
holo,7UFC,A1ASS,9BV8,7,150.0,0.3972816963923707,0.5483762379430432,0.9730828836765222,0.40354093959597703,
holo,7UFC,A1AST,9BV7,7,149.0,0.4323523839024959,0.7529375912990485,1.1937829163607268,0.36675696513203215,
holo,7UFC,A1ASU,9BV6,6,150.0,0.44027909750386807,4.125229021870051,6.297351074753579,0.2836600067372883,
holo,7UFC,A1ASV,9BV5,7,151.0,0.7956482371229157,0.5266288967218953,0.7702109348096225,0.45742232978104014,
holo,7UFC,A1BNX,9MS1,2,,,,,,span < 4 residues in common
holo,7UFC,A1CIW,9PLK,4,151.0,0.5912627457533534,4.634931528073433,6.55689412856893,0.7728282751558985,
holo,7UFC,CFF,8SO1,7,151.0,0.5784629577271655,0.8755999319903714,1.3499274571393192,0.5924461319043621,
holo,7UFC,CL6,8SPD,7,149.0,0.5439609303989441,7.261593316687852,8.969290677876526,0.5515488502557849,
holo,7UFC,D0R,3TJS,2,,,,,,span < 4 residues in common
holo,7UFC,D7J,6BD7,7,151.0,0.34934773336209074,0.6205932917597327,0.8793299172637975,0.29469381276999396,
holo,7UFC,D7M,6BD5,7,149.0,0.3383469023138127,0.772121411653078,1.2480635523005637,0.30551159800435707,
holo,7UFC,D7Y,6BCZ,7,151.0,0.36581474924357366,0.6469078888817225,1.0757228099893439,0.36643447197340573,
holo,7UFC,D81,6BD8,7,149.0,0.4067594431438777,0.776079722837255,0.9411852847992822,0.4111114436178331,
holo,7UFC,DEJ,6BDI,7,150.0,0.3337721022230384,0.6537659565165901,1.0686579172347817,0.28662059988894656,
holo,7UFC,DEV,6BDH,0,,,,,,span < 4 residues in common
holo,7UFC,DJ1,6BDK,7,150.0,0.33812474382141683,0.7129959785247215,1.1501200912217966,0.29156380845874524,
holo,7UFC,ERY,2J0D,4,150.0,0.7316936059446096,5.74707927117454,8.138962637559482,0.863527624397919,
holo,7UFC,FZV,6DAC,4,149.0,0.38318263151275256,1.861264354092489,3.6438692876242564,0.4006414031871133,
holo,7UFC,G0D,6DA2,3,,,,,,span < 4 residues in common
holo,7UFC,G0J,6DA8,1,,,,,,span < 4 residues in common
holo,7UFC,G0M,6DAA,1,,,,,,span < 4 residues in common
holo,7UFC,G0V,6DAB,0,,,,,,span < 4 residues in common
holo,7UFC,G1J,6DA5,1,,,,,,span < 4 residues in common
holo,7UFC,J9K,4D78,7,146.0,0.5548329577268496,4.357178862403291,5.830748936771164,0.5638751054957023,
holo,7UFC,KLN,2V0M,7,146.0,0.7627568417017878,4.9161937431989955,6.500995877704114,0.7863208725049379,
holo,7UFC,MF8,5G5J,7,148.0,0.534618080802362,0.7465882888252142,1.2063614736717516,0.5473543298877532,
holo,7UFC,MWS,6OOB,7,150.0,0.4264299514898425,1.0021433676293536,1.5679731325366617,0.7135283903185542,
holo,7UFC,MWV,6OO9,7,150.0,0.6046152541232126,0.7607460169081272,1.3159627399224463,0.6166941277189304,
holo,7UFC,MWY,6OOA,1,,,,,,span < 4 residues in common
holo,7UFC,MYT,1W0G,7,146.0,0.5998264390523737,0.5178725433393284,0.74543586381396,0.494529039582391,
holo,7UFC,NH0,7UF9,0,,,,,,span < 4 residues in common
holo,7UFC,NI6,7UFA,7,148.0,0.35931869959512275,7.010591772935831,8.39452809571348,0.3430696487485907,
holo,7UFC,NJ0,7UFB,7,151.0,0.48372596365648207,0.706182431504022,1.0562666105696006,0.332892194903163,
holo,7UFC,NXR,7UFE,7,149.0,0.9303275499001719,4.233592148856303,6.022069769635939,0.8324610922911386,
holo,7UFC,NYF,7UFF,7,149.0,0.9296862615437875,4.2570262801295,6.066007148935867,0.829655879976851,
holo,7UFC,PG0,9BV6,6,150.0,0.44027909750386807,4.125229021870051,6.297351074753579,0.2836600067372883,
holo,7UFC,PG4,9YK4,7,149.0,0.3700040008872495,0.743838572954328,1.2498521576477175,0.4573402425886598,
holo,7UFC,PK9,4D6Z,7,146.0,0.3697970689469455,0.746724654420955,1.251119524942645,0.44133510932021186,
holo,7UFC,PKT,4D7D,7,147.0,0.6200937845321841,3.9548743079395527,6.43433855176553,0.563655649537628,
holo,7UFC,QDJ,6UNL,0,,,,,,span < 4 residues in common
holo,7UFC,QDP,6UNM,0,,,,,,span < 4 residues in common
holo,7UFC,QDV,6UNI,0,,,,,,span < 4 residues in common
holo,7UFC,QDY,6UNJ,7,147.0,0.8239634599453498,4.340675842413081,6.32338472825803,0.8221913465215136,
holo,7UFC,QE4,6UNK,3,,,,,,span < 4 residues in common
holo,7UFC,QEA,6UNH,4,147.0,0.5168935364317349,0.6063278863996587,0.9996317585870117,0.48971747952429723,
holo,7UFC,QEP,6UNG,4,149.0,0.43860337520614423,0.5721431214764003,0.7432622055813032,0.5481526052289627,
holo,7UFC,QES,6UNE,4,148.0,0.37117205520481483,0.8386700191286051,0.8827995887500918,0.3839155246533724,
holo,7UFC,RIT,3NXU,7,147.0,0.9678597405050943,4.297150420944676,5.7635437666220755,0.9287558161378784,
holo,7UFC,T0K,7UFD,7,151.0,0.1780388866429677,0.23981893464904824,0.40430253208862427,0.23094434636982625,
holo,7UFC,TCI,9PLJ,7,151.0,0.5604770835129488,0.9756085934876693,1.5252654881423615,0.6644196175942161,
holo,7UFC,X5Y,7KVH,7,147.0,0.7611965632937311,4.599819137511496,6.7091375911776465,0.7239036349686017,
holo,7UFC,X6J,7KVP,3,,,,,,span < 4 residues in common
holo,7UFC,X6S,7KVO,7,150.0,0.8608355292464756,4.122078222910546,5.993338167041484,0.799077761951896,
holo,7UFC,X6V,7KVN,7,146.0,0.7582670266835854,4.384564525685754,6.279602522779575,0.7141035675047173,
holo,7UFC,X71,7KVM,2,,,,,,span < 4 residues in common
holo,7UFC,X74,7KVS,7,149.0,0.8533283344841895,4.18739314650296,6.168710278078127,0.7892874122684863,
holo,7UFC,X7D,7KVQ,7,147.0,0.7548701232405225,4.156446279462516,6.107945860694836,0.7122157255973207,
holo,7UFC,X7J,7KVK,7,150.0,0.9498540681075937,4.2214885688476835,6.125833058159216,0.8818536406396672,
holo,7UFC,X7M,7KVJ,0,,,,,,span < 4 residues in common
holo,7UFC,X7P,7KVI,1,,,,,,span < 4 residues in common
holo,7UFC,Y83,6BDM,4,150.0,0.5501371800775595,2.8434058203967547,5.197706620545923,0.6100723456553471,
holo,7UFC,YNV,7LXL,2,,,,,,span < 4 residues in common
holo,7UFC,Z8Z,4I4G,7,147.0,0.6950184058523016,4.952237452959915,6.636694271570332,0.6208001100865428,
holo,7UFC,Z9Z,4I4H,7,147.0,0.6802462982389151,4.299059915550336,6.157429465916579,0.6750831522164426,
holo,7UFD,08J,5TE8,7,150.0,0.7557436251793557,7.0381190528279785,11.935061789030891,0.7689845118047911,
holo,7UFD,08Y,3UA1,7,148.0,0.5084606670163068,0.9936842886017305,1.5805738910207108,0.6009706726711098,
holo,7UFD,1RD,4K9T,7,146.0,0.6063679817190358,4.4145188945172125,5.829635490347064,0.7275904892854557,
holo,7UFD,2QH,4NY4,7,149.0,0.594195630657385,0.40940915398582617,0.8255940863607275,0.42680454240691823,
holo,7UFD,5AW,4K9U,1,,,,,,span < 4 residues in common
holo,7UFD,6AW,4K9V,7,146.0,0.3341848570990987,0.7910317898680431,1.4287987542052523,0.3339724984836477,
holo,7UFD,7AW,4K9W,7,148.0,0.9523056538668772,4.277483220862308,5.862127289756107,0.9909269734673407,
holo,7UFD,80K,6BD6,7,148.0,0.3554987520314789,0.68332650492635,0.8010467038158141,0.513021144874267,
holo,7UFD,8AW,4K9X,5,147.0,0.667444319569148,4.487511986962963,5.676672309217207,0.7381882373328031,
holo,7UFD,A1A06,9COS,0,,,,,,span < 4 residues in common
holo,7UFD,A1A07,9COR,1,,,,,,span < 4 residues in common
holo,7UFD,A1A08,9COT,0,,,,,,span < 4 residues in common
holo,7UFD,A1A4K,9COX,0,,,,,,span < 4 residues in common
holo,7UFD,A1A4S,9COV,0,,,,,,span < 4 residues in common
holo,7UFD,A1A4T,9COY,0,,,,,,span < 4 residues in common
holo,7UFD,A1A4U,9COU,0,,,,,,span < 4 residues in common
holo,7UFD,A1A4V,9COW,0,,,,,,span < 4 residues in common
holo,7UFD,A1APA,9BBB,1,,,,,,span < 4 residues in common
holo,7UFD,A1ASO,9BVC,7,149.0,0.39347024044014467,0.8612692225030859,1.34624981359305,0.41233376013203393,
holo,7UFD,A1ASP,9BVB,7,150.0,0.45041309478119423,0.8946748370220902,1.4341042791015262,0.39655329067925754,
holo,7UFD,A1ASQ,9BVA,7,149.0,0.4313689712407425,0.8795284174516703,1.3843072987712977,0.4435593730411964,
holo,7UFD,A1ASR,9BV9,7,150.0,0.4598666310723578,0.9124400983110043,1.4646612214744972,0.396234014360695,
holo,7UFD,A1ASS,9BV8,7,150.0,0.38313775990645094,0.5677021928210674,1.1022077169854974,0.4214137722349237,
holo,7UFD,A1AST,9BV7,7,149.0,0.43743328935406195,0.8834458155510747,1.3493367457507417,0.414992335686631,
holo,7UFD,A1ASU,9BV6,6,150.0,0.4189053418694837,4.061969291308142,6.256376015487304,0.3878067330143883,
holo,7UFD,A1ASV,9BV5,7,151.0,0.7992986606492061,0.617729894832626,0.9521984270708733,0.43719021634251487,
holo,7UFD,A1BNX,9MS1,2,,,,,,span < 4 residues in common
holo,7UFD,A1CIW,9PLK,4,151.0,0.5803159868647317,4.522380262780516,6.432737511971061,0.7194879172444272,
holo,7UFD,CFF,8SO1,7,151.0,0.5715701099778502,0.9372243283644397,1.4471415127083602,0.5446337111728801,
holo,7UFD,CL6,8SPD,7,149.0,0.5452088579767679,7.147607918787697,8.938614737548722,0.5301307588553679,
holo,7UFD,D0R,3TJS,2,,,,,,span < 4 residues in common
holo,7UFD,D7J,6BD7,7,151.0,0.343609609692082,0.7448893264241154,1.024312565194844,0.3441215832449469,
holo,7UFD,D7M,6BD5,7,149.0,0.352347758898626,0.8449121606305428,1.3552863757057878,0.37208603814434,
holo,7UFD,D7Y,6BCZ,7,151.0,0.3624417506954664,0.7484558732918115,1.2460395008793117,0.36858859617688516,
holo,7UFD,D81,6BD8,7,149.0,0.4278049716433676,0.863536163413485,1.0465205127523975,0.5007451083802774,
holo,7UFD,DEJ,6BDI,7,150.0,0.3296031995286702,0.7325052062170806,1.2181562544263114,0.33964886387261367,
holo,7UFD,DEV,6BDH,0,,,,,,span < 4 residues in common
holo,7UFD,DJ1,6BDK,7,150.0,0.3321204235077169,0.8049445151369231,1.3249269525730238,0.3258374313927203,
holo,7UFD,ERY,2J0D,4,150.0,0.7264098124155467,5.596491101591347,7.98866558740146,0.8111483713485044,
holo,7UFD,FZV,6DAC,4,149.0,0.39188760302311826,1.820675969403273,3.583339399944108,0.46357520032430405,
holo,7UFD,G0D,6DA2,3,,,,,,span < 4 residues in common
holo,7UFD,G0J,6DA8,1,,,,,,span < 4 residues in common
holo,7UFD,G0M,6DAA,1,,,,,,span < 4 residues in common
holo,7UFD,G0V,6DAB,0,,,,,,span < 4 residues in common
holo,7UFD,G1J,6DA5,1,,,,,,span < 4 residues in common
holo,7UFD,J9K,4D78,7,146.0,0.5430176128727836,4.336478877085434,5.7232555058870105,0.7101277140000838,
holo,7UFD,KLN,2V0M,7,146.0,0.747086616893185,4.877135855452518,6.637580698754313,0.9384924588820294,
holo,7UFD,MF8,5G5J,7,148.0,0.5295676886780294,0.8870942279876598,1.3294561432047123,0.5255252483462138,
holo,7UFD,MWS,6OOB,7,150.0,0.4212389702214798,1.1034402002931702,1.671479648502673,0.6832291953328,
holo,7UFD,MWV,6OO9,7,150.0,0.6012490037102123,0.8687776565326785,1.42177615767296,0.563332907243685,
holo,7UFD,MWY,6OOA,1,,,,,,span < 4 residues in common
holo,7UFD,MYT,1W0G,7,146.0,0.5763937308104531,0.5061820062522109,0.7961783438096617,0.44582990797022864,
holo,7UFD,NH0,7UF9,0,,,,,,span < 4 residues in common
holo,7UFD,NI6,7UFA,7,148.0,0.3448680324647836,6.90591927062776,8.267421648866424,0.4525164582593066,
holo,7UFD,NJ0,7UFB,7,151.0,0.4865533315822049,0.7840092576595009,1.2190057337044256,0.31753893607100914,
holo,7UFD,NJO,7UFC,7,151.0,0.17803888664297066,0.2398189346490487,0.4043025320886267,0.23094434636982625,
holo,7UFD,NXR,7UFE,7,149.0,0.93116112045662,4.156601897982595,5.832299760303022,0.9591510594425793,
holo,7UFD,NYF,7UFF,7,149.0,0.9303985139936702,4.180395817901564,5.876354517404413,0.9561602246165307,
holo,7UFD,PG0,9BV6,6,150.0,0.4189053418694837,4.061969291308142,6.256376015487304,0.3878067330143883,
holo,7UFD,PG4,9YK4,7,149.0,0.3572391243531138,0.8049179749542443,1.3687782947920637,0.444817179425232,
holo,7UFD,PK9,4D6Z,7,146.0,0.36365754590130933,0.803001037008294,1.3629490370952373,0.41856088835731947,
holo,7UFD,PKT,4D7D,7,147.0,0.6145946695364624,3.9389400964246755,6.314462545983799,0.6964301060883658,
holo,7UFD,QDJ,6UNL,0,,,,,,span < 4 residues in common
holo,7UFD,QDP,6UNM,0,,,,,,span < 4 residues in common
holo,7UFD,QDV,6UNI,0,,,,,,span < 4 residues in common
holo,7UFD,QDY,6UNJ,7,147.0,0.8090844888914583,4.257296937345347,6.1664336724018165,0.9512595884201344,
holo,7UFD,QE4,6UNK,3,,,,,,span < 4 residues in common
holo,7UFD,QEA,6UNH,4,147.0,0.48281101179487584,0.5356331786898889,0.6868719540921637,0.5557106457373554,
holo,7UFD,QEP,6UNG,4,149.0,0.423934135528196,0.6032327270601094,0.7026748403628709,0.645718237689981,
holo,7UFD,QES,6UNE,4,148.0,0.35666178748261756,0.8708637156567147,0.9561645656196228,0.44362395810934835,
holo,7UFD,RIT,3NXU,7,147.0,0.9435045309408376,4.243390296896389,5.625894535999223,1.0270597689179244,
holo,7UFD,TCI,9PLJ,7,151.0,0.5530897360750385,1.0866325405696808,1.642194264821608,0.6204452045739893,
holo,7UFD,X5Y,7KVH,7,147.0,0.7439735085318953,4.5421828824783415,6.56608704055529,0.8667264159908804,
holo,7UFD,X6J,7KVP,3,,,,,,span < 4 residues in common
holo,7UFD,X6S,7KVO,7,150.0,0.8610937772852877,4.048492774539538,5.808682805546336,0.9371226962351321,
holo,7UFD,X6V,7KVN,7,146.0,0.7453600556626295,4.318792877377257,6.111679647453752,0.8467322894366092,
holo,7UFD,X71,7KVM,2,,,,,,span < 4 residues in common
holo,7UFD,X74,7KVS,7,149.0,0.8425528249160195,4.1343407149450435,5.997206021359106,0.9277404412940865,
holo,7UFD,X7D,7KVQ,7,147.0,0.7431128720515051,4.090067057133175,5.928613352882633,0.8480966956750514,
holo,7UFD,X7J,7KVK,7,150.0,0.9506904329450864,4.149126256978688,5.946463686748167,1.0242036478001146,
holo,7UFD,X7M,7KVJ,0,,,,,,span < 4 residues in common
holo,7UFD,X7P,7KVI,1,,,,,,span < 4 residues in common
holo,7UFD,Y83,6BDM,4,150.0,0.5487235776786223,2.8110145089387477,5.142518001316234,0.6987201691265782,
holo,7UFD,YNV,7LXL,2,,,,,,span < 4 residues in common
holo,7UFD,Z8Z,4I4G,7,147.0,0.6808600705023913,4.906727354482526,6.509094210913447,0.7584802157955736,
holo,7UFD,Z9Z,4I4H,7,147.0,0.6686756926136963,4.248604179445719,6.01509408659422,0.8150185287363453,
holo,7UFE,08J,5TE8,7,149.0,1.3845019638639466,9.27199904438635,16.077005165723268,1.5419057925238298,
holo,7UFE,08Y,3UA1,7,147.0,0.9552954337248692,4.475953109356727,5.571620296942932,1.1937558687010603,
holo,7UFE,1RD,4K9T,7,146.0,0.3538237772117238,6.06648432504001,7.752497437171679,0.3646472787974945,
holo,7UFE,2QH,4NY4,7,147.0,0.7977551168482947,4.142866074760153,5.7188206891981,0.7785824109860355,
holo,7UFE,5AW,4K9U,1,,,,,,span < 4 residues in common
holo,7UFE,6AW,4K9V,7,146.0,0.6088223884840904,4.481651352555487,5.961712258687478,0.8573592314582116,
holo,7UFE,7AW,4K9W,7,148.0,0.4033232134878824,0.6170816535923931,0.8941730997892349,0.21233879713969814,
holo,7UFE,80K,6BD6,7,148.0,0.7081565154473822,3.97770973788633,5.622925787713141,0.6223997993551487,
holo,7UFE,8AW,4K9X,5,147.0,0.38011671322330964,1.083014454993722,1.5659654847431175,0.26669583658168755,
holo,7UFE,A1A06,9COS,0,,,,,,span < 4 residues in common
holo,7UFE,A1A07,9COR,1,,,,,,span < 4 residues in common
holo,7UFE,A1A08,9COT,0,,,,,,span < 4 residues in common
holo,7UFE,A1A4K,9COX,0,,,,,,span < 4 residues in common
holo,7UFE,A1A4S,9COV,0,,,,,,span < 4 residues in common
holo,7UFE,A1A4T,9COY,0,,,,,,span < 4 residues in common
holo,7UFE,A1A4U,9COU,0,,,,,,span < 4 residues in common
holo,7UFE,A1A4V,9COW,0,,,,,,span < 4 residues in common
holo,7UFE,A1APA,9BBB,1,,,,,,span < 4 residues in common
holo,7UFE,A1ASO,9BVC,7,148.0,0.9002002777092737,4.40339041928788,5.60282616703171,1.00163040764713,
holo,7UFE,A1ASP,9BVB,7,149.0,0.9577736025539473,4.371041360390194,5.537666792528854,1.0545293073652067,
holo,7UFE,A1ASQ,9BVA,7,149.0,0.9942063403874453,4.455754224702076,5.761021499475119,1.0338391896231642,
holo,7UFE,A1ASR,9BV9,7,149.0,0.9727808302572735,4.395420940726049,5.569634057796352,1.06087578337605,
holo,7UFE,A1ASS,9BV8,7,149.0,0.9638225530004545,4.277826114985675,5.6724346868918145,1.0658073842890434,
holo,7UFE,A1AST,9BV7,7,149.0,0.9524683651769372,4.414273064235319,5.670967979294331,1.01724253174957,
holo,7UFE,A1ASU,9BV6,6,149.0,0.9719025672946221,4.604641986939222,5.607099204396583,0.8742549696254601,
holo,7UFE,A1ASV,9BV5,7,149.0,1.0758829372576293,4.290307260260271,5.5293668888509195,1.1100614758519216,
holo,7UFE,A1BNX,9MS1,2,,,,,,span < 4 residues in common
holo,7UFE,A1CIW,9PLK,4,149.0,1.1491415527390643,5.449018340538963,6.167600203354364,1.4024345812714707,
holo,7UFE,CFF,8SO1,7,149.0,0.953227941442248,4.387329696030007,5.674734450666359,1.2344794300408757,
holo,7UFE,CL6,8SPD,7,149.0,1.1940462931082292,8.232205013153797,9.89439107326218,1.270538990687242,
holo,7UFE,D0R,3TJS,2,,,,,,span < 4 residues in common
holo,7UFE,D7J,6BD7,7,149.0,0.9610492211647432,4.3918737670483114,5.619733717176624,0.9894323874639195,
holo,7UFE,D7M,6BD5,7,149.0,0.8545371609108475,4.368853241417742,5.529144002820238,0.9446914171638793,
holo,7UFE,D7Y,6BCZ,7,149.0,0.8493265050397413,4.349545433807227,5.629053704866397,1.0200893708624852,
holo,7UFE,D81,6BD8,7,149.0,0.8259780109458077,4.226014147029497,5.561460924535115,0.7292079527429417,
holo,7UFE,DEJ,6BDI,7,148.0,0.8229613753026954,4.355186191360541,5.5829687779454265,0.9393136021029757,
holo,7UFE,DEV,6BDH,0,,,,,,span < 4 residues in common
holo,7UFE,DJ1,6BDK,7,148.0,0.8352137853173797,4.369686361052276,5.485129530501594,0.9505750625630185,
holo,7UFE,ERY,2J0D,4,149.0,1.3008853136163585,5.633626799024612,8.527138822753642,1.5302834531546778,
holo,7UFE,FZV,6DAC,4,149.0,0.8570554709667518,4.435286321434713,5.548923365251821,0.8858548374575497,
holo,7UFE,G0D,6DA2,3,,,,,,span < 4 residues in common
holo,7UFE,G0J,6DA8,1,,,,,,span < 4 residues in common
holo,7UFE,G0M,6DAA,1,,,,,,span < 4 residues in common
holo,7UFE,G0V,6DAB,0,,,,,,span < 4 residues in common
holo,7UFE,G1J,6DA5,1,,,,,,span < 4 residues in common
holo,7UFE,J9K,4D78,7,146.0,0.38910879134467885,1.0616047447715777,1.8280174737811001,0.3597962636167991,
holo,7UFE,KLN,2V0M,7,146.0,0.36258048793241,1.9789628123958347,2.9251373397464735,0.3411368335150118,
holo,7UFE,MF8,5G5J,7,147.0,0.9770062996763563,4.566356843398302,5.876500637473076,1.1341585706710389,
holo,7UFE,MWS,6OOB,7,149.0,1.0464783835317883,4.6524741848008775,5.851618235000851,1.3485226591973305,
holo,7UFE,MWV,6OO9,7,148.0,1.036117404039747,4.599834096489258,5.897333055256339,1.2480099140013738,
holo,7UFE,MWY,6OOA,1,,,,,,span < 4 residues in common
holo,7UFE,MYT,1W0G,7,146.0,0.9803536416448947,4.446567790867354,5.7890395293593615,1.0830260513234282,
holo,7UFE,NH0,7UF9,0,,,,,,span < 4 residues in common
holo,7UFE,NI6,7UFA,7,147.0,0.632442296649428,8.249186788627213,9.785677168228279,0.6181493764044879,
holo,7UFE,NJ0,7UFB,7,149.0,0.9100010681977758,4.413965571943092,5.678330234466125,1.0661942929064487,
holo,7UFE,NJO,7UFC,7,149.0,0.9303275499001736,4.2335921488563075,6.022069769635948,0.8324610922911339,
holo,7UFE,NYF,7UFF,7,149.0,0.01454262353340117,0.04534445030250284,0.06761543158778312,0.010974722275684056,
holo,7UFE,PG0,9BV6,6,149.0,0.9719025672946221,4.604641986939222,5.607099204396583,0.8742549696254601,
holo,7UFE,PG4,9YK4,7,149.0,0.9829808630133923,4.35288483493917,5.610934068955345,1.176443107061574,
holo,7UFE,PK9,4D6Z,7,146.0,0.8330145567884227,4.526193675596944,5.661554020362177,1.0640555952083037,
holo,7UFE,PKT,4D7D,7,147.0,0.4445831531565375,1.7897750641916073,3.013756732311781,0.30490985614612515,
holo,7UFE,QDJ,6UNL,0,,,,,,span < 4 residues in common
holo,7UFE,QDP,6UNM,0,,,,,,span < 4 residues in common
holo,7UFE,QDV,6UNI,0,,,,,,span < 4 residues in common
holo,7UFE,QDY,6UNJ,7,147.0,0.3540773554538964,5.66578161922153,6.945441126483489,0.26210741356619816,
holo,7UFE,QE4,6UNK,3,,,,,,span < 4 residues in common
holo,7UFE,QEA,6UNH,4,147.0,0.5358353573963679,4.2184204687618605,5.20771855597828,0.5197273223554789,
holo,7UFE,QEP,6UNG,4,148.0,0.6176218629574012,4.240968466512164,5.324762835207619,0.4074028241879316,
holo,7UFE,QES,6UNE,4,148.0,0.7196354288869627,4.068059671760622,5.189457950211691,0.6614805843450541,
holo,7UFE,RIT,3NXU,7,147.0,0.423632151280327,0.43629510042640496,0.6596171099339723,0.28457003734108993,
holo,7UFE,T0K,7UFD,7,149.0,0.9311611204566211,4.156601897982604,5.832299760303044,0.9591510594425778,
holo,7UFE,TCI,9PLJ,7,149.0,1.0111347076820862,4.574733242891489,5.777826365946884,1.310979687248254,
holo,7UFE,X5Y,7KVH,7,147.0,0.269592730224148,0.6391181162845946,0.9084382097232864,0.22890055190319256,
holo,7UFE,X6J,7KVP,3,,,,,,span < 4 residues in common
holo,7UFE,X6S,7KVO,7,149.0,0.30573026990535845,0.5484734108077471,0.8282733579045618,0.2411305076425073,
holo,7UFE,X6V,7KVN,7,146.0,0.17106652407352613,0.38529428817566314,0.7117189000965377,0.15992167264588855,
holo,7UFE,X71,7KVM,2,,,,,,span < 4 residues in common
holo,7UFE,X74,7KVS,7,148.0,0.24888038835922985,0.9355586140986389,2.012539510232676,0.1869634961075629,
holo,7UFE,X7D,7KVQ,7,147.0,0.20816274776804458,0.44658066771199706,0.9746265376066273,0.18203722266195155,
holo,7UFE,X7J,7KVK,7,149.0,0.2552454935274875,0.46896099694881554,0.709288985955643,0.16760339446125275,
holo,7UFE,X7M,7KVJ,0,,,,,,span < 4 residues in common
holo,7UFE,X7P,7KVI,1,,,,,,span < 4 residues in common
holo,7UFE,Y83,6BDM,4,148.0,0.6965042032208941,4.592661691859982,5.300051853921207,0.5084279080978206,
holo,7UFE,YNV,7LXL,2,,,,,,span < 4 residues in common
holo,7UFE,Z8Z,4I4G,7,147.0,0.34770434677576056,1.2207251150455216,1.9059511579966082,0.23504382707610938,
holo,7UFE,Z9Z,4I4H,7,147.0,0.412183820063899,0.634148206583809,0.8622650409356923,0.25342491579603804,
holo,7UFF,08J,5TE8,7,149.0,1.3851323245414453,9.286471076490345,16.110099545499914,1.5399067835130968,
holo,7UFF,08Y,3UA1,7,147.0,0.955395612022774,4.496583675022079,5.581208155583424,1.1924848169590536,
holo,7UFF,1RD,4K9T,7,146.0,0.35523033517743696,6.066723876157996,7.779873233650248,0.3636526027780234,
holo,7UFF,2QH,4NY4,7,147.0,0.7962693725735864,4.166684109732992,5.762897221896229,0.7774706173727325,
holo,7UFF,5AW,4K9U,1,,,,,,span < 4 residues in common
holo,7UFF,6AW,4K9V,7,146.0,0.6085569498709403,4.503093040814163,6.005508409989538,0.855651255438029,
holo,7UFF,7AW,4K9W,7,148.0,0.4048926339299873,0.596408759238046,0.8460945583276305,0.21527624335844328,
holo,7UFF,80K,6BD6,7,148.0,0.7085782052739289,4.000279977348755,5.666410950553553,0.6194855638877587,
holo,7UFF,8AW,4K9X,5,147.0,0.3814567306907512,1.08018076882415,1.5563276567463182,0.2659039430103314,
holo,7UFF,A1A06,9COS,0,,,,,,span < 4 residues in common
holo,7UFF,A1A07,9COR,1,,,,,,span < 4 residues in common
holo,7UFF,A1A08,9COT,0,,,,,,span < 4 residues in common
holo,7UFF,A1A4K,9COX,0,,,,,,span < 4 residues in common
holo,7UFF,A1A4S,9COV,0,,,,,,span < 4 residues in common
holo,7UFF,A1A4T,9COY,0,,,,,,span < 4 residues in common
holo,7UFF,A1A4U,9COU,0,,,,,,span < 4 residues in common
holo,7UFF,A1A4V,9COW,0,,,,,,span < 4 residues in common
holo,7UFF,A1APA,9BBB,1,,,,,,span < 4 residues in common
holo,7UFF,A1ASO,9BVC,7,148.0,0.8999400502577085,4.424612509651682,5.646690046732595,1.0003473034635146,
holo,7UFF,A1ASP,9BVB,7,149.0,0.9574380526365425,4.392817191781003,5.581614329187972,1.053502106319738,
holo,7UFF,A1ASQ,9BVA,7,149.0,0.9941847712989392,4.478018574520485,5.804850433061689,1.0324348762758218,
holo,7UFF,A1ASR,9BV9,7,149.0,0.972544097491333,4.417173297689669,5.61360808464866,1.0598086070854744,
holo,7UFF,A1ASS,9BV8,7,149.0,0.9638197332021605,4.30059010012538,5.716417331348802,1.0642955880195302,
holo,7UFF,A1AST,9BV7,7,149.0,0.9520960348430942,4.43524428042422,5.71492248776374,1.0162560054935195,
holo,7UFF,A1ASU,9BV6,6,149.0,0.9722497490423145,4.612207865754462,5.64992002468924,0.8723404433208772,
holo,7UFF,A1ASV,9BV5,7,149.0,1.0757620163120165,4.3121776024093466,5.573000229203172,1.108369554980844,
holo,7UFF,A1BNX,9MS1,2,,,,,,span < 4 residues in common
holo,7UFF,A1CIW,9PLK,4,149.0,1.1492426108713762,5.429018382141236,6.117507349194166,1.4008915715759735,
holo,7UFF,CFF,8SO1,7,149.0,0.953475713341276,4.410488101851795,5.718660846206428,1.233109963676759,
holo,7UFF,CL6,8SPD,7,149.0,1.1937577871517173,8.23006235205001,9.906024646447912,1.268131622543351,
holo,7UFF,D0R,3TJS,2,,,,,,span < 4 residues in common
holo,7UFF,D7J,6BD7,7,149.0,0.9608217022209068,4.413317757684996,5.663578356242289,0.9875660433214498,
holo,7UFF,D7M,6BD5,7,149.0,0.8548216002048952,4.390328627385714,5.572866497055559,0.9428602648069738,
holo,7UFF,D7Y,6BCZ,7,149.0,0.8496946907054391,4.371101987072558,5.672827073868369,1.0184330706515492,
holo,7UFF,D81,6BD8,7,149.0,0.8261648205682326,4.2464871594607185,5.604318271929084,0.7266018261517809,
holo,7UFF,DEJ,6BDI,7,148.0,0.8231647087016878,4.376526354706277,5.626765886267537,0.9375756123538204,
holo,7UFF,DEV,6BDH,0,,,,,,span < 4 residues in common
holo,7UFF,DJ1,6BDK,7,148.0,0.8351289518466591,4.391055329346064,5.528931605801812,0.948663664316727,
holo,7UFF,ERY,2J0D,4,149.0,1.301179862927662,5.615615642704625,8.494821533283506,1.5290060461521193,
holo,7UFF,FZV,6DAC,4,149.0,0.857645762304169,4.4676727287605305,5.592631996762399,0.8839948614096026,
holo,7UFF,G0D,6DA2,3,,,,,,span < 4 residues in common
holo,7UFF,G0J,6DA8,1,,,,,,span < 4 residues in common
holo,7UFF,G0M,6DAA,1,,,,,,span < 4 residues in common
holo,7UFF,G0V,6DAB,0,,,,,,span < 4 residues in common
holo,7UFF,G1J,6DA5,1,,,,,,span < 4 residues in common
holo,7UFF,J9K,4D78,7,146.0,0.39080702624461455,1.063962179699211,1.8447235919682994,0.3584506824040632,
holo,7UFF,KLN,2V0M,7,146.0,0.3647283202503328,1.9654308508155167,2.892449921057885,0.34326223937464206,
holo,7UFF,MF8,5G5J,7,147.0,0.9775911332076278,4.587438233973269,5.9199843314438745,1.1329145283620363,
holo,7UFF,MWS,6OOB,7,149.0,1.0467180522222597,4.673306758644636,5.861590885432802,1.3475951058185256,
holo,7UFF,MWV,6OO9,7,148.0,1.036576819063614,4.621269379767309,5.940794603652774,1.2466902159636155,
holo,7UFF,MWY,6OOA,1,,,,,,span < 4 residues in common
holo,7UFF,MYT,1W0G,7,146.0,0.9804399732106582,4.468505434321504,5.832530238662229,1.081915764075954,
holo,7UFF,NH0,7UF9,0,,,,,,span < 4 residues in common
holo,7UFF,NI6,7UFA,7,147.0,0.6318034283456458,8.247913825219602,9.79924865182923,0.6150441673330465,
holo,7UFF,NJ0,7UFB,7,149.0,0.9100680991952473,4.435828979227964,5.7220019567378255,1.064327521420856,
holo,7UFF,NJO,7UFC,7,149.0,0.9296862615437876,4.257026280129496,6.066007148935853,0.8296558799768405,
holo,7UFF,NXR,7UFE,7,149.0,0.014542623533398897,0.045344450302508714,0.06761543158778673,0.010974722275691268,
holo,7UFF,PG0,9BV6,6,149.0,0.9722497490423145,4.612207865754462,5.64992002468924,0.8723404433208772,
holo,7UFF,PG4,9YK4,7,149.0,0.9831720240747209,4.374872851439338,5.654833577050549,1.1751227616439999,
holo,7UFF,PK9,4D6Z,7,146.0,0.8331034245073097,4.547868038963747,5.705248796596893,1.0628016608208546,
holo,7UFF,PKT,4D7D,7,147.0,0.4452229785950057,1.809466061860352,3.04967362694821,0.30426822441057444,
holo,7UFF,QDJ,6UNL,0,,,,,,span < 4 residues in common
holo,7UFF,QDP,6UNM,0,,,,,,span < 4 residues in common
holo,7UFF,QDV,6UNI,0,,,,,,span < 4 residues in common
holo,7UFF,QDY,6UNJ,7,147.0,0.3544280992680352,5.670068759846738,6.9695107070483155,0.2631410961065715,
holo,7UFF,QE4,6UNK,3,,,,,,span < 4 residues in common
holo,7UFF,QEA,6UNH,4,147.0,0.5354312872037512,4.246392210723248,5.251418595193266,0.5159761925217884,
holo,7UFF,QEP,6UNG,4,148.0,0.6181718119390137,4.268004153684444,5.3684413990865245,0.40453173780084406,
holo,7UFF,QES,6UNE,4,148.0,0.7201401345122678,4.093492875238229,5.2329675336542065,0.6589826903624454,
holo,7UFF,RIT,3NXU,7,147.0,0.42616704518822024,0.4372821402415955,0.6790904286879328,0.286319355568311,
holo,7UFF,T0K,7UFD,7,149.0,0.9303985139936725,4.1803958179015535,5.876354517404392,0.9561602246165315,
holo,7UFF,TCI,9PLJ,7,149.0,1.0111848721399037,4.595059486198896,5.78728618075768,1.3098074531753072,
holo,7UFF,X5Y,7KVH,7,147.0,0.2674209301517983,0.6104257565085665,0.8752147713635884,0.22563531726719419,
holo,7UFF,X6J,7KVP,3,,,,,,span < 4 residues in common
holo,7UFF,X6S,7KVO,7,149.0,0.30622734408413593,0.5423642378732417,0.8229045556919353,0.242581344720509,
holo,7UFF,X6V,7KVN,7,146.0,0.1699384398833586,0.3840749707896475,0.7264747222595944,0.15675412752609574,
holo,7UFF,X71,7KVM,2,,,,,,span < 4 residues in common
holo,7UFF,X74,7KVS,7,148.0,0.24917034992718584,0.9323529829209509,2.030756980289552,0.18643990518398512,
holo,7UFF,X7D,7KVQ,7,147.0,0.20717446189414074,0.4540796400087749,0.990815600396761,0.17973836667892026,
holo,7UFF,X7J,7KVK,7,149.0,0.25434491271130316,0.4595497783236118,0.7107177427225543,0.1689299225720423,
holo,7UFF,X7M,7KVJ,0,,,,,,span < 4 residues in common
holo,7UFF,X7P,7KVI,1,,,,,,span < 4 residues in common
holo,7UFF,Y83,6BDM,4,148.0,0.6968660159567159,4.607226901909279,5.343098522394034,0.5064802293852639,
holo,7UFF,YNV,7LXL,2,,,,,,span < 4 residues in common
holo,7UFF,Z8Z,4I4G,7,147.0,0.34913323750460484,1.2008468601119917,1.8842747154725088,0.23506554864048732,
holo,7UFF,Z9Z,4I4H,7,147.0,0.41412674580630715,0.6463620169509072,0.8948093104717428,0.25572314782282696,
holo,8DYC,08J,5TE8,7,150.0,0.614809653774241,7.301635090944512,11.976493041744115,0.4887899282674155,
holo,8DYC,08Y,3UA1,7,148.0,0.38941607721178223,0.4028942103545585,0.5414485030692424,0.2242931883346169,
holo,8DYC,1RD,4K9T,7,146.0,0.677955023597368,4.662097514650785,6.652962800748801,0.9776462258255969,
holo,8DYC,2QH,4NY4,7,149.0,0.5736707581124948,1.048778944671693,2.01527978474442,0.7156007085861887,
holo,8DYC,5AW,4K9U,1,,,,,,span < 4 residues in common
holo,8DYC,6AW,4K9V,7,146.0,0.38942244100511203,1.024896718759356,2.1694409252855165,0.4696195156734705,
holo,8DYC,7AW,4K9W,7,148.0,1.0403468701451621,4.592947130341454,5.779879170268287,1.300148166979199,
holo,8DYC,80K,6BD6,7,148.0,0.4622327122978499,1.0264053368417148,1.7916586076375305,0.8098985168207441,
holo,8DYC,8AW,4K9X,5,147.0,0.75335964681101,4.739349034944496,5.581044904532865,1.0329063886227434,
holo,8DYC,A1A06,9COS,0,,,,,,span < 4 residues in common
holo,8DYC,A1A07,9COR,1,,,,,,span < 4 residues in common
holo,8DYC,A1A08,9COT,0,,,,,,span < 4 residues in common
holo,8DYC,A1A4K,9COX,0,,,,,,span < 4 residues in common
holo,8DYC,A1A4S,9COV,0,,,,,,span < 4 residues in common
holo,8DYC,A1A4T,9COY,0,,,,,,span < 4 residues in common
holo,8DYC,A1A4U,9COU,0,,,,,,span < 4 residues in common
holo,8DYC,A1A4V,9COW,0,,,,,,span < 4 residues in common
holo,8DYC,A1APA,9BBB,1,,,,,,span < 4 residues in common
holo,8DYC,A1ASO,9BVC,7,149.0,0.4000747338948201,0.7117345480443461,1.0520195546558186,0.5032805115939953,
holo,8DYC,A1ASP,9BVB,7,150.0,0.4724329199289606,0.5163508792047852,0.75586804278924,0.49193491394173455,
holo,8DYC,A1ASQ,9BVA,7,149.0,0.4282658450971769,0.43741155739919585,0.7544081810948473,0.5589220726511938,
holo,8DYC,A1ASR,9BV9,7,150.0,0.47371237477947253,0.5226768140343127,0.7586442589971385,0.48273521588849544,
holo,8DYC,A1ASS,9BV8,7,150.0,0.359035036207135,0.43189798000169505,0.6632400402048949,0.39637660329360425,
holo,8DYC,A1AST,9BV7,7,149.0,0.4835976945102089,0.6835162314088397,1.1005584551001415,0.5519846474093119,
holo,8DYC,A1ASU,9BV6,6,150.0,0.47072275699310806,4.74044800923298,6.5636379043756445,0.6186027284661109,
holo,8DYC,A1ASV,9BV5,7,151.0,0.7516435434124613,0.5029075676603889,0.8665022062587647,0.42355311267953805,
holo,8DYC,A1BNX,9MS1,2,,,,,,span < 4 residues in common
holo,8DYC,A1CIW,9PLK,4,151.0,0.35624360087771423,5.021147677653038,7.196945849800658,0.33231385767324967,
holo,8DYC,CFF,8SO1,7,151.0,0.25130422891768167,0.3191320982551123,0.4283100612538098,0.1700472193430126,
holo,8DYC,CL6,8SPD,7,149.0,0.4833929973006193,7.450897384936821,8.979485312672807,0.4584480216941794,
holo,8DYC,D0R,3TJS,2,,,,,,span < 4 residues in common
holo,8DYC,D7J,6BD7,7,151.0,0.5966103190571795,0.349204017296038,0.57799874892741,0.43390988075153886,
holo,8DYC,D7M,6BD5,7,149.0,0.3709758511337245,0.33089061885643006,0.6304404755594565,0.47924351472521337,
holo,8DYC,D7Y,6BCZ,7,151.0,0.5694575018150937,0.35250198095783375,0.5523230854472974,0.3619983289254179,
holo,8DYC,D81,6BD8,7,149.0,0.48980545696587896,0.7235467680669775,1.0174960509247484,0.8443519680346573,
holo,8DYC,DEJ,6BDI,7,150.0,0.5592723956357051,0.39124423264492847,0.6030706572780375,0.4738149879990646,
holo,8DYC,DEV,6BDH,0,,,,,,span < 4 residues in common
holo,8DYC,DJ1,6BDK,7,150.0,0.5586249328219569,0.3950657144152371,0.6179656451189246,0.4771361114130752,
holo,8DYC,ERY,2J0D,4,150.0,0.6236971339875843,6.1993335592869,8.547744402117221,0.44205347067756023,
holo,8DYC,FZV,6DAC,4,149.0,0.3726496696718578,2.225160936262465,4.413468615717729,0.5889318589829291,
holo,8DYC,G0D,6DA2,3,,,,,,span < 4 residues in common
holo,8DYC,G0J,6DA8,1,,,,,,span < 4 residues in common
holo,8DYC,G0M,6DAA,1,,,,,,span < 4 residues in common
holo,8DYC,G0V,6DAB,0,,,,,,span < 4 residues in common
holo,8DYC,G1J,6DA5,1,,,,,,span < 4 residues in common
holo,8DYC,J9K,4D78,7,146.0,0.6017857036469145,4.639399827994109,6.612128603766883,0.9352195807169058,
holo,8DYC,KLN,2V0M,7,146.0,0.8160016896328244,5.214529323293421,6.566136024361952,1.186506970224898,
holo,8DYC,MF8,5G5J,7,148.0,0.43331266023138815,0.3303799507476541,0.4755283412452784,0.21830780626221588,
holo,8DYC,MWS,6OOB,7,150.0,0.2570185613074445,0.39676358513536125,0.4790641316116245,0.19871333887447484,
holo,8DYC,MWV,6OO9,7,150.0,0.35342514882340437,0.23826659664001298,0.29314575951376043,0.2567017944897895,
holo,8DYC,MWY,6OOA,1,,,,,,span < 4 residues in common
holo,8DYC,MYT,1W0G,7,146.0,0.5403139332866981,0.5025143284256659,0.7232572045241468,0.48437087841987886,
holo,8DYC,NH0,7UF9,0,,,,,,span < 4 residues in common
holo,8DYC,NI6,7UFA,7,148.0,0.4031521649545502,7.240834232753101,8.844593973152787,0.7460463322075283,
holo,8DYC,NJ0,7UFB,7,151.0,0.32684020223840904,0.2719403817580427,0.40518638941997015,0.4678118225550788,
holo,8DYC,NJO,7UFC,7,151.0,0.5763153299971358,0.7096815283694874,1.0825401509232269,0.6555067370552851,
holo,8DYC,NXR,7UFE,7,149.0,1.0041267506938583,4.452951143444374,5.767194822680964,1.258560856769266,
holo,8DYC,NYF,7UFF,7,149.0,1.0045415613346633,4.475455860331822,5.811004581929866,1.2571575430409656,
holo,8DYC,PG0,9BV6,6,150.0,0.47072275699310806,4.74044800923298,6.5636379043756445,0.6186027284661109,
holo,8DYC,PG4,9YK4,7,149.0,0.2930032712390965,0.3248023097414093,0.5028635355163459,0.3458044944965414,
holo,8DYC,PK9,4D6Z,7,146.0,0.2677278102747823,0.30449265847334817,0.4845985347636923,0.364499122404864,
holo,8DYC,PKT,4D7D,7,147.0,0.6935091296927018,4.249046107331226,7.054034727088262,0.9938035278467267,
holo,8DYC,QDJ,6UNL,0,,,,,,span < 4 residues in common
holo,8DYC,QDP,6UNM,0,,,,,,span < 4 residues in common
holo,8DYC,QDV,6UNI,0,,,,,,span < 4 residues in common
holo,8DYC,QDY,6UNJ,7,147.0,0.9445403877776408,4.579679734810122,6.858867162707519,1.299315049781326,
holo,8DYC,QE4,6UNK,3,,,,,,span < 4 residues in common
holo,8DYC,QEA,6UNH,4,147.0,0.6177391451776173,0.6466691495075083,0.7652393213003914,0.8894546772191175,
holo,8DYC,QEP,6UNG,4,149.0,0.5454934127694796,0.6372106954745866,0.8636127887890475,0.9787404399425965,
holo,8DYC,QES,6UNE,4,148.0,0.4450998455282119,0.9541455621780436,1.1543786742224524,0.8039052694070487,
holo,8DYC,RIT,3NXU,7,147.0,1.0367883707783019,4.53397595976082,5.7352205661052595,1.30494734265124,
holo,8DYC,T0K,7UFD,7,151.0,0.5652792683177136,0.8213989031320749,1.2095716139621844,0.6166318027889108,
holo,8DYC,TCI,9PLJ,7,151.0,0.289902960532863,0.42396708588029597,0.4832379857520339,0.225106911299737,
holo,8DYC,X5Y,7KVH,7,147.0,0.8547507976826588,4.843004739502571,6.478316781131124,1.1890279535919248,
holo,8DYC,X6J,7KVP,3,,,,,,span < 4 residues in common
holo,8DYC,X6S,7KVO,7,150.0,0.9482182942448738,4.351939880357975,5.743973547668155,1.2144888820101163,
holo,8DYC,X6V,7KVN,7,146.0,0.8409852240731551,4.629620673934494,6.037266053780634,1.1803456391280345,
holo,8DYC,X71,7KVM,2,,,,,,span < 4 residues in common
holo,8DYC,X74,7KVS,7,149.0,0.9511790517895056,4.393336409163412,5.927194005195636,1.2376654498073496,
holo,8DYC,X7D,7KVQ,7,147.0,0.8381862516227021,4.385471527644345,5.8583721335913745,1.1722668087022552,
holo,8DYC,X7J,7KVK,7,150.0,1.0584068222871608,4.4486219262626205,5.878269526570605,1.3202299153773644,
holo,8DYC,X7M,7KVJ,0,,,,,,span < 4 residues in common
holo,8DYC,X7P,7KVI,1,,,,,,span < 4 residues in common
holo,8DYC,Y83,6BDM,4,150.0,0.5301709209894163,2.9929909496714076,5.46486714413006,1.0640932050410346,
holo,8DYC,YNV,7LXL,2,,,,,,span < 4 residues in common
holo,8DYC,Z8Z,4I4G,7,147.0,0.7718531727678763,5.209874042621397,7.381499492315955,1.0469860920103484,
holo,8DYC,Z9Z,4I4H,7,147.0,0.7330087648779319,4.513240358137973,5.917411418960739,1.0941332328926732,
holo,8EWS,08J,5TE8,7,148.0,0.9016283244101763,7.429077376483984,11.706595761210206,1.0009416329344858,
holo,8EWS,08Y,3UA1,7,148.0,0.6570429757329043,7.151276333277143,8.790263849996688,0.7926386963475646,
holo,8EWS,1RD,4K9T,7,146.0,0.37745286377485654,4.121117856284924,6.155418239372855,0.3589458829719013,
holo,8EWS,2QH,4NY4,7,148.0,0.5058661656288378,7.236283241379446,9.486094413732634,0.473492679231773,
holo,8EWS,5AW,4K9U,1,,,,,,span < 4 residues in common
holo,8EWS,6AW,4K9V,7,146.0,0.4043947482232396,7.01647906607845,9.363028751777728,0.5668104936969315,
holo,8EWS,7AW,4K9W,7,147.0,0.6427286498182454,7.336992725964426,8.462632786206143,0.6286685218982881,
holo,8EWS,80K,6BD6,7,147.0,0.4064204242576388,7.211935983092117,9.087865899119864,0.38960558072107476,
holo,8EWS,8AW,4K9X,5,146.0,0.3732679223985969,7.44577371910109,8.131231391581954,0.404699070831897,
holo,8EWS,A1A06,9COS,0,,,,,,span < 4 residues in common
holo,8EWS,A1A07,9COR,1,,,,,,span < 4 residues in common
holo,8EWS,A1A08,9COT,0,,,,,,span < 4 residues in common
holo,8EWS,A1A4K,9COX,0,,,,,,span < 4 residues in common
holo,8EWS,A1A4S,9COV,0,,,,,,span < 4 residues in common
holo,8EWS,A1A4T,9COY,0,,,,,,span < 4 residues in common
holo,8EWS,A1A4U,9COU,0,,,,,,span < 4 residues in common
holo,8EWS,A1A4V,9COW,0,,,,,,span < 4 residues in common
holo,8EWS,A1APA,9BBB,1,,,,,,span < 4 residues in common
holo,8EWS,A1ASO,9BVC,7,148.0,0.573478880022501,7.179852741912151,8.983833177439298,0.6660184451740501,
holo,8EWS,A1ASP,9BVB,7,148.0,0.5774956623904874,7.303823053892598,9.088990594733332,0.6854865044269239,
holo,8EWS,A1ASQ,9BVA,7,147.0,0.5650074181520301,7.366287321012184,9.170104777772819,0.6717878745830379,
holo,8EWS,A1ASR,9BV9,7,148.0,0.5990457712587707,7.31326215384338,9.0991159847717,0.6889550860645515,
holo,8EWS,A1ASS,9BV8,7,148.0,0.5138728977266354,7.149972763308613,9.174158060724166,0.679992046284614,
holo,8EWS,A1AST,9BV7,7,147.0,0.5794376381901475,7.149424078372349,9.034968265442313,0.6940489350524279,
holo,8EWS,A1ASU,9BV6,6,148.0,0.4897844492747819,6.341023928856198,8.559674084192027,0.49124837716564024,
holo,8EWS,A1ASV,9BV5,7,148.0,0.7587769311247464,7.101877685280231,9.02405315834497,0.731198772205608,
holo,8EWS,A1BNX,9MS1,2,,,,,,span < 4 residues in common
holo,8EWS,A1CIW,9PLK,4,148.0,0.6432011845911839,2.3974023387893504,3.5421009262314818,0.9156356441007518,
holo,8EWS,CFF,8SO1,7,148.0,0.5515093511725846,7.492628275629534,9.34597172080527,0.819441899419396,
holo,8EWS,CL6,8SPD,7,147.0,0.7226922523325223,4.051498478262688,6.439211923252804,0.780085244409829,
holo,8EWS,D0R,3TJS,2,,,,,,span < 4 residues in common
holo,8EWS,D7J,6BD7,7,148.0,0.5027099184846816,7.234364397591909,9.181693998273207,0.5978550139436061,
holo,8EWS,D7M,6BD5,7,147.0,0.47282752495089014,7.227345610326263,9.131370851265405,0.5812947634489055,
holo,8EWS,D7Y,6BCZ,7,148.0,0.45628328469068336,7.213437831045215,9.135281265931521,0.6158531761529524,
holo,8EWS,D81,6BD8,7,147.0,0.4728678636373334,7.003179389165789,8.756482064402013,0.47050355038722197,
holo,8EWS,DEJ,6BDI,7,148.0,0.501202656746407,7.169766634498942,9.131880526387505,0.598854983890125,
holo,8EWS,DEV,6BDH,0,,,,,,span < 4 residues in common
holo,8EWS,DJ1,6BDK,7,148.0,0.5107618171852453,7.209570392127368,9.121188356279767,0.5866495703830449,
holo,8EWS,ERY,2J0D,4,148.0,0.8704179363335732,4.022667283158492,5.538957884120884,1.027952230190486,
holo,8EWS,FZV,6DAC,4,147.0,0.46179262814161365,7.872221279984184,9.107208987025833,0.5309354328382845,
holo,8EWS,G0D,6DA2,3,,,,,,span < 4 residues in common
holo,8EWS,G0J,6DA8,1,,,,,,span < 4 residues in common
holo,8EWS,G0M,6DAA,1,,,,,,span < 4 residues in common
holo,8EWS,G0V,6DAB,0,,,,,,span < 4 residues in common
holo,8EWS,G1J,6DA5,1,,,,,,span < 4 residues in common
holo,8EWS,J9K,4D78,7,146.0,0.3414875484524212,7.872036175257663,8.832671217575113,0.39138198045620215,
holo,8EWS,KLN,2V0M,7,146.0,0.46960219939043224,7.449464827823564,8.73976384899114,0.5792835246366257,
holo,8EWS,MF8,5G5J,7,148.0,0.7015017024266197,7.316722024995884,9.201101815027357,0.7880143266033621,
holo,8EWS,MWS,6OOB,7,148.0,0.5986239354060549,7.321766786995589,9.174954254479772,0.8853915116196629,
holo,8EWS,MWV,6OO9,7,148.0,0.6654393969494254,7.278823261085945,9.21542951551916,0.8149925412361158,
holo,8EWS,MWY,6OOA,1,,,,,,span < 4 residues in common
holo,8EWS,MYT,1W0G,7,146.0,0.7502597572605941,7.101886107504921,9.26658334324926,0.7975355754478777,
holo,8EWS,NH0,7UF9,0,,,,,,span < 4 residues in common
holo,8EWS,NI6,7UFA,7,148.0,0.3619650388148782,3.9556919996740354,5.534820585347161,0.3416336001162663,
holo,8EWS,NJ0,7UFB,7,148.0,0.5126779920716853,7.2251458858114095,9.122479911799093,0.6683276369438617,
holo,8EWS,NJO,7UFC,7,148.0,0.497567431743828,7.2090409907842705,9.329750973014677,0.4580992660076975,
holo,8EWS,NXR,7UFE,7,147.0,0.5085291369665826,7.453334218783715,8.382920782148458,0.5273531093356011,
holo,8EWS,NYF,7UFF,7,147.0,0.5079406909767876,7.443042967560711,8.383350754103203,0.5256033295199167,
holo,8EWS,PG0,9BV6,6,148.0,0.4897844492747819,6.341023928856198,8.559674084192027,0.49124837716564024,
holo,8EWS,PG4,9YK4,7,147.0,0.5255695715569362,7.239396273346489,9.152234872706767,0.7396362469606212,
holo,8EWS,PK9,4D6Z,7,146.0,0.5752233290705266,7.219735079237992,9.10242874803387,0.7420901986287918,
holo,8EWS,PKT,4D7D,7,146.0,0.38058593733284757,8.224759637432117,9.185120803915508,0.3539514825636143,
holo,8EWS,QDJ,6UNL,0,,,,,,span < 4 residues in common
holo,8EWS,QDP,6UNM,0,,,,,,span < 4 residues in common
holo,8EWS,QDV,6UNI,0,,,,,,span < 4 residues in common
holo,8EWS,QDY,6UNJ,7,146.0,0.5475839612815243,4.36874942699786,5.417041873531988,0.6330299443576152,
holo,8EWS,QE4,6UNK,3,,,,,,span < 4 residues in common
holo,8EWS,QEA,6UNH,4,147.0,0.3945063424914661,7.82024475262407,9.158598356817228,0.4294293987560147,
holo,8EWS,QEP,6UNG,4,148.0,0.3270607412846333,7.760337843211352,8.960926320588888,0.3594504473961331,
holo,8EWS,QES,6UNE,4,147.0,0.3951977088567934,7.593568183272783,8.754692507383613,0.33137608122984424,
holo,8EWS,RIT,3NXU,7,146.0,0.6129196409907799,7.709443718498448,8.713097596654377,0.6655951060926555,
holo,8EWS,T0K,7UFD,7,148.0,0.47385321617265297,7.112127084776826,9.354125637212086,0.5757012285263373,
holo,8EWS,TCI,9PLJ,7,148.0,0.5718231191575979,7.216251340450247,8.932272828399975,0.8536821177573684,
holo,8EWS,X5Y,7KVH,7,146.0,0.3940925041209003,7.404942529336796,8.349509586636605,0.442694265928991,
holo,8EWS,X6J,7KVP,3,,,,,,span < 4 residues in common
holo,8EWS,X6S,7KVO,7,148.0,0.6078887357255117,7.124906565662637,7.644940197202129,0.5456032368463231,
holo,8EWS,X6V,7KVN,7,145.0,0.3930409964337237,7.446963761358972,8.151024191314383,0.4693175148837952,
holo,8EWS,X71,7KVM,2,,,,,,span < 4 residues in common
holo,8EWS,X74,7KVS,7,148.0,0.6268418766379444,7.189893173994827,7.819775379914118,0.5765712340977911,
holo,8EWS,X7D,7KVQ,7,146.0,0.4183945743366198,7.3372405877286475,8.013291303153094,0.473211477896026,
holo,8EWS,X7J,7KVK,7,148.0,0.6749910987502101,7.226815178381493,7.82116349698756,0.6149589080873448,
holo,8EWS,X7M,7KVJ,0,,,,,,span < 4 residues in common
holo,8EWS,X7P,7KVI,1,,,,,,span < 4 residues in common
holo,8EWS,Y83,6BDM,4,148.0,0.4305913951522762,7.162322381889277,8.135780569286856,0.45689739953505365,
holo,8EWS,YNV,7LXL,2,,,,,,span < 4 residues in common
holo,8EWS,Z8Z,4I4G,7,146.0,0.35485739249536763,7.69341007222017,8.713357071392995,0.42386866925717415,
holo,8EWS,Z9Z,4I4H,7,146.0,0.3721546894142607,7.712257025643405,8.611550910922583,0.41959594224140734,
holo,8EXB,08J,5TE8,7,148.0,1.021901638475085,6.7423165132205805,11.50623869752268,1.2816594857623154,
holo,8EXB,08Y,3UA1,7,148.0,0.7384067817732082,6.97704229846497,8.587690360156508,1.0362937695014307,
holo,8EXB,1RD,4K9T,7,146.0,0.36736455814591024,3.676184641636328,5.078740199585502,0.3497314737396569,
holo,8EXB,2QH,4NY4,7,148.0,0.5530377151629527,7.076001277402022,9.109836868597041,0.6265802493279669,
holo,8EXB,5AW,4K9U,1,,,,,,span < 4 residues in common
holo,8EXB,6AW,4K9V,7,146.0,0.44516096190877097,6.8400912335814015,8.890057021190621,0.7338051451981095,
holo,8EXB,7AW,4K9W,7,147.0,0.5573294448887242,7.961876539075466,9.477163880627774,0.35514264333315726,
holo,8EXB,80K,6BD6,7,147.0,0.4444532341158209,7.130361963030349,8.788493520138706,0.47584603634189415,
holo,8EXB,8AW,4K9X,5,146.0,0.32036178909419516,7.575516761887833,8.417111556527196,0.23661143018589104,
holo,8EXB,A1A06,9COS,0,,,,,,span < 4 residues in common
holo,8EXB,A1A07,9COR,1,,,,,,span < 4 residues in common
holo,8EXB,A1A08,9COT,0,,,,,,span < 4 residues in common
holo,8EXB,A1A4K,9COX,0,,,,,,span < 4 residues in common
holo,8EXB,A1A4S,9COV,0,,,,,,span < 4 residues in common
holo,8EXB,A1A4T,9COY,0,,,,,,span < 4 residues in common
holo,8EXB,A1A4U,9COU,0,,,,,,span < 4 residues in common
holo,8EXB,A1A4V,9COW,0,,,,,,span < 4 residues in common
holo,8EXB,A1APA,9BBB,1,,,,,,span < 4 residues in common
holo,8EXB,A1ASO,9BVC,7,148.0,0.6440734535524604,7.071179735495671,8.685100346315217,0.8566348005816072,
holo,8EXB,A1ASP,9BVB,7,148.0,0.6511516420167358,7.185524864420491,8.913639348239688,0.8799161785539517,
holo,8EXB,A1ASQ,9BVA,7,147.0,0.631605107404889,7.227863628695684,9.002307245926472,0.83332928514436,
holo,8EXB,A1ASR,9BV9,7,148.0,0.671149383810763,7.194879043622678,8.930614073669373,0.8845800622121928,
holo,8EXB,A1ASS,9BV8,7,148.0,0.599691238893121,6.985887275228694,8.739841008822047,0.8807018094634412,
holo,8EXB,A1AST,9BV7,7,147.0,0.6388565320586872,7.027658628373177,8.655285573261594,0.8618379127020309,
holo,8EXB,A1ASU,9BV6,6,148.0,0.5502497809107161,6.614471833280707,8.191312231031624,0.6762687493293296,
holo,8EXB,A1ASV,9BV5,7,148.0,0.8209479553404256,6.974372536983311,8.702216325711253,0.9441103242783114,
holo,8EXB,A1BNX,9MS1,2,,,,,,span < 4 residues in common
holo,8EXB,A1CIW,9PLK,4,148.0,0.7511635946714057,3.2812263488855344,4.0786011740748345,1.1744840485844645,
holo,8EXB,CFF,8SO1,7,148.0,0.639123955148072,7.321503738716805,9.063774697602506,1.0426160435211727,
holo,8EXB,CL6,8SPD,7,147.0,0.8203099746294723,2.9755363765192953,4.121793314214178,1.0332924912223356,
holo,8EXB,D0R,3TJS,2,,,,,,span < 4 residues in common
holo,8EXB,D7J,6BD7,7,148.0,0.5660678686572531,7.074442863780962,8.763114041712733,0.7948527999962735,
holo,8EXB,D7M,6BD5,7,147.0,0.5493272747748482,7.084376695656524,8.77659272564995,0.7843510076169835,
holo,8EXB,D7Y,6BCZ,7,148.0,0.5349175377132446,7.062054949306249,8.747448909002062,0.8296796354421164,
holo,8EXB,D81,6BD8,7,147.0,0.517165824935827,6.893915314635778,8.364738873978423,0.5838942322000316,
holo,8EXB,DEJ,6BDI,7,148.0,0.5696432907577506,7.016296812409796,8.731443342313291,0.7984412872727727,
holo,8EXB,DEV,6BDH,0,,,,,,span < 4 residues in common
holo,8EXB,DJ1,6BDK,7,148.0,0.5828598316154558,7.0718155441521775,8.710077878437147,0.7965914605773448,
holo,8EXB,ERY,2J0D,4,148.0,0.9677864146615438,4.374861545847663,4.9037547119190075,1.2925366903749866,
holo,8EXB,FZV,6DAC,4,147.0,0.5312735493222992,7.009534492666101,8.684087278807826,0.7160134759622582,
holo,8EXB,G0D,6DA2,3,,,,,,span < 4 residues in common
holo,8EXB,G0J,6DA8,1,,,,,,span < 4 residues in common
holo,8EXB,G0M,6DAA,1,,,,,,span < 4 residues in common
holo,8EXB,G0V,6DAB,0,,,,,,span < 4 residues in common
holo,8EXB,G1J,6DA5,1,,,,,,span < 4 residues in common
holo,8EXB,J9K,4D78,7,146.0,0.3077293105140846,8.414770339882429,9.652310119226174,0.3432799789553829,
holo,8EXB,KLN,2V0M,7,146.0,0.3824953317875791,8.151530530519794,9.029599722640434,0.4118624922797497,
holo,8EXB,MF8,5G5J,7,148.0,0.7697538522000062,7.114121623186652,8.809142656612641,0.9969563456156801,
holo,8EXB,MWS,6OOB,7,148.0,0.7017281051371677,7.096534235197357,8.808198967325026,1.1321901126545988,
holo,8EXB,MWV,6OO9,7,148.0,0.763892749300209,7.073354965862958,8.787378218287143,1.060742918140111,
holo,8EXB,MWY,6OOA,1,,,,,,span < 4 residues in common
holo,8EXB,MYT,1W0G,7,146.0,0.8158395801232903,6.904654245104172,8.803764650068654,0.9733362573677513,
holo,8EXB,NH0,7UF9,0,,,,,,span < 4 residues in common
holo,8EXB,NI6,7UFA,7,148.0,0.41795406367929727,3.1450154529032193,4.175716092877528,0.4819252952854223,
holo,8EXB,NJ0,7UFB,7,148.0,0.5843040744327377,7.0438630055006834,8.719309285184686,0.8736623023987395,
holo,8EXB,NJO,7UFC,7,148.0,0.5573322744983792,7.042574626677924,8.930538336081602,0.6378069452558434,
holo,8EXB,NXR,7UFE,7,147.0,0.43774308577001536,8.100106841210195,9.852695187114405,0.2774806433881503,
holo,8EXB,NYF,7UFF,7,147.0,0.4373495435489419,8.092746260147315,9.79781070651324,0.2762639320842492,
holo,8EXB,PG0,9BV6,6,148.0,0.5502497809107161,6.614471833280707,8.191312231031624,0.6762687493293296,
holo,8EXB,PG4,9YK4,7,147.0,0.595221147385318,7.0656493361232195,8.730622404061885,0.9559155003190186,
holo,8EXB,PK9,4D6Z,7,146.0,0.6487936490656985,7.038182797539347,8.660966306810904,0.9496444848739273,
holo,8EXB,PKT,4D7D,7,146.0,0.342237639037809,8.688012928369378,10.287334140103601,0.24245194219879074,
holo,8EXB,QDJ,6UNL,0,,,,,,span < 4 residues in common
holo,8EXB,QDP,6UNM,0,,,,,,span < 4 residues in common
holo,8EXB,QDV,6UNI,0,,,,,,span < 4 residues in common
holo,8EXB,QDY,6UNJ,7,146.0,0.4517728746228626,4.186547561123793,5.574166396650801,0.4197880775589984,
holo,8EXB,QE4,6UNK,3,,,,,,span < 4 residues in common
holo,8EXB,QEA,6UNH,4,147.0,0.38365623937696536,7.570039169323426,8.79617940619893,0.43115468918367217,
holo,8EXB,QEP,6UNG,4,148.0,0.3244358469430316,7.4967693277427045,8.612799523466421,0.270109740354479,
holo,8EXB,QES,6UNE,4,147.0,0.4497853573452503,7.349528999277702,8.46907857697979,0.48307256674753557,
holo,8EXB,RIT,3NXU,7,146.0,0.5207177791670496,8.296311617222925,9.738780474820679,0.4046761478578734,
holo,8EXB,T0K,7UFD,7,148.0,0.5335418418923695,6.955522165157153,8.909766530839056,0.7446675040061318,
holo,8EXB,TCI,9PLJ,7,148.0,0.6717276577330348,7.026466703816114,8.774493685508114,1.1006774911465094,
holo,8EXB,X5Y,7KVH,7,146.0,0.31491348522007745,8.070880596212788,9.372496805131172,0.2775781768942041,
holo,8EXB,X6J,7KVP,3,,,,,,span < 4 residues in common
holo,8EXB,X6S,7KVO,7,148.0,0.5486153390971363,7.790734464226657,9.562609147096927,0.3437294445039845,
holo,8EXB,X6V,7KVN,7,145.0,0.32815896379695797,8.116147318022023,9.86902119860412,0.2812233880973626,
holo,8EXB,X71,7KVM,2,,,,,,span < 4 residues in common
holo,8EXB,X74,7KVS,7,148.0,0.5571996594981844,7.88819549349894,9.627407843150642,0.3688759291145706,
holo,8EXB,X7D,7KVQ,7,146.0,0.3598539419259144,7.986275156318942,9.886069681471076,0.2837614734165732,
holo,8EXB,X7J,7KVK,7,148.0,0.601813974297451,7.904526727485086,9.639710904232869,0.38024857779322296,
holo,8EXB,X7M,7KVJ,0,,,,,,span < 4 residues in common
holo,8EXB,X7P,7KVI,1,,,,,,span < 4 residues in common
holo,8EXB,Y83,6BDM,4,148.0,0.437558667346935,6.46910783659089,7.82516703672866,0.3770224718275348,
holo,8EXB,YNV,7LXL,2,,,,,,span < 4 residues in common
holo,8EXB,Z8Z,4I4G,7,146.0,0.2923540938511423,8.37759769931359,9.54484194899645,0.2852727363171866,
holo,8EXB,Z9Z,4I4H,7,146.0,0.30353301502033825,8.309528789027894,10.304998148153066,0.23256675445257216,
holo,8SO1,08J,5TE8,7,150.0,0.6420220494414505,7.301789935115494,11.974096258373056,0.5036433030296267,
holo,8SO1,08Y,3UA1,7,148.0,0.36878645958599765,0.47616707596877994,0.613225182594531,0.24128598284767588,
holo,8SO1,1RD,4K9T,7,146.0,0.6892120306072924,4.769656823565114,6.960565082709712,0.9769646406587545,
holo,8SO1,2QH,4NY4,7,149.0,0.5428054840423716,1.1444207152768333,2.1945411567951782,0.6545217623603019,
holo,8SO1,5AW,4K9U,1,,,,,,span < 4 residues in common
holo,8SO1,6AW,4K9V,7,146.0,0.3828170247715949,1.1927490474911007,2.2913738501824787,0.43473313970936783,
holo,8SO1,7AW,4K9W,7,148.0,1.028100966611677,4.542079999455343,5.88007507265524,1.2978757473364009,
holo,8SO1,80K,6BD6,7,148.0,0.4432170403127825,1.1642723374564,1.9517523798229186,0.7898783706492486,
holo,8SO1,8AW,4K9X,5,147.0,0.7388124287209059,4.647199669003478,5.514185066207956,1.0219267759015587,
holo,8SO1,A1A06,9COS,0,,,,,,span < 4 residues in common
holo,8SO1,A1A07,9COR,1,,,,,,span < 4 residues in common
holo,8SO1,A1A08,9COT,0,,,,,,span < 4 residues in common
holo,8SO1,A1A4K,9COX,0,,,,,,span < 4 residues in common
holo,8SO1,A1A4S,9COV,0,,,,,,span < 4 residues in common
holo,8SO1,A1A4T,9COY,0,,,,,,span < 4 residues in common
holo,8SO1,A1A4U,9COU,0,,,,,,span < 4 residues in common
holo,8SO1,A1A4V,9COW,0,,,,,,span < 4 residues in common
holo,8SO1,A1APA,9BBB,1,,,,,,span < 4 residues in common
holo,8SO1,A1ASO,9BVC,7,149.0,0.36614071028939976,0.9348942010456155,1.3764874931706177,0.4413851916598213,
holo,8SO1,A1ASP,9BVB,7,150.0,0.41003088423170536,0.7287224228042898,1.078001099699218,0.41813427587619717,
holo,8SO1,A1ASQ,9BVA,7,149.0,0.41093292283338645,0.6809385048801508,1.069104991270036,0.5104205586871259,
holo,8SO1,A1ASR,9BV9,7,150.0,0.41315320893617763,0.7392103805282088,1.081049871415203,0.40494981768007204,
holo,8SO1,A1ASS,9BV8,7,150.0,0.32656096224467335,0.5466563600054234,0.9448465919547795,0.33057790634879375,
holo,8SO1,A1AST,9BV7,7,149.0,0.42553469102520247,0.9266349326751772,1.462180110838237,0.47754892139573346,
holo,8SO1,A1ASU,9BV6,6,150.0,0.45267944182662007,4.90254421093514,6.630941479446132,0.5747750805983717,
holo,8SO1,A1ASV,9BV5,7,151.0,0.7481917973495347,0.6901911271290007,1.1990256188780395,0.3737022680996943,
holo,8SO1,A1BNX,9MS1,2,,,,,,span < 4 residues in common
holo,8SO1,A1CIW,9PLK,4,151.0,0.38343946918419514,5.149823825507873,7.448050256115144,0.3428595022256394,
holo,8SO1,CL6,8SPD,7,149.0,0.47606609416119844,7.483339961276649,9.201645031097021,0.4351201659865097,
holo,8SO1,D0R,3TJS,2,,,,,,span < 4 residues in common
holo,8SO1,D7J,6BD7,7,151.0,0.6050945902095252,0.5882678496746273,0.9248894523611239,0.37883590179375765,
holo,8SO1,D7M,6BD5,7,149.0,0.31999568378610743,0.43589198973091464,0.7035616503730735,0.4411106845034216,
holo,8SO1,D7Y,6BCZ,7,151.0,0.5541702907962477,0.5156617028581959,0.89963074681047,0.3311283146787359,
holo,8SO1,D81,6BD8,7,149.0,0.4357699213404009,0.8731258917300745,1.2590820923695192,0.8008206356899815,
holo,8SO1,DEJ,6BDI,7,150.0,0.5562710534990458,0.5069173290491041,0.8974547883176296,0.42418189455109656,
holo,8SO1,DEV,6BDH,0,,,,,,span < 4 residues in common
holo,8SO1,DJ1,6BDK,7,150.0,0.5497337962690576,0.5321543274196182,0.9278287844289826,0.4163572915039756,
holo,8SO1,ERY,2J0D,4,150.0,0.6101847633752856,6.239085965086783,8.46383239245202,0.47337882956125976,
holo,8SO1,FZV,6DAC,4,149.0,0.31817008884211584,2.3472974122791395,4.661326336471994,0.5573245325768453,
holo,8SO1,G0D,6DA2,3,,,,,,span < 4 residues in common
holo,8SO1,G0J,6DA8,1,,,,,,span < 4 residues in common
holo,8SO1,G0M,6DAA,1,,,,,,span < 4 residues in common
holo,8SO1,G0V,6DAB,0,,,,,,span < 4 residues in common
holo,8SO1,G1J,6DA5,1,,,,,,span < 4 residues in common
holo,8SO1,J9K,4D78,7,146.0,0.6107756634911073,4.599607578228202,6.673458994737288,0.9369413685017134,
holo,8SO1,KLN,2V0M,7,146.0,0.8144974284483665,5.185115618747979,6.541400536724987,1.1822971328699903,
holo,8SO1,MF8,5G5J,7,148.0,0.4164178804559596,0.5496099620292086,0.6853566399529388,0.18026084898489506,
holo,8SO1,MWS,6OOB,7,150.0,0.2615761681777024,0.5067829644938154,0.6066246716666561,0.24480758693587523,
holo,8SO1,MWV,6OO9,7,150.0,0.33829504607448857,0.4365038891329744,0.5937811508324371,0.2012441971186786,
holo,8SO1,MWY,6OOA,1,,,,,,span < 4 residues in common
holo,8SO1,MYT,1W0G,7,146.0,0.5522614026804906,0.6143328819525623,0.954245232147847,0.39147788058702915,
holo,8SO1,NH0,7UF9,0,,,,,,span < 4 residues in common
holo,8SO1,NI6,7UFA,7,148.0,0.41502182468233484,7.327687752298793,9.064461045147064,0.7356330218892196,
holo,8SO1,NJ0,7UFB,7,151.0,0.2696918974355456,0.39002324174954967,0.5564246216285856,0.38845739349027925,
holo,8SO1,NJO,7UFC,7,151.0,0.5784629577271648,0.8755999319903696,1.3499274571393143,0.5924461319043632,
holo,8SO1,NXR,7UFE,7,149.0,0.9532279414422473,4.387329696029997,5.674734450666346,1.234479430040882,
holo,8SO1,NYF,7UFF,7,149.0,0.9534757133412766,4.410488101851801,5.718660846206423,1.2331099636767429,
holo,8SO1,PG0,9BV6,6,150.0,0.45267944182662007,4.90254421093514,6.630941479446132,0.5747750805983717,
holo,8SO1,PG4,9YK4,7,149.0,0.29279424704313456,0.3911229419970639,0.6243824744512722,0.3064493258701627,
holo,8SO1,PK9,4D6Z,7,146.0,0.2370532992877083,0.38767804986016724,0.565790723518322,0.2891488709593065,
holo,8SO1,PKT,4D7D,7,147.0,0.7024304248699249,4.214012396399372,7.03741563928323,0.9814555287804152,
holo,8SO1,QDJ,6UNL,0,,,,,,span < 4 residues in common
holo,8SO1,QDP,6UNM,0,,,,,,span < 4 residues in common
holo,8SO1,QDV,6UNI,0,,,,,,span < 4 residues in common
holo,8SO1,QDY,6UNJ,7,147.0,0.9243195468096639,4.667222210423733,7.013204801871384,1.2828580549378759,
holo,8SO1,QE4,6UNK,3,,,,,,span < 4 residues in common
holo,8SO1,QEA,6UNH,4,147.0,0.614686880420967,0.599372521854238,0.7888725380523578,0.8631807264870361,
holo,8SO1,QEP,6UNG,4,149.0,0.5479356671402293,0.661985215463402,0.7650276961465109,0.9633268768500984,
holo,8SO1,QES,6UNE,4,148.0,0.4278652178254702,0.9746909132295447,1.1857567783564225,0.773207269851952,
holo,8SO1,RIT,3NXU,7,147.0,1.034470737177125,4.466749677681688,5.80258773998024,1.3049189064978268,
holo,8SO1,T0K,7UFD,7,151.0,0.5715701099778517,0.9372243283644375,1.4471415127083553,0.5446337111728798,
holo,8SO1,TCI,9PLJ,7,151.0,0.26452124285872813,0.5737308904559029,0.6559283727734754,0.225022342276278,
holo,8SO1,X5Y,7KVH,7,147.0,0.8351059670899653,4.7889209910439074,6.401792092645601,1.1751440704066733,
holo,8SO1,X6J,7KVP,3,,,,,,span < 4 residues in common
holo,8SO1,X6S,7KVO,7,150.0,0.8921054380427893,4.294448992541834,5.6515623500718535,1.1898778659480513,
holo,8SO1,X6V,7KVN,7,146.0,0.8179287406229024,4.563489512980359,5.951082278207041,1.1663297203448213,
holo,8SO1,X71,7KVM,2,,,,,,span < 4 residues in common
holo,8SO1,X74,7KVS,7,149.0,0.9337899589732214,4.3356797645667,5.836761742031037,1.217954447300939,
holo,8SO1,X7D,7KVQ,7,147.0,0.8077177855444532,4.31629614840644,5.767166452903657,1.1548187719671712,
holo,8SO1,X7J,7KVK,7,150.0,1.0051639669459667,4.39058249075893,5.788330907822124,1.296287462398898,
holo,8SO1,X7M,7KVJ,0,,,,,,span < 4 residues in common
holo,8SO1,X7P,7KVI,1,,,,,,span < 4 residues in common
holo,8SO1,Y83,6BDM,4,150.0,0.5396378723584871,2.9779029998683564,5.481898075890717,1.050752095476061,
holo,8SO1,YNV,7LXL,2,,,,,,span < 4 residues in common
holo,8SO1,Z8Z,4I4G,7,147.0,0.7592548852569899,5.173932706208058,7.444049285259933,1.0339447273528475,
holo,8SO1,Z9Z,4I4H,7,147.0,0.7468254647429345,4.443244043319784,5.84603244371367,1.0803627361812107,
holo,8SO2,08J,5TE8,7,150.0,0.6127162398400111,6.9982211515592,12.01636198816951,0.4738517562938675,
holo,8SO2,08Y,3UA1,7,148.0,0.39156087243148985,0.799801508873787,1.49764874609694,0.3403277743048943,
holo,8SO2,1RD,4K9T,7,146.0,0.6909096691513771,4.3267485906561145,5.951611694658669,0.9483365892831652,
holo,8SO2,2QH,4NY4,7,149.0,0.5165843513645282,0.6167428007941974,1.0022711789906285,0.607138078852545,
holo,8SO2,5AW,4K9U,1,,,,,,span < 4 residues in common
holo,8SO2,6AW,4K9V,7,146.0,0.38652260561020213,0.8332522356812868,1.2859942962104196,0.42508464744762425,
holo,8SO2,7AW,4K9W,7,148.0,1.0473272150077342,4.237267999844183,5.496343194226133,1.2605097267548153,
holo,8SO2,80K,6BD6,7,148.0,0.4521540123792622,0.8683177314710097,1.0968770734993327,0.7499049085771567,
holo,8SO2,8AW,4K9X,5,147.0,0.7627779767060735,4.410780600866183,5.325630386450227,0.9989189379506926,
holo,8SO2,A1A06,9COS,0,,,,,,span < 4 residues in common
holo,8SO2,A1A07,9COR,1,,,,,,span < 4 residues in common
holo,8SO2,A1A08,9COT,0,,,,,,span < 4 residues in common
holo,8SO2,A1A4K,9COX,0,,,,,,span < 4 residues in common
holo,8SO2,A1A4S,9COV,0,,,,,,span < 4 residues in common
holo,8SO2,A1A4T,9COY,0,,,,,,span < 4 residues in common
holo,8SO2,A1A4U,9COU,0,,,,,,span < 4 residues in common
holo,8SO2,A1A4V,9COW,0,,,,,,span < 4 residues in common
holo,8SO2,A1APA,9BBB,1,,,,,,span < 4 residues in common
holo,8SO2,A1ASO,9BVC,7,149.0,0.3758944419216323,0.961332907871036,1.4578002789372813,0.4246064560737785,
holo,8SO2,A1ASP,9BVB,7,150.0,0.4245493330411472,0.9259078434611977,1.4661090570740858,0.380159347958241,
holo,8SO2,A1ASQ,9BVA,7,149.0,0.4152458774561839,0.9220453806149845,1.4366092471214167,0.47899655610609027,
holo,8SO2,A1ASR,9BV9,7,150.0,0.4275090490611052,0.9484607417926496,1.493327082562891,0.3695983874081715,
holo,8SO2,A1ASS,9BV8,7,150.0,0.31393066385260027,0.3948200232874549,0.6947724418270692,0.31912519551920504,
holo,8SO2,A1AST,9BV7,7,149.0,0.42849703018505025,0.9532517892388114,1.3833318006162711,0.44898245056049885,
holo,8SO2,A1ASU,9BV6,6,150.0,0.44792798740674994,4.266890679984584,6.311071455401691,0.5349498670741563,
holo,8SO2,A1ASV,9BV5,7,151.0,0.7786950336177044,0.5776291967889622,0.8709096686413433,0.3401152098518856,
holo,8SO2,A1BNX,9MS1,2,,,,,,span < 4 residues in common
holo,8SO2,A1CIW,9PLK,4,151.0,0.37012657197416965,4.488719302795237,6.401555632723008,0.3992496008009228,
holo,8SO2,CFF,8SO1,7,151.0,0.2150345951084978,0.7779148836532823,1.3845035620451256,0.221368132125461,
holo,8SO2,CL6,8SPD,7,149.0,0.45529983457773776,7.02612174459404,8.731876845834847,0.41763149169295766,
holo,8SO2,D0R,3TJS,2,,,,,,span < 4 residues in common
holo,8SO2,D7J,6BD7,7,151.0,0.5834868903728879,0.7399578912917517,1.1020687856903433,0.3765846065131704,
holo,8SO2,D7M,6BD5,7,149.0,0.3607186342055846,0.7248987590934967,1.2638510164890413,0.4336468893082056,
holo,8SO2,D7Y,6BCZ,7,151.0,0.5790512338863585,0.6759683313550496,1.1321368375207723,0.33795256603523594,
holo,8SO2,D81,6BD8,7,149.0,0.47150885949180255,0.8441778486169712,1.2327245643397218,0.7579802585998847,
holo,8SO2,DEJ,6BDI,7,150.0,0.559772564647648,0.6434078606226767,1.08863706132725,0.4107418574830322,
holo,8SO2,DEV,6BDH,0,,,,,,span < 4 residues in common
holo,8SO2,DJ1,6BDK,7,150.0,0.5497259987204276,0.7351256234276966,1.178254666953426,0.3917893191437936,
holo,8SO2,ERY,2J0D,4,150.0,0.6071942021926348,5.547934226147355,7.9584374858320315,0.5270637499191813,
holo,8SO2,FZV,6DAC,4,149.0,0.36962553810020554,2.1370218202477935,4.243434239099993,0.5535199027395091,
holo,8SO2,G0D,6DA2,3,,,,,,span < 4 residues in common
holo,8SO2,G0J,6DA8,1,,,,,,span < 4 residues in common
holo,8SO2,G0M,6DAA,1,,,,,,span < 4 residues in common
holo,8SO2,G0V,6DAB,0,,,,,,span < 4 residues in common
holo,8SO2,G1J,6DA5,1,,,,,,span < 4 residues in common
holo,8SO2,J9K,4D78,7,146.0,0.6287516197550025,4.346937721321191,5.943879668903751,0.9304722993928092,
holo,8SO2,KLN,2V0M,7,146.0,0.838810712464151,4.906205270897494,6.462514256728129,1.1603686341869532,
holo,8SO2,MF8,5G5J,7,148.0,0.43560729960498373,0.841410269183336,1.280463492405254,0.29682392232102367,
holo,8SO2,MWS,6OOB,7,150.0,0.2961993922784734,0.954341729529847,1.5600293075084715,0.36887118956273596,
holo,8SO2,MWV,6OO9,7,150.0,0.33935583637433503,0.7755960777417642,1.3443982290558405,0.2451508371070221,
holo,8SO2,MWY,6OOA,1,,,,,,span < 4 residues in common
holo,8SO2,MYT,1W0G,7,146.0,0.5403939288121906,0.33185799405556665,0.4702587441161424,0.3753150221165985,
holo,8SO2,NH0,7UF9,0,,,,,,span < 4 residues in common
holo,8SO2,NI6,7UFA,7,148.0,0.41274137862315685,6.765764363830013,8.092123961407143,0.6920547577872512,
holo,8SO2,NJ0,7UFB,7,151.0,0.3055868249239771,0.6116374426332932,1.1134379930112461,0.35022292256826365,
holo,8SO2,NJO,7UFC,7,151.0,0.5380008124780893,0.5180584571269535,0.7091290652881357,0.5208926178482186,
holo,8SO2,NXR,7UFE,7,149.0,1.0115731821761562,4.0853659020296735,5.457306443978738,1.2161699347421389,
holo,8SO2,NYF,7UFF,7,149.0,1.0114454537321491,4.108339721922857,5.501116890947658,1.214294767431234,
holo,8SO2,PG0,9BV6,6,150.0,0.44792798740674994,4.266890679984584,6.311071455401691,0.5349498670741563,
holo,8SO2,PG4,9YK4,7,149.0,0.29217239488787733,0.6564251683256842,1.2815943483080174,0.3186636409074468,
holo,8SO2,PK9,4D6Z,7,146.0,0.24897066778028853,0.6674710006908454,1.2891504190293213,0.2901643486113397,
holo,8SO2,PKT,4D7D,7,147.0,0.7210511791722166,3.9684415238812307,6.39372716457005,0.957690283908615,
holo,8SO2,QDJ,6UNL,0,,,,,,span < 4 residues in common
holo,8SO2,QDP,6UNM,0,,,,,,span < 4 residues in common
holo,8SO2,QDV,6UNI,0,,,,,,span < 4 residues in common
holo,8SO2,QDY,6UNJ,7,147.0,0.9436584226477522,4.114876488728332,5.985687153178185,1.245466605714874,
holo,8SO2,QE4,6UNK,3,,,,,,span < 4 residues in common
holo,8SO2,QEA,6UNH,4,147.0,0.6062628348426781,0.49418294478275665,0.6029306770939269,0.8195533343206947,
holo,8SO2,QEP,6UNG,4,149.0,0.5416740014411451,0.5706194904787864,0.7603959897579896,0.9229553052547358,
holo,8SO2,QES,6UNE,4,148.0,0.43112107664164945,0.8133142696399541,0.946377537009694,0.6975973647097478,
holo,8SO2,RIT,3NXU,7,147.0,1.0532773563859437,4.20123059933044,5.2676848246728385,1.2741968614166916,
holo,8SO2,T0K,7UFD,7,151.0,0.5280951960574454,0.4319854204150566,0.7356719078780428,0.4358687756082197,
holo,8SO2,TCI,9PLJ,7,151.0,0.29291712090658656,0.9473464773675201,1.5689661347100514,0.30906761024413293,
holo,8SO2,X5Y,7KVH,7,147.0,0.86325901126332,4.490018936579273,6.19934821691603,1.139986203899901,
holo,8SO2,X6J,7KVP,3,,,,,,span < 4 residues in common
holo,8SO2,X6S,7KVO,7,150.0,0.9435922273199641,3.98972263636542,5.4378938005932,1.1783268685154777,
holo,8SO2,X6V,7KVN,7,146.0,0.8503050390427863,4.268811076268395,5.7431073922212414,1.1282006854064213,
holo,8SO2,X71,7KVM,2,,,,,,span < 4 residues in common
holo,8SO2,X74,7KVS,7,149.0,0.952710128845776,4.087214030137391,5.629004811344611,1.1873907268833384,
holo,8SO2,X7D,7KVQ,7,147.0,0.8403542049181308,4.0355425431270024,5.556305186468461,1.1214738253686294,
holo,8SO2,X7J,7KVK,7,150.0,1.053267426425565,4.088741973690884,5.574164851205648,1.2826886597324705,
holo,8SO2,X7M,7KVJ,0,,,,,,span < 4 residues in common
holo,8SO2,X7P,7KVI,1,,,,,,span < 4 residues in common
holo,8SO2,Y83,6BDM,4,150.0,0.537453623165641,2.755140081579861,5.133583228224274,0.9995463407975541,
holo,8SO2,YNV,7LXL,2,,,,,,span < 4 residues in common
holo,8SO2,Z8Z,4I4G,7,147.0,0.786064807026183,4.8720408779904645,6.636612029937137,1.0067895214641127,
holo,8SO2,Z9Z,4I4H,7,147.0,0.7658792837447326,4.206188694448056,5.637444168553604,1.0537878446324078,
holo,8SPD,08J,5TE8,7,149.0,0.4992474928485829,4.848519489406377,8.31073186889538,0.4743659827118539,
holo,8SPD,08Y,3UA1,7,147.0,0.438933600959184,7.253756839080121,8.987298963859693,0.4108832789148924,
holo,8SPD,1RD,4K9T,7,146.0,0.8535065790547484,3.844078177127693,4.5602799447377675,0.9585821477694814,
holo,8SPD,2QH,4NY4,7,147.0,0.6249484399622568,7.257181576168721,9.190161194350297,0.5978450015327101,
holo,8SPD,5AW,4K9U,1,,,,,,span < 4 residues in common
holo,8SPD,6AW,4K9V,7,146.0,0.5523650386076944,6.986572581105504,8.89771734952898,0.4490884939288133,
holo,8SPD,7AW,4K9W,7,148.0,1.2323172369991027,8.255677244742557,10.230588336663955,1.3202641703576596,
holo,8SPD,80K,6BD6,7,148.0,0.5729283951008681,7.430572411101236,8.865595898382212,0.7259765530913911,
holo,8SPD,8AW,4K9X,5,147.0,0.9155846703657599,8.126664245058464,9.480797826592159,1.0294296305749797,
holo,8SPD,A1A06,9COS,0,,,,,,span < 4 residues in common
holo,8SPD,A1A07,9COR,1,,,,,,span < 4 residues in common
holo,8SPD,A1A08,9COT,0,,,,,,span < 4 residues in common
holo,8SPD,A1A4K,9COX,0,,,,,,span < 4 residues in common
holo,8SPD,A1A4S,9COV,0,,,,,,span < 4 residues in common
holo,8SPD,A1A4T,9COY,0,,,,,,span < 4 residues in common
holo,8SPD,A1A4U,9COU,0,,,,,,span < 4 residues in common
holo,8SPD,A1A4V,9COW,0,,,,,,span < 4 residues in common
holo,8SPD,A1APA,9BBB,1,,,,,,span < 4 residues in common
holo,8SPD,A1ASO,9BVC,7,148.0,0.39998680332235537,7.422057299741758,8.752238557806633,0.39468217265762473,
holo,8SPD,A1ASP,9BVB,7,149.0,0.4193585612881203,7.510203189028627,8.974051281252596,0.41151139501245004,
holo,8SPD,A1ASQ,9BVA,7,149.0,0.4206517639466054,7.509406709517338,9.035651610558869,0.47288813867303636,
holo,8SPD,A1ASR,9BV9,7,149.0,0.417513011855848,7.524784527265398,8.991533804261945,0.40834365775759646,
holo,8SPD,A1ASS,9BV8,7,149.0,0.406499457532085,7.1839010954061395,8.762864078846762,0.40436813745988576,
holo,8SPD,A1AST,9BV7,7,149.0,0.46028231667131764,7.374800565188813,8.685537954790929,0.4692304951597192,
holo,8SPD,A1ASU,9BV6,6,149.0,0.4719219447821574,6.926678953692841,8.610925582373422,0.5139271436637981,
holo,8SPD,A1ASV,9BV5,7,149.0,0.5906113641307658,7.178565438798704,8.625671973737068,0.36117213466257797,
holo,8SPD,A1BNX,9MS1,2,,,,,,span < 4 residues in common
holo,8SPD,A1CIW,9PLK,4,149.0,0.41266662179122887,2.6293339362706916,4.2989001856705125,0.45708117708485646,
holo,8SPD,CFF,8SO1,7,149.0,0.47606609416119855,7.483339961276641,9.201645031097014,0.43512016598650977,
holo,8SPD,D0R,3TJS,2,,,,,,span < 4 residues in common
holo,8SPD,D7J,6BD7,7,149.0,0.48263934638522815,7.375726418023497,8.96005656782107,0.4273698721196174,
holo,8SPD,D7M,6BD5,7,149.0,0.5169159186122605,7.3148325676051735,9.01780774925279,0.4780669451681304,
holo,8SPD,D7Y,6BCZ,7,149.0,0.52346275048706,7.2996839586328,8.82546385261935,0.413987992523315,
holo,8SPD,D81,6BD8,7,149.0,0.5999073593443855,7.145172748387514,8.918328859865177,0.7140971567437413,
holo,8SPD,DEJ,6BDI,7,148.0,0.45164161546700476,7.2730915999497805,8.814587007025715,0.4407596181228492,
holo,8SPD,DEV,6BDH,0,,,,,,span < 4 residues in common
holo,8SPD,DJ1,6BDK,7,148.0,0.4272379625891407,7.354310780926559,8.929115263623995,0.39786875442514197,
holo,8SPD,ERY,2J0D,4,149.0,0.4317430602975528,2.310204672402581,2.6036146496111376,0.517114196464747,
holo,8SPD,FZV,6DAC,4,149.0,0.504606637881036,7.266146279672255,8.691862940746544,0.5027028394747549,
holo,8SPD,G0D,6DA2,3,,,,,,span < 4 residues in common
holo,8SPD,G0J,6DA8,1,,,,,,span < 4 residues in common
holo,8SPD,G0M,6DAA,1,,,,,,span < 4 residues in common
holo,8SPD,G0V,6DAB,0,,,,,,span < 4 residues in common
holo,8SPD,G1J,6DA5,1,,,,,,span < 4 residues in common
holo,8SPD,J9K,4D78,7,146.0,0.7631176572609817,8.775602810438208,10.398310380979558,0.9137591456845745,
holo,8SPD,KLN,2V0M,7,146.0,0.9869994593197982,8.579616227301043,10.176791620854045,1.1706401405435383,
holo,8SPD,MF8,5G5J,7,147.0,0.48718586217194476,7.431938495424214,8.998387078400537,0.43242852848696645,
holo,8SPD,MWS,6OOB,7,149.0,0.4368689426642444,7.351399783565332,9.171170607848055,0.4648080407378994,
holo,8SPD,MWV,6OO9,7,148.0,0.39332001334382366,7.320896163718443,8.966802272050371,0.37494491807854013,
holo,8SPD,MWY,6OOA,1,,,,,,span < 4 residues in common
holo,8SPD,MYT,1W0G,7,146.0,0.5136925009979538,7.129075991386369,8.839015953078258,0.4860691543793703,
holo,8SPD,NH0,7UF9,0,,,,,,span < 4 residues in common
holo,8SPD,NI6,7UFA,7,147.0,0.5257546815318207,3.3270679425041783,4.507270471465466,0.6544325876307406,
holo,8SPD,NJ0,7UFB,7,149.0,0.4747171175576798,7.241710140212364,8.744186734291972,0.3670289039524709,
holo,8SPD,NJO,7UFC,7,149.0,0.5439609303989441,7.261593316687851,8.969290677876526,0.5515488502557852,
holo,8SPD,NXR,7UFE,7,149.0,1.1940462931082285,8.232205013153795,9.894391073262181,1.2705389906872482,
holo,8SPD,NYF,7UFF,7,149.0,1.1937577871517164,8.230062352050016,9.906024646447916,1.268131622543348,
holo,8SPD,PG0,9BV6,6,149.0,0.4719219447821574,6.926678953692841,8.610925582373422,0.5139271436637981,
holo,8SPD,PG4,9YK4,7,149.0,0.47556481074622636,7.291534805198673,8.851079929720846,0.32881868538198505,
holo,8SPD,PK9,4D6Z,7,146.0,0.41351184413291775,7.295036722561949,8.923191095890633,0.3477282004410721,
holo,8SPD,PKT,4D7D,7,147.0,0.8537837659439682,8.758374316657914,10.40568596052246,0.9713319744075691,
holo,8SPD,QDJ,6UNL,0,,,,,,span < 4 residues in common
holo,8SPD,QDP,6UNM,0,,,,,,span < 4 residues in common
holo,8SPD,QDV,6UNI,0,,,,,,span < 4 residues in common
holo,8SPD,QDY,6UNJ,7,147.0,1.1005694418834653,4.198110857117276,4.940436559533821,1.251497900073274,
holo,8SPD,QE4,6UNK,3,,,,,,span < 4 residues in common
holo,8SPD,QEA,6UNH,4,147.0,0.76147310624288,7.956863108570968,8.875046851279068,0.8163518127469289,
holo,8SPD,QEP,6UNG,4,148.0,0.6976921261374296,7.884318306831068,8.673772149867249,0.9188061503541016,
holo,8SPD,QES,6UNE,4,148.0,0.567521793038525,7.801095102597263,8.56221795785425,0.698989104247652,
holo,8SPD,RIT,3NXU,7,147.0,1.2206408316651687,8.512181674624122,10.244306573535637,1.3337361839781967,
holo,8SPD,T0K,7UFD,7,149.0,0.5452088579767675,7.147607918787698,8.938614737548729,0.5301307588553663,
holo,8SPD,TCI,9PLJ,7,149.0,0.4220963540545235,7.305191796093546,9.086963639230431,0.4431001981226365,
holo,8SPD,X5Y,7KVH,7,147.0,1.003952840187196,8.442591948254089,10.112691582436792,1.1314142558377112,
holo,8SPD,X6J,7KVP,3,,,,,,span < 4 residues in common
holo,8SPD,X6S,7KVO,7,149.0,1.077012726542745,8.068937595002184,9.511601321841614,1.2166475769374228,
holo,8SPD,X6V,7KVN,7,146.0,1.0059536994687923,8.444966868507107,9.923552724043281,1.1377766660597715,
holo,8SPD,X71,7KVM,2,,,,,,span < 4 residues in common
holo,8SPD,X74,7KVS,7,148.0,1.0772938815365665,8.273315091716357,9.731018693528704,1.2087379937346179,
holo,8SPD,X7D,7KVQ,7,147.0,0.990080116717123,8.293851572148899,9.77625545886912,1.1477270200521945,
holo,8SPD,X7J,7KVK,7,149.0,1.189107071264224,8.176549472209137,9.569189589367916,1.3124883994134413,
holo,8SPD,X7M,7KVJ,0,,,,,,span < 4 residues in common
holo,8SPD,X7P,7KVI,1,,,,,,span < 4 residues in common
holo,8SPD,Y83,6BDM,4,148.0,0.6296106287793422,7.183158424876816,7.9653417890737535,0.9870857001464112,
holo,8SPD,YNV,7LXL,2,,,,,,span < 4 residues in common
holo,8SPD,Z8Z,4I4G,7,147.0,0.940931895631923,8.613803281023664,10.37755956994953,1.0471161303490972,
holo,8SPD,Z9Z,4I4H,7,147.0,0.9349252157546365,8.596487357529488,10.088859977913026,1.1004109276996081,
holo,9BV5,08J,5TE8,7,150.0,0.7588828090381725,7.210301569817256,12.05838865103738,0.6147818351678579,
holo,9BV5,08Y,3UA1,7,148.0,0.6283444489866385,0.5600318948964077,0.957409584777109,0.3595253716913946,
holo,9BV5,1RD,4K9T,7,146.0,0.7511071805452753,4.332639814966301,6.028125140940919,0.8584423925201523,
holo,9BV5,2QH,4NY4,7,149.0,0.7653254942023412,0.8636244902425109,1.6254506444199306,0.4527532746686937,
holo,9BV5,5AW,4K9U,1,,,,,,span < 4 residues in common
holo,9BV5,6AW,4K9V,7,146.0,0.42069979907589455,0.860675086042533,1.8255109004254566,0.29114259818548555,
holo,9BV5,7AW,4K9W,7,148.0,1.1373051706446893,4.376569502059083,5.539109013811328,1.1760088488834295,
holo,9BV5,80K,6BD6,7,148.0,0.5450289777771485,0.8258508371740763,1.5750720428347802,0.6254677483988728,
holo,9BV5,8AW,4K9X,5,147.0,0.7551087544180075,4.615551430772554,5.392530937881346,0.8685335109951228,
holo,9BV5,A1A06,9COS,0,,,,,,span < 4 residues in common
holo,9BV5,A1A07,9COR,1,,,,,,span < 4 residues in common
holo,9BV5,A1A08,9COT,0,,,,,,span < 4 residues in common
holo,9BV5,A1A4K,9COX,0,,,,,,span < 4 residues in common
holo,9BV5,A1A4S,9COV,0,,,,,,span < 4 residues in common
holo,9BV5,A1A4T,9COY,0,,,,,,span < 4 residues in common
holo,9BV5,A1A4U,9COU,0,,,,,,span < 4 residues in common
holo,9BV5,A1A4V,9COW,0,,,,,,span < 4 residues in common
holo,9BV5,A1APA,9BBB,1,,,,,,span < 4 residues in common
holo,9BV5,A1ASO,9BVC,7,149.0,0.5802709632232508,0.40640433437370516,0.6487546426980864,0.2561281409822877,
holo,9BV5,A1ASP,9BVB,7,150.0,0.6791820831128541,0.4054192003732932,0.5997030051448539,0.24556477544107502,
holo,9BV5,A1ASQ,9BVA,7,149.0,0.4855674098294393,0.449423354227084,0.6135908757871004,0.2605652578801097,
holo,9BV5,A1ASR,9BV9,7,150.0,0.6787708114836868,0.4260071374987414,0.6246740763474667,0.2534332245135859,
holo,9BV5,A1ASS,9BV8,7,150.0,0.6488645960458156,0.32717612494327497,0.49220513667277604,0.27618367663153315,
holo,9BV5,A1AST,9BV7,7,149.0,0.5286036911633409,0.4403287124592954,0.5290695910803767,0.2309365390519741,
holo,9BV5,A1ASU,9BV6,6,150.0,0.6600800260787889,4.3902158986826025,6.189328868571788,0.38030880736907613,
holo,9BV5,A1BNX,9MS1,2,,,,,,span < 4 residues in common
holo,9BV5,A1CIW,9PLK,4,151.0,0.7585753759144381,4.719453848637921,6.681428154389496,0.5563561737284966,
holo,9BV5,CFF,8SO1,7,151.0,0.7481917973495346,0.690191127128995,1.1990256188780297,0.3737022680996903,
holo,9BV5,CL6,8SPD,7,149.0,0.5906113641307661,7.1785654387987,8.625671973737061,0.3611721346625784,
holo,9BV5,D0R,3TJS,2,,,,,,span < 4 residues in common
holo,9BV5,D7J,6BD7,7,151.0,0.843526213089289,0.3311960648584008,0.5350169391971635,0.30754090976238996,
holo,9BV5,D7M,6BD5,7,149.0,0.4761360869181157,0.3760761622074108,0.6231510298000155,0.3208297805183197,
holo,9BV5,D7Y,6BCZ,7,151.0,0.7550389108810188,0.2815764610404016,0.37060481731015604,0.3429939737454501,
holo,9BV5,D81,6BD8,7,149.0,0.5045459770377078,0.5177460413163363,0.6660905932414302,0.5830555156378998,
holo,9BV5,DEJ,6BDI,7,150.0,0.7371896332361797,0.3324061480638154,0.48946444485275287,0.34365308452757987,
holo,9BV5,DEV,6BDH,0,,,,,,span < 4 residues in common
holo,9BV5,DJ1,6BDK,7,150.0,0.7215031031531977,0.32458231657913444,0.45407711145243085,0.3440026262526822,
holo,9BV5,ERY,2J0D,4,150.0,0.6805067978094539,5.929359839610636,8.256605646964598,0.6082318300529014,
holo,9BV5,FZV,6DAC,4,149.0,0.4444645404370712,2.200796569865957,4.395918372795972,0.4007919616576085,
holo,9BV5,G0D,6DA2,3,,,,,,span < 4 residues in common
holo,9BV5,G0J,6DA8,1,,,,,,span < 4 residues in common
holo,9BV5,G0M,6DAA,1,,,,,,span < 4 residues in common
holo,9BV5,G0V,6DAB,0,,,,,,span < 4 residues in common
holo,9BV5,G1J,6DA5,1,,,,,,span < 4 residues in common
holo,9BV5,J9K,4D78,7,146.0,0.6454681203907141,4.476559895824549,6.0985887437023445,0.7920664578987905,
holo,9BV5,KLN,2V0M,7,146.0,0.8553490843370154,5.010374230717587,6.485856322979459,0.9920681056100858,
holo,9BV5,MF8,5G5J,7,148.0,0.684586309429755,0.46066403983335985,0.6520211930565772,0.36221118331706104,
holo,9BV5,MWS,6OOB,7,150.0,0.665520793843096,0.699083549320309,1.2086428824659443,0.49411068630917004,
holo,9BV5,MWV,6OO9,7,150.0,0.6577439814904533,0.519082130830247,0.8201471828198547,0.36758983212224344,
holo,9BV5,MWY,6OOA,1,,,,,,span < 4 residues in common
holo,9BV5,MYT,1W0G,7,146.0,0.5317414566217662,0.4073537483543014,0.6853240768101435,0.3139836659833509,
holo,9BV5,NH0,7UF9,0,,,,,,span < 4 residues in common
holo,9BV5,NI6,7UFA,7,148.0,0.663450008693614,7.006162124809784,8.526866948644996,0.591290640801222,
holo,9BV5,NJ0,7UFB,7,151.0,0.7323396086814357,0.45497692659932926,0.9577676133674127,0.23824071850665557,
holo,9BV5,NJO,7UFC,7,151.0,0.7956482371229172,0.5266288967218992,0.7702109348096214,0.457422329781039,
holo,9BV5,NXR,7UFE,7,149.0,1.0758829372576293,4.2903072602602705,5.529366888850927,1.1100614758519243,
holo,9BV5,NYF,7UFF,7,149.0,1.0757620163120167,4.312177602409338,5.573000229203164,1.1083695549808499,
holo,9BV5,PG0,9BV6,6,150.0,0.6600800260787889,4.3902158986826025,6.189328868571788,0.38030880736907613,
holo,9BV5,PG4,9YK4,7,149.0,0.4630851195747361,0.3488118422233815,0.5457779412201289,0.16910034615582067,
holo,9BV5,PK9,4D6Z,7,146.0,0.23064203858983862,0.3337875900488517,0.594652252985723,0.15740636021094212,
holo,9BV5,PKT,4D7D,7,147.0,0.7053522125177208,4.164535421080338,6.717707745851457,0.8205446819679619,
holo,9BV5,QDJ,6UNL,0,,,,,,span < 4 residues in common
holo,9BV5,QDP,6UNM,0,,,,,,span < 4 residues in common
holo,9BV5,QDV,6UNI,0,,,,,,span < 4 residues in common
holo,9BV5,QDY,6UNJ,7,147.0,0.9664013299189808,4.243371367556103,6.4902194965537925,1.0872448318653838,
holo,9BV5,QE4,6UNK,3,,,,,,span < 4 residues in common
holo,9BV5,QEA,6UNH,4,147.0,0.7130896793752365,0.3669740288089634,0.4654587944681693,0.7313993191987632,
holo,9BV5,QEP,6UNG,4,149.0,0.7706280415644907,0.2974581097986986,0.4329424070504697,0.8395516575969095,
holo,9BV5,QES,6UNE,4,148.0,0.560061560595869,0.6542679699318561,0.7952284078473891,0.6072956136426017,
holo,9BV5,RIT,3NXU,7,147.0,1.0555029964045737,4.394027446429057,5.3404799789332,1.1580776637299752,
holo,9BV5,T0K,7UFD,7,151.0,0.7992986606492087,0.6177298948326226,0.9521984270708512,0.43719021634252875,
holo,9BV5,TCI,9PLJ,7,151.0,0.7300950389397431,0.6240009371402807,1.0121041692398856,0.4285190672769967,
holo,9BV5,X5Y,7KVH,7,147.0,0.8536499391699925,4.667864454741178,6.2699439563792,0.9983576885775618,
holo,9BV5,X6J,7KVP,3,,,,,,span < 4 residues in common
holo,9BV5,X6S,7KVO,7,150.0,1.1481512967204615,4.1102914211704284,5.474284022532872,1.105160175207991,
holo,9BV5,X6V,7KVN,7,146.0,0.8548330827662934,4.474214018335145,5.82642097947322,0.9975010876573477,
holo,9BV5,X71,7KVM,2,,,,,,span < 4 residues in common
holo,9BV5,X74,7KVS,7,149.0,1.176409151153263,4.108699897007761,5.648150886702126,1.1412994672155192,
holo,9BV5,X7D,7KVQ,7,147.0,0.8624926974203008,4.222707600805386,5.636455177896023,0.992124995065978,
holo,9BV5,X7J,7KVK,7,150.0,1.2496097335537617,4.211268556468932,5.60689010134875,1.2107721630289774,
holo,9BV5,X7M,7KVJ,0,,,,,,span < 4 residues in common
holo,9BV5,X7P,7KVI,1,,,,,,span < 4 residues in common
holo,9BV5,Y83,6BDM,4,150.0,0.8093058479862376,2.7495124341113804,5.046151579516232,0.9137127718245961,
holo,9BV5,YNV,7LXL,2,,,,,,span < 4 residues in common
holo,9BV5,Z8Z,4I4G,7,147.0,0.7756648264573962,5.041620998199841,6.917485391758266,0.886679641517801,
holo,9BV5,Z9Z,4I4H,7,147.0,0.7541927663121911,4.378817682725975,5.702334583143648,0.9364804178818917,
holo,9BV7,08J,5TE8,7,149.0,0.755943261227214,7.396274825510334,12.13895744164209,0.7858052633658442,
holo,9BV7,08Y,3UA1,7,147.0,0.4315762149270537,0.7518246215159169,1.216864137814641,0.525343017759187,
holo,9BV7,1RD,4K9T,7,146.0,0.6727497941849374,4.440920563350787,6.017908393995137,0.81436504690754,
holo,9BV7,2QH,4NY4,7,147.0,0.4430431560570668,1.1460820798395435,2.069775137417487,0.3884274747764031,
holo,9BV7,5AW,4K9U,1,,,,,,span < 4 residues in common
holo,9BV7,6AW,4K9V,7,146.0,0.37683405153960076,1.00709048187551,2.13323014458065,0.3344219560968128,
holo,9BV7,7AW,4K9W,7,148.0,0.9971834252848725,4.48528769314232,5.678255805641824,1.086483652329969,
holo,9BV7,80K,6BD6,7,148.0,0.42870054680973657,0.906454240430555,1.927298983695251,0.5886704639992368,
holo,9BV7,8AW,4K9X,5,147.0,0.6554489328329407,4.742347424914488,5.494450631931836,0.8065737236607524,
holo,9BV7,A1A06,9COS,0,,,,,,span < 4 residues in common
holo,9BV7,A1A07,9COR,1,,,,,,span < 4 residues in common
holo,9BV7,A1A08,9COT,0,,,,,,span < 4 residues in common
holo,9BV7,A1A4K,9COX,0,,,,,,span < 4 residues in common
holo,9BV7,A1A4S,9COV,0,,,,,,span < 4 residues in common
holo,9BV7,A1A4T,9COY,0,,,,,,span < 4 residues in common
holo,9BV7,A1A4U,9COU,0,,,,,,span < 4 residues in common
holo,9BV7,A1A4V,9COW,0,,,,,,span < 4 residues in common
holo,9BV7,A1APA,9BBB,1,,,,,,span < 4 residues in common
holo,9BV7,A1ASO,9BVC,7,148.0,0.2156299056183331,0.19280442513640456,0.3861957672252523,0.18112523172286102,
holo,9BV7,A1ASP,9BVB,7,149.0,0.19898930487528718,0.291752724715668,0.45023385765692464,0.16675626190447124,
holo,9BV7,A1ASQ,9BVA,7,149.0,0.27585506868883475,0.37885247162320534,0.5297603517545032,0.266736703575701,
holo,9BV7,A1ASR,9BV9,7,149.0,0.20862081932794557,0.28679944561190274,0.4559825566889634,0.1819297309616826,
holo,9BV7,A1ASS,9BV8,7,149.0,0.3228779449505157,0.6611708628948193,0.8753659873766257,0.268133554157002,
holo,9BV7,A1ASU,9BV6,6,149.0,0.3660565970150726,4.409943363863627,6.064813531625893,0.3654819257843543,
holo,9BV7,A1ASV,9BV5,7,149.0,0.528603691163339,0.44032871245929756,0.52906959108038,0.2309365390519729,
holo,9BV7,A1BNX,9MS1,2,,,,,,span < 4 residues in common
holo,9BV7,A1CIW,9PLK,4,149.0,0.5175661769326212,4.836627353141889,6.776527278921927,0.691523620888888,
holo,9BV7,CFF,8SO1,7,149.0,0.4255346910252017,0.926634932675177,1.4621801108382333,0.47754892139572946,
holo,9BV7,CL6,8SPD,7,149.0,0.46028231667132397,7.37480056518881,8.685537954790925,0.4692304951597258,
holo,9BV7,D0R,3TJS,2,,,,,,span < 4 residues in common
holo,9BV7,D7J,6BD7,7,149.0,0.3867138642317378,0.4058150045473536,0.5619904283701588,0.2586973370232587,
holo,9BV7,D7M,6BD5,7,149.0,0.3870416536203769,0.6160440474247298,0.8841707638215992,0.31311245363374124,
holo,9BV7,D7Y,6BCZ,7,149.0,0.4233675811756327,0.4354312526825478,0.6315495711438792,0.35284401259563364,
holo,9BV7,D81,6BD8,7,149.0,0.4704331506969655,0.6470400632392332,1.0864498294957419,0.5363058300534141,
holo,9BV7,DEJ,6BDI,7,148.0,0.35345644343485977,0.500718729228185,0.7055155071912972,0.26312556667161285,
holo,9BV7,DEV,6BDH,0,,,,,,span < 4 residues in common
holo,9BV7,DJ1,6BDK,7,148.0,0.3357596319000149,0.42670080516748976,0.620339850139218,0.26273704539456205,
holo,9BV7,ERY,2J0D,4,149.0,0.6125574573157407,6.1542983466891314,8.376831135223599,0.7632118318461159,
holo,9BV7,FZV,6DAC,4,149.0,0.39836325998119393,2.21798318584414,4.3843403162034855,0.38787290144002695,
holo,9BV7,G0D,6DA2,3,,,,,,span < 4 residues in common
holo,9BV7,G0J,6DA8,1,,,,,,span < 4 residues in common
holo,9BV7,G0M,6DAA,1,,,,,,span < 4 residues in common
holo,9BV7,G0V,6DAB,0,,,,,,span < 4 residues in common
holo,9BV7,G1J,6DA5,1,,,,,,span < 4 residues in common
holo,9BV7,J9K,4D78,7,146.0,0.5793528025080205,4.510972978968172,6.136202629523506,0.7445842331401602,
holo,9BV7,KLN,2V0M,7,146.0,0.7846062033919889,4.993049447902037,6.352560559170895,0.9273578691131662,
holo,9BV7,MF8,5G5J,7,147.0,0.41646643236253134,0.5423551678435709,0.8367543820318671,0.45262592363078685,
holo,9BV7,MWS,6OOB,7,149.0,0.46231489610097015,0.8063522337890549,1.3829282759616184,0.6095627812544353,
holo,9BV7,MWV,6OO9,7,148.0,0.45327729153072177,0.6883225352532952,1.011994802254908,0.5147559991946342,
holo,9BV7,MWY,6OOA,1,,,,,,span < 4 residues in common
holo,9BV7,MYT,1W0G,7,146.0,0.49260246679697856,0.7920310180188025,1.1301398666799416,0.3662161443294952,
holo,9BV7,NH0,7UF9,0,,,,,,span < 4 residues in common
holo,9BV7,NI6,7UFA,7,147.0,0.4115434904432016,7.100819244465021,8.679286816191121,0.5411681081787445,
holo,9BV7,NJ0,7UFB,7,149.0,0.377880915214491,0.6796140200109273,1.2473891563280948,0.22921001965914814,
holo,9BV7,NJO,7UFC,7,149.0,0.4323523839024949,0.7529375912990467,1.193782916360722,0.3667569651320305,
holo,9BV7,NXR,7UFE,7,149.0,0.9524683651769366,4.414273064235331,5.670967979294339,1.017242531749559,
holo,9BV7,NYF,7UFF,7,149.0,0.9520960348430959,4.43524428042422,5.714922487763745,1.0162560054935312,
holo,9BV7,PG0,9BV6,6,149.0,0.3660565970150726,4.409943363863627,6.064813531625893,0.3654819257843543,
holo,9BV7,PG4,9YK4,7,149.0,0.3948077703664875,0.6111915881076951,0.8573800891779778,0.2978910992710611,
holo,9BV7,PK9,4D6Z,7,146.0,0.3338198446525036,0.6354675199376519,0.9165759624030761,0.2612293527325414,
holo,9BV7,PKT,4D7D,7,147.0,0.6115332409273783,4.220516064933137,6.854760913991429,0.7491494745182259,
holo,9BV7,QDJ,6UNL,0,,,,,,span < 4 residues in common
holo,9BV7,QDP,6UNM,0,,,,,,span < 4 residues in common
holo,9BV7,QDV,6UNI,0,,,,,,span < 4 residues in common
holo,9BV7,QDY,6UNJ,7,147.0,0.8303248789227017,4.372936320462537,6.713632022465145,0.9903214465364515,
holo,9BV7,QE4,6UNK,3,,,,,,span < 4 residues in common
holo,9BV7,QEA,6UNH,4,147.0,0.5608904949647515,0.47191029758449615,0.6408608245522633,0.6722736562813573,
holo,9BV7,QEP,6UNG,4,148.0,0.5161996345546831,0.35671222708013095,0.40415635271591677,0.7459512822310272,
holo,9BV7,QES,6UNE,4,148.0,0.45169669627542713,0.5971848671971124,0.7782811940888649,0.5776334155531733,
holo,9BV7,RIT,3NXU,7,147.0,0.9760438237984268,4.489219804026266,5.451288960914631,1.0951824534450751,
holo,9BV7,T0K,7UFD,7,149.0,0.4374332893540624,0.8834458155510777,1.3493367457507424,0.414992335686632,
holo,9BV7,TCI,9PLJ,7,149.0,0.4251760188833354,0.7217718604646446,1.1578942758208342,0.5638046234282869,
holo,9BV7,X5Y,7KVH,7,147.0,0.7490893004361967,4.752599420210739,6.393616121625639,0.9251947662521043,
holo,9BV7,X6J,7KVP,3,,,,,,span < 4 residues in common
holo,9BV7,X6S,7KVO,7,149.0,0.8277395367601175,4.284778316975377,5.657511949647582,0.9470278737945353,
holo,9BV7,X6V,7KVN,7,146.0,0.7658895626932233,4.557482057434226,5.948830989110425,0.9302778992105876,
holo,9BV7,X71,7KVM,2,,,,,,span < 4 residues in common
holo,9BV7,X74,7KVS,7,148.0,0.83109579892731,4.273815666546777,5.84474527058915,0.9566054191285143,
holo,9BV7,X7D,7KVQ,7,147.0,0.7382133499780965,4.329513881442285,5.770871472882859,0.9107061334113001,
holo,9BV7,X7J,7KVK,7,149.0,0.9284782177231933,4.389061004820449,5.793581102065082,1.04455514597907,
holo,9BV7,X7M,7KVJ,0,,,,,,span < 4 residues in common
holo,9BV7,X7P,7KVI,1,,,,,,span < 4 residues in common
holo,9BV7,Y83,6BDM,4,148.0,0.5162508585644917,2.74870518220049,4.898702306163181,0.8266378268298692,
holo,9BV7,YNV,7LXL,2,,,,,,span < 4 residues in common
holo,9BV7,Z8Z,4I4G,7,147.0,0.6796673126791185,5.103596340297602,7.018027320163886,0.8088423475860053,
holo,9BV7,Z9Z,4I4H,7,147.0,0.69048817591413,4.478171829562369,5.839745134655336,0.8720882178239138,
holo,9BV8,08J,5TE8,7,150.0,0.6427158744635121,7.096874095777225,11.959020965483207,0.6364109418760757,
holo,9BV8,08Y,3UA1,7,148.0,0.42843891980280746,0.545229524158088,0.8362892149262694,0.3819685918432234,
holo,9BV8,1RD,4K9T,7,146.0,0.6519649520126896,4.424466713697771,6.063640343541773,0.8155945445261941,
holo,9BV8,2QH,4NY4,7,148.0,0.4556112349206186,0.8033895568217727,1.5935088366325303,0.4636963226079186,
holo,9BV8,5AW,4K9U,1,,,,,,span < 4 residues in common
holo,9BV8,6AW,4K9V,7,146.0,0.3692791898162612,0.8069075320035525,1.5729677996470262,0.32881214275546045,
holo,9BV8,7AW,4K9W,7,148.0,1.003547436665068,4.415360039467256,5.710862591926742,1.1294231675137316,
holo,9BV8,80K,6BD6,7,148.0,0.4269558431684513,0.9141798313378496,1.5395247069172031,0.6359958133619936,
holo,9BV8,8AW,4K9X,5,147.0,0.7215343926474713,4.654287445239005,5.538821587874052,0.8578464046361919,
holo,9BV8,A1A06,9COS,0,,,,,,span < 4 residues in common
holo,9BV8,A1A07,9COR,1,,,,,,span < 4 residues in common
holo,9BV8,A1A08,9COT,0,,,,,,span < 4 residues in common
holo,9BV8,A1A4K,9COX,0,,,,,,span < 4 residues in common
holo,9BV8,A1A4S,9COV,0,,,,,,span < 4 residues in common
holo,9BV8,A1A4T,9COY,0,,,,,,span < 4 residues in common
holo,9BV8,A1A4U,9COU,0,,,,,,span < 4 residues in common
holo,9BV8,A1A4V,9COW,0,,,,,,span < 4 residues in common
holo,9BV8,A1APA,9BBB,1,,,,,,span < 4 residues in common
holo,9BV8,A1ASO,9BVC,7,149.0,0.28773165519796445,0.697784615367666,0.9786139443717137,0.2589702815216017,
holo,9BV8,A1ASP,9BVB,7,150.0,0.3060788470647803,0.610361791418709,0.8503462006155896,0.22658873392145287,
holo,9BV8,A1ASQ,9BVA,7,149.0,0.31636977840274333,0.6074864053562238,0.8553390879539023,0.3156562202703021,
holo,9BV8,A1ASR,9BV9,7,150.0,0.320336231771861,0.6267377635897011,0.8714371989152729,0.21389176693170087,
holo,9BV8,A1AST,9BV7,7,149.0,0.3228779449505145,0.6611708628948207,0.8753659873766263,0.2681335541570028,
holo,9BV8,A1ASU,9BV6,6,150.0,0.354625116027321,4.469622481882468,6.338886822347103,0.3815741481020629,
holo,9BV8,A1ASV,9BV5,7,150.0,0.6488645960458154,0.3271761249432728,0.4922051366727752,0.27618367663153426,
holo,9BV8,A1BNX,9MS1,2,,,,,,span < 4 residues in common
holo,9BV8,A1CIW,9PLK,4,150.0,0.39137012704185664,4.644655338218909,6.6069283578175115,0.5239929823692876,
holo,9BV8,CFF,8SO1,7,150.0,0.32656096224467385,0.5466563600054232,0.9448465919547753,0.33057790634879636,
holo,9BV8,CL6,8SPD,7,149.0,0.40649945753208455,7.183901095406142,8.762864078846759,0.4043681374598866,
holo,9BV8,D0R,3TJS,2,,,,,,span < 4 residues in common
holo,9BV8,D7J,6BD7,7,150.0,0.36876757344564864,0.4830683187869579,0.7394412570855344,0.24182955627223185,
holo,9BV8,D7M,6BD5,7,149.0,0.3497390498099977,0.4332157831887459,0.6893633317221872,0.2990998857754436,
holo,9BV8,D7Y,6BCZ,7,150.0,0.3742392755610414,0.38396621247149604,0.5588915789789592,0.2689335271021377,
holo,9BV8,D81,6BD8,7,149.0,0.4582462250843984,0.6998146368347514,0.8408964441192703,0.6090866906147123,
holo,9BV8,DEJ,6BDI,7,149.0,0.3127136641165755,0.3547337957446902,0.5441867391175294,0.21779468187837014,
holo,9BV8,DEV,6BDH,0,,,,,,span < 4 residues in common
holo,9BV8,DJ1,6BDK,7,149.0,0.3066151385651765,0.4432605837024073,0.6734848543554645,0.2368281832451309,
holo,9BV8,ERY,2J0D,4,150.0,0.5813264126042179,5.81068911329243,8.194886333150125,0.6475983882492117,
holo,9BV8,FZV,6DAC,4,149.0,0.35350624864223124,2.271844182356361,4.5277994729765165,0.43372931364029665,
holo,9BV8,G0D,6DA2,3,,,,,,span < 4 residues in common
holo,9BV8,G0J,6DA8,1,,,,,,span < 4 residues in common
holo,9BV8,G0M,6DAA,1,,,,,,span < 4 residues in common
holo,9BV8,G0V,6DAB,0,,,,,,span < 4 residues in common
holo,9BV8,G1J,6DA5,1,,,,,,span < 4 residues in common
holo,9BV8,J9K,4D78,7,146.0,0.5671791846641895,4.5038739024489045,6.056739140626098,0.7667892143772055,
holo,9BV8,KLN,2V0M,7,146.0,0.7695235771045348,5.043977922146757,6.567566212778467,0.9933194985212485,
holo,9BV8,MF8,5G5J,7,148.0,0.44619586420409363,0.516273661603796,0.6460130432888903,0.32716057123916625,
holo,9BV8,MWS,6OOB,7,150.0,0.3502394213579028,0.6680503570804127,1.0405955821261268,0.45340049894031964,
holo,9BV8,MWV,6OO9,7,149.0,0.35157285037482855,0.4701302988093705,0.7058807215514586,0.3554994978605757,
holo,9BV8,MWY,6OOA,1,,,,,,span < 4 residues in common
holo,9BV8,MYT,1W0G,7,146.0,0.4876642650343168,0.2524291963716939,0.3604913709410061,0.34727037238309705,
holo,9BV8,NH0,7UF9,0,,,,,,span < 4 residues in common
holo,9BV8,NI6,7UFA,7,148.0,0.3683896813141102,6.933660580729329,8.343183258956264,0.5669244981306656,
holo,9BV8,NJ0,7UFB,7,150.0,0.3120713224364942,0.33862886906823336,0.5915408139478074,0.2212935365834438,
holo,9BV8,NJO,7UFC,7,150.0,0.39728169639236977,0.548376237943042,0.9730828836765212,0.40354093959597626,
holo,9BV8,NXR,7UFE,7,149.0,0.963822553000453,4.277826114985672,5.672434686891806,1.065807384289038,
holo,9BV8,NYF,7UFF,7,149.0,0.9638197332021586,4.300590100125385,5.716417331348809,1.0642955880195264,
holo,9BV8,PG0,9BV6,6,150.0,0.354625116027321,4.469622481882468,6.338886822347103,0.3815741481020629,
holo,9BV8,PG4,9YK4,7,149.0,0.3257140934744617,0.32902361151556786,0.6042954409675001,0.2632533651651729,
holo,9BV8,PK9,4D6Z,7,146.0,0.28381687071000333,0.3457204496815275,0.617111227225505,0.24031929494104456,
holo,9BV8,PKT,4D7D,7,147.0,0.6792673706613441,4.133376535973139,6.572868063741526,0.8057662233354007,
holo,9BV8,QDJ,6UNL,0,,,,,,span < 4 residues in common
holo,9BV8,QDP,6UNM,0,,,,,,span < 4 residues in common
holo,9BV8,QDV,6UNI,0,,,,,,span < 4 residues in common
holo,9BV8,QDY,6UNJ,7,147.0,0.8868635319447558,4.276616894163454,6.296287213797591,1.0783174182180058,
holo,9BV8,QE4,6UNK,3,,,,,,span < 4 residues in common
holo,9BV8,QEA,6UNH,4,147.0,0.5668861944379568,0.4696295947258768,0.5138952342022006,0.704421649184893,
holo,9BV8,QEP,6UNG,4,149.0,0.5088501527485041,0.525178944007606,0.6479536284017688,0.7983600511556797,
holo,9BV8,QES,6UNE,4,148.0,0.4244305659324686,0.8297814630840555,0.8824831306851258,0.6248095019372167,
holo,9BV8,RIT,3NXU,7,147.0,0.9929307439971101,4.385199283571773,5.481845148732634,1.1381838026658386,
holo,9BV8,T0K,7UFD,7,150.0,0.3831377599064515,0.5677021928210707,1.1022077169855042,0.4214137722349266,
holo,9BV8,TCI,9PLJ,7,150.0,0.31175131195258404,0.6634053726839998,0.9210056144369452,0.4178644550200606,
holo,9BV8,X5Y,7KVH,7,147.0,0.7937061728141844,4.680014965824886,6.419180935768629,0.9806855379256768,
holo,9BV8,X6J,7KVP,3,,,,,,span < 4 residues in common
holo,9BV8,X6S,7KVO,7,150.0,0.9203763724599452,4.169512797055264,5.648987731652276,1.0245788250155805,
holo,9BV8,X6V,7KVN,7,146.0,0.8064280214741341,4.457868667926921,5.957727455070837,0.9869444061613756,
holo,9BV8,X71,7KVM,2,,,,,,span < 4 residues in common
holo,9BV8,X74,7KVS,7,149.0,0.9238575572946294,4.224124488507707,5.840969981515877,1.030694328260973,
holo,9BV8,X7D,7KVQ,7,147.0,0.7761447984235387,4.227230300335701,5.774896263860368,0.969889063671661,
holo,9BV8,X7J,7KVK,7,150.0,1.025114523109341,4.2690630076856,5.786749000447219,1.1230168420502358,
holo,9BV8,X7M,7KVJ,0,,,,,,span < 4 residues in common
holo,9BV8,X7P,7KVI,1,,,,,,span < 4 residues in common
holo,9BV8,Y83,6BDM,4,149.0,0.5080523403084564,2.830603879924849,5.1951619340381185,0.8874307863042001,
holo,9BV8,YNV,7LXL,2,,,,,,span < 4 residues in common
holo,9BV8,Z8Z,4I4G,7,147.0,0.7323814547740203,5.055151731492715,6.815549165199778,0.8541424389962808,
holo,9BV8,Z9Z,4I4H,7,147.0,0.729142323415322,4.384743335933916,5.864403049675434,0.9127344757009476,
holo,9BV9,08J,5TE8,7,150.0,0.7098600443832265,7.494301235751139,12.22155634547975,0.6892406114033239,
holo,9BV9,08Y,3UA1,7,148.0,0.48213311119311375,0.6365178518196386,0.8752513935798812,0.432934700650904,
holo,9BV9,1RD,4K9T,7,146.0,0.6911187450815105,4.622754619856325,6.416998894938371,0.8372704443203428,
holo,9BV9,2QH,4NY4,7,148.0,0.4912512733932022,1.1546300734965722,2.1938187675736867,0.398131853649741,
holo,9BV9,5AW,4K9U,1,,,,,,span < 4 residues in common
holo,9BV9,6AW,4K9V,7,146.0,0.3834212774800465,1.0814971828079654,2.2549320330219853,0.31319024786782684,
holo,9BV9,7AW,4K9W,7,148.0,1.0273322128446638,4.489093697864176,5.571276641225958,1.1225004842214696,
holo,9BV9,80K,6BD6,7,148.0,0.43929309530077026,0.9355761874042154,1.9881513160000386,0.6150444285752127,
holo,9BV9,8AW,4K9X,5,147.0,0.6827604937813414,4.6831967856809955,5.3864902027010855,0.8503117308330332,
holo,9BV9,A1A06,9COS,0,,,,,,span < 4 residues in common
holo,9BV9,A1A07,9COR,1,,,,,,span < 4 residues in common
holo,9BV9,A1A08,9COT,0,,,,,,span < 4 residues in common
holo,9BV9,A1A4K,9COX,0,,,,,,span < 4 residues in common
holo,9BV9,A1A4S,9COV,0,,,,,,span < 4 residues in common
holo,9BV9,A1A4T,9COY,0,,,,,,span < 4 residues in common
holo,9BV9,A1A4U,9COU,0,,,,,,span < 4 residues in common
holo,9BV9,A1A4V,9COW,0,,,,,,span < 4 residues in common
holo,9BV9,A1APA,9BBB,1,,,,,,span < 4 residues in common
holo,9BV9,A1ASO,9BVC,7,149.0,0.19022835409486033,0.2903677944599599,0.49410925790716004,0.1593560317089292,
holo,9BV9,A1ASP,9BVB,7,150.0,0.09107504073718393,0.041484703419759385,0.05888441104515765,0.04772672999584423,
holo,9BV9,A1ASQ,9BVA,7,149.0,0.23341389243134528,0.20983448101861543,0.32241112861195276,0.25091135589662333,
holo,9BV9,A1ASS,9BV8,7,150.0,0.32033623177186077,0.6267377635896985,0.8714371989152724,0.2138917669316971,
holo,9BV9,A1AST,9BV7,7,149.0,0.20862081932794876,0.28679944561190523,0.4559825566889643,0.1819297309616854,
holo,9BV9,A1ASU,9BV6,6,150.0,0.3648186754237408,4.612832146583325,6.263883272404325,0.38116124150479574,
holo,9BV9,A1ASV,9BV5,7,150.0,0.6787708114836866,0.4260071374987416,0.6246740763474647,0.2534332245135854,
holo,9BV9,A1BNX,9MS1,2,,,,,,span < 4 residues in common
holo,9BV9,A1CIW,9PLK,4,150.0,0.4987397110967016,5.070306003957963,7.109844548190037,0.5851578449844032,
holo,9BV9,CFF,8SO1,7,150.0,0.4131532089361765,0.739210380528211,1.0810498714152064,0.4049498176800645,
holo,9BV9,CL6,8SPD,7,149.0,0.417513011855849,7.524784527265397,8.99153380426194,0.40834365775759657,
holo,9BV9,D0R,3TJS,2,,,,,,span < 4 residues in common
holo,9BV9,D7J,6BD7,7,150.0,0.4393017919764617,0.33670827137744,0.49353102950539474,0.2718010375278386,
holo,9BV9,D7M,6BD5,7,149.0,0.3864246717177184,0.4832765486609766,0.7908591334579567,0.30466405900718413,
holo,9BV9,D7Y,6BCZ,7,150.0,0.43855307774733493,0.3763217461990006,0.5520351428870331,0.3069276278504977,
holo,9BV9,D81,6BD8,7,149.0,0.468843962048039,0.667160908463288,0.9856066168670709,0.5709838704581894,
holo,9BV9,DEJ,6BDI,7,149.0,0.38978177660441654,0.452423731403573,0.6536082664431627,0.27050829266329834,
holo,9BV9,DEV,6BDH,0,,,,,,span < 4 residues in common
holo,9BV9,DJ1,6BDK,7,149.0,0.3753102460641794,0.3506462386868966,0.5363731479432309,0.24445137295203961,
holo,9BV9,ERY,2J0D,4,150.0,0.5963930465217859,6.339302422155904,8.629374646307417,0.6728244582851243,
holo,9BV9,FZV,6DAC,4,149.0,0.398161875707582,2.2031047314596623,4.361994372568,0.4148790992723885,
holo,9BV9,G0D,6DA2,3,,,,,,span < 4 residues in common
holo,9BV9,G0J,6DA8,1,,,,,,span < 4 residues in common
holo,9BV9,G0M,6DAA,1,,,,,,span < 4 residues in common
holo,9BV9,G0V,6DAB,0,,,,,,span < 4 residues in common
holo,9BV9,G1J,6DA5,1,,,,,,span < 4 residues in common
holo,9BV9,J9K,4D78,7,146.0,0.5931903315509707,4.509956016411037,6.360773680406181,0.7840125320832965,
holo,9BV9,KLN,2V0M,7,146.0,0.8050651062449384,5.03869455535166,6.297221159143645,0.978959387159064,
holo,9BV9,MF8,5G5J,7,148.0,0.46840335509115966,0.4338457055103761,0.4966680202673783,0.3719627324315647,
holo,9BV9,MWS,6OOB,7,150.0,0.4419103153918783,0.6725937340533964,1.0289311945756223,0.5185586059103175,
holo,9BV9,MWV,6OO9,7,149.0,0.4449246508418657,0.5670737284612216,0.7301631147890569,0.4132632557688242,
holo,9BV9,MWY,6OOA,1,,,,,,span < 4 residues in common
holo,9BV9,MYT,1W0G,7,146.0,0.4690671306200831,0.7606834497550432,1.0710929326886618,0.3723048338644083,
holo,9BV9,NH0,7UF9,0,,,,,,span < 4 residues in common
holo,9BV9,NI6,7UFA,7,148.0,0.45270945288627445,7.291799362367778,8.933617412031372,0.5794085882774078,
holo,9BV9,NJ0,7UFB,7,150.0,0.3953724720459518,0.589194765576166,0.9860835489905678,0.18328833058479285,
holo,9BV9,NJO,7UFC,7,150.0,0.4682690954183815,0.7732367050592085,1.3044196356902913,0.38271617211281483,
holo,9BV9,NXR,7UFE,7,149.0,0.9727808302572747,4.395420940726043,5.569634057796357,1.060875783376047,
holo,9BV9,NYF,7UFF,7,149.0,0.9725440974913345,4.417173297689677,5.613608084648667,1.0598086070854804,
holo,9BV9,PG0,9BV6,6,150.0,0.3648186754237408,4.612832146583325,6.263883272404325,0.38116124150479574,
holo,9BV9,PG4,9YK4,7,149.0,0.3828516756146972,0.4929975983680495,0.6528811118449173,0.2471622699225592,
holo,9BV9,PK9,4D6Z,7,146.0,0.3246412428413683,0.5037189125010032,0.6366676108808691,0.22065353900990894,
holo,9BV9,PKT,4D7D,7,147.0,0.6543067594362054,4.201636279084968,6.981903561033438,0.7921528629948291,
holo,9BV9,QDJ,6UNL,0,,,,,,span < 4 residues in common
holo,9BV9,QDP,6UNM,0,,,,,,span < 4 residues in common
holo,9BV9,QDV,6UNI,0,,,,,,span < 4 residues in common
holo,9BV9,QDY,6UNJ,7,147.0,0.8558603439820187,4.5448395279086515,6.957216635954253,1.0512219055651488,
holo,9BV9,QE4,6UNK,3,,,,,,span < 4 residues in common
holo,9BV9,QEA,6UNH,4,147.0,0.581108898455334,0.4914183833244572,0.6520104470808278,0.6950582685414849,
holo,9BV9,QEP,6UNG,4,149.0,0.5546076208439358,0.4199475038465465,0.5470556215396821,0.7872396456823159,
holo,9BV9,QES,6UNE,4,148.0,0.4419442434802476,0.7105740007766995,1.0397224702298213,0.5845419746057767,
holo,9BV9,RIT,3NXU,7,147.0,0.994222163501098,4.470670774910713,5.557774486159521,1.127211538157316,
holo,9BV9,T0K,7UFD,7,150.0,0.4598666310723588,0.9124400983110081,1.464661221474503,0.3962340143606935,
holo,9BV9,TCI,9PLJ,7,150.0,0.4118435222995536,0.6023517934327108,0.8187165867718333,0.4679180861003175,
holo,9BV9,X5Y,7KVH,7,147.0,0.7708957543864549,4.751197220528477,6.288564785276219,0.9671104674701229,
holo,9BV9,X6J,7KVP,3,,,,,,span < 4 residues in common
holo,9BV9,X6S,7KVO,7,150.0,0.9207587205349107,4.253327577533239,5.539461191914216,1.0129573386678228,
holo,9BV9,X6V,7KVN,7,146.0,0.7819946483914202,4.549690488787527,5.848037149842082,0.9734474155508231,
holo,9BV9,X71,7KVM,2,,,,,,span < 4 residues in common
holo,9BV9,X74,7KVS,7,149.0,0.9443654214328936,4.236553978773147,5.720609908213689,1.0286011537931925,
holo,9BV9,X7D,7KVQ,7,147.0,0.7530814543121506,4.311710508000064,5.669145297213307,0.9551395448806467,
holo,9BV9,X7J,7KVK,7,150.0,1.0279352357498412,4.352992273327992,5.672772354248929,1.1146689759313881,
holo,9BV9,X7M,7KVJ,0,,,,,,span < 4 residues in common
holo,9BV9,X7P,7KVI,1,,,,,,span < 4 residues in common
holo,9BV9,Y83,6BDM,4,149.0,0.5382967480446651,2.87713967936825,5.195213840669745,0.8675209820033848,
holo,9BV9,YNV,7LXL,2,,,,,,span < 4 residues in common
holo,9BV9,Z8Z,4I4G,7,147.0,0.702300598591573,5.113606996257178,7.235622643103791,0.8542909739640029,
holo,9BV9,Z9Z,4I4H,7,147.0,0.7100725989320834,4.442998219437653,5.73656957301216,0.9022622438000902,
holo,9BVA,08J,5TE8,7,149.0,0.6917269448103363,7.432458235779672,12.076488121106147,0.7471971854582604,
holo,9BVA,08Y,3UA1,7,147.0,0.39996035060766005,0.5698746490387034,0.8453161824224621,0.5109317826672068,
holo,9BVA,1RD,4K9T,7,146.0,0.6794777443912706,4.602147447633014,6.4642701571320025,0.8331678831714779,
holo,9BVA,2QH,4NY4,7,147.0,0.4714492397777316,1.1170465389530326,2.1104816963892183,0.3320807526181453,
holo,9BVA,5AW,4K9U,1,,,,,,span < 4 residues in common
holo,9BVA,6AW,4K9V,7,146.0,0.37643760347794647,1.0582398701073465,2.278420736144926,0.3647842440264053,
holo,9BVA,7AW,4K9W,7,148.0,1.0132652679400707,4.556880792870135,5.7609357119847555,1.0818551068865159,
holo,9BVA,80K,6BD6,7,148.0,0.41161941317761824,0.9270294404304729,1.8719402575406532,0.5962672553588311,
holo,9BVA,8AW,4K9X,5,147.0,0.681306405181934,4.741537077265368,5.5748055842314175,0.8288975582144344,
holo,9BVA,A1A06,9COS,0,,,,,,span < 4 residues in common
holo,9BVA,A1A07,9COR,1,,,,,,span < 4 residues in common
holo,9BVA,A1A08,9COT,0,,,,,,span < 4 residues in common
holo,9BVA,A1A4K,9COX,0,,,,,,span < 4 residues in common
holo,9BVA,A1A4S,9COV,0,,,,,,span < 4 residues in common
holo,9BVA,A1A4T,9COY,0,,,,,,span < 4 residues in common
holo,9BVA,A1A4U,9COU,0,,,,,,span < 4 residues in common
holo,9BVA,A1A4V,9COW,0,,,,,,span < 4 residues in common
holo,9BVA,A1APA,9BBB,1,,,,,,span < 4 residues in common
holo,9BVA,A1ASO,9BVC,7,148.0,0.20078320173422984,0.3260418954100558,0.44888222430591945,0.21847006444494024,
holo,9BVA,A1ASP,9BVB,7,149.0,0.2202919806130906,0.20447819635247996,0.2889740295300686,0.24571341395206997,
holo,9BVA,A1ASR,9BV9,7,149.0,0.23341389243134514,0.20983448101861116,0.322411128611953,0.2509113558966247,
holo,9BVA,A1ASS,9BV8,7,149.0,0.31636977840274166,0.6074864053562182,0.8553390879538965,0.3156562202703013,
holo,9BVA,A1AST,9BV7,7,149.0,0.27585506868883386,0.3788524716232021,0.5297603517544998,0.2667367035756995,
holo,9BVA,A1ASU,9BV6,6,149.0,0.3354466630158758,4.620510087138604,6.434354692116566,0.3858346762853593,
holo,9BVA,A1ASV,9BV5,7,149.0,0.4855674098294391,0.44942335422708624,0.6135908757871054,0.2605652578801104,
holo,9BVA,A1BNX,9MS1,2,,,,,,span < 4 residues in common
holo,9BVA,A1CIW,9PLK,4,149.0,0.469497366071207,5.117892623065643,7.158736869076064,0.6792544361872084,
holo,9BVA,CFF,8SO1,7,149.0,0.4109329228333862,0.6809385048801518,1.0691049912700392,0.5104205586871252,
holo,9BVA,CL6,8SPD,7,149.0,0.42065176394660503,7.509406709517338,9.035651610558869,0.472888138673036,
holo,9BVA,D0R,3TJS,2,,,,,,span < 4 residues in common
holo,9BVA,D7J,6BD7,7,149.0,0.41647462352329473,0.2664862013254842,0.4218456269881581,0.3246352590708426,
holo,9BVA,D7M,6BD5,7,149.0,0.38111866217947493,0.44528400762291337,0.6426688325831735,0.3632281262928492,
holo,9BVA,D7Y,6BCZ,7,149.0,0.4011072611668203,0.32057705568660844,0.4517002364480958,0.38890787553301004,
holo,9BVA,D81,6BD8,7,149.0,0.44599390249530135,0.6054731516454138,0.7563255892839303,0.5427817892871052,
holo,9BVA,DEJ,6BDI,7,148.0,0.35754212762093707,0.4105372831685204,0.5729637855296815,0.3273621703774426,
holo,9BVA,DEV,6BDH,0,,,,,,span < 4 residues in common
holo,9BVA,DJ1,6BDK,7,148.0,0.34870934102565304,0.31274912041146685,0.41151547344822154,0.2967791842095131,
holo,9BVA,ERY,2J0D,4,149.0,0.5371979192507575,6.354575315622344,8.63876306487361,0.7347315108743968,
holo,9BVA,FZV,6DAC,4,149.0,0.3738347652436227,2.138086051715783,4.2412809624452015,0.4410703046632529,
holo,9BVA,G0D,6DA2,3,,,,,,span < 4 residues in common
holo,9BVA,G0J,6DA8,1,,,,,,span < 4 residues in common
holo,9BVA,G0M,6DAA,1,,,,,,span < 4 residues in common
holo,9BVA,G0V,6DAB,0,,,,,,span < 4 residues in common
holo,9BVA,G1J,6DA5,1,,,,,,span < 4 residues in common
holo,9BVA,J9K,4D78,7,146.0,0.5753324749472428,4.573264410449816,6.3671147167916535,0.773345766799567,
holo,9BVA,KLN,2V0M,7,146.0,0.7802895762325245,5.112758860568411,6.488384639334587,0.907798888732625,
holo,9BVA,MF8,5G5J,7,147.0,0.4282392723818423,0.3697996829452595,0.47291399226104236,0.48054367139323123,
holo,9BVA,MWS,6OOB,7,149.0,0.42872681506816984,0.6142410625427623,1.0298157403604873,0.6116143811989395,
holo,9BVA,MWV,6OO9,7,148.0,0.4311236650978214,0.4932461461608555,0.6962739534581608,0.5001761017766829,
holo,9BVA,MWY,6OOA,1,,,,,,span < 4 residues in common
holo,9BVA,MYT,1W0G,7,146.0,0.4723280493688707,0.7284814871786203,1.0329756963525871,0.41143410575860717,
holo,9BVA,NH0,7UF9,0,,,,,,span < 4 residues in common
holo,9BVA,NI6,7UFA,7,147.0,0.4052449477478141,7.3038476465658775,8.966135930303187,0.5495740949106342,
holo,9BVA,NJ0,7UFB,7,149.0,0.35965651823008804,0.5268192259296706,0.9870784742744739,0.2600114355729586,
holo,9BVA,NJO,7UFC,7,149.0,0.4398301911128046,0.7306785176966222,1.2176967333448905,0.4185076778993662,
holo,9BVA,NXR,7UFE,7,149.0,0.994206340387447,4.455754224702063,5.761021499475096,1.0338391896231705,
holo,9BVA,NYF,7UFF,7,149.0,0.9941847712989372,4.478018574520484,5.80485043306169,1.0324348762758169,
holo,9BVA,PG0,9BV6,6,149.0,0.3354466630158758,4.620510087138604,6.434354692116566,0.3858346762853593,
holo,9BVA,PG4,9YK4,7,149.0,0.37199040722744897,0.48209970211830844,0.564449566975424,0.3333456802558972,
holo,9BVA,PK9,4D6Z,7,146.0,0.34818614254042424,0.462983764938078,0.5559392296683755,0.3232349932051934,
holo,9BVA,PKT,4D7D,7,147.0,0.6384570046290464,4.229113947703489,6.972769512204235,0.7690592673795567,
holo,9BVA,QDJ,6UNL,0,,,,,,span < 4 residues in common
holo,9BVA,QDP,6UNM,0,,,,,,span < 4 residues in common
holo,9BVA,QDV,6UNI,0,,,,,,span < 4 residues in common
holo,9BVA,QDY,6UNJ,7,147.0,0.8614661263834804,4.56523054403426,6.995642182465702,1.0137043780488562,
holo,9BVA,QE4,6UNK,3,,,,,,span < 4 residues in common
holo,9BVA,QEA,6UNH,4,147.0,0.578349861688976,0.572544488993361,0.719335550483918,0.686767647803682,
holo,9BVA,QEP,6UNG,4,148.0,0.5117871481729459,0.47676991697644,0.5879009530202299,0.7458653127355288,
holo,9BVA,QES,6UNE,4,148.0,0.4083314562280814,0.7967802932025428,1.123917786618846,0.5686302522265896,
holo,9BVA,RIT,3NXU,7,147.0,0.970042051884696,4.5266226291796885,5.554539945117517,1.0588332042185153,
holo,9BVA,T0K,7UFD,7,149.0,0.43136897124074647,0.8795284174516739,1.384307298771298,0.44355937304119675,
holo,9BVA,TCI,9PLJ,7,149.0,0.3918168708505503,0.5543295438421812,0.8278515848634255,0.5509396100270881,
holo,9BVA,X5Y,7KVH,7,147.0,0.7734064100025088,4.821705132794914,6.476169086806613,0.941391753202041,
holo,9BVA,X6J,7KVP,3,,,,,,span < 4 residues in common
holo,9BVA,X6S,7KVO,7,149.0,0.8730354971532817,4.341025278044626,5.747177208312642,0.9621105253956346,
holo,9BVA,X6V,7KVN,7,146.0,0.7892445916787599,4.6108411542668915,6.037689815875153,0.9553230168450887,
holo,9BVA,X71,7KVM,2,,,,,,span < 4 residues in common
holo,9BVA,X74,7KVS,7,148.0,0.866906976965404,4.345352721361396,5.931492091702704,0.9738889714156431,
holo,9BVA,X7D,7KVQ,7,147.0,0.7605127641062325,4.373603085953834,5.8598749979567835,0.9286418002195577,
holo,9BVA,X7J,7KVK,7,149.0,0.9795619227957851,4.4441347776281,5.881741765579325,1.069396518337989,
holo,9BVA,X7M,7KVJ,0,,,,,,span < 4 residues in common
holo,9BVA,X7P,7KVI,1,,,,,,span < 4 residues in common
holo,9BVA,Y83,6BDM,4,148.0,0.5045126900227613,2.948504278532847,5.378268288141995,0.8574822558806621,
holo,9BVA,YNV,7LXL,2,,,,,,span < 4 residues in common
holo,9BVA,Z8Z,4I4G,7,147.0,0.6963469817139697,5.171492733648887,7.235676376197573,0.8348154669237633,
holo,9BVA,Z9Z,4I4H,7,147.0,0.6895382941621973,4.496966608897712,5.916493765111365,0.8784654094878831,
holo,9BVB,08J,5TE8,7,150.0,0.7196734924551408,7.4924688776658135,12.251198572714973,0.6988017958251552,
holo,9BVB,08Y,3UA1,7,148.0,0.4686616962323523,0.6237674542548971,0.8736180284991455,0.4372421737322512,
holo,9BVB,1RD,4K9T,7,146.0,0.6735263425091045,4.6117864482283,6.403924366696151,0.8365378371280277,
holo,9BVB,2QH,4NY4,7,148.0,0.4665711362565677,1.1351545782935568,2.162017990396249,0.39463193352707865,
holo,9BVB,5AW,4K9U,1,,,,,,span < 4 residues in common
holo,9BVB,6AW,4K9V,7,146.0,0.36942146852391927,1.074164895742023,2.229527047799043,0.3021286501485781,
holo,9BVB,7AW,4K9W,7,148.0,1.0040226917167305,4.464600242362618,5.539978241786742,1.1142447998425402,
holo,9BVB,80K,6BD6,7,148.0,0.42075552005753,0.9169240270251248,1.9569379969870995,0.6024381264525859,
holo,9BVB,8AW,4K9X,5,147.0,0.6681009057862578,4.652669519521277,5.345559672391872,0.8461357859355628,
holo,9BVB,A1A06,9COS,0,,,,,,span < 4 residues in common
holo,9BVB,A1A07,9COR,1,,,,,,span < 4 residues in common
holo,9BVB,A1A08,9COT,0,,,,,,span < 4 residues in common
holo,9BVB,A1A4K,9COX,0,,,,,,span < 4 residues in common
holo,9BVB,A1A4S,9COV,0,,,,,,span < 4 residues in common
holo,9BVB,A1A4T,9COY,0,,,,,,span < 4 residues in common
holo,9BVB,A1A4U,9COU,0,,,,,,span < 4 residues in common
holo,9BVB,A1A4V,9COW,0,,,,,,span < 4 residues in common
holo,9BVB,A1APA,9BBB,1,,,,,,span < 4 residues in common
holo,9BVB,A1ASO,9BVC,7,149.0,0.17400654275050442,0.28147917438315206,0.4755737603253831,0.15102287456237548,
holo,9BVB,A1ASQ,9BVA,7,149.0,0.22029198061308797,0.20447819635247935,0.28897402953005813,0.24571341395207075,
holo,9BVB,A1ASR,9BV9,7,150.0,0.09107504073718437,0.041484703419759926,0.05888441104516241,0.04772672999584505,
holo,9BVB,A1ASS,9BV8,7,150.0,0.30607884706477956,0.610361791418713,0.8503462006155923,0.22658873392145218,
holo,9BVB,A1AST,9BV7,7,149.0,0.19898930487528052,0.291752724715675,0.4502338576569274,0.16675626190447163,
holo,9BVB,A1ASU,9BV6,6,150.0,0.3521844540001953,4.600484046574141,6.260793753845325,0.3759522232284652,
holo,9BVB,A1ASV,9BV5,7,150.0,0.6791820831128542,0.40541920037329393,0.5997030051448535,0.24556477544107627,
holo,9BVB,A1BNX,9MS1,2,,,,,,span < 4 residues in common
holo,9BVB,A1CIW,9PLK,4,150.0,0.5017092922183125,5.057517097364391,7.091863731677732,0.597954383384508,
holo,9BVB,CFF,8SO1,7,150.0,0.410030884231706,0.7287224228042936,1.0780010996992218,0.4181342758762015,
holo,9BVB,CL6,8SPD,7,149.0,0.4193585612881195,7.510203189028632,8.974051281252603,0.4115113950124482,
holo,9BVB,D0R,3TJS,2,,,,,,span < 4 residues in common
holo,9BVB,D7J,6BD7,7,150.0,0.4444418781144334,0.3264927723112276,0.4673953422036409,0.2667183103919095,
holo,9BVB,D7M,6BD5,7,149.0,0.3698065234475355,0.4657607548949594,0.7626426783542184,0.29478987079366126,
holo,9BVB,D7Y,6BCZ,7,150.0,0.44126546047380927,0.35354562378545673,0.5261972510966881,0.3049445058320251,
holo,9BVB,D81,6BD8,7,149.0,0.4551680205798651,0.646170041099231,0.9571317433685524,0.5621106185711612,
holo,9BVB,DEJ,6BDI,7,149.0,0.39575979720850735,0.43113786316203756,0.6321997436555747,0.2677017210917223,
holo,9BVB,DEV,6BDH,0,,,,,,span < 4 residues in common
holo,9BVB,DJ1,6BDK,7,149.0,0.38141926258242703,0.33143543950334037,0.5108099066470162,0.2399343139120096,
holo,9BVB,ERY,2J0D,4,150.0,0.5895964960024048,6.315681948668645,8.586880530340228,0.6819214996114641,
holo,9BVB,FZV,6DAC,4,149.0,0.38477930793555903,2.2013310897347536,4.359678169171385,0.40300897256622975,
holo,9BVB,G0D,6DA2,3,,,,,,span < 4 residues in common
holo,9BVB,G0J,6DA8,1,,,,,,span < 4 residues in common
holo,9BVB,G0M,6DAA,1,,,,,,span < 4 residues in common
holo,9BVB,G0V,6DAB,0,,,,,,span < 4 residues in common
holo,9BVB,G1J,6DA5,1,,,,,,span < 4 residues in common
holo,9BVB,J9K,4D78,7,146.0,0.5776049253818433,4.481763089146432,6.3303448378533815,0.778023408817434,
holo,9BVB,KLN,2V0M,7,146.0,0.7883378839088834,5.012385068636083,6.256877773046845,0.9717678283780442,
holo,9BVB,MF8,5G5J,7,148.0,0.452005709600016,0.4307541607198988,0.4828747032548689,0.3842831109750988,
holo,9BVB,MWS,6OOB,7,150.0,0.4400268663280828,0.6718185177032309,1.0369995144906758,0.5297839815894823,
holo,9BVB,MWV,6OO9,7,149.0,0.44237366047441423,0.5634892978660404,0.7116461622014961,0.42616330816808473,
holo,9BVB,MWY,6OOA,1,,,,,,span < 4 residues in common
holo,9BVB,MYT,1W0G,7,146.0,0.4745517824880904,0.7505581173760395,1.0502742366658868,0.3759642593237291,
holo,9BVB,NH0,7UF9,0,,,,,,span < 4 residues in common
holo,9BVB,NI6,7UFA,7,148.0,0.4452367477449477,7.280389681586791,8.921125627900715,0.5732985977757159,
holo,9BVB,NJ0,7UFB,7,150.0,0.3955571273279017,0.5745119161742529,0.977568306358261,0.1801609754429474,
holo,9BVB,NJO,7UFC,7,150.0,0.46218473300059426,0.7558702884728761,1.2731608567520722,0.37859695853312286,
holo,9BVB,NXR,7UFE,7,149.0,0.9577736025539477,4.371041360390203,5.537666792528873,1.0545293073652051,
holo,9BVB,NYF,7UFF,7,149.0,0.9574380526365414,4.3928171917809875,5.581614329187949,1.0535021063197407,
holo,9BVB,PG0,9BV6,6,150.0,0.3521844540001953,4.600484046574141,6.260793753845325,0.3759522232284652,
holo,9BVB,PG4,9YK4,7,149.0,0.373829306506852,0.4722895680253869,0.6259273066586799,0.2435986940331985,
holo,9BVB,PK9,4D6Z,7,146.0,0.32891895181944436,0.49488124832754576,0.588851696642349,0.21757487333961328,
holo,9BVB,PKT,4D7D,7,147.0,0.6366301162551102,4.1747201766380995,6.951095077004893,0.7892799276683523,
holo,9BVB,QDJ,6UNL,0,,,,,,span < 4 residues in common
holo,9BVB,QDP,6UNM,0,,,,,,span < 4 residues in common
holo,9BVB,QDV,6UNI,0,,,,,,span < 4 residues in common
holo,9BVB,QDY,6UNJ,7,147.0,0.8341016650804808,4.530533091858543,6.937418821431938,1.0449127897257302,
holo,9BVB,QE4,6UNK,3,,,,,,span < 4 residues in common
holo,9BVB,QEA,6UNH,4,147.0,0.5560629923092724,0.4667687108623837,0.6078294084619434,0.6863685002743107,
holo,9BVB,QEP,6UNG,4,149.0,0.5375433993146245,0.38651020771700906,0.500357716485774,0.7810386790011052,
holo,9BVB,QES,6UNE,4,148.0,0.4231026253602012,0.6819074527431015,1.0055833945325372,0.5727769864252128,
holo,9BVB,RIT,3NXU,7,147.0,0.9738330649393605,4.442440053399231,5.526777286663388,1.1237137041636818,
holo,9BVB,T0K,7UFD,7,150.0,0.4504130947811929,0.8946748370220898,1.4341042791015264,0.39655329067925726,
holo,9BVB,TCI,9PLJ,7,150.0,0.4074870908984065,0.6011480309454037,0.8289507989738827,0.47744685968262535,
holo,9BVB,X5Y,7KVH,7,147.0,0.7516377194346436,4.723444406757362,6.249873422507658,0.9632261151086442,
holo,9BVB,X6J,7KVP,3,,,,,,span < 4 residues in common
holo,9BVB,X6S,7KVO,7,150.0,0.915764161876901,4.228692096774572,5.506435153960364,1.0105627919425468,
holo,9BVB,X6V,7KVN,7,146.0,0.7672913555291931,4.521921333059616,5.811580869683648,0.9691483063923603,
holo,9BVB,X71,7KVM,2,,,,,,span < 4 residues in common
holo,9BVB,X74,7KVS,7,149.0,0.9360539561637199,4.212752554270315,5.686846831053544,1.0252603700254588,
holo,9BVB,X7D,7KVQ,7,147.0,0.736430004113117,4.2843904692127275,5.63407193385965,0.9530988649599706,
holo,9BVB,X7J,7KVK,7,150.0,1.0206133009218303,4.328331615855171,5.639299112576505,1.1101188260342054,
holo,9BVB,X7M,7KVJ,0,,,,,,span < 4 residues in common
holo,9BVB,X7P,7KVI,1,,,,,,span < 4 residues in common
holo,9BVB,Y83,6BDM,4,149.0,0.5300528072343538,2.8607352571832436,5.183969993732216,0.8605029840703977,
holo,9BVB,YNV,7LXL,2,,,,,,span < 4 residues in common
holo,9BVB,Z8Z,4I4G,7,147.0,0.6856693199272228,5.085496948077606,7.204959737132778,0.8515264465178097,
holo,9BVB,Z9Z,4I4H,7,147.0,0.696550643816178,4.415211027004646,5.697449251179223,0.9005498279845253,
holo,9BVC,08J,5TE8,7,149.0,0.6802953013909228,7.448018520054915,12.213839528477868,0.7091268020352159,
holo,9BVC,08Y,3UA1,7,148.0,0.457101011711384,0.7461009825086924,1.117545901277936,0.44025067555227404,
holo,9BVC,1RD,4K9T,7,146.0,0.6790812161611258,4.457996514393026,6.1129882312192265,0.8120845902655387,
holo,9BVC,2QH,4NY4,7,148.0,0.455205759950326,1.0981967507244876,2.0215074417029872,0.3680319830824501,
holo,9BVC,5AW,4K9U,1,,,,,,span < 4 residues in common
holo,9BVC,6AW,4K9V,7,146.0,0.36857776325551694,0.993455450843373,2.1199614935062927,0.3126047593089598,
holo,9BVC,7AW,4K9W,7,148.0,1.023193373023822,4.439197316904857,5.597582997813704,1.0966280546942855,
holo,9BVC,80K,6BD6,7,148.0,0.40540862281515805,0.8381028530644451,1.8446632162049699,0.5620476315574632,
holo,9BVC,8AW,4K9X,5,147.0,0.6902066704914822,4.659622854883159,5.418647040500212,0.8204309097337978,
holo,9BVC,A1A06,9COS,0,,,,,,span < 4 residues in common
holo,9BVC,A1A07,9COR,1,,,,,,span < 4 residues in common
holo,9BVC,A1A08,9COT,0,,,,,,span < 4 residues in common
holo,9BVC,A1A4K,9COX,0,,,,,,span < 4 residues in common
holo,9BVC,A1A4S,9COV,0,,,,,,span < 4 residues in common
holo,9BVC,A1A4T,9COY,0,,,,,,span < 4 residues in common
holo,9BVC,A1A4U,9COU,0,,,,,,span < 4 residues in common
holo,9BVC,A1A4V,9COW,0,,,,,,span < 4 residues in common
holo,9BVC,A1APA,9BBB,1,,,,,,span < 4 residues in common
holo,9BVC,A1ASP,9BVB,7,149.0,0.17400654275050428,0.2814791743831503,0.4755737603253832,0.1510228745623758,
holo,9BVC,A1ASQ,9BVA,7,148.0,0.2007832017342323,0.3260418954100554,0.44888222430592206,0.21847006444494022,
holo,9BVC,A1ASR,9BV9,7,149.0,0.19022835409486175,0.29036779445996147,0.4941092579071646,0.159356031708931,
holo,9BVC,A1ASS,9BV8,7,149.0,0.28773165519796423,0.6977846153676692,0.9786139443717178,0.25897028152160273,
holo,9BVC,A1AST,9BV7,7,148.0,0.21562990561832815,0.19280442513640755,0.3861957672252604,0.18112523172285838,
holo,9BVC,A1ASU,9BV6,6,149.0,0.3210050276421662,4.39406794012415,6.041479518112154,0.37919522152217977,
holo,9BVC,A1ASV,9BV5,7,149.0,0.5802709632232502,0.40640433437370865,0.6487546426980881,0.25612814098228276,
holo,9BVC,A1BNX,9MS1,2,,,,,,span < 4 residues in common
holo,9BVC,A1CIW,9PLK,4,149.0,0.44519360993425805,4.931800815813844,6.842840058796541,0.6213469890329103,
holo,9BVC,CFF,8SO1,7,149.0,0.36614071028939954,0.9348942010456208,1.376487493170623,0.44138519165982015,
holo,9BVC,CL6,8SPD,7,148.0,0.39998680332235675,7.422057299741759,8.752238557806633,0.3946821726576267,
holo,9BVC,D0R,3TJS,2,,,,,,span < 4 residues in common
holo,9BVC,D7J,6BD7,7,149.0,0.38021341920500507,0.42157293923879857,0.7007334740643275,0.25530569931304536,
holo,9BVC,D7M,6BD5,7,148.0,0.32245215236853375,0.602622414383725,0.9526773011397186,0.27391271190332067,
holo,9BVC,D7Y,6BCZ,7,149.0,0.39078303716137636,0.4446473503346624,0.6857360130936224,0.33383208937378905,
holo,9BVC,D81,6BD8,7,148.0,0.4024074217820973,0.5981121940536819,0.8856541535096708,0.4970556773116728,
holo,9BVC,DEJ,6BDI,7,149.0,0.3608966524970768,0.5344590322575248,0.8914723669783687,0.2577252495051757,
holo,9BVC,DEV,6BDH,0,,,,,,span < 4 residues in common
holo,9BVC,DJ1,6BDK,7,149.0,0.3492754617018892,0.44865315720813437,0.7430430872253513,0.21422250157048708,
holo,9BVC,ERY,2J0D,4,149.0,0.5663472157083523,6.200099545414963,8.411344538101812,0.6916746116744585,
holo,9BVC,FZV,6DAC,4,148.0,0.3252851623586591,2.081374924185141,4.116133047066979,0.35857474263021966,
holo,9BVC,G0D,6DA2,3,,,,,,span < 4 residues in common
holo,9BVC,G0J,6DA8,1,,,,,,span < 4 residues in common
holo,9BVC,G0M,6DAA,1,,,,,,span < 4 residues in common
holo,9BVC,G0V,6DAB,0,,,,,,span < 4 residues in common
holo,9BVC,G1J,6DA5,1,,,,,,span < 4 residues in common
holo,9BVC,J9K,4D78,7,146.0,0.5812939363171187,4.461639016959091,6.165723218097734,0.739551103625658,
holo,9BVC,KLN,2V0M,7,146.0,0.7960317711771349,4.953790727475082,6.311050219354324,0.9330724208982051,
holo,9BVC,MF8,5G5J,7,148.0,0.4428753360879604,0.5693256935591853,0.8622530985097323,0.3911764812116248,
holo,9BVC,MWS,6OOB,7,149.0,0.3963930354099716,0.8596923900364427,1.326231918300276,0.5476720998182291,
holo,9BVC,MWV,6OO9,7,149.0,0.41623108837800615,0.7191221530222639,1.0479269082471374,0.4430019779046523,
holo,9BVC,MWY,6OOA,1,,,,,,span < 4 residues in common
holo,9BVC,MYT,1W0G,7,146.0,0.48167272221355334,0.786535161903235,1.1157308821836358,0.39478432018629667,
holo,9BVC,NH0,7UF9,0,,,,,,span < 4 residues in common
holo,9BVC,NI6,7UFA,7,148.0,0.4211750252475264,7.169985799822032,8.793565023228965,0.5389532688739656,
holo,9BVC,NJ0,7UFB,7,149.0,0.33245272881558907,0.6966480612684083,1.1847379556036812,0.18215610416717004,
holo,9BVC,NJO,7UFC,7,149.0,0.39748288241348523,0.7196381706649825,1.1742015517292654,0.38257721465507527,
holo,9BVC,NXR,7UFE,7,148.0,0.9002002777092744,4.403390419287894,5.602826167031737,1.001630407647125,
holo,9BVC,NYF,7UFF,7,148.0,0.8999400502577071,4.424612509651693,5.646690046732604,1.0003473034635133,
holo,9BVC,PG0,9BV6,6,149.0,0.3210050276421662,4.39406794012415,6.041479518112154,0.37919522152217977,
holo,9BVC,PG4,9YK4,7,148.0,0.3256561998759595,0.6445518795214799,0.9089674859008275,0.23626836803073512,
holo,9BVC,PK9,4D6Z,7,146.0,0.3200804781286575,0.6211648956981941,0.865606638780021,0.23952764359827322,
holo,9BVC,PKT,4D7D,7,147.0,0.6402483354065472,4.153323660367506,6.843182625533486,0.7649965493167962,
holo,9BVC,QDJ,6UNL,0,,,,,,span < 4 residues in common
holo,9BVC,QDP,6UNM,0,,,,,,span < 4 residues in common
holo,9BVC,QDV,6UNI,0,,,,,,span < 4 residues in common
holo,9BVC,QDY,6UNJ,7,147.0,0.8583415341068751,4.400419075593376,6.751698667760465,1.02120912638267,
holo,9BVC,QE4,6UNK,3,,,,,,span < 4 residues in common
holo,9BVC,QEA,6UNH,4,147.0,0.567427181285268,0.4441909014617787,0.595531157987927,0.6583862820609281,
holo,9BVC,QEP,6UNG,4,149.0,0.5130775936115796,0.31263105042777506,0.3827243585497657,0.7451021043829705,
holo,9BVC,QES,6UNE,4,148.0,0.4106653534024659,0.572926945070277,0.8099647167519014,0.5572453724743169,
holo,9BVC,RIT,3NXU,7,147.0,0.9925764598307536,4.4339903264839835,5.3695258458180675,1.095636275600943,
holo,9BVC,T0K,7UFD,7,149.0,0.39347024044014345,0.8612692225030848,1.3462498135930532,0.4123337601320357,
holo,9BVC,TCI,9PLJ,7,149.0,0.37737945769776593,0.7564603214579707,1.0994152015191105,0.500318166261603,
holo,9BVC,X5Y,7KVH,7,147.0,0.7840785396533663,4.702581642174574,6.310544961073464,0.9380509130237972,
holo,9BVC,X6J,7KVP,3,,,,,,span < 4 residues in common
holo,9BVC,X6S,7KVO,7,149.0,0.8915988938589754,4.237603309694733,5.571138758436314,0.9559142604605674,
holo,9BVC,X6V,7KVN,7,146.0,0.8024119134790926,4.506973993945195,5.871372164904597,0.9468880148265779,
holo,9BVC,X71,7KVM,2,,,,,,span < 4 residues in common
holo,9BVC,X74,7KVS,7,149.0,0.9462010520120625,4.188566994416086,5.746504874561342,0.9991454085686339,
holo,9BVC,X7D,7KVQ,7,147.0,0.7716242964378319,4.27562346240659,5.693732417977881,0.9268474320330438,
holo,9BVC,X7J,7KVK,7,149.0,0.99728217276999,4.341375643938517,5.704490921470604,1.0594632351774484,
holo,9BVC,X7M,7KVJ,0,,,,,,span < 4 residues in common
holo,9BVC,X7P,7KVI,1,,,,,,span < 4 residues in common
holo,9BVC,Y83,6BDM,4,149.0,0.5150968539318211,2.7658570681390655,4.96734234210152,0.8568315648668506,
holo,9BVC,YNV,7LXL,2,,,,,,span < 4 residues in common
holo,9BVC,Z8Z,4I4G,7,147.0,0.7050918030980294,5.043578369598326,7.031524770604399,0.8297450335144805,
holo,9BVC,Z9Z,4I4H,7,147.0,0.7016952016795206,4.414625649414223,5.754320310931429,0.8854613223780047,
holo,9PLJ,08J,5TE8,7,150.0,0.585678848801509,7.288684429776638,11.96488225742756,0.41314017384225404,
holo,9PLJ,08Y,3UA1,7,148.0,0.4039574227677916,0.28926973208145573,0.5042855484908347,0.24264839651708223,
holo,9PLJ,1RD,4K9T,7,146.0,0.7365764456039587,4.461636719808958,6.701403239107847,1.038219922080084,
holo,9PLJ,2QH,4NY4,7,149.0,0.5583018400031047,1.3279318901276418,2.4376849927326414,0.6918087352082432,
holo,9PLJ,5AW,4K9U,1,,,,,,span < 4 residues in common
holo,9PLJ,6AW,4K9V,7,146.0,0.42557440162935134,1.1884435117553618,2.4444302271161074,0.4997913459292363,
holo,9PLJ,7AW,4K9W,7,148.0,1.0805173880661612,4.693447241479201,6.079414701125039,1.3597412475002038,
holo,9PLJ,80K,6BD6,7,148.0,0.459290597508399,1.219302841999158,2.257857161989814,0.8472838013402632,
holo,9PLJ,8AW,4K9X,5,147.0,0.7899931876232995,4.775086588950004,5.407883435538203,1.0947821295589992,
holo,9PLJ,A1A06,9COS,0,,,,,,span < 4 residues in common
holo,9PLJ,A1A07,9COR,1,,,,,,span < 4 residues in common
holo,9PLJ,A1A08,9COT,0,,,,,,span < 4 residues in common
holo,9PLJ,A1A4K,9COX,0,,,,,,span < 4 residues in common
holo,9PLJ,A1A4S,9COV,0,,,,,,span < 4 residues in common
holo,9PLJ,A1A4T,9COY,0,,,,,,span < 4 residues in common
holo,9PLJ,A1A4U,9COU,0,,,,,,span < 4 residues in common
holo,9PLJ,A1A4V,9COW,0,,,,,,span < 4 residues in common
holo,9PLJ,A1APA,9BBB,1,,,,,,span < 4 residues in common
holo,9PLJ,A1ASO,9BVC,7,149.0,0.3773794576977662,0.7564603214579702,1.0994152015191136,0.5003181662616019,
holo,9PLJ,A1ASP,9BVB,7,150.0,0.40748709089840657,0.6011480309454005,0.8289507989738752,0.4774468596826227,
holo,9PLJ,A1ASQ,9BVA,7,149.0,0.3918168708505503,0.5543295438421871,0.8278515848634336,0.5509396100270875,
holo,9PLJ,A1ASR,9BV9,7,150.0,0.41184352229955284,0.6023517934327166,0.8187165867718357,0.4679180861003155,
holo,9PLJ,A1ASS,9BV8,7,150.0,0.3117513119525841,0.6634053726840001,0.9210056144369416,0.41786445502005903,
holo,9PLJ,A1AST,9BV7,7,149.0,0.42517601888333345,0.7217718604646418,1.1578942758208315,0.5638046234282902,
holo,9PLJ,A1ASU,9BV6,6,150.0,0.439080995929861,4.8855431050842935,6.51548523167481,0.6295984269146989,
holo,9PLJ,A1ASV,9BV5,7,151.0,0.730095038939743,0.6240009371402594,1.0121041692398642,0.4285190672770025,
holo,9PLJ,A1BNX,9MS1,2,,,,,,span < 4 residues in common
holo,9PLJ,A1CIW,9PLK,4,151.0,0.2705128699954589,5.008447929000912,7.292205466670521,0.2515872306884289,
holo,9PLJ,CFF,8SO1,7,151.0,0.264521242858729,0.573730890455905,0.6559283727734754,0.22502234227627743,
holo,9PLJ,CL6,8SPD,7,149.0,0.4220963540545227,7.305191796093535,9.086963639230415,0.44310019812263196,
holo,9PLJ,D0R,3TJS,2,,,,,,span < 4 residues in common
holo,9PLJ,D7J,6BD7,7,151.0,0.565882267012952,0.4615308112441634,0.6880076459353631,0.45732120384624064,
holo,9PLJ,D7M,6BD5,7,149.0,0.3344191092758673,0.3753486995178407,0.5708635404341087,0.5069469416815954,
holo,9PLJ,D7Y,6BCZ,7,151.0,0.5315383481544225,0.4512250925861435,0.6666901864555892,0.4029465906106058,
holo,9PLJ,D81,6BD8,7,149.0,0.44623438130668475,0.6724016871472953,1.0106072289387282,0.8562749176132642,
holo,9PLJ,DEJ,6BDI,7,150.0,0.5272424619271215,0.477001300894454,0.6731725018321947,0.4894621444057142,
holo,9PLJ,DEV,6BDH,0,,,,,,span < 4 residues in common
holo,9PLJ,DJ1,6BDK,7,150.0,0.5173017041892117,0.4568797369639923,0.684451108710214,0.47457024036374423,
holo,9PLJ,ERY,2J0D,4,150.0,0.5835866723113952,6.282203254649737,8.530907456805704,0.4063217305653099,
holo,9PLJ,FZV,6DAC,4,149.0,0.3301258540476477,2.36643624386589,4.690540379993699,0.6246078029372465,
holo,9PLJ,G0D,6DA2,3,,,,,,span < 4 residues in common
holo,9PLJ,G0J,6DA8,1,,,,,,span < 4 residues in common
holo,9PLJ,G0M,6DAA,1,,,,,,span < 4 residues in common
holo,9PLJ,G0V,6DAB,0,,,,,,span < 4 residues in common
holo,9PLJ,G1J,6DA5,1,,,,,,span < 4 residues in common
holo,9PLJ,J9K,4D78,7,146.0,0.6471586292335358,4.759567898121212,6.91208416307517,1.008579323166595,
holo,9PLJ,KLN,2V0M,7,146.0,0.8669366412988132,5.307803911914134,6.577608903919709,1.2464596525407659,
holo,9PLJ,MF8,5G5J,7,148.0,0.45060651997738543,0.3686091493627918,0.43661907551627815,0.26515486465721627,
holo,9PLJ,MWS,6OOB,7,150.0,0.20530845830161137,0.22426860551276395,0.261371236178952,0.16048898617338553,
holo,9PLJ,MWV,6OO9,7,150.0,0.29029914784835037,0.27347551113442314,0.36325886636383076,0.19132286863520725,
holo,9PLJ,MWY,6OOA,1,,,,,,span < 4 residues in common
holo,9PLJ,MYT,1W0G,7,146.0,0.5501899717570681,0.7118084709587258,1.0925289580790123,0.46280724094180564,
holo,9PLJ,NH0,7UF9,0,,,,,,span < 4 residues in common
holo,9PLJ,NI6,7UFA,7,148.0,0.40490832736283855,7.1014185931806235,8.905099810371324,0.7955681363117715,
holo,9PLJ,NJ0,7UFB,7,151.0,0.2851830291904929,0.410631581625901,0.5743775072900952,0.44281889114634854,
holo,9PLJ,NJO,7UFC,7,151.0,0.5604770835129527,0.9756085934876707,1.5252654881423557,0.6644196175942139,
holo,9PLJ,NXR,7UFE,7,149.0,1.0111347076820845,4.5747332428914556,5.7778263659468445,1.3109796872482598,
holo,9PLJ,NYF,7UFF,7,149.0,1.0111848721399055,4.595059486198914,5.787286180757696,1.3098074531753,
holo,9PLJ,PG0,9BV6,6,150.0,0.439080995929861,4.8855431050842935,6.51548523167481,0.6295984269146989,
holo,9PLJ,PG4,9YK4,7,149.0,0.3313265699100995,0.4720780746325802,0.6034353660248509,0.3686248674160246,
holo,9PLJ,PK9,4D6Z,7,146.0,0.2868467381644519,0.4321780753758496,0.5531207528947522,0.36126223517379474,
holo,9PLJ,PKT,4D7D,7,147.0,0.7458916396157675,4.435832884230083,7.403524889117167,1.0487284458961152,
holo,9PLJ,QDJ,6UNL,0,,,,,,span < 4 residues in common
holo,9PLJ,QDP,6UNM,0,,,,,,span < 4 residues in common
holo,9PLJ,QDV,6UNI,0,,,,,,span < 4 residues in common
holo,9PLJ,QDY,6UNJ,7,147.0,0.9840599685497935,4.468857480058575,7.0429638916035655,1.3544715161073997,
holo,9PLJ,QE4,6UNK,3,,,,,,span < 4 residues in common
holo,9PLJ,QEA,6UNH,4,147.0,0.6605054930892815,0.6981421476405106,0.7941929624707335,0.9364426783058967,
holo,9PLJ,QEP,6UNG,4,149.0,0.574131734997805,0.5422211370028118,0.6721768243239645,1.0241629994321158,
holo,9PLJ,QES,6UNE,4,148.0,0.45548702458647733,0.823699099114544,1.166352469962175,0.8226923052446826,
holo,9PLJ,RIT,3NXU,7,147.0,1.076023507450943,4.662009239040469,6.055452101803674,1.365467300848972,
holo,9PLJ,T0K,7UFD,7,151.0,0.5530897360750379,1.0866325405696795,1.6421942648216068,0.620445204573985,
holo,9PLJ,X5Y,7KVH,7,147.0,0.8833573514057572,4.935426067847298,6.3005219072671705,1.243340368190803,
holo,9PLJ,X6J,7KVP,3,,,,,,span < 4 residues in common
holo,9PLJ,X6S,7KVO,7,150.0,0.964245732602384,4.441746482713117,5.584838740194147,1.2665099674008422,
holo,9PLJ,X6V,7KVN,7,146.0,0.86775049210378,4.7413516537678655,5.877020382639719,1.235743586683833,
holo,9PLJ,X71,7KVM,2,,,,,,span < 4 residues in common
holo,9PLJ,X74,7KVS,7,149.0,0.9934802664557032,4.4632100057334805,5.761155218123195,1.296742178335578,
holo,9PLJ,X7D,7KVQ,7,147.0,0.859770433816161,4.4890473740213075,5.700666418286552,1.2253737521189159,
holo,9PLJ,X7J,7KVK,7,150.0,1.0754314194987782,4.542081100939626,5.712241546929959,1.3766753876904243,
holo,9PLJ,X7M,7KVJ,0,,,,,,span < 4 residues in common
holo,9PLJ,X7P,7KVI,1,,,,,,span < 4 residues in common
holo,9PLJ,Y83,6BDM,4,150.0,0.5534516070474511,2.9162884579270343,5.412457897699282,1.0996344097370299,
holo,9PLJ,YNV,7LXL,2,,,,,,span < 4 residues in common
holo,9PLJ,Z8Z,4I4G,7,147.0,0.8021771652000899,5.315382550208711,7.702511861733761,1.1048543490571514,
holo,9PLJ,Z9Z,4I4H,7,147.0,0.8006574066712818,4.630081561734935,5.7174750967684345,1.143995286788403,
holo,9YK4,08J,5TE8,7,149.0,0.6499286797566222,7.2395329556690236,12.050188175734677,0.5573315062121971,
holo,9YK4,08Y,3UA1,7,147.0,0.33919573267411396,0.3121285936137283,0.41945998553119673,0.2805307257113128,
holo,9YK4,1RD,4K9T,7,146.0,0.6811318230776767,4.496848502359654,6.4633163651465555,0.9026689821613278,
holo,9YK4,2QH,4NY4,7,147.0,0.489306263087542,1.0614093849458768,2.136450889996765,0.47848133899098955,
holo,9YK4,5AW,4K9U,1,,,,,,span < 4 residues in common
holo,9YK4,6AW,4K9V,7,146.0,0.3333505074597671,1.0101205884544002,2.0071273045226015,0.31133432597276106,
holo,9YK4,7AW,4K9W,7,148.0,1.0006716585852329,4.486761181472335,5.640445646644392,1.217911067267306,
holo,9YK4,80K,6BD6,7,148.0,0.4061724260141678,1.0367217234681796,1.9683887300309748,0.6751416729644611,
holo,9YK4,8AW,4K9X,5,147.0,0.696226120748103,4.6666576082360764,5.458658458131828,0.9377573757981644,
holo,9YK4,A1A06,9COS,0,,,,,,span < 4 residues in common
holo,9YK4,A1A07,9COR,1,,,,,,span < 4 residues in common
holo,9YK4,A1A08,9COT,0,,,,,,span < 4 residues in common
holo,9YK4,A1A4K,9COX,0,,,,,,span < 4 residues in common
holo,9YK4,A1A4S,9COV,0,,,,,,span < 4 residues in common
holo,9YK4,A1A4T,9COY,0,,,,,,span < 4 residues in common
holo,9YK4,A1A4U,9COU,0,,,,,,span < 4 residues in common
holo,9YK4,A1A4V,9COW,0,,,,,,span < 4 residues in common
holo,9YK4,A1APA,9BBB,1,,,,,,span < 4 residues in common
holo,9YK4,A1ASO,9BVC,7,148.0,0.3256561998759586,0.6445518795214731,0.9089674859008214,0.23626836803073253,
holo,9YK4,A1ASP,9BVB,7,149.0,0.37382930650685253,0.4722895680253837,0.6259273066586766,0.24359869403319825,
holo,9YK4,A1ASQ,9BVA,7,149.0,0.3719904072274489,0.48209970211830816,0.5644495669754194,0.33334568025589906,
holo,9YK4,A1ASR,9BV9,7,149.0,0.3828516756146974,0.49299759836804985,0.652881111844917,0.24716226992255982,
holo,9YK4,A1ASS,9BV8,7,149.0,0.3257140934744611,0.3290236115155667,0.6042954409675001,0.26325336516517384,
holo,9YK4,A1AST,9BV7,7,149.0,0.3948077703664866,0.6111915881077002,0.857380089177982,0.2978910992710587,
holo,9YK4,A1ASU,9BV6,6,149.0,0.3669633087143518,4.655381656696933,6.1953656554768575,0.4360103259664001,
holo,9YK4,A1ASV,9BV5,7,149.0,0.4630851195747362,0.34881184222338285,0.5457779412201348,0.16910034615582056,
holo,9YK4,A1BNX,9MS1,2,,,,,,span < 4 residues in common
holo,9YK4,A1CIW,9PLK,4,149.0,0.39988955045828567,4.852815732161989,7.033773142391063,0.4906769100212795,
holo,9YK4,CFF,8SO1,7,149.0,0.2927942470431347,0.39112294199707676,0.6243824744512843,0.30644932587016616,
holo,9YK4,CL6,8SPD,7,149.0,0.4755648107462268,7.291534805198672,8.851079929720845,0.3288186853819843,
holo,9YK4,D0R,3TJS,2,,,,,,span < 4 residues in common
holo,9YK4,D7J,6BD7,7,149.0,0.31789996573812734,0.4098882408713756,0.47596308982438446,0.2691768654521495,
holo,9YK4,D7M,6BD5,7,149.0,0.3509538972019068,0.23247585156484638,0.33543319756638823,0.32108504488680545,
holo,9YK4,D7Y,6BCZ,7,149.0,0.3107766962061082,0.24927985235448571,0.3687266272766397,0.2685572949318842,
holo,9YK4,D81,6BD8,7,149.0,0.4354065959684795,0.6240209047837594,0.7326650370206179,0.6609612471719046,
holo,9YK4,DEJ,6BDI,7,148.0,0.27065895159081393,0.2370238242609932,0.38010164364320514,0.274160564434664,
holo,9YK4,DEV,6BDH,0,,,,,,span < 4 residues in common
holo,9YK4,DJ1,6BDK,7,148.0,0.270096858500609,0.294590663970258,0.4531472940220735,0.26913628200614464,
holo,9YK4,ERY,2J0D,4,149.0,0.5675613464234137,6.013557195525543,8.091253962307155,0.5046055009943203,
holo,9YK4,FZV,6DAC,4,149.0,0.33782065246006265,2.3177998679844385,4.625528213148613,0.4443106482078891,
holo,9YK4,G0D,6DA2,3,,,,,,span < 4 residues in common
holo,9YK4,G0J,6DA8,1,,,,,,span < 4 residues in common
holo,9YK4,G0M,6DAA,1,,,,,,span < 4 residues in common
holo,9YK4,G0V,6DAB,0,,,,,,span < 4 residues in common
holo,9YK4,G1J,6DA5,1,,,,,,span < 4 residues in common
holo,9YK4,J9K,4D78,7,146.0,0.5764411588817626,4.557493806857701,6.379948974431468,0.838983171779581,
holo,9YK4,KLN,2V0M,7,146.0,0.7661173862688068,5.080294073327611,6.469986528907753,1.0582741749139026,
holo,9YK4,MF8,5G5J,7,147.0,0.42303835350649055,0.37515049319167004,0.5642308512460228,0.2795794668358846,
holo,9YK4,MWS,6OOB,7,149.0,0.33901603921151763,0.4867044901702441,0.6786210329359,0.39227224310212977,
holo,9YK4,MWV,6OO9,7,148.0,0.3705908381312067,0.3203277270756465,0.4376683115517271,0.3074502781554491,
holo,9YK4,MWY,6OOA,1,,,,,,span < 4 residues in common
holo,9YK4,MYT,1W0G,7,146.0,0.523139484405926,0.4628521056863106,0.8088587638628737,0.34110356345058007,
holo,9YK4,NH0,7UF9,0,,,,,,span < 4 residues in common
holo,9YK4,NI6,7UFA,7,147.0,0.37896950484857594,7.087601335941406,8.747538253409054,0.6003002270737768,
holo,9YK4,NJ0,7UFB,7,149.0,0.2847893383645215,0.23948412379529327,0.4369677198653549,0.22070263953181016,
holo,9YK4,NJO,7UFC,7,149.0,0.3700040008872521,0.7438385729543365,1.2498521576477335,0.457340242588658,
holo,9YK4,NXR,7UFE,7,149.0,0.9829808630133912,4.35288483493916,5.610934068955343,1.1764431070615753,
holo,9YK4,NYF,7UFF,7,149.0,0.983172024074721,4.374872851439347,5.6548335770505656,1.1751227616440003,
holo,9YK4,PG0,9BV6,6,149.0,0.3669633087143518,4.655381656696933,6.1953656554768575,0.4360103259664001,
holo,9YK4,PK9,4D6Z,7,146.0,0.1500598336653284,0.09102779727749863,0.10778454988316598,0.09065080702078139,
holo,9YK4,PKT,4D7D,7,147.0,0.6631465898728822,4.2213031875599025,6.880639143337716,0.8826834418075775,
holo,9YK4,QDJ,6UNL,0,,,,,,span < 4 residues in common
holo,9YK4,QDP,6UNM,0,,,,,,span < 4 residues in common
holo,9YK4,QDV,6UNI,0,,,,,,span < 4 residues in common
holo,9YK4,QDY,6UNJ,7,147.0,0.8916066168049291,4.410625310408816,6.735739331068753,1.1637606829364346,
holo,9YK4,QE4,6UNK,3,,,,,,span < 4 residues in common
holo,9YK4,QEA,6UNH,4,147.0,0.5937297056101247,0.3964558704751431,0.4821878658723153,0.7758695613051279,
holo,9YK4,QEP,6UNG,4,148.0,0.5117649450606341,0.4439707424213827,0.5743031212471594,0.8615316494373065,
holo,9YK4,QES,6UNE,4,148.0,0.39796544423201896,0.7286784925383758,0.792475573567101,0.6543527512509718,
holo,9YK4,RIT,3NXU,7,147.0,0.9970261570623198,4.448869936369644,5.525796115561475,1.2323736368453106,
holo,9YK4,T0K,7UFD,7,149.0,0.35723912435311284,0.8049179749542439,1.3687782947920648,0.4448171794252315,
holo,9YK4,TCI,9PLJ,7,149.0,0.3313265699101,0.4720780746325849,0.6034353660248558,0.368624867416026,
holo,9YK4,X5Y,7KVH,7,147.0,0.7946806327663897,4.739659888330815,6.343720344618917,1.0710773737440569,
holo,9YK4,X6J,7KVP,3,,,,,,span < 4 residues in common
holo,9YK4,X6S,7KVO,7,149.0,0.8646076055448075,4.257122023732236,5.601199015165661,1.106562369070171,
holo,9YK4,X6V,7KVN,7,146.0,0.8034585844562935,4.533412485433119,5.893302224657173,1.074794443716662,
holo,9YK4,X71,7KVM,2,,,,,,span < 4 residues in common
holo,9YK4,X74,7KVS,7,148.0,0.8504953927430522,4.300080460629605,5.795536998149753,1.1113256206683109,
holo,9YK4,X7D,7KVQ,7,147.0,0.8021487473808027,4.288689957919267,5.707889919618016,1.0648219899959455,
holo,9YK4,X7J,7KVK,7,149.0,0.9728872146206241,4.360183935186022,5.739147181515221,1.2062357801923944,
holo,9YK4,X7M,7KVJ,0,,,,,,span < 4 residues in common
holo,9YK4,X7P,7KVI,1,,,,,,span < 4 residues in common
holo,9YK4,Y83,6BDM,4,148.0,0.48738309838301513,2.7585747126634192,5.087103936661228,0.9378140626790179,
holo,9YK4,YNV,7LXL,2,,,,,,span < 4 residues in common
holo,9YK4,Z8Z,4I4G,7,147.0,0.7144989630596805,5.118954210964677,7.178036858453913,0.9549507316190735,
holo,9YK4,Z9Z,4I4H,7,147.0,0.6931892051017731,4.436893035761318,5.786326987158618,1.0011815758737346,
