ligand,pdb,arm,sample,lddt_pli,bisy_rmsd,xeng,fe_donor_dist,s_fe_donor_angle,is_coordinated,frac_proximal,renumber_offset,renumber_identity,mapped,md5,n_ref_poses,batch
1RD,4K9T,explorer_boltz2_msa,s202_m0,0.2056509298998569,6.763711538416112,0.9913754637823118,2.172806378948663,174.9373425890327,True,0.0,0,1.0,True,21891979431a1106f6058435fdd6ca31,8,dt2a
1RD,4K9T,explorer_boltz2_msa,s202_m1,0.2199570815450643,6.726087852555325,1.068489089061032,2.1525447461318894,174.3021794666961,True,0.0,0,1.0,True,942e9d2285e45530e82f175b84f1fd40,8,dt2a
1RD,4K9T,explorer_boltz2_msa,s202_m10,0.2868383404864091,6.250009047562419,1.6814329944166482,2.1476520115931264,175.02910507369864,True,0.0,0,1.0,True,78c6c70ba9ee36ee475b23e53a4fab1f,8,dt2a
1RD,4K9T,explorer_boltz2_msa,s202_m11,0.2875536480686695,5.913388354831417,1.4393072829869236,2.1374618758237536,172.72583422830226,True,0.0,0,1.0,True,e45c52d7d859f978505a3e973a512fc8,8,dt2a
1RD,4K9T,explorer_boltz2_msa,s202_m12,0.2814735336194564,5.6399397318082,1.298912781351428,2.199255085273193,174.1277787517962,True,0.0,0,1.0,True,280b583085d0254efe2a0bba3359015f,8,dt2a
1RD,4K9T,explorer_boltz2_msa,s202_m13,0.315450643776824,5.128485055150164,1.4460478334059248,2.182423130513421,173.5609214792217,True,0.0,0,1.0,True,dd4e7e0f67a2dc130a3b3e664abed003,8,dt2a
1RD,4K9T,explorer_boltz2_msa,s202_m14,0.259656652360515,5.625450411340148,1.3182576472901415,2.261053497664308,173.1492126222915,True,0.0,0,1.0,True,2db144c326f7ad90084199346a879e28,8,dt2a
1RD,4K9T,explorer_boltz2_msa,s202_m15,0.2964949928469241,5.592904773871079,1.497627272245204,2.1979952716282174,173.309255089634,True,0.0,0,1.0,True,7d0e2e7c45cc7649fd8ef7a0261ce6dd,8,dt2a
1RD,4K9T,explorer_boltz2_msa,s202_m16,0.2550071530758226,5.925792842390071,1.186936622515622,2.169677365646791,176.03935476797426,True,0.0,0,1.0,True,6a760287fd58c4a06fc6ce0428914538,8,dt2a
1RD,4K9T,explorer_boltz2_msa,s202_m17,0.3322603719599428,5.099888708570353,1.3315027201245269,2.228569480810504,174.50017934623796,True,0.0,0,1.0,True,46a5914b3d51862052fff358545260ab,8,dt2a
1RD,4K9T,explorer_boltz2_msa,s202_m18,0.3036480686695278,5.939240695685174,1.6267050041543003,2.18364082202179,174.0221152938253,True,0.0,0,1.0,True,bdbfad87d672872ebf76fccf4f38360a,8,dt2a
1RD,4K9T,explorer_boltz2_msa,s202_m19,0.2979256080114449,6.047039186554503,1.560539770079043,2.151200664396513,170.87244921071408,True,0.0,0,1.0,True,9ba098edd70652b206346076e7bf9e19,8,dt2a
1RD,4K9T,explorer_boltz2_msa,s202_m2,0.2399856938483548,6.472804806664268,1.1576783770811363,2.1640829675638598,174.11858867968465,True,0.0,0,1.0,True,581563a086094141c291034300b5043a,8,dt2a
1RD,4K9T,explorer_boltz2_msa,s202_m3,0.224964234620887,6.379572361220042,1.0913622934581015,2.185454557797988,174.5596932897045,True,0.0,0,1.0,True,a0259afce46bd1b940b48d3777edfab2,8,dt2a
1RD,4K9T,explorer_boltz2_msa,s202_m4,0.2310443490701001,6.368994262938902,0.9657125215364092,2.197013812200552,174.61037198248422,True,0.0,0,1.0,True,b98cebe86748969fcfb1a7ee683ee5ba,8,dt2a
1RD,4K9T,explorer_boltz2_msa,s202_m5,0.2618025751072961,5.951110572088595,1.0149541293330568,2.190119516487628,174.62447156349393,True,0.0,0,1.0,True,08a1931e263456047b599b7383f7f144,8,dt2a
1RD,4K9T,explorer_boltz2_msa,s202_m6,0.2457081545064377,6.33122246125426,1.1498124320611762,2.162012505999908,174.193363283219,True,0.0,0,1.0,True,ad5d57e0700a1377676990058dabc2dd,8,dt2a
1RD,4K9T,explorer_boltz2_msa,s202_m7,0.2957796852646638,5.573843714911593,1.1614576677508217,2.1745565517824548,175.91488826017076,True,0.0,0,1.0,True,8ef7258186bcc6d27e3c95c19d8bf252,8,dt2a
1RD,4K9T,explorer_boltz2_msa,s202_m8,0.2786123032904148,6.3836058549501296,1.4991212290346014,2.14934419095686,174.43984816943217,True,0.0,0,1.0,True,9abfdd438964a7be6890247ee38ef4dc,8,dt2a
1RD,4K9T,explorer_boltz2_msa,s202_m9,0.2389127324749642,6.217365083556817,1.1445700497560658,2.189585498604702,175.79717302066666,True,0.0,0,1.0,True,a90b853cb2475aeba152a3e1790e4ed5,8,dt2a
7AW,4K9W,explorer_boltz2_msa,s202_m0,0.6702682563338301,1.5643758108488524,1.032698709695764,2.1824350837997453,174.03067123323328,True,0.0,0,1.0,True,6b05f97be96df288cc36fc574adbba83,6,dt2a
7AW,4K9W,explorer_boltz2_msa,s202_m1,0.6188524590163934,2.4926514636590764,1.0431222135253515,2.2155206057944934,175.4600214917259,True,0.0,0,1.0,True,e71280302d5d0e5be2c3bfc8a754d8b3,6,dt2a
7AW,4K9W,explorer_boltz2_msa,s202_m10,0.6110283159463488,2.4917082640282517,1.0211575157441437,2.1777274522079204,175.504335897037,True,0.0,0,1.0,True,ad71281cfb180b7cd6ad5089fd460652,6,dt2a
7AW,4K9W,explorer_boltz2_msa,s202_m11,0.6095380029806259,2.440577695323765,1.0014471445086688,2.1995929779165966,174.50517615671126,True,0.0,0,1.0,True,4eb2c3a337f5a7f4b33e62aa37632620,6,dt2a
7AW,4K9W,explorer_boltz2_msa,s202_m12,0.6080476900149032,2.508485154415198,1.03779953224618,2.146734412404105,174.58657630787692,True,0.0,0,1.0,True,4b23baf8caa9b796ea634e128758cb43,6,dt2a
7AW,4K9W,explorer_boltz2_msa,s202_m13,0.7302533532041728,1.7676890053370538,1.141070280583106,2.1544001938358623,173.17909963781824,True,0.0,0,1.0,True,340bdcdd0450afac16d79f27d16171f7,6,dt2a
7AW,4K9W,explorer_boltz2_msa,s202_m14,0.6397168405365127,2.253233830340585,1.0226563931457766,2.1895979798127323,173.70638019476584,True,0.0,0,1.0,True,f65d563b6af2ba144319ee9d484ec8df,6,dt2a
7AW,4K9W,explorer_boltz2_msa,s202_m15,0.6501490312965723,2.267133036186833,0.940291605264085,2.1612000015037944,174.1499794970527,True,0.0,0,1.0,True,213b98f7567d4805820845890dccaa0a,6,dt2a
7AW,4K9W,explorer_boltz2_msa,s202_m16,0.7015648286140089,1.698046957808978,1.1072379982616405,2.159295884796708,173.7023670708601,True,0.0,0,1.0,True,9ff41ec36b1494b23903f46a81910d73,6,dt2a
7AW,4K9W,explorer_boltz2_msa,s202_m17,0.7518628912071534,1.7604485137066408,1.1486952739085512,2.1357344538589063,172.45914759338925,True,0.0,0,1.0,True,698e920fc93efc23236f3dbb2c613d3d,6,dt2a
7AW,4K9W,explorer_boltz2_msa,s202_m18,0.6348733233979136,2.13728127080356,0.9696672553235596,2.2295862749846664,175.54136481009078,True,0.0,0,1.0,True,f6d93ccaa8ee8a785d0654185823871f,6,dt2a
7AW,4K9W,explorer_boltz2_msa,s202_m19,0.7127421758569299,2.123702681935689,1.3763875219147093,2.1457330212540424,173.54771463521888,True,0.0,0,1.0,True,1ce1dc473cfa88110b78ff02a2f7707a,6,dt2a
7AW,4K9W,explorer_boltz2_msa,s202_m2,0.5458271236959762,3.0656764782048644,1.187716342682752,2.145319397595612,173.5578795897832,True,0.0,0,1.0,True,2111816e5673a08b10e5735d3072ddb4,6,dt2a
7AW,4K9W,explorer_boltz2_msa,s202_m3,0.6028315946348732,2.649437719066022,1.1224805201744716,2.2098812253603133,176.27414556021978,True,0.0,0,1.0,True,5d8798be83f6a504f7962c611e902001,6,dt2a
7AW,4K9W,explorer_boltz2_msa,s202_m4,0.5842026825633382,2.416608744595345,1.1736721916964965,2.2558713685181613,175.50628854673295,True,0.0,0,1.0,True,f2f1f600afa4211d18e74b789f29b060,6,dt2a
7AW,4K9W,explorer_boltz2_msa,s202_m5,0.6166169895678092,2.427581243979681,1.036715244451684,2.197005011236888,174.83564784539135,True,0.0,0,1.0,True,f4deb3c495b64949f5f877e866b924b1,6,dt2a
7AW,4K9W,explorer_boltz2_msa,s202_m6,0.5592399403874814,2.98784941574781,1.1654348924980442,2.2284840005932285,176.74467565936666,True,0.0,0,1.0,True,3394449242e5b249f3a4ea27e3be9b2a,6,dt2a
7AW,4K9W,explorer_boltz2_msa,s202_m7,0.5931445603576752,2.398987835249881,1.0300591685376923,2.1971496123386776,175.05664017886966,True,0.0,0,1.0,True,43d2e7a1e1a803d51048159c754bebe1,6,dt2a
7AW,4K9W,explorer_boltz2_msa,s202_m8,0.5607302533532041,2.935204078944208,1.243394599177888,2.1840686584903874,173.33790759296645,True,0.0,0,1.0,True,608b3eb538d0add254b76e28b5c3d7b5,6,dt2a
7AW,4K9W,explorer_boltz2_msa,s202_m9,0.643070044709389,2.239306164264686,1.15823083111758,2.220948123752556,174.2545607446997,True,0.0,0,1.0,True,692767a70d1916b7944f53477540a555,6,dt2a
A1A07,9COR,explorer_boltz2_msa,s202_m0,0.7087525150905433,2.1520451920397026,0.9416784244963712,2.242826971792519,172.9896079103639,True,0.0,0,1.0,True,3ea0315a644a1bd98b772c82cb71b68e,7,dt2a
A1A07,9COR,explorer_boltz2_msa,s202_m1,0.6896378269617707,2.1649082808458324,0.8664581735029293,2.28300328217022,173.7547229651713,True,0.0,0,1.0,True,4d4378083b8aa341357742eca8c2fae6,7,dt2a
A1A07,9COR,explorer_boltz2_msa,s202_m10,0.6896378269617707,2.194750212942893,1.0571452995202262,2.2525446325877763,173.00595978129672,True,0.0,0,1.0,True,9b63f1423c0b39d1d51b18febf77c40b,7,dt2a
A1A07,9COR,explorer_boltz2_msa,s202_m11,0.7354124748490946,2.056774118284506,1.0782805623977858,2.2580526864092434,173.1911688837141,True,0.0,0,1.0,True,6b9706410ca17b77bb69029b0b8a774a,7,dt2a
A1A07,9COR,explorer_boltz2_msa,s202_m12,0.676056338028169,2.1391494667011344,0.8498498513917857,2.276906986813471,173.4274689153595,True,0.0,0,1.0,True,1d1149eecfb15d541870552334a0b351,7,dt2a
A1A07,9COR,explorer_boltz2_msa,s202_m13,0.7419517102615695,1.6604279735607768,1.1247167321245348,2.296798395288537,173.699700403078,True,0.0,0,1.0,True,5cf02e59bc29fb92c2a299f4b6c194fe,7,dt2a
A1A07,9COR,explorer_boltz2_msa,s202_m14,0.7107645875251509,1.828067491654658,1.0634163306769435,2.297767511694776,172.92190162412462,True,0.0,0,1.0,True,75619fc9f32d03a4f6f728e4ad47bae1,7,dt2a
A1A07,9COR,explorer_boltz2_msa,s202_m15,0.6911468812877264,1.93712660415554,0.877359173053685,2.2729429878023777,173.14881592005176,True,0.0,0,1.0,True,f45d245128a1a52cb4eec88bdd8df2dd,7,dt2a
A1A07,9COR,explorer_boltz2_msa,s202_m16,0.3782696177062374,5.455973223660981,1.2244184317443458,2.247504889716593,173.17770395200196,True,0.0,0,1.0,True,2c67bb81bbb13acc2ffe191c79eee6e5,7,dt2a
A1A07,9COR,explorer_boltz2_msa,s202_m17,0.709758551307847,2.022541383517648,0.9965737831943868,2.259102835397273,172.81478244134345,True,0.0,0,1.0,True,d54fd21df368752d0214186ded1dd531,7,dt2a
A1A07,9COR,explorer_boltz2_msa,s202_m18,0.7052313883299799,2.035429363051421,1.0199350445307405,2.2746306444343887,172.11734154690078,True,0.0,0,1.0,True,e81551f5b8e1ff72848e5b44846b9e51,7,dt2a
A1A07,9COR,explorer_boltz2_msa,s202_m19,0.699195171026157,2.1178557773140207,1.0189269326740795,2.292249498702094,173.75793090045292,True,0.0,0,1.0,True,320d4ffa17715c678776d3dfe595f977,7,dt2a
A1A07,9COR,explorer_boltz2_msa,s202_m2,0.7127766599597585,2.035206921901674,1.0196432742075097,2.2609497345363527,173.82707081714392,True,0.0,0,1.0,True,a828924fa10081da1a40ba1ebf2ff282,7,dt2a
A1A07,9COR,explorer_boltz2_msa,s202_m3,0.7122736418511066,2.093187593760396,1.010188618278502,2.289205220420397,173.3721585477868,True,0.0,0,1.0,True,6e30ba1528023a38c2d3eea67e0ab95f,7,dt2a
A1A07,9COR,explorer_boltz2_msa,s202_m4,0.7258551307847082,1.8905693491863405,0.9596551563786038,2.26794881500884,173.3633576075256,True,0.0,0,1.0,True,a315d93f10d00f5bc24ea19f2d801639,7,dt2a
A1A07,9COR,explorer_boltz2_msa,s202_m5,0.6197183098591549,4.756319399767558,1.7289366026355153,2.278992851261276,172.59146553775,True,0.0,0,1.0,True,70942bd47b26249d674a63a41d0159fc,7,dt2a
A1A07,9COR,explorer_boltz2_msa,s202_m6,0.7505030181086519,1.9360867205808063,1.0748043498612123,2.2516325310538576,172.56804752371212,True,0.0,0,1.0,True,0b89d15c09157f8f95d8526ad20a2200,7,dt2a
A1A07,9COR,explorer_boltz2_msa,s202_m7,0.7027162977867203,1.8998091143111329,0.9867194498314208,2.275568343645165,172.80090842050635,True,0.0,0,1.0,True,42a4999b821ba7f0fa222f0d317c2c6d,7,dt2a
A1A07,9COR,explorer_boltz2_msa,s202_m8,0.7419517102615694,1.7166937080743403,1.0307244318175974,2.297552765030653,173.9669347000638,True,0.0,0,1.0,True,0a4e4fd9bb49cec2b196d710327b823d,7,dt2a
A1A07,9COR,explorer_boltz2_msa,s202_m9,0.7057344064386318,2.128613802450878,1.0864231989380648,2.249443435030096,173.17303670212888,True,0.0,0,1.0,True,7a01a3f0217936141a814cb223d86924,7,dt2a
A1A4T,9COY,explorer_boltz2_msa,s202_m0,0.5125,4.985254736258269,1.7627448728713515,2.2551137536496912,175.3553419472668,True,0.0,0,1.0,True,a42aa02615652c2e801d015207681a83,7,dt2a
A1A4T,9COY,explorer_boltz2_msa,s202_m1,0.5048076923076923,5.010229697009573,1.755753904523342,2.245637142149194,175.96384041087418,True,0.0,0,1.0,True,7e71cb7875f4fee2c327926009b345a3,7,dt2a
A1A4T,9COY,explorer_boltz2_msa,s202_m10,0.5125,4.980736497396907,1.7345201686599647,2.238115308937411,174.0843699738167,True,0.0,0,1.0,True,b2128164ed92b784a6e3283a42a9db79,7,dt2a
A1A4T,9COY,explorer_boltz2_msa,s202_m11,0.5201923076923076,4.9148147458307525,1.737030690632147,2.238094520814525,173.75995445117834,True,0.0,0,1.0,True,7c8b4d1ff2b26aa1b3d6f05e293f1858,7,dt2a
A1A4T,9COY,explorer_boltz2_msa,s202_m12,0.5331730769230769,4.797763842438143,1.7077664850620458,2.2393007265885485,174.31501843873016,True,0.0,0,1.0,True,52a107864b0a9959225a26be9457f2d6,7,dt2a
A1A4T,9COY,explorer_boltz2_msa,s202_m13,0.4966346153846154,5.018857170224598,1.8355177139983736,2.2345782131534357,175.45889199782428,True,0.0,0,1.0,True,50d175126345be154a86b5371a8c4c94,7,dt2a
A1A4T,9COY,explorer_boltz2_msa,s202_m14,0.5052884615384616,4.937830148282162,1.7350915594249356,2.220601227528257,174.95469477134932,True,0.0,0,1.0,True,d0fabdbcba84b2f99e2f4e16d783e301,7,dt2a
A1A4T,9COY,explorer_boltz2_msa,s202_m15,0.5197115384615385,4.955237099242131,1.742515151505493,2.2462564966183183,174.31533314514846,True,0.0,0,1.0,True,f52bc97c42d9eab722b5e4776a912151,7,dt2a
A1A4T,9COY,explorer_boltz2_msa,s202_m16,0.5081730769230769,4.877530714431521,1.7096744760610296,2.2434109268477767,175.38932062598957,True,0.0,0,1.0,True,dca0b3be99c57d4518a12a2617eab567,7,dt2a
A1A4T,9COY,explorer_boltz2_msa,s202_m17,0.5230769230769231,4.954854521120925,1.7032686820588514,2.257749506854115,174.87399740018253,True,0.0,0,1.0,True,53b3c2524f4893e871ad830dc76b6c8b,7,dt2a
A1A4T,9COY,explorer_boltz2_msa,s202_m18,0.5115384615384615,5.470218013013995,1.797615499997913,2.2573206989925025,174.35529652385105,True,0.0,0,1.0,True,aa6a173e8058da9bfa1eb5d2766cad72,7,dt2a
A1A4T,9COY,explorer_boltz2_msa,s202_m19,0.4951923076923077,4.876631665605707,1.603527459508862,2.2393455775516204,174.78982548843388,True,0.0,0,1.0,True,96ebfd4c24c711a7932848fe5099b198,7,dt2a
A1A4T,9COY,explorer_boltz2_msa,s202_m2,0.5225961538461539,4.93818033693807,1.7167685760052616,2.223877201960576,174.80181924503557,True,0.0,0,1.0,True,ef113dd8064a48304badabc3a3e4f143,7,dt2a
A1A4T,9COY,explorer_boltz2_msa,s202_m3,0.4951923076923077,4.988055635851322,1.7440390179843064,2.245635437487572,175.10870939960037,True,0.0,0,1.0,True,48dfee67f823c2f2c4c3dbe88d2fd134,7,dt2a
A1A4T,9COY,explorer_boltz2_msa,s202_m4,0.5187499999999999,4.892903802229105,1.6962662527290218,2.2403789432593766,174.22873233853576,True,0.0,0,1.0,True,09cd1f1735dfac1a1cdb8cdf4b12a8ab,7,dt2a
A1A4T,9COY,explorer_boltz2_msa,s202_m5,0.5298076923076924,4.96906844805437,1.731933741668177,2.24814085675253,174.2105104099024,True,0.0,0,1.0,True,32655154f32b12ab083799d8c4b100b3,7,dt2a
A1A4T,9COY,explorer_boltz2_msa,s202_m6,0.5201923076923076,4.959887251671268,1.7179960535909031,2.2295375614911714,174.86261784666357,True,0.0,0,1.0,True,d61cbe4da26f70d83a6fb5e8295a3f75,7,dt2a
A1A4T,9COY,explorer_boltz2_msa,s202_m7,0.5043269230769231,5.0618635260955065,1.7518307143330376,2.2276542803586024,175.11100873906153,True,0.0,0,1.0,True,ae2e97de06b26f8e78bf47ef7c828748,7,dt2a
A1A4T,9COY,explorer_boltz2_msa,s202_m8,0.4961538461538461,5.069217378833842,1.7800885457836386,2.2434120122928825,175.2453958721311,True,0.0,0,1.0,True,4006a4bc55edaba38fe686b472087cbe,7,dt2a
A1A4T,9COY,explorer_boltz2_msa,s202_m9,0.4923076923076922,4.875252049734874,1.728831353294143,2.2373315611460005,175.28974355011692,True,0.0,0,1.0,True,138515a4f22bbfa6542cddf070c56ecc,7,dt2a
A1ASO,9BVC,explorer_boltz2_msa,s202_m0,0.4451923076923076,3.892172523478863,1.5252253814793566,2.361961786185373,175.92958134109082,True,0.0,0,1.0,True,e901056d83a6aeb5424aa4fa71dce414,7,dt2a
A1ASO,9BVC,explorer_boltz2_msa,s202_m1,0.5596153846153846,3.211711339580283,1.00447246254333,2.3136221526861296,176.882522301756,True,0.0,0,1.0,True,797606462865b02199026d9099bdd9b1,7,dt2a
A1ASO,9BVC,explorer_boltz2_msa,s202_m10,0.5995192307692307,2.759572876849139,0.9069551068204637,2.318566498787559,176.13096615566212,True,0.0,0,1.0,True,28feb0ce3b94394e5fd4f03f47ff442b,7,dt2a
A1ASO,9BVC,explorer_boltz2_msa,s202_m11,0.6293269230769231,2.5660923315483504,1.080253709467289,2.314422503433632,173.9913591842889,True,0.0,0,1.0,True,0bc4952a51891a9631d982a0624987f8,7,dt2a
A1ASO,9BVC,explorer_boltz2_msa,s202_m12,0.5846153846153846,3.0508855017868712,0.9971687794513489,2.296618854990962,176.69020998846182,True,0.0,0,1.0,True,f73c21ed0fb063704a36e0c4b2187de3,7,dt2a
A1ASO,9BVC,explorer_boltz2_msa,s202_m13,0.5903846153846154,3.100321953171288,0.9283322897381984,2.220748179938464,173.87681982314814,True,0.0,0,1.0,True,67128c6e9adf0be5d0f5de39acd4c345,7,dt2a
A1ASO,9BVC,explorer_boltz2_msa,s202_m14,0.4932692307692308,3.594627560968776,1.1894081940638113,2.2955150832220643,174.25216532578233,True,0.0,0,1.0,True,a048767956ae63cd35e07f8289e9292f,7,dt2a
A1ASO,9BVC,explorer_boltz2_msa,s202_m15,0.7480769230769231,1.9840676916925053,1.016594336182646,2.2005315850948386,174.9848258486102,True,0.0,0,1.0,True,5ce07bc75a90816f18c6a6e954b7a3ca,7,dt2a
A1ASO,9BVC,explorer_boltz2_msa,s202_m16,0.6490384615384615,2.283438827398842,0.9016119921042308,2.236449380893742,173.51577772735283,True,0.0,0,1.0,True,3db19f4f0434845b2fe95c43dd4e85c0,7,dt2a
A1ASO,9BVC,explorer_boltz2_msa,s202_m17,0.5625,3.099015549159678,1.004588912530637,2.3446709121111216,175.27432928402214,True,0.0,0,1.0,True,b10c30635210063be8ef7785470f32f1,7,dt2a
A1ASO,9BVC,explorer_boltz2_msa,s202_m18,0.5639423076923077,3.0814422584297643,1.0041565805140598,2.2506846500565114,173.7336743241516,True,0.0,0,1.0,True,2b9d2e476318082a12f65d6a403e3452,7,dt2a
A1ASO,9BVC,explorer_boltz2_msa,s202_m19,0.59375,2.9163031779885054,1.0631525483939366,2.232889951475441,175.38778354849524,True,0.0,0,1.0,True,582e68333d7661ba82937c94d4ac2c98,7,dt2a
A1ASO,9BVC,explorer_boltz2_msa,s202_m2,0.4341346153846154,3.9723736107014154,1.5519205127606497,2.3917471058621564,175.8980603835616,True,0.0,0,1.0,True,54662e6d3b0e060ded12e68925b9ee73,7,dt2a
A1ASO,9BVC,explorer_boltz2_msa,s202_m3,0.5509615384615385,3.245563747316279,1.0771020056701577,2.327120178654296,175.6792208767867,True,0.0,0,1.0,True,99cc2e1f4610c7b21362761c258ae170,7,dt2a
A1ASO,9BVC,explorer_boltz2_msa,s202_m4,0.8235576923076923,1.7665404289325897,1.266273897815595,2.267892672372306,174.4628383000557,True,0.0,0,1.0,True,3c75f7c1135b8d3161c259c72334b260,7,dt2a
A1ASO,9BVC,explorer_boltz2_msa,s202_m5,0.55,3.259165620176423,1.0516147096705393,2.29849065995492,174.56567304834687,True,0.0,0,1.0,True,913ed3144a6971868f7fc6b7b0ff0472,7,dt2a
A1ASO,9BVC,explorer_boltz2_msa,s202_m6,0.8778846153846154,0.9230823174184192,1.2040075880862633,2.173406181872132,172.50284648866145,True,0.0,0,1.0,True,4746b7310715e88787ad994562145493,7,dt2a
A1ASO,9BVC,explorer_boltz2_msa,s202_m7,0.5764423076923076,2.7059883461192307,0.8873126982226383,2.1538432771443707,172.1316159237372,True,0.0,0,1.0,True,bdcef6e8cde20d30d2d88bd60b012994,7,dt2a
A1ASO,9BVC,explorer_boltz2_msa,s202_m8,0.4783653846153846,3.7390023944656137,1.2658104465391684,2.324176052927145,175.1392782959962,True,0.0,0,1.0,True,bdf19f2d15b4b62957fc90702850ad19,7,dt2a
A1ASO,9BVC,explorer_boltz2_msa,s202_m9,0.7519230769230769,1.712231610748867,0.96732698347436,2.2435802604542587,172.0903436443336,True,0.0,0,1.0,True,68df79a2dbe168734ee7e314780ebb3e,7,dt2a
A1ASS,9BV8,explorer_boltz2_msa,s202_m0,0.5924050632911392,3.247722973320698,0.6404959232997082,2.227425068750911,174.3319668908456,True,0.0,0,1.0,True,da5f96594a247f2630c4b18344771fc8,7,dt2a
A1ASS,9BV8,explorer_boltz2_msa,s202_m1,0.6683544303797468,3.1132257622956656,0.7001066192453431,2.2325141607389645,175.02738469566722,True,0.0,0,1.0,True,6d16457cfd735c14c2744a7bc0cd40fc,7,dt2a
A1ASS,9BV8,explorer_boltz2_msa,s202_m10,0.5563291139240506,3.524327957510769,0.8186904004900031,2.201846706880386,173.3771848127155,True,0.0,0,1.0,True,4f9e9c5a25bef8c2e8ba6c166091ab1c,7,dt2a
A1ASS,9BV8,explorer_boltz2_msa,s202_m11,0.6677215189873418,3.170360281159448,0.8027789173794971,2.2371816772448314,174.8117247919241,True,0.0,0,1.0,True,1ba79ed5a3234b5b8faf35ea7bde90a2,7,dt2a
A1ASS,9BV8,explorer_boltz2_msa,s202_m12,0.639873417721519,3.194686213276624,0.6773492465377665,2.215904336811497,174.6634335033032,True,0.0,0,1.0,True,f4c30dc4544c93994134482bfc6405fb,7,dt2a
A1ASS,9BV8,explorer_boltz2_msa,s202_m13,0.6873417721518987,3.0042927356541544,0.7070342615113206,2.206329807304429,175.13327700327142,True,0.0,0,1.0,True,0333649b8c9e8928390208c3062de849,7,dt2a
A1ASS,9BV8,explorer_boltz2_msa,s202_m14,0.5411392405063291,3.500849602758679,0.6542443942012898,2.188152757236112,172.9679133586629,True,0.0,0,1.0,True,93122de94d19f1789ccc746137388d78,7,dt2a
A1ASS,9BV8,explorer_boltz2_msa,s202_m15,0.6867088607594937,2.9865608886693296,0.690293131345572,2.2267512577968827,174.96872531259805,True,0.0,0,1.0,True,edf7022cbf244ae841ba5b5e2e93ebfd,7,dt2a
A1ASS,9BV8,explorer_boltz2_msa,s202_m16,0.6772151898734178,3.181018233203293,0.7704277688585627,2.2546403154383627,175.3323804329899,True,0.0,0,1.0,True,2c01bd51e82614ef87f9eb4f81ffffa7,7,dt2a
A1ASS,9BV8,explorer_boltz2_msa,s202_m17,0.7018987341772152,2.85423407504135,0.8337731991236296,2.193952657966894,174.57935698713638,True,0.0,0,1.0,True,02e269795e22027063eef1b687611f33,7,dt2a
A1ASS,9BV8,explorer_boltz2_msa,s202_m18,0.5949367088607594,3.2286434670979043,0.5926290588803573,2.1980485717563205,174.47096523490242,True,0.0,0,1.0,True,cb103fba9c3ce3b84fe82e103db55d24,7,dt2a
A1ASS,9BV8,explorer_boltz2_msa,s202_m19,0.6835443037974683,3.071403830211176,0.732464126874899,2.208250620264828,175.574560252516,True,0.0,0,1.0,True,5c05870035ce64f0e16e1879be6074e0,7,dt2a
A1ASS,9BV8,explorer_boltz2_msa,s202_m2,0.709493670886076,2.988559542564948,0.8367116480036384,2.207990346967124,175.27922905838452,True,0.0,0,1.0,True,36b18518b902aeca236ea9228fc4b29d,7,dt2a
A1ASS,9BV8,explorer_boltz2_msa,s202_m3,0.6303797468354431,3.154886861178591,0.591328895477452,2.2117149757823675,174.20424818764346,True,0.0,0,1.0,True,4f7a11e0bc91003f46127f157ad8954f,7,dt2a
A1ASS,9BV8,explorer_boltz2_msa,s202_m4,0.6765822784810127,3.0265879045262163,0.7104184463215795,2.226413421042912,174.5256855527622,True,0.0,0,1.0,True,bfa279e1d9787587d550594b727242ba,7,dt2a
A1ASS,9BV8,explorer_boltz2_msa,s202_m5,0.6537974683544304,3.124422953136168,0.6934545694876054,2.221820378698512,174.53933510141815,True,0.0,0,1.0,True,688fb1c64a074851d7e094a36632f419,7,dt2a
A1ASS,9BV8,explorer_boltz2_msa,s202_m6,0.6518987341772152,3.203412618966217,0.7010348303878393,2.235145655052484,175.25921932219285,True,0.0,0,1.0,True,ecc3a59fff9b10401161129d90c9bfa9,7,dt2a
A1ASS,9BV8,explorer_boltz2_msa,s202_m7,0.7,3.1022989020422758,0.7591649418660235,2.213510258955219,175.02988362600422,True,0.0,0,1.0,True,195c8246042ee240a96fa0ffefb3164d,7,dt2a
A1ASS,9BV8,explorer_boltz2_msa,s202_m8,0.6835443037974683,3.110044158705985,0.7179000292063111,2.215512655120706,175.44745042453462,True,0.0,0,1.0,True,332724a2c2387aeff6cf51c8d980f0b5,7,dt2a
A1ASS,9BV8,explorer_boltz2_msa,s202_m9,0.6037974683544304,3.2120274051824422,0.6563605387459791,2.2208850603531918,175.20367005447162,True,0.0,0,1.0,True,e02da2405296d504da47de68acc93f94,7,dt2a
A1BNX,9MS1,explorer_boltz2_msa,s202_m0,0.228429203539823,6.243395642125585,0.9543085060729356,2.100847273125774,171.70485209683756,True,0.0,0,1.0,True,de873b118bd6c2026b689ff741fe223d,7,dt2a
A1BNX,9MS1,explorer_boltz2_msa,s202_m1,0.2942477876106194,6.156079829895191,0.872883743665727,2.1097076929754985,171.25002737586328,True,0.0,0,1.0,True,7fc505d937f9ffe10c6b7ec5582217c8,7,dt2a
A1BNX,9MS1,explorer_boltz2_msa,s202_m10,0.273783185840708,6.07415588355511,0.981799442900952,2.1260615074122384,172.79681509154096,True,0.0,0,1.0,True,b3c4ef1de49b2dc7b66da758268cb7f5,7,dt2a
A1BNX,9MS1,explorer_boltz2_msa,s202_m11,0.2959070796460177,6.141186559778063,0.9489318265384856,2.112496788731287,172.6780595434803,True,0.0,0,1.0,True,a89879e36cbd72c06a6d14ffc915f445,7,dt2a
A1BNX,9MS1,explorer_boltz2_msa,s202_m12,0.2898230088495575,6.133504515782616,0.9779402579627,2.118453541430635,171.82752649885123,True,0.0,0,1.0,True,82f54b02a48df3d3610fe4d12d132762,7,dt2a
A1BNX,9MS1,explorer_boltz2_msa,s202_m13,0.2472345132743362,6.160627174457509,1.0109585162102368,2.1073178208091914,171.2756529112648,True,0.0,0,1.0,True,b551c4029c664c4bbcdb227cee200689,7,dt2a
A1BNX,9MS1,explorer_boltz2_msa,s202_m14,0.2710176991150442,6.0568580286017095,0.950956402876841,2.097464146701917,171.28314505506185,True,0.0,0,1.0,True,9d4dd2ca8d821b4589fe0cd12bd3ab40,7,dt2a
A1BNX,9MS1,explorer_boltz2_msa,s202_m15,0.2782079646017699,6.218827642815333,1.0055371471925725,2.138679618947167,171.2432866626666,True,0.0,0,1.0,True,7fd6ed63713113583e69f3048e04fc57,7,dt2a
A1BNX,9MS1,explorer_boltz2_msa,s202_m16,0.2417035398230088,6.136126696484879,0.9585384232860692,2.093615821897609,169.92787690588676,True,0.0,0,1.0,True,9295e612c5b1f98a84da0e10aae8f06f,7,dt2a
A1BNX,9MS1,explorer_boltz2_msa,s202_m17,0.2975663716814159,6.051193006816121,0.8771405599500763,2.0763288614523474,170.8834329751082,True,0.0,0,1.0,True,45bcc8bf290c5776e78e0fa67248f580,7,dt2a
A1BNX,9MS1,explorer_boltz2_msa,s202_m18,0.2942477876106194,6.122549400493329,0.9481125434621186,2.108156298996827,171.47895352582785,True,0.0,0,1.0,True,7178dc3c0e2eabec00e5334ea6beba0e,7,dt2a
A1BNX,9MS1,explorer_boltz2_msa,s202_m19,0.3163716814159292,6.024916197706231,0.9975332694447177,2.107926479244473,173.07075559864634,True,0.0,0,1.0,True,9fd842709d18f7146af38d1fdd3032a2,7,dt2a
A1BNX,9MS1,explorer_boltz2_msa,s202_m2,0.2782079646017699,6.129979312472923,0.9272171389237114,2.1250633784901565,170.10981590532364,True,0.0,0,1.0,True,bef901cadb1b8bb13f9d1d38203cce40,7,dt2a
A1BNX,9MS1,explorer_boltz2_msa,s202_m3,0.2964601769911504,6.089568343051903,0.877430934349291,2.1139825197716275,172.12304298965503,True,0.0,0,1.0,True,320ff2d746d0d4da071d92e97b628819,7,dt2a
A1BNX,9MS1,explorer_boltz2_msa,s202_m4,0.2826327433628318,6.046922410096563,0.8932960764170043,2.1025427257965528,171.13719260915028,True,0.0,0,1.0,True,e539a32bbbd326e3698909672fc3b75a,7,dt2a
A1BNX,9MS1,explorer_boltz2_msa,s202_m5,0.2859513274336283,6.171365575762551,1.0199991332761325,2.1098930668164204,172.23275689984416,True,0.0,0,1.0,True,34ede96eacc223fc40dc62213299b5e0,7,dt2a
A1BNX,9MS1,explorer_boltz2_msa,s202_m6,0.2422566371681415,6.083662767132256,0.9351207639198532,2.0682126750651157,170.79556913440717,True,0.0,0,1.0,True,9a4960e5d428dfcf7efe30c2a424fbc2,7,dt2a
A1BNX,9MS1,explorer_boltz2_msa,s202_m7,0.2970132743362831,6.120089807518682,0.9249449338519544,2.1178525141756213,170.69152342890712,True,0.0,0,1.0,True,df10de52c35b271fef9ae68d13812542,7,dt2a
A1BNX,9MS1,explorer_boltz2_msa,s202_m8,0.2754424778761062,6.1886181708182,0.9167290183808772,2.0798681866887625,170.54156536293527,True,0.0,0,1.0,True,4125173078614381f914a4cf7ce6826e,7,dt2a
A1BNX,9MS1,explorer_boltz2_msa,s202_m9,0.288716814159292,6.188585837874143,0.9705146699982502,2.141892149805867,171.47893820509088,True,0.0,0,1.0,True,0ad30e30795a31f0aa2b1bddd5a9b09c,7,dt2a
D7Y,6BCZ,explorer_boltz2_msa,s202_m0,0.8217439293598234,1.62296735968716,1.1701987521226218,2.256213625723415,174.70004281838425,True,0.0,0,1.0,True,9ce8c68ac8084b548cfa11eb6e2c723f,7,dt2a
D7Y,6BCZ,explorer_boltz2_msa,s202_m1,0.7323399558498896,2.444492008494031,1.0686986475303315,2.259931682905481,174.86191467191108,True,0.0,0,1.0,True,d8549b01da9a1790fcc7c2c6c39e5ac4,7,dt2a
D7Y,6BCZ,explorer_boltz2_msa,s202_m10,0.7742825607064018,1.7186078058851977,1.0851689242296734,2.2329374927659758,175.07095295314048,True,0.0,0,1.0,True,b2001ac41f4a3aca1433e9868086003b,7,dt2a
D7Y,6BCZ,explorer_boltz2_msa,s202_m11,0.7179911699779249,2.0106511706499663,1.2204947225498164,2.238973080365193,173.20786966686703,True,0.0,0,1.0,True,9615f3a61a4f6d5b0275e1c0be4bdefc,7,dt2a
D7Y,6BCZ,explorer_boltz2_msa,s202_m12,0.7582781456953643,2.514564778365009,1.0642165361061098,2.2561569320860637,173.51228538231754,True,0.0,0,1.0,True,6507c0946fb65011ee155486058d1979,7,dt2a
D7Y,6BCZ,explorer_boltz2_msa,s202_m13,0.826710816777042,1.6890686315785712,1.2149084395592158,2.23309602359594,174.71505384816277,True,0.0,0,1.0,True,97781719253772467c837f4df9bb7f48,7,dt2a
D7Y,6BCZ,explorer_boltz2_msa,s202_m14,0.7798013245033113,1.9972280995792904,1.3590724396483662,2.2550810015163534,174.2041096682253,True,0.0,0,1.0,True,bc79e1bb84a6d2dac9948532922f8ec4,7,dt2a
D7Y,6BCZ,explorer_boltz2_msa,s202_m15,0.7803532008830021,1.4191828238881274,1.0490065910594135,2.241050377702385,174.21909894793123,True,0.0,0,1.0,True,704d7a47d23a9736972105632ddeb280,7,dt2a
D7Y,6BCZ,explorer_boltz2_msa,s202_m16,0.7075055187637969,2.6595898768805952,1.0377388783771653,2.2459749010396357,174.11600293740125,True,0.0,0,1.0,True,edf46ec8a28207885ea56e280800128d,7,dt2a
D7Y,6BCZ,explorer_boltz2_msa,s202_m17,0.7764900662251655,1.9643518999741,1.315123648160604,2.205760681148343,174.1719306792221,True,0.0,0,1.0,True,4e6b16cced3f7809cca47271010dda5c,7,dt2a
D7Y,6BCZ,explorer_boltz2_msa,s202_m18,0.7875275938189845,1.741272063145182,1.1152285412873972,2.259064041190511,174.2119071726013,True,0.0,0,1.0,True,fc314c157d11a4d0df90b34629782d42,7,dt2a
D7Y,6BCZ,explorer_boltz2_msa,s202_m19,0.7654525386313467,1.8607143164148516,1.2959738133767116,2.21211483628224,173.87068642790754,True,0.0,0,1.0,True,4ade9ee1844bdcfe193258660022ca5b,7,dt2a
D7Y,6BCZ,explorer_boltz2_msa,s202_m2,0.7660044150110376,2.2179204228802383,1.3496200276699872,2.2547443699009424,174.5199660054885,True,0.0,0,1.0,True,12c8612c94add7aba8606d582cd994df,7,dt2a
D7Y,6BCZ,explorer_boltz2_msa,s202_m3,0.7522075055187638,1.845930502411004,1.166442742851949,2.2519647507454463,174.94195708424496,True,0.0,0,1.0,True,8e3e5a4f50f670ceb39135e6321424e0,7,dt2a
D7Y,6BCZ,explorer_boltz2_msa,s202_m4,0.8024282560706403,1.9534432996252395,1.330386596060155,2.229939025399573,173.81999229507892,True,0.0,0,1.0,True,3db4e240c44474848d945150e9413c00,7,dt2a
D7Y,6BCZ,explorer_boltz2_msa,s202_m5,0.7836644591611479,1.5597582022209775,1.0787672401092303,2.257225705639557,173.8283764431684,True,0.0,0,1.0,True,473a9e6327f37146a3ce239a0659cc3d,7,dt2a
D7Y,6BCZ,explorer_boltz2_msa,s202_m6,0.7886313465783664,1.84755985027396,1.2912892929659117,2.2436321780095776,175.02265951689344,True,0.0,0,1.0,True,d6c0dbf44b5cfc385e06fd8f09e15f87,7,dt2a
D7Y,6BCZ,explorer_boltz2_msa,s202_m7,0.7726269315673289,1.8236918270014173,1.1835543342483124,2.223947897276372,174.06438270998626,True,0.0,0,1.0,True,c6507b29b259b8ed3322f15b46d5a2d7,7,dt2a
D7Y,6BCZ,explorer_boltz2_msa,s202_m8,0.8173289183222958,1.6447118078228613,1.1116306963085054,2.245474842143639,175.0179492167408,True,0.0,0,1.0,True,afd99357e731c693617d8f0b3599792c,7,dt2a
D7Y,6BCZ,explorer_boltz2_msa,s202_m9,0.7660044150110376,1.9864206936258608,1.245900350659037,2.232407036407116,173.75556291168178,True,0.0,0,1.0,True,4680b4dc1278e230cf36c9d95cf2f944,7,dt2a
DJ1,6BDK,explorer_boltz2_msa,s202_m0,0.5096308186195827,4.227179977148777,1.8831090829231616,2.305211127359054,176.41693243174254,True,0.0,0,1.0,True,f0ccfa03fba4c0119cc2778eac2408f0,6,dt2a
DJ1,6BDK,explorer_boltz2_msa,s202_m1,0.3808186195826645,6.250615394777991,1.4187194050469627,2.2069730673934376,174.18993961387264,True,0.0,0,1.0,True,93f8ccc6e3d71cde23dd3ed74122a816,6,dt2a
DJ1,6BDK,explorer_boltz2_msa,s202_m10,0.5437399678972712,3.916018758134872,1.841858944859806,2.301959182218486,177.26775308777994,True,0.0,0,1.0,True,7379b613d81ab278a44d2f4d4770ed3d,6,dt2a
DJ1,6BDK,explorer_boltz2_msa,s202_m11,0.4446227929373997,5.166757194031408,1.783159149793102,2.2816827097999406,175.78915261705745,True,0.0,0,1.0,True,3c48e9b24660734316186a2d44cc5065,6,dt2a
DJ1,6BDK,explorer_boltz2_msa,s202_m12,0.5497592295345104,3.975489602464488,1.9824679980767907,2.354141053165677,177.66279543466138,True,0.0,0,1.0,True,770405fdb70c41f81a014f4aadaefe58,6,dt2a
DJ1,6BDK,explorer_boltz2_msa,s202_m13,0.4987961476725521,4.548347430261559,2.1175634739437723,2.337854928647199,177.80085576428556,True,0.0,0,1.0,True,ea8af93b6692a426da3316366a511056,6,dt2a
DJ1,6BDK,explorer_boltz2_msa,s202_m14,0.4442215088282504,4.920374873962419,1.6290549010674171,2.2716333611522788,177.8649492443458,True,0.0,0,1.0,True,3df5b54eb05a2e3dea282a94d9114475,6,dt2a
DJ1,6BDK,explorer_boltz2_msa,s202_m15,0.3667736757624398,6.085798322218228,1.865278282878557,2.259457527881416,175.256021308251,True,0.0,0,1.0,True,7afdb91d5eef51af2915dbf9d37006f9,6,dt2a
DJ1,6BDK,explorer_boltz2_msa,s202_m16,0.5032102728731942,4.528714767690871,2.1414900643591137,2.304973588764088,177.80456607104162,True,0.0,0,1.0,True,9b324cc40ffcd29ff2b7e20ac014b987,6,dt2a
DJ1,6BDK,explorer_boltz2_msa,s202_m17,0.4779293739967897,4.587190312630033,2.0196127895886966,2.3435164795452152,177.781259440651,True,0.0,0,1.0,True,a269120b33d57432adcaf2044a993e8e,6,dt2a
DJ1,6BDK,explorer_boltz2_msa,s202_m18,0.4570626003210273,4.9948767662132,2.0617811094804464,2.254689654431403,177.3559547240688,True,0.0,0,1.0,True,b394bd0f8b54ee59d39c595ddffa51f2,6,dt2a
DJ1,6BDK,explorer_boltz2_msa,s202_m19,0.485553772070626,4.668518850146984,2.049458913925665,2.2862270629357884,175.8891382957641,True,0.0,0,1.0,True,1122b39eb5fca05a586f609020e01a77,6,dt2a
DJ1,6BDK,explorer_boltz2_msa,s202_m2,0.4963884430176565,4.418819644690944,1.943274487345984,2.314885265860924,177.45304904913203,True,0.0,0,1.0,True,274a4a7a2c6081df499923ba0d3057a5,6,dt2a
DJ1,6BDK,explorer_boltz2_msa,s202_m3,0.4919743178170144,4.348237508799765,1.9400515059737344,2.310233706402883,176.3664898751825,True,0.0,0,1.0,True,54253b7f899311384d581b5f15aba543,6,dt2a
DJ1,6BDK,explorer_boltz2_msa,s202_m4,0.5373194221508828,3.795288908853305,1.8323026044541024,2.275429687201958,176.1874085534607,True,0.0,0,1.0,True,435dd23ba727b57634405015c9c598e1,6,dt2a
DJ1,6BDK,explorer_boltz2_msa,s202_m5,0.5296950240770466,3.971778234285809,1.8839728174451384,2.288535984357685,176.64359231832887,True,0.0,0,1.0,True,ac33565d75b7c001cbcd633ecdcc63ee,6,dt2a
DJ1,6BDK,explorer_boltz2_msa,s202_m6,0.4779293739967897,4.5997434441033,1.958984544053293,2.3076026818757165,178.66192379574235,True,0.0,0,1.0,True,bff8a5fa5af9b23641c14b502e71d12b,6,dt2a
DJ1,6BDK,explorer_boltz2_msa,s202_m7,0.4863563402889245,4.850799268051444,2.159845138588953,2.3094547021104352,178.21873454736797,True,0.0,0,1.0,True,53ec2c03298cbc2601349eca80b2cd6c,6,dt2a
DJ1,6BDK,explorer_boltz2_msa,s202_m8,0.4682985553772071,4.799002415708236,2.099808588689697,2.2832379939244176,177.42299639895785,True,0.0,0,1.0,True,dd98a0ecf50b92e88ba2c6a6d33b61e2,6,dt2a
DJ1,6BDK,explorer_boltz2_msa,s202_m9,0.5192616372391653,4.255004726201363,1.9485647121857008,2.320851077191296,177.28906782203234,True,0.0,0,1.0,True,969a986a830058febcbe3b10daba1341,6,dt2a
G0M,6DAA,explorer_boltz2_msa,s202_m0,0.7573924731182795,2.556674139464509,1.0408091631468488,2.237525027569524,173.19867114860142,True,0.0,0,1.0,True,f1d9e6524d71f5a0d4ddac433b04e5cd,8,dt2a
G0M,6DAA,explorer_boltz2_msa,s202_m1,0.7721774193548387,2.515856318413223,1.1309539366383534,2.1967380827262954,172.66746345998803,True,0.0,0,1.0,True,05cfa86c0a8616ebbaff29c5e35414af,8,dt2a
G0M,6DAA,explorer_boltz2_msa,s202_m10,0.769489247311828,2.424909042204304,1.0615079259688276,2.1942010135810257,172.5340204327976,True,0.0,0,1.0,True,b57c38d87cb6768bf7ae2920292ea707,8,dt2a
G0M,6DAA,explorer_boltz2_msa,s202_m11,0.7634408602150538,2.3082318338902184,1.0469574464991016,2.23095143546425,173.27763992245724,True,0.0,0,1.0,True,ab4e77af43aabbd97660a39ebe78330c,8,dt2a
G0M,6DAA,explorer_boltz2_msa,s202_m12,0.7594086021505377,2.3916866628296902,1.1479407270576587,2.2291377716955947,174.15621217118212,True,0.0,0,1.0,True,2cb66a599691c4eb0d751774c5083974,8,dt2a
G0M,6DAA,explorer_boltz2_msa,s202_m13,0.7614247311827957,2.4191251015173107,1.0178005509818426,2.204066524812716,173.81877520430854,True,0.0,0,1.0,True,780404513d2a14bf3421a28a4275b89b,8,dt2a
G0M,6DAA,explorer_boltz2_msa,s202_m14,0.7836021505376344,2.376941007447487,1.0409878127908423,2.1843767563998666,172.50147131082392,True,0.0,0,1.0,True,02435a6316164e2999fc277beba20e58,8,dt2a
G0M,6DAA,explorer_boltz2_msa,s202_m15,0.7647849462365592,2.392891969291839,1.0385751903670857,2.2137990207333638,174.04516226644327,True,0.0,0,1.0,True,4289a6b3e05220f1113bb42bf68dbecc,8,dt2a
G0M,6DAA,explorer_boltz2_msa,s202_m16,0.7493279569892473,2.589903849607937,1.0792530042635995,2.2064835126961637,172.5684132848819,True,0.0,0,1.0,True,620d9f30effeecf6b6cd6b09aca601e1,8,dt2a
G0M,6DAA,explorer_boltz2_msa,s202_m17,0.790994623655914,2.212900134947007,1.013792863957636,2.250210674648043,174.28067474278845,True,0.0,0,1.0,True,ef5961cf2f65ccf89c72e14c731e6de5,8,dt2a
G0M,6DAA,explorer_boltz2_msa,s202_m18,0.7903225806451613,2.234277197516331,1.0293868162527473,2.222203121791525,173.94262789757758,True,0.0,0,1.0,True,5b90a94cbe4a726f6c97c3e79efd39ba,8,dt2a
G0M,6DAA,explorer_boltz2_msa,s202_m19,0.7661290322580645,2.6389413356181817,1.0819187851421246,2.2154375136527777,173.4394184305945,True,0.0,0,1.0,True,23d77f50ca27694988d7f28733c1f470,8,dt2a
G0M,6DAA,explorer_boltz2_msa,s202_m2,0.7701612903225806,2.4184673177410096,1.0349189944353587,2.19190759542915,172.33631047327853,True,0.0,0,1.0,True,3b3bb4ed8bbb6c09543a95bf1571c55d,8,dt2a
G0M,6DAA,explorer_boltz2_msa,s202_m3,0.7762096774193549,2.3948912111158847,1.070119072516651,2.195767389980096,172.98596541477386,True,0.0,0,1.0,True,a9919d108f1b295c35a5d9496eb97048,8,dt2a
G0M,6DAA,explorer_boltz2_msa,s202_m4,0.7580645161290323,2.2135831478123973,1.0451281148616156,2.2313304573505017,174.1784095011926,True,0.0,0,1.0,True,88a52d5d3efcb3c03ed7d53e75e916ba,8,dt2a
G0M,6DAA,explorer_boltz2_msa,s202_m5,0.7674731182795699,2.4547334841984427,1.0984054716485412,2.213320014119061,173.44603758951342,True,0.0,0,1.0,True,15dc2605420a1dd414d5c02317e3a54e,8,dt2a
G0M,6DAA,explorer_boltz2_msa,s202_m6,0.7540322580645162,2.522909138837777,1.0612232833065738,2.1953900384441942,172.41951019957193,True,0.0,0,1.0,True,ce06676bce055c73fdd176f6dbec759e,8,dt2a
G0M,6DAA,explorer_boltz2_msa,s202_m7,0.7661290322580645,2.3109480979451757,1.0671738051814428,2.221449603974846,172.30135580592355,True,0.0,0,1.0,True,740091973d2e9db790b2b99b7add84c9,8,dt2a
G0M,6DAA,explorer_boltz2_msa,s202_m8,0.7668010752688172,2.48854113796795,1.0847388326918173,2.224815899147613,172.5907664913189,True,0.0,0,1.0,True,c11b670c37a083bbab6a4e8464df8d1a,8,dt2a
G0M,6DAA,explorer_boltz2_msa,s202_m9,0.7620967741935485,2.500619705973644,1.0855063402211051,2.189480289269579,173.00745914367613,True,0.0,0,1.0,True,46b3236b658a9a1e0a3c74c02457ec0f,8,dt2a
KLN,2V0M,explorer_boltz2_msa,s202_m0,0.3653846153846154,4.290894753868242,1.4423737891762136,2.0808336059137456,170.51718292878692,True,0.0,0,1.0,True,d400792980fb60f3fbc3d6ad9f09d46f,7,dt2a
KLN,2V0M,explorer_boltz2_msa,s202_m1,0.4021367521367521,4.163914019113428,1.49865169430904,2.092673226808237,171.318230180036,True,0.0,0,1.0,True,76590cfd75ac3a7cd0701a5cdaa2c799,7,dt2a
KLN,2V0M,explorer_boltz2_msa,s202_m10,0.367948717948718,4.316833794290216,1.4981576345483176,2.0521252050252685,170.79274186556404,True,0.0,0,1.0,True,2d7d2326ca8bd8e0c66a94c2a19d3985,7,dt2a
KLN,2V0M,explorer_boltz2_msa,s202_m11,0.3816239316239316,4.098683196225904,1.69832370757225,2.060457012630936,169.61917894635474,True,0.0,0,1.0,True,9a5633b8c4c6dfb28c79688f5b6c7bad,7,dt2a
KLN,2V0M,explorer_boltz2_msa,s202_m12,0.4435897435897435,3.5954266880542174,1.1984218784295595,2.053057510982096,170.54425944302335,True,0.0,0,1.0,True,af501f1ad9aa9c5089f50f0b1664b42f,7,dt2a
KLN,2V0M,explorer_boltz2_msa,s202_m13,0.379059829059829,4.058813263074872,1.3697279460281158,2.073550165537357,170.79993629770746,True,0.0,0,1.0,True,b1eeaad90ed41e6a432783338465446e,7,dt2a
KLN,2V0M,explorer_boltz2_msa,s202_m14,0.3974358974358974,3.836083640409274,1.3420959524184173,2.0666748157366217,169.2608948349815,True,0.0,0,1.0,True,45e62271d3d39a361d8690bd8cc99c41,7,dt2a
KLN,2V0M,explorer_boltz2_msa,s202_m15,0.3619658119658119,4.219109482454608,1.624828406100164,2.064320882300036,170.44238810625598,True,0.0,0,1.0,True,86e297f497c3e500c2a39956fedd3e27,7,dt2a
KLN,2V0M,explorer_boltz2_msa,s202_m16,0.3418803418803419,4.33038698536187,1.6747098838643828,2.076322815965764,169.82654872015732,True,0.0,0,1.0,True,d33c481a739a47e45b419bd6a6e0a40f,7,dt2a
KLN,2V0M,explorer_boltz2_msa,s202_m17,0.3619658119658119,4.257590933496,1.542392435988812,2.089311596698779,171.07750936481085,True,0.0,0,1.0,True,1c512c87d35934809983b178ea28595a,7,dt2a
KLN,2V0M,explorer_boltz2_msa,s202_m18,0.4888888888888889,3.317276401262912,1.487659200754011,2.0655700220036115,167.5819813340254,True,0.0,0,1.0,True,f3c7014d522816065157dd9cd5ed7637,7,dt2a
KLN,2V0M,explorer_boltz2_msa,s202_m19,0.3918803418803419,4.381125698219187,2.0754870707889115,2.098987725476259,168.91930505517325,True,0.0,0,1.0,True,e8f9547f2578be963bd567af91837e97,7,dt2a
KLN,2V0M,explorer_boltz2_msa,s202_m2,0.3034188034188034,4.700916205380006,1.5167207826914595,2.0561321531701218,170.18563032308262,True,0.0,0,1.0,True,83a3e59ca4c2223195f7a4ed82d7e779,7,dt2a
KLN,2V0M,explorer_boltz2_msa,s202_m3,0.3876068376068375,4.0928309727446965,1.4917986930504916,2.1032745601323666,169.86287700665716,True,0.0,0,1.0,True,16a927eaa24f660b344935eb37c577f6,7,dt2a
KLN,2V0M,explorer_boltz2_msa,s202_m4,0.3991452991452991,3.935416585391069,1.5904750217311734,2.079854674658785,170.17881322886592,True,0.0,0,1.0,True,b9793dd77309aea3ac070509aeb5a526,7,dt2a
KLN,2V0M,explorer_boltz2_msa,s202_m5,0.3799145299145299,4.052098780966118,1.505217575609035,2.0752193752468675,171.31562764617925,True,0.0,0,1.0,True,59555a84dea078ca400ab7ab37deb6be,7,dt2a
KLN,2V0M,explorer_boltz2_msa,s202_m6,0.3799145299145299,4.090477693132071,1.7268980215535232,2.0798835941946368,170.0440089537437,True,0.0,0,1.0,True,0cb6ed18835e32c5a6e623c3de4c9507,7,dt2a
KLN,2V0M,explorer_boltz2_msa,s202_m7,0.3628205128205128,4.377990036667191,1.4959457487734038,2.0972413474848333,171.03914854782866,True,0.0,0,1.0,True,e87ae131c2fc74e3f13df2a86c624c37,7,dt2a
KLN,2V0M,explorer_boltz2_msa,s202_m8,0.4008547008547009,4.033699995705457,1.5565870499783223,2.108432035376052,171.13074481938068,True,0.0,0,1.0,True,94997312bfc9c934b26bf292862a4cd9,7,dt2a
KLN,2V0M,explorer_boltz2_msa,s202_m9,0.3294871794871794,4.585314948822869,1.721032589836861,2.025484440177213,169.05172688381708,True,0.0,0,1.0,True,56422a6f5713027fbec54bb45daa67e1,7,dt2a
NJ0,7UFB,explorer_boltz2_msa,s202_m0,0.2629682997118155,8.073386266577536,0.910817264517133,2.280751542058012,173.11494956457196,True,0.0,0,1.0,True,56f45d38284d9e8a7eb6c184c4c9945e,6,dt2a
NJ0,7UFB,explorer_boltz2_msa,s202_m1,0.2762968299711815,8.142252588976483,0.9516217343238113,2.313586009661193,174.7110373193224,True,0.0,0,1.0,True,0180034e7e009b3622d3258aa562236b,6,dt2a
NJ0,7UFB,explorer_boltz2_msa,s202_m10,0.2845821325648415,8.212258054241913,0.9369025345399158,2.2597485092151293,172.48265124099504,True,0.0,0,1.0,True,6a2b816af87ffb88dbfdf48b3351f90d,6,dt2a
NJ0,7UFB,explorer_boltz2_msa,s202_m11,0.3097982708933717,8.347379621796009,1.0688072698138973,2.308581600160583,173.98262307652277,True,0.0,0,1.0,True,a965748625f9d657e45aa56f395bf66c,6,dt2a
NJ0,7UFB,explorer_boltz2_msa,s202_m12,0.2586455331412104,8.448167162062163,0.9487291568643634,2.30596793856723,172.95821201818657,True,0.0,0,1.0,True,f7fd7e670b9f79ad8d4bf11a2528a76f,6,dt2a
NJ0,7UFB,explorer_boltz2_msa,s202_m13,0.265850144092219,8.273780062874051,0.9089908817541358,2.278855237921005,172.18100539567172,True,0.0,0,1.0,True,0bd82a8017d424d5a5d5d30ae448d04b,6,dt2a
NJ0,7UFB,explorer_boltz2_msa,s202_m14,0.2590057636887608,8.32004264129148,0.8589002742461832,2.3122766232006065,171.52547944744376,True,0.0,0,1.0,True,90e2d206feb79dd687de5e1981a63f7b,6,dt2a
NJ0,7UFB,explorer_boltz2_msa,s202_m15,0.2615273775216138,8.188137851526436,0.9231205039839226,2.254904221491458,172.1995121166169,True,0.0,0,1.0,True,70c3f0c842af02cf115cbc689dd4a172,6,dt2a
NJ0,7UFB,explorer_boltz2_msa,s202_m16,0.2971902017291066,8.182325528583346,0.9329003620313908,2.2731906874699277,174.01617059112866,True,0.0,0,1.0,True,f879fb4c71dea19c4138ae7634e80fc8,6,dt2a
NJ0,7UFB,explorer_boltz2_msa,s202_m17,0.257564841498559,8.237387007220383,0.8699657129617759,2.3512998922510926,171.57114139917337,True,0.0,0,1.0,True,fef932dad69197feaaca9d9edebdd143,6,dt2a
NJ0,7UFB,explorer_boltz2_msa,s202_m18,0.2712536023054755,8.345735542952372,0.9888802967231398,2.311301757754708,174.02309290970925,True,0.0,0,1.0,True,a16566eb0d997b9f82aa15f087894556,6,dt2a
NJ0,7UFB,explorer_boltz2_msa,s202_m19,0.2435158501440922,8.333117460427063,0.876583477962192,2.2973465067986587,171.18241093573675,True,0.0,0,1.0,True,2aac865400f9f42094313e652dd10722,6,dt2a
NJ0,7UFB,explorer_boltz2_msa,s202_m2,0.2651296829971181,8.184050956187875,0.843028870327875,2.286386861884926,172.69024010441524,True,0.0,0,1.0,True,b3a9d8c38e49f2896442bd123f29307d,6,dt2a
NJ0,7UFB,explorer_boltz2_msa,s202_m3,0.2665706051873199,8.350398616166807,0.9325516501087976,2.2493085637368653,172.48061930178096,True,0.0,0,1.0,True,1fd3e42899efab6b7a6d92a59a90a22a,6,dt2a
NJ0,7UFB,explorer_boltz2_msa,s202_m4,0.2680115273775216,8.293542279074867,0.9115627255883536,2.29975789153989,173.51494463440676,True,0.0,0,1.0,True,de07dc0bb4922f518f5fc30d6377c720,6,dt2a
NJ0,7UFB,explorer_boltz2_msa,s202_m5,0.2665706051873199,8.298826967075227,0.9153311752911304,2.323826943320005,171.86839761384846,True,0.0,0,1.0,True,540d841000ce1c39ac67c295907845c3,6,dt2a
NJ0,7UFB,explorer_boltz2_msa,s202_m6,0.2835014409221902,8.194247146869575,0.913419209238351,2.342169990009265,173.42353794220767,True,0.0,0,1.0,True,fb62760dd6c2a1c6200f40034262df7a,6,dt2a
NJ0,7UFB,explorer_boltz2_msa,s202_m7,0.2752161383285302,8.26643869733202,0.8799677410369039,2.307338882045722,173.36082001477732,True,0.0,0,1.0,True,39a74fca83bd0c5342bf114e5e3efce1,6,dt2a
NJ0,7UFB,explorer_boltz2_msa,s202_m8,0.2831412103746398,8.305776530120662,0.9672161188874328,2.2479596147840377,172.31813724557784,True,0.0,0,1.0,True,1842dbbc7a8b491098ee04c0cbfc0e57,6,dt2a
NJ0,7UFB,explorer_boltz2_msa,s202_m9,0.2636887608069164,8.2302149042892,0.8639812414441316,2.344302959730248,172.22709150071177,True,0.0,0,1.0,True,df633489ae1ca1b80120da038e7e1e26,6,dt2a
PK9,4D6Z,explorer_boltz2_msa,s202_m0,0.3488520408163265,5.240040697275888,0.8906125342955228,2.191974101808687,173.57312699314474,True,0.0,0,1.0,True,5df92dbd557687c5ff7fba7a6008824e,7,dt2a
PK9,4D6Z,explorer_boltz2_msa,s202_m1,0.3647959183673469,5.176782456464714,0.8785772166874521,2.1860348835963253,172.84885366339944,True,0.0,0,1.0,True,19b67b4736cc7179c6ba22dde6ca3495,7,dt2a
PK9,4D6Z,explorer_boltz2_msa,s202_m10,0.1607142857142857,6.2628960133988505,0.9970547895956756,2.210607587723339,175.96339781437092,True,0.0,0,1.0,True,ab8b5db55f2d1fcc1b27154d49556516,7,dt2a
PK9,4D6Z,explorer_boltz2_msa,s202_m11,0.4802295918367346,4.378366570378914,1.1147335264750822,2.206687650665585,175.0351264671043,True,0.0,0,1.0,True,0bf711907114e07acb497d4a8dd04ca6,7,dt2a
PK9,4D6Z,explorer_boltz2_msa,s202_m12,0.5108418367346939,4.192151958448036,1.1287725433767015,2.2361844290218995,174.17421139872494,True,0.0,0,1.0,True,0a8c185cc10f930b36d31add3e679b40,7,dt2a
PK9,4D6Z,explorer_boltz2_msa,s202_m13,0.1460459183673469,6.333882429422081,1.0091462357611114,2.138195800014582,174.25040769736611,True,0.0,0,1.0,True,9737d9f4db91a5c91694d23cd97eb64a,7,dt2a
PK9,4D6Z,explorer_boltz2_msa,s202_m14,0.4164540816326531,4.738826963265464,1.2508370562796556,2.177862411769853,174.52762680894176,True,0.0,0,1.0,True,3d05bc4547eeeeacdf31b0278cf2e78c,7,dt2a
PK9,4D6Z,explorer_boltz2_msa,s202_m15,0.5089285714285714,4.17728012165601,0.9807313307931232,2.2090278627034112,174.56148525370173,True,0.0,0,1.0,True,4c325a77e36d36743d9e7e2de6a2d8f4,7,dt2a
PK9,4D6Z,explorer_boltz2_msa,s202_m16,0.1658163265306122,6.356523294979919,0.9611620688803614,2.154425405392352,175.3836031997139,True,0.0,0,1.0,True,fbe9825c502c0c4d791c0d7fef331962,7,dt2a
PK9,4D6Z,explorer_boltz2_msa,s202_m17,0.1683673469387755,6.41007928615566,1.0126708967259137,2.1400034124505503,173.9512741957587,True,0.0,0,1.0,True,540d382429b8b173e6196c1e5780b9a5,7,dt2a
PK9,4D6Z,explorer_boltz2_msa,s202_m18,0.1766581632653061,6.406579552844686,0.9605969963523732,2.158427813896031,173.93462219051952,True,0.0,0,1.0,True,261c97811922c3c022bca45109bbf6d4,7,dt2a
PK9,4D6Z,explorer_boltz2_msa,s202_m19,0.1645408163265306,6.2925533118731,1.0307691564168289,2.0959288719324425,172.75055533222576,True,0.0,0,1.0,True,fb327f06ae69e057a31b09e2e097169d,7,dt2a
PK9,4D6Z,explorer_boltz2_msa,s202_m2,0.4438775510204082,4.755056997994842,1.2303388403899596,2.226576310796466,175.65746750420652,True,0.0,0,1.0,True,d623cb40267f67f5425ca142ebdfffdd,7,dt2a
PK9,4D6Z,explorer_boltz2_msa,s202_m3,0.3692602040816326,5.0315346599283,1.1873192252307887,2.207522219503124,174.42557677900567,True,0.0,0,1.0,True,940f308fa988d547fecfcf6ac346f677,7,dt2a
PK9,4D6Z,explorer_boltz2_msa,s202_m4,0.4783163265306122,4.4468023890640325,1.1874719121536277,2.2182653716135947,174.06170121060677,True,0.0,0,1.0,True,cf195602c84dbc7a80c8b06247208892,7,dt2a
PK9,4D6Z,explorer_boltz2_msa,s202_m5,0.1556122448979591,6.313249745490968,1.0371364124809168,2.178152186923586,176.41125499531088,True,0.0,0,1.0,True,26ce275801ea7ba9bb9dc49defc0a4bf,7,dt2a
PK9,4D6Z,explorer_boltz2_msa,s202_m6,0.1588010204081632,6.40557372198816,1.0385660716845055,2.12433656123506,175.09826779504857,True,0.0,0,1.0,True,a0c292a1a3bfc1766537d1ec5fd16283,7,dt2a
PK9,4D6Z,explorer_boltz2_msa,s202_m7,0.4502551020408163,4.7278932414795865,1.1970754761346327,2.2021654663081063,174.26354198476355,True,0.0,0,1.0,True,136455dc5c79060a0cbb8fdded46c208,7,dt2a
PK9,4D6Z,explorer_boltz2_msa,s202_m8,0.1785714285714285,6.196537795571961,1.0362823541157442,2.2168446538266955,175.78395973129622,True,0.0,0,1.0,True,5a2e61dd29d4dfb60cca5aba80964505,7,dt2a
PK9,4D6Z,explorer_boltz2_msa,s202_m9,0.4693877551020409,4.376358036647408,0.984173798433936,2.217033060150434,174.6210737499154,True,0.0,0,1.0,True,e59619928557e4f91423bedd2a8c4e5d,7,dt2a
QDV,6UNI,explorer_boltz2_msa,s202_m0,0.3414368650217707,6.913535896761786,1.6883333569661094,2.2355259888670496,176.31860908932282,True,0.0,0,1.0,True,2016228f41d03acb80696f2d8fada028,7,dt2a
QDV,6UNI,explorer_boltz2_msa,s202_m1,0.3425253991291727,6.846703493522254,1.2360555935056574,2.2443351333746926,173.84621613915368,True,0.0,0,1.0,True,b823280d1ef1e645eb97b53b237fddbd,7,dt2a
QDV,6UNI,explorer_boltz2_msa,s202_m10,0.6389695210449927,2.971019514757207,1.048887217890876,2.204539452697547,171.44816965175175,True,0.0,0,1.0,True,03b9d7f2bbcb916900223d981adfb970,7,dt2a
QDV,6UNI,explorer_boltz2_msa,s202_m11,0.5446298984034833,3.857031892703247,1.394487597088217,2.188940216840104,173.8585406629379,True,0.0,0,1.0,True,dfb81d7adcd35ec6b93b9a1095d3675e,7,dt2a
QDV,6UNI,explorer_boltz2_msa,s202_m12,0.454644412191582,4.895244606024616,1.629218512964839,2.2297981560221998,173.59750207137833,True,0.0,0,1.0,True,0590d5397c192a6387e86782cadb6e43,7,dt2a
QDV,6UNI,explorer_boltz2_msa,s202_m13,0.5888969521044993,3.368515768102347,1.3474846963593894,2.2196398098340198,172.909217889934,True,0.0,0,1.0,True,239a666bf50aeaef2fa892afa2dc3ea3,7,dt2a
QDV,6UNI,explorer_boltz2_msa,s202_m14,0.487300435413643,4.328727532113078,1.6149839333732374,2.2226962639776047,171.8463997757438,True,0.0,0,1.0,True,226c04cfd990aef82476e17f0cd07ff1,7,dt2a
QDV,6UNI,explorer_boltz2_msa,s202_m15,0.4535558780841799,4.3105392818471,1.5860454550210217,2.21569958132866,174.56994481848008,True,0.0,0,1.0,True,db0f749bef6736f1757ee820eb6e3714,7,dt2a
QDV,6UNI,explorer_boltz2_msa,s202_m16,0.6251814223512338,2.9965101332795654,1.4954098117361407,2.21240553755409,173.7068886872258,True,0.0,0,1.0,True,6ea06ade3484fd092536c2ae56405134,7,dt2a
QDV,6UNI,explorer_boltz2_msa,s202_m17,0.5199564586357039,3.929112999432701,1.570388162018579,2.2358467547888874,174.33793311997218,True,0.0,0,1.0,True,8a68acfa3d71d07423596ab343a331d8,7,dt2a
QDV,6UNI,explorer_boltz2_msa,s202_m18,0.5801886792452831,3.7388385516409737,1.5471244752965634,2.2026066102007418,175.52028793184093,True,0.0,0,1.0,True,b7ca8ce8f38e613b93c72a9f10c1a30a,7,dt2a
QDV,6UNI,explorer_boltz2_msa,s202_m19,0.5228592162554427,3.703854281830299,1.2289310821865551,2.2133721502494783,174.72875747359436,True,0.0,0,1.0,True,bdba5482065db098f672dbf2745c5530,7,dt2a
QDV,6UNI,explorer_boltz2_msa,s202_m2,0.309143686502177,7.118575295266222,1.7366301397092667,2.273501793643453,174.71438477444653,True,0.0,0,1.0,True,a521401b220f4879c29ee9e4da96eaa1,7,dt2a
QDV,6UNI,explorer_boltz2_msa,s202_m3,0.4201741654571843,5.201019094648877,1.3660350805871222,2.2560167487188565,174.99514795447183,True,0.0,0,1.0,True,98afbce3421a74c276c6a2c9b9a05eaa,7,dt2a
QDV,6UNI,explorer_boltz2_msa,s202_m4,0.2960812772133527,7.312851889650081,1.8201173851608363,2.254029707279831,175.82798159239678,True,0.0,0,1.0,True,dad89affcda69e714916ba56b80e45c7,7,dt2a
QDV,6UNI,explorer_boltz2_msa,s202_m5,0.3124092888243831,7.295705357519993,1.8821267164140152,2.26069153139034,176.20971378711786,True,0.0,0,1.0,True,5c322848507bd248c1d7e7add75645df,7,dt2a
QDV,6UNI,explorer_boltz2_msa,s202_m6,0.3577648766328011,6.78070964780406,1.6371332941281584,2.2496792374469745,175.8978096978818,True,0.0,0,1.0,True,a5f1a675064d71e573b7b2efc6de4c73,7,dt2a
QDV,6UNI,explorer_boltz2_msa,s202_m7,0.5293904208998549,4.075851154002698,1.5887895625462478,2.241774667043947,172.73655087222633,True,0.0,0,1.0,True,ad30cdeb9a975903b5bdf23c5c49bb9f,7,dt2a
QDV,6UNI,explorer_boltz2_msa,s202_m8,0.603410740203193,3.306949748750606,1.3249013751979597,2.220544411512636,172.73091635897657,True,0.0,0,1.0,True,3f733aa3971b760a61a68f007983e768,7,dt2a
QDV,6UNI,explorer_boltz2_msa,s202_m9,0.5018142235123367,6.142636465425426,1.3526048121034833,2.2057031511289096,174.78035426301022,True,0.0,0,1.0,True,eebfee5c274bf523f841dbd93922ebcc,7,dt2a
QEP,6UNG,explorer_boltz2_msa,s202_m0,0.6012461059190031,4.998695863198907,0.7200007479262097,2.2406054255490857,172.01298626243556,True,0.0,0,1.0,True,14338c44e37728f5244ee8c527de9f04,6,dt2a
QEP,6UNG,explorer_boltz2_msa,s202_m1,0.5891744548286604,5.061362000182562,0.7679915706911045,2.235249322961535,172.4911206605027,True,0.0,0,1.0,True,3a4a301f2ef19194f78ed61063409383,6,dt2a
QEP,6UNG,explorer_boltz2_msa,s202_m10,0.6070872274143302,5.063919647033475,0.8720482868340258,2.2464363144545185,172.66227810657276,True,0.0,0,1.0,True,626884aeb9a3772bd77954bf3d802116,6,dt2a
QEP,6UNG,explorer_boltz2_msa,s202_m11,0.6335669781931464,4.906267890328438,0.9828163014952592,2.221530130045505,172.2343300766474,True,0.0,0,1.0,True,c6ce72cd664626d353e81110d1312a1f,6,dt2a
QEP,6UNG,explorer_boltz2_msa,s202_m12,0.6830218068535826,3.504248299362653,1.1885375636739288,2.213438808505896,172.38778486798773,True,0.0,0,1.0,True,fbd1dd97ef479fb399d3cef5fcd72bc4,6,dt2a
QEP,6UNG,explorer_boltz2_msa,s202_m13,0.3909657320872274,7.06278446374482,1.24439764774631,2.2096067222471967,172.45807496205109,True,0.0,0,1.0,True,2b6874e334b34eaeaae621339bef23b0,6,dt2a
QEP,6UNG,explorer_boltz2_msa,s202_m14,0.3761682242990654,7.055410162212721,1.2862825231451072,2.202456211959729,172.24592798363366,True,0.0,0,1.0,True,95bdde85c52a9218a76cac3d35434fa3,6,dt2a
QEP,6UNG,explorer_boltz2_msa,s202_m15,0.6086448598130841,4.892507906004311,0.8068365868738958,2.2743097995875585,172.46392657818632,True,0.0,0,1.0,True,feb63375793161afdc039b8a74014610,6,dt2a
QEP,6UNG,explorer_boltz2_msa,s202_m16,0.5685358255451713,5.089108483683599,0.8566974765271138,2.263466584599826,172.75682115066306,True,0.0,0,1.0,True,a681985db2f12bb31e5d52864f2548ee,6,dt2a
QEP,6UNG,explorer_boltz2_msa,s202_m17,0.3960280373831775,5.800284636851485,1.4539657707223863,2.2650593050514147,173.69112766823508,True,0.0,0,1.0,True,7919f1de99fe0ca67af400706eff13cd,6,dt2a
QEP,6UNG,explorer_boltz2_msa,s202_m18,0.478582554517134,4.982287236715102,1.102550199062749,2.2151228490086057,173.01504263825709,True,0.0,0,1.0,True,6a236bc909f8c8437b5835a8a3e11da5,6,dt2a
QEP,6UNG,explorer_boltz2_msa,s202_m19,0.4431464174454829,6.294854114714791,1.5327680115506788,2.2879710015863406,176.35827147621262,True,0.0,0,1.0,True,39eff69ffe9c4cfedbcfccac5ccfddd0,6,dt2a
QEP,6UNG,explorer_boltz2_msa,s202_m2,0.6440809968847352,3.445456464962092,0.9569300711370654,2.2473542557638746,172.3772096329266,True,0.0,0,1.0,True,93e05ec35957fb391efdf4bacd74802f,6,dt2a
QEP,6UNG,explorer_boltz2_msa,s202_m3,0.594626168224299,4.725729737008471,0.7224895868631922,2.227436141755808,172.0485236393587,True,0.0,0,1.0,True,7117bb93453c88e258b62f88d2c8d91a,6,dt2a
QEP,6UNG,explorer_boltz2_msa,s202_m4,0.3894080996884735,7.029523780686381,1.3870932292525917,2.228084320576759,173.07185930281366,True,0.0,0,1.0,True,fcd40eb83ff5b1fa2bb17c425b4384ad,6,dt2a
QEP,6UNG,explorer_boltz2_msa,s202_m5,0.6035825545171339,4.9938406043985735,0.7264324965555459,2.247043099297385,173.05826012258814,True,0.0,0,1.0,True,469b2da43719c481d87de9fa95c86f5f,6,dt2a
QEP,6UNG,explorer_boltz2_msa,s202_m6,0.6503115264797508,3.503409595802064,1.189273022372777,2.241005495508656,173.23057927294042,True,0.0,0,1.0,True,169add8bff5ec2d52423979efe8d3704,6,dt2a
QEP,6UNG,explorer_boltz2_msa,s202_m7,0.6039719626168225,4.971709176166503,0.878588311561005,2.230932345769365,172.28790992501135,True,0.0,0,1.0,True,f3cbcbd52c61fd961e5c40d6d0bc4c2d,6,dt2a
QEP,6UNG,explorer_boltz2_msa,s202_m8,0.6004672897196262,5.066272895387891,0.7410387575183018,2.2711176995919877,173.50032836487665,True,0.0,0,1.0,True,62fb3418156ff3382c5943b6f3f8edb8,6,dt2a
QEP,6UNG,explorer_boltz2_msa,s202_m9,0.6137071651090342,5.288777869459214,0.8100277041445008,2.2667153462444287,173.043444934477,True,0.0,0,1.0,True,de743c965f960b43fbb5bcc594f69c5a,6,dt2a
X5Y,7KVH,explorer_boltz2_msa,s202_m0,0.7590996168582376,1.9819418790818104,0.767188553539475,2.216895506130138,173.4450520124975,True,0.0,0,1.0,True,98f3d0dde7366dae6d16390e2a8adf0e,6,dt2a
X5Y,7KVH,explorer_boltz2_msa,s202_m1,0.7413793103448276,1.9616356875401453,0.8121840354189214,2.2012071015240706,172.80125282135322,True,0.0,0,1.0,True,ce2594cf08bda4b3d8875bbdce245353,6,dt2a
X5Y,7KVH,explorer_boltz2_msa,s202_m10,0.7667624521072797,1.9578698006423056,0.7407455011087816,2.195536966211228,172.69785031041087,True,0.0,0,1.0,True,ca83c9cf01545c7358d7344cff880456,6,dt2a
X5Y,7KVH,explorer_boltz2_msa,s202_m11,0.7490421455938697,2.0083098229287923,0.7593010108739398,2.2054444267539366,172.9781970696016,True,0.0,0,1.0,True,50798593f8c658c4bacebabd86d9b707,6,dt2a
X5Y,7KVH,explorer_boltz2_msa,s202_m12,0.7418582375478926,2.022689539281873,0.8022865980807325,2.1630547635462216,169.98347923639474,True,0.0,0,1.0,True,f9669132cca6b23fd936a769b3e16013,6,dt2a
X5Y,7KVH,explorer_boltz2_msa,s202_m13,0.7509578544061303,2.05960899643228,0.7991135109908258,2.20840042102876,172.92351988655997,True,0.0,0,1.0,True,f51f502b942c235273a21fbea81bb3e9,6,dt2a
X5Y,7KVH,explorer_boltz2_msa,s202_m14,0.6987547892720306,2.34202554839274,0.9631649202681664,2.2174458583920376,173.1920476105899,True,0.0,0,1.0,True,c31e4f26967ddba88980e6af34d7efe8,6,dt2a
X5Y,7KVH,explorer_boltz2_msa,s202_m15,0.7485632183908045,2.1271689246650687,0.9152532670550364,2.187167429096364,170.48588376477184,True,0.0,0,1.0,True,26b7c31443956a69fef221e011d1874f,6,dt2a
X5Y,7KVH,explorer_boltz2_msa,s202_m16,0.7619731800766283,1.909103154627149,0.7057283417539203,2.169107293473516,172.65950667797105,True,0.0,0,1.0,True,ffd72ccdfede6df4b245213bf10d3a5c,6,dt2a
X5Y,7KVH,explorer_boltz2_msa,s202_m17,0.7495210727969349,1.964756817671975,0.9159077469373506,2.1707672649549514,170.22462232507064,True,0.0,0,1.0,True,0fc982bada8ba06d996b521a262fea2b,6,dt2a
X5Y,7KVH,explorer_boltz2_msa,s202_m18,0.7270114942528736,2.2457736565843818,0.8143210512325944,2.2304354243510387,174.4650338338877,True,0.0,0,1.0,True,cf48cc578c5f00d6686af6b78fbdd24b,6,dt2a
X5Y,7KVH,explorer_boltz2_msa,s202_m19,0.9066091954022988,1.024295203329744,0.6180882009068489,2.216657857541394,173.11404769902583,True,0.0,0,1.0,True,1d3eaa8f3a5e853201bf674bf7a41ad4,6,dt2a
X5Y,7KVH,explorer_boltz2_msa,s202_m2,0.6853448275862069,2.139207088195688,0.8841775427025865,2.2031353615699607,174.2885997136807,True,0.0,0,1.0,True,d517a488dfeeaf5b408214d1db7dde09,6,dt2a
X5Y,7KVH,explorer_boltz2_msa,s202_m3,0.771551724137931,1.843860930542397,1.1348488531556826,2.2065639374149124,172.94721597385777,True,0.0,0,1.0,True,e7f2df974d813f4ae6aace1bd86a6986,6,dt2a
X5Y,7KVH,explorer_boltz2_msa,s202_m4,0.7447318007662835,2.0508018133612875,0.7650704967269494,2.1728361657980564,172.89505273464906,True,0.0,0,1.0,True,f8e864eee25ce93d5824d6d2b6408b04,6,dt2a
X5Y,7KVH,explorer_boltz2_msa,s202_m5,0.7763409961685824,1.8977503364039547,0.703435341851386,2.2115747142929627,172.825906209918,True,0.0,0,1.0,True,6703bce4fe379650ec7690261a6c6035,6,dt2a
X5Y,7KVH,explorer_boltz2_msa,s202_m6,0.7667624521072798,1.9387689222131497,0.7704565941184988,2.213834010173301,173.65897438087137,True,0.0,0,1.0,True,81d88d6f18e5621bcddfb30511119920,6,dt2a
X5Y,7KVH,explorer_boltz2_msa,s202_m7,0.7648467432950191,1.8966785224529623,0.7969020575404976,2.203152699791824,172.89463938397083,True,0.0,0,1.0,True,aa8337a4dfad522709cd9c25eaaa3c4b,6,dt2a
X5Y,7KVH,explorer_boltz2_msa,s202_m8,0.7571839080459769,1.9671782436455163,0.7112203214339267,2.215657333546865,174.80114545768245,True,0.0,0,1.0,True,aa9eb5e0eeef02f453ba24aeb76d0f42,6,dt2a
X5Y,7KVH,explorer_boltz2_msa,s202_m9,0.7490421455938697,1.9623714282573084,0.789146850404077,2.2062672865498416,172.83514252254,True,0.0,0,1.0,True,bbb3a560cf25662f574581e6f9138679,6,dt2a
X71,7KVM,explorer_boltz2_msa,s202_m0,0.7035198555956679,2.746080137552935,1.3408195960889202,2.2451270898770965,173.86669469858802,True,0.0,0,1.0,True,51ce20250560b9fbc79e77a9543846e2,6,dt2a
X71,7KVM,explorer_boltz2_msa,s202_m1,0.4336642599277978,6.48248361394502,1.345684205008584,2.2156220457921068,172.59149208011968,True,0.0,0,1.0,True,2f13d137c9661754ce8a88262287cf47,6,dt2a
X71,7KVM,explorer_boltz2_msa,s202_m10,0.5898014440433212,5.347393542959685,1.325902188286528,2.2424572090900643,173.38175270732108,True,0.0,0,1.0,True,6cbb8c9bb5494863d644e84ce3246aa0,6,dt2a
X71,7KVM,explorer_boltz2_msa,s202_m11,0.6213898916967509,3.356266655264307,1.4737413972246955,2.2304426099991903,173.3772570598661,True,0.0,0,1.0,True,0c5e8f682056618962b8e0da45948418,6,dt2a
X71,7KVM,explorer_boltz2_msa,s202_m12,0.4074909747292419,6.34024882384595,1.245340968907715,2.1778907402806054,173.0449555787401,True,0.0,0,1.0,True,72dfbe15d615a3cf9f5f6e7f1101d801,6,dt2a
X71,7KVM,explorer_boltz2_msa,s202_m13,0.621841155234657,3.23059389274731,1.3409756699074091,2.2063051178384185,171.8659477887404,True,0.0,0,1.0,True,abb512e4c7ad9319a4a2cdd890a59dd3,6,dt2a
X71,7KVM,explorer_boltz2_msa,s202_m14,0.6502707581227437,2.8361281040746844,1.1916899832597008,2.225615437334132,172.36052488653732,True,0.0,0,1.0,True,c904b0b89e4038da897af4fedcac9a1c,6,dt2a
X71,7KVM,explorer_boltz2_msa,s202_m15,0.6326714801444043,3.2376419294886536,1.3993376266888624,2.2706927359948983,174.74286245510274,True,0.0,0,1.0,True,a6138f3db0ae34605d39e7293554af7b,6,dt2a
X71,7KVM,explorer_boltz2_msa,s202_m16,0.631317689530686,3.4913286660546445,1.3623990550459013,2.2298444975827354,173.606898189048,True,0.0,0,1.0,True,6f867345ec4c36554752ea5d70a14c0b,6,dt2a
X71,7KVM,explorer_boltz2_msa,s202_m17,0.5618231046931408,5.157385214261748,1.6951063077521196,2.2128104559586665,174.33214991350673,True,0.0,0,1.0,True,aacd04db9d0f76ac6e04e48607bd3d05,6,dt2a
X71,7KVM,explorer_boltz2_msa,s202_m18,0.4386281588447653,5.985358126477249,1.3159125715056186,2.1915280505847967,173.95865701944388,True,0.0,0,1.0,True,3ee22b37ec90121b86e14f22dacd7862,6,dt2a
X71,7KVM,explorer_boltz2_msa,s202_m19,0.5573104693140795,4.984432213739579,1.6599684231910856,2.258863102226428,175.55343059195468,True,0.0,0,1.0,True,75260c5f38e51c42e322a732939b3b38,6,dt2a
X71,7KVM,explorer_boltz2_msa,s202_m2,0.5419675090252707,5.469036333177223,1.0537775303063646,2.190119213764401,172.54208403169184,True,0.0,0,1.0,True,2e7db8b0da2aa6eaf6a10ecbf3273a73,6,dt2a
X71,7KVM,explorer_boltz2_msa,s202_m3,0.5252707581227437,3.950018830830704,1.715553593446005,2.2645495899626487,173.09283798119534,True,0.0,0,1.0,True,08947af0cd61d98067e86f57f8ec1e37,6,dt2a
X71,7KVM,explorer_boltz2_msa,s202_m4,0.8046028880866426,1.8219341417086037,1.0855562969073915,2.207371527609251,171.52619235438428,True,0.0,0,1.0,True,344af7ac30e3b976054921c0b98274c3,6,dt2a
X71,7KVM,explorer_boltz2_msa,s202_m5,0.6060469314079422,5.116892259875584,1.7638525323703098,2.2512347079991457,175.12335824455613,True,0.0,0,1.0,True,94ffa7f8ed0a9d5321e8376244e6b985,6,dt2a
X71,7KVM,explorer_boltz2_msa,s202_m6,0.5315884476534296,5.622231807404175,1.203438892525358,2.20990437263697,174.17780975225185,True,0.0,0,1.0,True,87d4cb7222352596d70b9a78671066a9,6,dt2a
X71,7KVM,explorer_boltz2_msa,s202_m7,0.651173285198556,3.0580037224426846,1.479522847418152,2.245086800304166,175.20422179085267,True,0.0,0,1.0,True,4fa2b0f38d8da0cff636dd4dde931096,6,dt2a
X71,7KVM,explorer_boltz2_msa,s202_m8,0.5171480144404332,5.838098549138714,1.1803058538243516,2.1889320950180253,172.83514024672516,True,0.0,0,1.0,True,a0eb62b3571e031af8e157809f8a1403,6,dt2a
X71,7KVM,explorer_boltz2_msa,s202_m9,0.6656137184115524,2.7580368638799477,1.34900158567337,2.2165059780654786,173.45204963290212,True,0.0,0,1.0,True,40cb7bc9b2f8f44b91e0dc9592b9e2b4,6,dt2a
X7M,7KVJ,explorer_boltz2_msa,s202_m0,0.8474880382775118,1.64025094310827,0.7922221952174319,2.1795450066929107,170.40410371625302,True,0.0,0,1.0,True,ead9bca019db81ace1b37b61b138bcc9,7,dt2a
X7M,7KVJ,explorer_boltz2_msa,s202_m1,0.8157894736842105,1.773045177990464,0.79799664275627,2.2068497257402915,172.3562591753789,True,0.0,0,1.0,True,87036a8dae1b3f0f76098ed19bd08cb3,7,dt2a
X7M,7KVJ,explorer_boltz2_msa,s202_m10,0.8032296650717703,1.7595966997915429,0.7312367660504806,2.209762093325885,173.2332333839223,True,0.0,0,1.0,True,7faffe83d3200833b0dea7f5ff0368e5,7,dt2a
X7M,7KVJ,explorer_boltz2_msa,s202_m11,0.8379186602870813,1.685828628273106,0.7446287617931142,2.2141668116020528,173.41468564454556,True,0.0,0,1.0,True,aae5d375c2502d82a14320731ef3a05e,7,dt2a
X7M,7KVJ,explorer_boltz2_msa,s202_m12,0.8337320574162679,1.7041165936707998,0.7365186007567399,2.1985967749680704,172.68259677109927,True,0.0,0,1.0,True,75ed905adb745adcf69d9a3bae21c416,7,dt2a
X7M,7KVJ,explorer_boltz2_msa,s202_m13,0.8289473684210527,1.642171618568663,0.8307423770148498,2.2137835375663992,173.0250356266913,True,0.0,0,1.0,True,feb9ce0d7c51ca04a5b6cb92093fc144,7,dt2a
X7M,7KVJ,explorer_boltz2_msa,s202_m14,0.8235645933014354,1.7650940609833432,0.7270617804698298,2.1911298434597613,171.78576444923195,True,0.0,0,1.0,True,3e44a86f7cedbda8000c0f6cd340ace7,7,dt2a
X7M,7KVJ,explorer_boltz2_msa,s202_m15,0.8229665071770335,1.8345920980359067,0.7979541992378151,2.1821889801298147,170.177973615594,True,0.0,0,1.0,True,3b41b944a78c10989932357287b35924,7,dt2a
X7M,7KVJ,explorer_boltz2_msa,s202_m16,0.80622009569378,1.8943999106989944,0.8408216867904851,2.2183005033809104,172.8886727719603,True,0.0,0,1.0,True,7a0206ea8d2b8db827563b2b8de4ed04,7,dt2a
X7M,7KVJ,explorer_boltz2_msa,s202_m17,0.7948564593301435,1.875337604263274,0.7732882599432465,2.2210081295889035,172.59044273407252,True,0.0,0,1.0,True,c4cdd51215e5e01e0fd799beb4055557,7,dt2a
X7M,7KVJ,explorer_boltz2_msa,s202_m18,0.812799043062201,1.6236468938412367,0.77766598813429,2.167490975759761,173.00608414757036,True,0.0,0,1.0,True,7746e49cd343b47ceafc853af6355f29,7,dt2a
X7M,7KVJ,explorer_boltz2_msa,s202_m19,0.7840909090909092,1.790651633750061,0.6087181250757707,2.1859833308833805,172.64496896158838,True,0.0,0,1.0,True,249d382fdf97b723093ac6b1fc26ef26,7,dt2a
X7M,7KVJ,explorer_boltz2_msa,s202_m2,0.8277511961722488,1.7647539185682244,0.7213478871593942,2.1924007813581894,172.4860998895392,True,0.0,0,1.0,True,b5de3d242b312f56f7075340ad457faf,7,dt2a
X7M,7KVJ,explorer_boltz2_msa,s202_m3,0.8080143540669856,1.7005745165476671,0.8011426738138644,2.210001962714061,172.19245499691402,True,0.0,0,1.0,True,180c476f8f242131fc7bdf687666406b,7,dt2a
X7M,7KVJ,explorer_boltz2_msa,s202_m4,0.8462918660287081,1.6121478317957876,0.8633575113673478,2.177449532205052,170.4721087210633,True,0.0,0,1.0,True,3ea01297f5527e0c538d0761d292952b,7,dt2a
X7M,7KVJ,explorer_boltz2_msa,s202_m5,0.8403110047846889,1.6512756363016583,0.8086000303017445,2.2051089288967107,173.80906505675705,True,0.0,0,1.0,True,24f7f85bea1a8b8274fb20442aa4d19f,7,dt2a
X7M,7KVJ,explorer_boltz2_msa,s202_m6,0.8313397129186603,1.7415592202026424,0.712426990159153,2.199949934225777,172.28834485262934,True,0.0,0,1.0,True,6e68e6a8365455b832d6ab2fbf2fb4e5,7,dt2a
X7M,7KVJ,explorer_boltz2_msa,s202_m7,0.840311004784689,1.703524561486099,0.6437291163737469,2.227074631394286,172.39900443198843,True,0.0,0,1.0,True,d7ed7f5c800f501a4babe64de40d0046,7,dt2a
X7M,7KVJ,explorer_boltz2_msa,s202_m8,0.8415071770334928,1.6633629627667674,0.9018446114356312,2.166938100108076,170.19440443534617,True,0.0,0,1.0,True,930e1a834e2249f01b2a572e7d184cd0,7,dt2a
X7M,7KVJ,explorer_boltz2_msa,s202_m9,0.8241626794258374,1.619323679528827,0.7049620647700092,2.2094109052867466,172.61496214675006,True,0.0,0,1.0,True,f06be7a3716a940c31ce9fe2ef693fe2,7,dt2a
Z9Z,4I4H,explorer_boltz2_msa,s202_m0,0.6449742268041236,2.0362171701738414,1.0866395822954342,2.230407142989817,173.88940560253,True,0.0,0,1.0,True,46e42ed83d8f3883ca2a578276b2cc8f,7,dt2a
Z9Z,4I4H,explorer_boltz2_msa,s202_m1,0.615979381443299,2.7855069666916874,1.01330843123365,2.2371856188524006,173.54694658117575,True,0.0,0,1.0,True,d7f057008f1b50a0a270124d5e9374e6,7,dt2a
Z9Z,4I4H,explorer_boltz2_msa,s202_m10,0.6736469072164949,2.03099308075326,0.9472678199310364,2.219521991015182,173.37390110932606,True,0.0,0,1.0,True,7238343cfc5b2def3899be4cb425ef4e,7,dt2a
Z9Z,4I4H,explorer_boltz2_msa,s202_m11,0.6720360824742269,1.992791480281901,1.0424684064523586,2.199168870505401,172.6991170621819,True,0.0,0,1.0,True,e0c79270ead6e95fbcaf520c99c6e64f,7,dt2a
Z9Z,4I4H,explorer_boltz2_msa,s202_m12,0.6868556701030928,2.068610524154154,1.0518242507666211,2.182494667324528,171.68451906834932,True,0.0,0,1.0,True,f3a49eb5f1f04ffc035be6647cc318ef,7,dt2a
Z9Z,4I4H,explorer_boltz2_msa,s202_m13,0.6955541237113402,1.698159156572352,0.8065033820380044,2.212452537163227,172.62407197268288,True,0.0,0,1.0,True,5ae33565bba06628ea71ccb95640f3bb,7,dt2a
Z9Z,4I4H,explorer_boltz2_msa,s202_m14,0.6920103092783505,1.6357810823985917,0.8772753331251929,2.2080078291754317,172.8398155092629,True,0.0,0,1.0,True,4e93af89d245c8edd4fb7a5dbb44f72a,7,dt2a
Z9Z,4I4H,explorer_boltz2_msa,s202_m15,0.6916881443298969,1.769263506428623,0.8871511678786786,2.242571565257172,172.33877019510416,True,0.0,0,1.0,True,b3220ec983c34815101706ada95696ab,7,dt2a
Z9Z,4I4H,explorer_boltz2_msa,s202_m16,0.6952319587628866,1.976173442096796,0.8880234999771394,2.217025531765478,173.0863670913047,True,0.0,0,1.0,True,aa4470d770a5dbd65999b0af2c3b0168,7,dt2a
Z9Z,4I4H,explorer_boltz2_msa,s202_m17,0.7258376288659794,1.870272210942352,1.0723241967637005,2.255415604916309,173.92176657909195,True,0.0,0,1.0,True,6907882aa1c9d59a4f9081ada30c29e4,7,dt2a
Z9Z,4I4H,explorer_boltz2_msa,s202_m18,0.7029639175257733,1.5285909647982572,0.8674311210166625,2.232453289141791,172.5300797342939,True,0.0,0,1.0,True,e07d49119deb3be944eabc7efd438752,7,dt2a
Z9Z,4I4H,explorer_boltz2_msa,s202_m19,0.6997422680412371,2.199208923640279,1.021824280722687,2.2346179422442667,173.2676325643942,True,0.0,0,1.0,True,22a20e80c26b6fe613bc5f9cfb5e227e,7,dt2a
Z9Z,4I4H,explorer_boltz2_msa,s202_m2,0.6884664948453608,1.9636364335804988,0.937475048436963,2.2248340143255634,172.25971394853184,True,0.0,0,1.0,True,3b317aa7455644416432719ad067bfb9,7,dt2a
Z9Z,4I4H,explorer_boltz2_msa,s202_m3,0.6675257731958762,2.2146161207217285,0.9984692909978736,2.1767192689458144,172.45908713783535,True,0.0,0,1.0,True,67cec5fe4267330fcc151f71a9a20689,7,dt2a
Z9Z,4I4H,explorer_boltz2_msa,s202_m4,0.7129510309278351,1.7934617976988083,0.9318681510194048,2.228212166266938,172.80926314709168,True,0.0,0,1.0,True,882b389693d01a17b79aba2a8e123feb,7,dt2a
Z9Z,4I4H,explorer_boltz2_msa,s202_m5,0.6939432989690721,1.6162964959642512,0.8337759327021393,2.185423460247464,172.91764861317213,True,0.0,0,1.0,True,f3a4d06200a1ed23fbb701469f09d1b8,7,dt2a
Z9Z,4I4H,explorer_boltz2_msa,s202_m6,0.7164948453608248,1.5862227174649892,0.8922309853909512,2.23017757485811,172.32830939272472,True,0.0,0,1.0,True,1f91d0c1029854506507014aeca1ea54,7,dt2a
Z9Z,4I4H,explorer_boltz2_msa,s202_m7,0.6894329896907216,1.9317674556290527,0.9394945734632132,2.203137020001253,172.8711904964957,True,0.0,0,1.0,True,19a2b7fb616936cbc3dc140f6e838db9,7,dt2a
Z9Z,4I4H,explorer_boltz2_msa,s202_m8,0.589561855670103,3.2657778139663587,1.363511102613323,2.228489017854923,173.19937169636108,True,0.0,0,1.0,True,c9e2f5bc991ce616cb130f993f2b86b3,7,dt2a
Z9Z,4I4H,explorer_boltz2_msa,s202_m9,0.6649484536082474,2.0139237538148587,1.0799586316667888,2.199208789110302,173.76329546458567,True,0.0,0,1.0,True,3cd7895f43733ef047f86ae59973736e,7,dt2a
2QH,4NY4,explorer_boltz2_msa,s202_m0,0.8194444444444445,0.6573010428140035,0.8279821091687277,2.2956347498241088,174.25278304159664,True,0.0,0,1.0,True,12abf602272e9f2f74f0a409de62c4a2,8,dt2b
2QH,4NY4,explorer_boltz2_msa,s202_m1,0.8445340501792113,0.6072976018042078,0.7827004472987,2.2752022264625182,172.5970699650032,True,0.0,0,1.0,True,c5e0e5a87cb749815bcaf79bb599e1bf,8,dt2b
2QH,4NY4,explorer_boltz2_msa,s202_m10,0.8261648745519713,0.7154589430439052,0.7409581630964338,2.250893647109965,173.03155949182212,True,0.0,0,1.0,True,6489e2b667d1b40979908a5d3429a4c6,8,dt2b
2QH,4NY4,explorer_boltz2_msa,s202_m11,0.828405017921147,0.6620800807521172,0.7483970839363979,2.2747118144943106,173.06290964690297,True,0.0,0,1.0,True,e96689318982fd7a0e5aae7cccf9cee4,8,dt2b
2QH,4NY4,explorer_boltz2_msa,s202_m12,0.4489247311827957,4.762833662815321,1.0868614681812572,2.290213413374396,173.32403888163918,True,0.0,0,1.0,True,0419ea2a8ddb136916df042c043921a6,8,dt2b
2QH,4NY4,explorer_boltz2_msa,s202_m13,0.7997311827956989,0.7114843218964987,0.798098897543989,2.217339444491979,171.9366112360887,True,0.0,0,1.0,True,960b8a045624338fcd38e3be377f429e,8,dt2b
2QH,4NY4,explorer_boltz2_msa,s202_m14,0.8664874551971326,0.601609700542135,0.9002947776425123,2.219210407802739,171.17097131587585,True,0.0,0,1.0,True,ed445be2a52a0dd298d278d539a8b2b0,8,dt2b
2QH,4NY4,explorer_boltz2_msa,s202_m15,0.432347670250896,4.71604873941285,1.066544421688402,2.292276097550205,173.02335474694345,True,0.0,0,1.0,True,97b9baaf2c0e6b09ffc24962372ca9e9,8,dt2b
2QH,4NY4,explorer_boltz2_msa,s202_m16,0.8270609318996416,0.6063199521901215,0.8153918471398185,2.239611313732809,172.833482872032,True,0.0,0,1.0,True,972a03fe8326849cc556ce78363f8fe5,8,dt2b
2QH,4NY4,explorer_boltz2_msa,s202_m17,0.4498207885304659,4.743891134745567,1.0112020642025807,2.246183933608288,171.52600084445595,True,0.0,0,1.0,True,30daee608bc16d43866e0c120f7a4ca7,8,dt2b
2QH,4NY4,explorer_boltz2_msa,s202_m18,0.6747311827956989,0.9715881452024356,0.7693424672019571,2.233631417781367,170.85181914725231,True,0.0,0,1.0,True,440bc3357179efd87220f682e89bc987,8,dt2b
2QH,4NY4,explorer_boltz2_msa,s202_m19,0.6312724014336918,1.2616954146104116,0.8046314618669197,2.209087294019863,168.7613741482162,True,0.0,0,1.0,True,bd97ed975d0df19f40ce742f52804841,8,dt2b
2QH,4NY4,explorer_boltz2_msa,s202_m2,0.882616487455197,0.5356297377354108,0.8323561872302656,2.253642014828442,173.10148878399528,True,0.0,0,1.0,True,47bc34627e7e5e5b3063e49eb072f92e,8,dt2b
2QH,4NY4,explorer_boltz2_msa,s202_m3,0.8615591397849464,0.5367803936732539,0.8527339598576121,2.264819333589326,173.7807064524685,True,0.0,0,1.0,True,90fc028329614970ea1f199fa4bbb750,8,dt2b
2QH,4NY4,explorer_boltz2_msa,s202_m4,0.8409498207885304,0.5813973372716172,0.7827419578300128,2.2989346313020733,173.6175127088508,True,0.0,0,1.0,True,5541c3370c2330f5c4ca7fdb103caf76,8,dt2b
2QH,4NY4,explorer_boltz2_msa,s202_m5,0.8539426523297492,0.596769449939685,0.836701927598834,2.3085386736634934,173.66366046895422,True,0.0,0,1.0,True,fde75e65e53642ae5d94cd039917b088,8,dt2b
2QH,4NY4,explorer_boltz2_msa,s202_m6,0.8629032258064516,0.6140682382810073,0.8032667488914107,2.2467106580732645,171.36390144112184,True,0.0,0,1.0,True,48c07dfff16974e4760757e0f70b55db,8,dt2b
2QH,4NY4,explorer_boltz2_msa,s202_m7,0.8687275985663082,0.5164829245477423,0.8032991400852585,2.2528736960824056,171.60018799159565,True,0.0,0,1.0,True,fdb930df1598f2e02b778cae3e0f8516,8,dt2b
2QH,4NY4,explorer_boltz2_msa,s202_m8,0.8633512544802867,0.5799481014624073,0.7688369839584073,2.289246591741484,173.54567908309255,True,0.0,0,1.0,True,13d38a62d1fe9ef639718bc457b19845,8,dt2b
2QH,4NY4,explorer_boltz2_msa,s202_m9,0.8418458781362007,0.6022128105139856,0.7777249903729595,2.2796018346413045,172.95118092363512,True,0.0,0,1.0,True,ec1b6c109b67ac352d0933bc64235a27,8,dt2b
80K,6BD6,explorer_boltz2_msa,s202_m0,0.5038240917782026,5.123022085283552,1.493393191476973,2.2061299618109538,174.06623934717683,True,0.0,0,1.0,True,0c2415975e3224c13420fa6941f48faa,6,dt2b
80K,6BD6,explorer_boltz2_msa,s202_m1,0.5052581261950286,5.222363430986522,1.588953178740245,2.234157114663156,175.00917523616977,True,0.0,0,1.0,True,e9fcd70daeb8a8697fadc304bdd11d59,6,dt2b
80K,6BD6,explorer_boltz2_msa,s202_m10,0.5248565965583174,4.1994079852805335,1.2297622617988369,2.218488604027526,172.90974943846535,True,0.0,0,1.0,True,feed0c493e590a4dc9cad59427fae14a,6,dt2b
80K,6BD6,explorer_boltz2_msa,s202_m11,0.5205544933078393,4.000954788900476,1.2120422577874024,2.1980202330506424,172.3503231264794,True,0.0,0,1.0,True,c38d8062b78a2fc83231ebacaebcdd25,6,dt2b
80K,6BD6,explorer_boltz2_msa,s202_m12,0.5501912045889101,3.798766543756899,1.210404926087685,2.1750286393056992,171.23542167780025,True,0.0,0,1.0,True,adbda580d14911e8ce7feee47dc2e476,6,dt2b
80K,6BD6,explorer_boltz2_msa,s202_m13,0.5086042065009561,4.331670504286617,1.2547047581117992,2.2111527379627125,173.52275822792427,True,0.0,0,1.0,True,163c2d0d6b9c427d397e0af2130740b9,6,dt2b
80K,6BD6,explorer_boltz2_msa,s202_m14,0.4287762906309751,6.016978964155203,1.9593427376966164,2.18820259829843,173.66696199042772,True,0.0,0,1.0,True,65a1253ffd0a151d75532df7fcd6112a,6,dt2b
80K,6BD6,explorer_boltz2_msa,s202_m15,0.4918738049713194,4.296269697790205,1.2992001414731702,2.240726278196424,173.3091321416592,True,0.0,0,1.0,True,61452447d018b923aa4b13755feea7ee,6,dt2b
80K,6BD6,explorer_boltz2_msa,s202_m16,0.4689292543021032,4.666856677753946,1.3237873010715369,2.1785041629751367,174.24734580772335,True,0.0,0,1.0,True,ee44d827322c4e9953f399a06faa9f6a,6,dt2b
80K,6BD6,explorer_boltz2_msa,s202_m17,0.5468451242829828,3.9784724249015135,1.2373191083635675,2.183719639949231,172.699234253543,True,0.0,0,1.0,True,27ff71b121252f723fc8cba2e148e06a,6,dt2b
80K,6BD6,explorer_boltz2_msa,s202_m18,0.505736137667304,4.083859799020704,1.2142957957673184,2.196109805519751,173.4011550978879,True,0.0,0,1.0,True,a8d154c8be398dac97c62abed278dede,6,dt2b
80K,6BD6,explorer_boltz2_msa,s202_m19,0.4311663479923518,5.236446697826728,1.792371613319215,2.180376894621661,172.65288280218928,True,0.0,0,1.0,True,271c7d730227074baa944bdc2b7436ec,6,dt2b
80K,6BD6,explorer_boltz2_msa,s202_m2,0.4679732313575526,5.381365794733324,1.5743808568421251,2.2567369102090744,175.44979241738864,True,0.0,0,1.0,True,89f5a08768504e343ad144c1665df2df,6,dt2b
80K,6BD6,explorer_boltz2_msa,s202_m3,0.7117590822179732,2.826775836645917,1.0895870266198788,2.1402389461459674,172.6095340779481,True,0.0,0,1.0,True,bebaaa66701822da4681cca59cee8b66,6,dt2b
80K,6BD6,explorer_boltz2_msa,s202_m4,0.4526768642447418,5.30749034385844,1.3314640732568706,2.2183478094068114,173.71603116686157,True,0.0,0,1.0,True,4a896eff81f05b7da9efbe6674dcf2c1,6,dt2b
80K,6BD6,explorer_boltz2_msa,s202_m5,0.4990439770554493,5.15951486092391,1.5037177397527317,2.2162852158059447,173.5465275859784,True,0.0,0,1.0,True,e4bb1faf4793728c5a9c2c7523482a8e,6,dt2b
80K,6BD6,explorer_boltz2_msa,s202_m6,0.5439770554493308,4.003885400202573,1.1586847374829954,2.1597894744395805,172.20048229705867,True,0.0,0,1.0,True,94601cf4476f2ab496e01807c596f90d,6,dt2b
80K,6BD6,explorer_boltz2_msa,s202_m7,0.5234225621414914,4.022784600091265,1.2219300749689233,2.186225786189523,172.94981114082535,True,0.0,0,1.0,True,df9631462376829875c2127c10af8a5d,6,dt2b
80K,6BD6,explorer_boltz2_msa,s202_m8,0.5200764818355641,4.943592022602193,1.429396228849485,2.223403262321075,174.57321162188595,True,0.0,0,1.0,True,d6c8df3438a38962f20e419e1d45b7a3,6,dt2b
80K,6BD6,explorer_boltz2_msa,s202_m9,0.4861376673040153,3.84777773142006,1.1883616598302986,2.2332986195759847,173.41118054803636,True,0.0,0,1.0,True,544ab145d41e4b1ff4e3de3a46147b24,6,dt2b
A1A08,9COT,explorer_boltz2_msa,s202_m0,0.7868686868686868,2.1048026878851,1.0487455598629312,2.263966318698227,173.5634887788028,True,0.0,0,1.0,True,73858ff89ff452a9da22aae2fc7d9368,7,dt2b
A1A08,9COT,explorer_boltz2_msa,s202_m1,0.7818181818181817,2.311083014467872,1.1147105937780262,2.261333881539831,173.3522563065274,True,0.0,0,1.0,True,c5cfe47da3931d9a5685cc5c5380e578,7,dt2b
A1A08,9COT,explorer_boltz2_msa,s202_m10,0.8141414141414142,1.442840163808446,0.8489197938351828,2.2519277253721977,173.3185820616595,True,0.0,0,1.0,True,062bbc34e44c4d04e494e7365e900801,7,dt2b
A1A08,9COT,explorer_boltz2_msa,s202_m11,0.8535353535353536,1.5819643671975503,0.8509498397224788,2.259337376665999,173.3962902533457,True,0.0,0,1.0,True,9b35e6e11f2f39fd3b14995f335f676c,7,dt2b
A1A08,9COT,explorer_boltz2_msa,s202_m12,0.890909090909091,1.2636566060772512,0.8102550856279981,2.2554774590095112,173.56790451460816,True,0.0,0,1.0,True,18aa7114a25649ee9d0c740c1a34aec6,7,dt2b
A1A08,9COT,explorer_boltz2_msa,s202_m13,0.8338383838383838,1.5368404831486666,0.8635904276112232,2.2379584001942487,172.83163437014383,True,0.0,0,1.0,True,5b188e0ac0bf478a1c85f6a461f48590,7,dt2b
A1A08,9COT,explorer_boltz2_msa,s202_m14,0.8242424242424243,2.327582580278952,0.9915124194344378,2.264016102482489,173.3169477696367,True,0.0,0,1.0,True,de82f46172eb65f2c6548cbddf46b735,7,dt2b
A1A08,9COT,explorer_boltz2_msa,s202_m15,0.8393939393939394,1.4645054904692103,0.9079938951448272,2.2685458858264247,173.8901636493862,True,0.0,0,1.0,True,9ffdf514f4576ee2de5a858110f7ca5f,7,dt2b
A1A08,9COT,explorer_boltz2_msa,s202_m16,0.8838383838383839,1.096778785210028,0.8055983035853258,2.273059826951328,173.35589893754613,True,0.0,0,1.0,True,d7fa6264b46e6afc409b4ebc6c83e441,7,dt2b
A1A08,9COT,explorer_boltz2_msa,s202_m17,0.8621212121212121,1.545123994509024,0.924839679626111,2.2605314769319182,172.825731894974,True,0.0,0,1.0,True,22556ced4da2ff183a94a620199a177b,7,dt2b
A1A08,9COT,explorer_boltz2_msa,s202_m18,0.8510101010101011,1.4618379427992585,0.8750738700678272,2.273351514482527,173.411602671807,True,0.0,0,1.0,True,0b4559fa53dc8d2eff9cc9ad0c61dfc9,7,dt2b
A1A08,9COT,explorer_boltz2_msa,s202_m19,0.9025252525252526,0.8600824129983501,0.7768996482130702,2.2539600655512952,173.41749431260843,True,0.0,0,1.0,True,b6f786d042045fc2411acdae9564e91c,7,dt2b
A1A08,9COT,explorer_boltz2_msa,s202_m2,0.7782828282828282,2.2041830667242523,1.0810788815004104,2.2783366289027613,174.21377110432883,True,0.0,0,1.0,True,4bc56aa673bcc15e5b669f207f0af2ea,7,dt2b
A1A08,9COT,explorer_boltz2_msa,s202_m3,0.7707070707070707,2.3009662397769177,1.1544101160204758,2.250080483138325,173.44981984941387,True,0.0,0,1.0,True,b9d512e390e00bdbd4d8bdc066d44d14,7,dt2b
A1A08,9COT,explorer_boltz2_msa,s202_m4,0.9111111111111112,0.9914531536477988,0.7884525653340663,2.242240186666005,173.25852178811402,True,0.0,0,1.0,True,780195b922b81b85a00016f9e67cd7d1,7,dt2b
A1A08,9COT,explorer_boltz2_msa,s202_m5,0.8747474747474748,1.1409919808846358,0.8380768047798748,2.2472300804546026,173.0276659923945,True,0.0,0,1.0,True,dda141bbe0a9d45fc5f8e4f10500dfbe,7,dt2b
A1A08,9COT,explorer_boltz2_msa,s202_m6,0.7636363636363637,2.3330918466155675,1.0848421157345765,2.2818811926566203,173.11735189489872,True,0.0,0,1.0,True,85f6a2c1616a5bdc0f6e741a86efd797,7,dt2b
A1A08,9COT,explorer_boltz2_msa,s202_m7,0.9045454545454548,0.9711560752889168,0.7963357740711684,2.233066192122392,173.30762022250528,True,0.0,0,1.0,True,95fdc2b51eed1fbb21e68e346cb879c9,7,dt2b
A1A08,9COT,explorer_boltz2_msa,s202_m8,0.8641414141414142,1.3071554003097716,0.8259171860742454,2.2529062411471985,173.72356138124485,True,0.0,0,1.0,True,0e85cd78aaaf1f7db4c574b856f66c21,7,dt2b
A1A08,9COT,explorer_boltz2_msa,s202_m9,0.8722222222222222,1.0478753639538088,0.7766016997646101,2.2679169247792124,172.69218361797624,True,0.0,0,1.0,True,e26ac5a197fb09dadab80a03a70d14d0,7,dt2b
A1A4U,9COU,explorer_boltz2_msa,s202_m0,0.7279874213836478,2.6881220390506098,1.2687251479443276,2.2666021040314948,174.42928818696015,True,0.0,0,1.0,True,cb7eab1eec830b8e2e5cafe9e7919e87,7,dt2b
A1A4U,9COU,explorer_boltz2_msa,s202_m1,0.7510482180293501,2.6686226279378515,1.2681891248128223,2.2811630240077103,173.66881374635824,True,0.0,0,1.0,True,4f529acc4a14a450482f660c58f862a9,7,dt2b
A1A4U,9COU,explorer_boltz2_msa,s202_m10,0.8081761006289307,2.562849089090645,1.1783612614351082,2.251378168189431,173.0405339716769,True,0.0,0,1.0,True,59466800cff2776bba2e2698f5a84f96,7,dt2b
A1A4U,9COU,explorer_boltz2_msa,s202_m11,0.8558700209643606,2.3371251674678977,1.0938571445379033,2.248451301696348,172.69770353222515,True,0.0,0,1.0,True,8c68f19bb692e3570e084dd4110052e1,7,dt2b
A1A4U,9COU,explorer_boltz2_msa,s202_m12,0.7856394129979036,2.579496313520917,1.1935630425870798,2.2462257483610144,172.92384046428486,True,0.0,0,1.0,True,6c559605b6162032914a512fae9c5c05,7,dt2b
A1A4U,9COU,explorer_boltz2_msa,s202_m13,0.7531446540880503,2.459699546335792,1.2634304403285117,2.267394482197573,174.3073945875192,True,0.0,0,1.0,True,6e18603fce58d94ef4473efe522f57ea,7,dt2b
A1A4U,9COU,explorer_boltz2_msa,s202_m14,0.7830188679245282,2.5208810662176844,1.214495322649324,2.259410548284663,173.52525694969378,True,0.0,0,1.0,True,41de3feff76744d43c0c146d71a17a15,7,dt2b
A1A4U,9COU,explorer_boltz2_msa,s202_m15,0.7982180293501049,2.5378019856134477,1.2449989196937423,2.244797652217233,172.74910319744765,True,0.0,0,1.0,True,15ac66e0a1de1be1e46b5b3a2ca9ce39,7,dt2b
A1A4U,9COU,explorer_boltz2_msa,s202_m16,0.7075471698113208,3.2419933869725868,1.4859393146473316,2.2710416661303245,174.54868569188622,True,0.0,0,1.0,True,046a7e3cb434511cfb748e621c5f299e,7,dt2b
A1A4U,9COU,explorer_boltz2_msa,s202_m17,0.6970649895178198,3.3262618012220733,1.523835165397011,2.289371098555234,174.61162775463248,True,0.0,0,1.0,True,67e4ae3427b6b522c6e68a764955857c,7,dt2b
A1A4U,9COU,explorer_boltz2_msa,s202_m18,0.7756813417190775,2.2821346783830734,1.2356744240200863,2.2537345281332497,173.24687996703307,True,0.0,0,1.0,True,72a9c45513ede22b687abdd67e662b51,7,dt2b
A1A4U,9COU,explorer_boltz2_msa,s202_m19,0.7520964360587002,2.632229554535372,1.273931552469276,2.2494813630034813,174.27660297049036,True,0.0,0,1.0,True,68a7c2e23ecd02f98588e8d50422dcb3,7,dt2b
A1A4U,9COU,explorer_boltz2_msa,s202_m2,0.9061844863731656,2.3480388657533275,0.9383800794511062,2.2397170875804826,172.5131741015119,True,0.0,0,1.0,True,091547a4a6b52d5a1803a09b5a5a38ab,7,dt2b
A1A4U,9COU,explorer_boltz2_msa,s202_m3,0.8359538784067087,2.383216438775475,1.136348884476996,2.240406113051828,172.49806436755463,True,0.0,0,1.0,True,396e0f0798fa06c1c30dd3302a7caa17,7,dt2b
A1A4U,9COU,explorer_boltz2_msa,s202_m4,0.6467505241090147,3.636990643490997,1.6844217049105157,2.2906119056924505,175.4877020928533,True,0.0,0,1.0,True,ce71e291d5e321a7ff069c9535045540,7,dt2b
A1A4U,9COU,explorer_boltz2_msa,s202_m5,0.7940251572327044,2.69915714298126,1.3188025797605438,2.2408228183638257,173.44898895557552,True,0.0,0,1.0,True,d03ba1d806253cd537b4e2b2ea306565,7,dt2b
A1A4U,9COU,explorer_boltz2_msa,s202_m6,0.7976939203354299,2.6704222092266536,1.200731654549592,2.2631468863951363,173.452957224743,True,0.0,0,1.0,True,f9d0663e43fb543557d164ea139c51aa,7,dt2b
A1A4U,9COU,explorer_boltz2_msa,s202_m7,0.6719077568134172,2.856238300528224,1.5187685498383925,2.2893734767835503,174.1282920643047,True,0.0,0,1.0,True,258224b8c7985af2d1d01fb4e82ea061,7,dt2b
A1A4U,9COU,explorer_boltz2_msa,s202_m8,0.7562893081761006,2.7966130950622987,1.3126398037197664,2.27672552034715,173.6510606493572,True,0.0,0,1.0,True,277a0e2bb174e45ee258f7fcf986a02c,7,dt2b
A1A4U,9COU,explorer_boltz2_msa,s202_m9,0.6409853249475891,3.108782961126892,1.546242108313523,2.314347390216084,175.17964810443877,True,0.0,0,1.0,True,99a5142a56acbd5caf7c451839136014,7,dt2b
A1ASP,9BVB,explorer_boltz2_msa,s202_m0,0.6280788177339901,2.9653258730243057,1.2009005356754447,2.253777654627892,174.2251301523579,True,0.0,0,1.0,True,e852381f1f004b301c38bb1dc0db2c70,7,dt2b
A1ASP,9BVB,explorer_boltz2_msa,s202_m1,0.5652709359605911,3.158752455787697,1.2880137069594892,2.227357116629482,173.5544985417129,True,0.0,0,1.0,True,bb89523f0315b9836efebc18e67e48c9,7,dt2b
A1ASP,9BVB,explorer_boltz2_msa,s202_m10,0.6711822660098522,3.042322222727989,1.2273002582155734,2.2016312014958364,172.11699882500187,True,0.0,0,1.0,True,ca8fd00b95a9bc0b3123b96e6ddd405b,7,dt2b
A1ASP,9BVB,explorer_boltz2_msa,s202_m11,0.6342364532019704,2.6830085904791896,1.0866495160727954,2.195276154792376,174.7760192576423,True,0.0,0,1.0,True,a3e927330e2c3a0cdbba0495b74d04ea,7,dt2b
A1ASP,9BVB,explorer_boltz2_msa,s202_m12,0.6742610837438424,2.758322736386135,1.1037580691848707,2.2065255733165654,174.6120958851902,True,0.0,0,1.0,True,898576917e0cae572ad5b333d62e8799,7,dt2b
A1ASP,9BVB,explorer_boltz2_msa,s202_m13,0.6570197044334976,2.7149315110590773,1.1441918836284732,2.241680730456503,174.25186653323487,True,0.0,0,1.0,True,0bc0ab7eb0a76cf6f81e03d99487ee97,7,dt2b
A1ASP,9BVB,explorer_boltz2_msa,s202_m14,0.687807881773399,2.7283562481927035,1.1468804690988732,2.227043745776001,173.77724842846527,True,0.0,0,1.0,True,79b1c700e211713c4127ca04b50b2781,7,dt2b
A1ASP,9BVB,explorer_boltz2_msa,s202_m15,0.6293103448275862,2.877913840949739,1.139170571459164,2.2526914169499554,173.52634043920813,True,0.0,0,1.0,True,b15169ebc57d5120cd02da0b905beb55,7,dt2b
A1ASP,9BVB,explorer_boltz2_msa,s202_m16,0.7099753694581281,2.389219153590786,0.9245243093044184,2.2114243516114223,173.05759213160675,True,0.0,0,1.0,True,c3fe5d56380382978c6d90b1ccf8b120,7,dt2b
A1ASP,9BVB,explorer_boltz2_msa,s202_m17,0.5615763546798029,3.3635855711670994,1.341882158811649,2.196780158755081,172.55702756484035,True,0.0,0,1.0,True,38774a0ad6d9c3173cca6e1339593c83,7,dt2b
A1ASP,9BVB,explorer_boltz2_msa,s202_m18,0.6305418719211823,2.8237299251177257,1.096121715327233,2.195398483009406,174.9353502451435,True,0.0,0,1.0,True,500fafcf16ac5a239c031d5b65467e2b,7,dt2b
A1ASP,9BVB,explorer_boltz2_msa,s202_m19,0.6237684729064039,2.697844537258378,1.2018780861120113,2.239507117514923,173.64175371155665,True,0.0,0,1.0,True,583a3d8ed6944b4e5d6f24866daa5526,7,dt2b
A1ASP,9BVB,explorer_boltz2_msa,s202_m2,0.6342364532019704,2.919658546978756,1.2185326137037769,2.1977892203075347,174.364869020397,True,0.0,0,1.0,True,fc9069ac904ae8e1fd19659123ecf45d,7,dt2b
A1ASP,9BVB,explorer_boltz2_msa,s202_m3,0.5511083743842364,3.1383732759935388,1.3578180616130329,2.228812592435712,173.62397189772818,True,0.0,0,1.0,True,3776415be95da98f5793d10de79efa09,7,dt2b
A1ASP,9BVB,explorer_boltz2_msa,s202_m4,0.7075123152709359,2.195303312387044,0.8426498095661323,2.1770115335248,173.23442696590405,True,0.0,0,1.0,True,24b20f00e23792691169f36bfc911948,7,dt2b
A1ASP,9BVB,explorer_boltz2_msa,s202_m5,0.5929802955665024,2.9032157170805264,1.1554630154885257,2.200224204757324,173.68835388844565,True,0.0,0,1.0,True,a2855a3ee85b4e9b0231e2452498832e,7,dt2b
A1ASP,9BVB,explorer_boltz2_msa,s202_m6,0.5942118226600985,2.895892146981513,1.2492671299578038,2.23415661145319,174.52442905554736,True,0.0,0,1.0,True,3b1c4115cd5f30997c0164b4c79bb2c0,7,dt2b
A1ASP,9BVB,explorer_boltz2_msa,s202_m7,0.6631773399014779,2.844166144393665,1.1752377396945952,2.205654621943336,172.81511983537183,True,0.0,0,1.0,True,3cbdecd4926541457a481c8b54d560c0,7,dt2b
A1ASP,9BVB,explorer_boltz2_msa,s202_m8,0.7161330049261084,2.3775994924020405,1.0041958518557386,2.208403441289657,174.46567359394416,True,0.0,0,1.0,True,1904209d1940a334eadfa5a375ffc5ac,7,dt2b
A1ASP,9BVB,explorer_boltz2_msa,s202_m9,0.5812807881773399,3.1603354460723256,1.262605581467516,2.221176473988503,173.5655426459772,True,0.0,0,1.0,True,befd2f2173ad7ae2e9bbb43366e64672,7,dt2b
A1AST,9BV7,explorer_boltz2_msa,s202_m0,0.520997375328084,3.1955502559893185,1.3789213208958722,2.346970800201827,174.86160593621793,True,0.0,0,1.0,True,db936f4183f85a980ad68a6a4f5c4e06,7,dt2b
A1AST,9BV7,explorer_boltz2_msa,s202_m1,0.5347769028871391,3.4991821425665126,1.2804567604815646,2.383848955617784,176.09754036720258,True,0.0,0,1.0,True,b581d907f5c5110b989d2fc877645d4a,7,dt2b
A1AST,9BV7,explorer_boltz2_msa,s202_m10,0.5479002624671916,3.2885396499024497,1.233142040397256,2.3669414128997786,176.0711565596515,True,0.0,0,1.0,True,8768478b3f714d03907ed60fe8e9a4b7,7,dt2b
A1AST,9BV7,explorer_boltz2_msa,s202_m11,0.5190288713910761,3.5421119099724536,1.3175314689371824,2.394972003740336,176.18141539480982,True,0.0,0,1.0,True,5a675c535c32b343b00b8174a2567c45,7,dt2b
A1AST,9BV7,explorer_boltz2_msa,s202_m12,0.5334645669291339,3.4384796154688613,1.279803871129474,2.359833873411432,176.14240185577003,True,0.0,0,1.0,True,d0c3b1d2d9bed84ccb7a916ec204d432,7,dt2b
A1AST,9BV7,explorer_boltz2_msa,s202_m13,0.5360892388451444,3.295086337001465,1.218933250192165,2.3569065478291664,175.85551476211623,True,0.0,0,1.0,True,85b8a517765f318e35aa875c1ac5ebe8,7,dt2b
A1AST,9BV7,explorer_boltz2_msa,s202_m14,0.5524934383202099,3.360116398792056,1.255537187142232,2.3625713781598217,175.34689282489092,True,0.0,0,1.0,True,3e989e4a332e90e80f39940c8fffc4ca,7,dt2b
A1AST,9BV7,explorer_boltz2_msa,s202_m15,0.5301837270341208,3.4010698841557634,1.25228384352308,2.3561532379919607,175.9765643811185,True,0.0,0,1.0,True,12e670b45f3fc24344d151c1c4488c49,7,dt2b
A1AST,9BV7,explorer_boltz2_msa,s202_m16,0.5203412073490814,4.039773415843942,1.5939407713003233,2.3384655680381523,176.19543794068446,True,0.0,0,1.0,True,6d7d3b6929e93649db3f9ecab404ae03,7,dt2b
A1AST,9BV7,explorer_boltz2_msa,s202_m17,0.5380577427821522,3.323548073065192,1.215432684860936,2.3533595968742214,175.2107452395473,True,0.0,0,1.0,True,cef986a43e13457b028dfe5c5b142ecd,7,dt2b
A1AST,9BV7,explorer_boltz2_msa,s202_m18,0.5282152230971129,3.355605850190792,1.2236339372711356,2.400436017830927,175.45174818745764,True,0.0,0,1.0,True,c8aa0fa4a43e1ea59022c6415dfcb83e,7,dt2b
A1AST,9BV7,explorer_boltz2_msa,s202_m19,0.5203412073490814,3.2831077159806448,1.194613224141346,2.332759431767451,173.7482035572409,True,0.0,0,1.0,True,f9379138c04f943d0552d4d6224c29c2,7,dt2b
A1AST,9BV7,explorer_boltz2_msa,s202_m2,0.5400262467191601,3.509279273735646,1.3348794217249238,2.3940693794040304,176.30173862252346,True,0.0,0,1.0,True,a4e219bf8dc449b638871c90d697682a,7,dt2b
A1AST,9BV7,explorer_boltz2_msa,s202_m3,0.5793963254593175,3.267673871994006,1.2149974064277724,2.3956023418547576,175.9999502922808,True,0.0,0,1.0,True,1ce18954323bfe0ae61940920a007cf0,7,dt2b
A1AST,9BV7,explorer_boltz2_msa,s202_m4,0.5269028871391076,3.2898075700828056,1.3649177987754506,2.29353932719716,173.9455955042683,True,0.0,0,1.0,True,d9c9162466da23c92754a9b1bd8f2479,7,dt2b
A1AST,9BV7,explorer_boltz2_msa,s202_m5,0.75,1.9658279245938692,1.46037735977308,2.4053634223958755,176.35367166760977,True,0.0,0,1.0,True,0c6a45d088e50ce171dc905994847a26,7,dt2b
A1AST,9BV7,explorer_boltz2_msa,s202_m6,0.5774278215223098,3.2835342522468647,1.2303998165992471,2.399757547607674,175.3309735064967,True,0.0,0,1.0,True,416a33645cc10a34c6a59d96e48cbeb6,7,dt2b
A1AST,9BV7,explorer_boltz2_msa,s202_m7,0.5216535433070866,3.4780038343855413,1.279329367470612,2.304737709176469,174.7445125702351,True,0.0,0,1.0,True,17e97bd05694e6f2789b9894c4d7b31c,7,dt2b
A1AST,9BV7,explorer_boltz2_msa,s202_m8,0.5623359580052494,3.278993864958273,1.2253945367321246,2.3388072238002007,175.31014062392154,True,0.0,0,1.0,True,009df511b5ee7167052cb3d1e7f9a8d6,7,dt2b
A1AST,9BV7,explorer_boltz2_msa,s202_m9,0.5695538057742782,3.263346901601172,1.220847043976096,2.4098560690215503,177.07533634424752,True,0.0,0,1.0,True,7cc6405e4f68777f402b718778a0145c,7,dt2b
CL6,8SPD,explorer_boltz2_msa,s202_m0,0.4337121212121212,4.033721031484831,0.6282803483297856,2.0678530986025097,170.38351580018036,True,0.0,0,1.0,True,3795ffca9b2c64b9731c2321bb6535c9,6,dt2b
CL6,8SPD,explorer_boltz2_msa,s202_m1,0.4545454545454545,4.019358196418141,0.4606351028963026,2.137245172178428,170.48747661251895,True,0.0,0,1.0,True,7c74cf86afcac84db4316af676b3a8ec,6,dt2b
CL6,8SPD,explorer_boltz2_msa,s202_m10,0.4678030303030303,3.924305669700471,0.4516971534612874,2.095097577703721,171.35429885910335,True,0.0,0,1.0,True,6f6c24a0fc1d3aa466f843bf48f4a9b0,6,dt2b
CL6,8SPD,explorer_boltz2_msa,s202_m11,0.4535984848484848,4.110674605040285,0.5914372676776825,2.076495569968787,170.9669407676426,True,0.0,0,1.0,True,3633b87da841aac9b644c503109b8bb2,6,dt2b
CL6,8SPD,explorer_boltz2_msa,s202_m12,0.509469696969697,3.797127587634016,0.811700173479431,2.0791520700516357,173.06165973406345,True,0.0,0,1.0,True,63f498c6ccf42fdc5a6bb031834218bd,6,dt2b
CL6,8SPD,explorer_boltz2_msa,s202_m13,0.8323863636363635,1.5240580648584283,0.7168322194082766,2.1109993048790896,170.4978599007243,True,0.0,0,1.0,True,0e24d0927dade85876b6f831934d3be5,6,dt2b
CL6,8SPD,explorer_boltz2_msa,s202_m14,0.4422348484848485,4.139220831123665,0.5443029926868808,2.0648508921711515,170.38869227058825,True,0.0,0,1.0,True,e0fe3b8b5588863fa6104c247f84f6d7,6,dt2b
CL6,8SPD,explorer_boltz2_msa,s202_m15,0.4526515151515151,4.023168037026124,0.4235001417063439,2.11007036989291,170.808485510205,True,0.0,0,1.0,True,746684f88176ee444a0eff16a28f1ccd,6,dt2b
CL6,8SPD,explorer_boltz2_msa,s202_m16,0.4356060606060606,4.128185863107131,0.6398174587253997,2.0786372997230664,172.1246155792223,True,0.0,0,1.0,True,36f774d86a9c673a0c34b78e5c657e02,6,dt2b
CL6,8SPD,explorer_boltz2_msa,s202_m17,0.4488636363636363,3.945151333459653,0.5620399211330447,2.086144396080962,172.6034337681617,True,0.0,0,1.0,True,5531cd07ca1dfa12b93b2f5229b9436c,6,dt2b
CL6,8SPD,explorer_boltz2_msa,s202_m18,0.540719696969697,3.774038049350701,0.5294399091525548,2.1061230528627712,171.0912062712289,True,0.0,0,1.0,True,93a4cd008486a0a1fae5e2ff2820985c,6,dt2b
CL6,8SPD,explorer_boltz2_msa,s202_m19,0.4573863636363636,4.051931962762847,0.534870327812648,2.0942479177499496,169.46288227321085,True,0.0,0,1.0,True,d483849a71e485b8c9788a2b0c206c3a,6,dt2b
CL6,8SPD,explorer_boltz2_msa,s202_m2,0.4545454545454545,4.075531369260493,0.6910895655450836,2.083044982543584,171.0384529730426,True,0.0,0,1.0,True,75e11bd1351e612e880eec208a04deef,6,dt2b
CL6,8SPD,explorer_boltz2_msa,s202_m3,0.4507575757575757,4.111253666194252,0.7241721615358162,2.087618328263095,172.36226734127442,True,0.0,0,1.0,True,295080a6345a9a8ea193a36d36086e93,6,dt2b
CL6,8SPD,explorer_boltz2_msa,s202_m4,0.4782196969696969,3.924589168503431,0.4449925211401553,2.1235351261045814,170.6038080413264,True,0.0,0,1.0,True,4b9d4b3546b511707f708f1c8af9b609,6,dt2b
CL6,8SPD,explorer_boltz2_msa,s202_m5,0.4517045454545454,4.143415386079052,0.7702522589639326,2.0538594745016026,172.49417535327015,True,0.0,0,1.0,True,651e4418a22548329e22e82aa8c87080,6,dt2b
CL6,8SPD,explorer_boltz2_msa,s202_m6,0.4545454545454546,4.01130491358271,0.5931175628455976,2.085461020422103,170.75333819525682,True,0.0,0,1.0,True,9eaf514f1a829ec6365f1ca92bf0bb84,6,dt2b
CL6,8SPD,explorer_boltz2_msa,s202_m7,0.4678030303030303,4.002504725484287,0.4475104573337966,2.107341965438927,170.49739191802186,True,0.0,0,1.0,True,c8c53452a7df04ebb7fcaf09877251bc,6,dt2b
CL6,8SPD,explorer_boltz2_msa,s202_m8,0.4820075757575758,3.929149294556475,0.6894968484423495,2.063440086966423,171.6250293570727,True,0.0,0,1.0,True,74758eef82b7b03c36ae881ab884558f,6,dt2b
CL6,8SPD,explorer_boltz2_msa,s202_m9,0.4649621212121212,4.013121713321923,0.4653513018712094,2.0862132007539405,170.2613176191634,True,0.0,0,1.0,True,db7497bed2eaec24489bad23d428d1bc,6,dt2b
D81,6BD8,explorer_boltz2_msa,s202_m0,0.4348013816925734,4.767193466279401,1.5048584190843737,2.1537773951362755,175.11434361957896,True,0.0,0,1.0,True,fca42138dfb6415b585f4e0b9ad5c8d9,7,dt2b
D81,6BD8,explorer_boltz2_msa,s202_m1,0.5012953367875648,4.059354868693889,1.2833923424331175,2.193373544132417,175.68983595883537,True,0.0,0,1.0,True,89ab29d57c60800ad0dff489b88e1e1e,7,dt2b
D81,6BD8,explorer_boltz2_msa,s202_m10,0.5785837651122625,3.676340819888499,1.2461833836100331,2.135831053267088,175.18610545197484,True,0.0,0,1.0,True,b3a9f9db227da236c0ebbdeff5981edf,7,dt2b
D81,6BD8,explorer_boltz2_msa,s202_m11,0.5639032815198618,3.647773553127207,1.3139467989895022,2.156610659275336,174.61849140185691,True,0.0,0,1.0,True,ac5dff9eb5a5fd199f75efc812bb3c46,7,dt2b
D81,6BD8,explorer_boltz2_msa,s202_m12,0.5613126079447324,3.4422292720525096,1.264140827577253,2.142803213619953,174.04751219938936,True,0.0,0,1.0,True,596120beb9cf23c86771c661d9d8141e,7,dt2b
D81,6BD8,explorer_boltz2_msa,s202_m13,0.5673575129533679,3.983371526720717,1.41281981367938,2.156980335747176,175.3323371294682,True,0.0,0,1.0,True,b5b7a563ce75196ecb716b27c929668c,7,dt2b
D81,6BD8,explorer_boltz2_msa,s202_m14,0.5772884283246977,3.7663736712951374,1.2964245736173483,2.1653063695006303,175.7613358039835,True,0.0,0,1.0,True,5f2a4f86e59bc52b2494191c136b06e8,7,dt2b
D81,6BD8,explorer_boltz2_msa,s202_m15,0.4771157167530224,4.2819030872247685,1.4367299362702313,2.1483541401733564,173.84508343314113,True,0.0,0,1.0,True,002bfcc57f275215105d0a69a4958342,7,dt2b
D81,6BD8,explorer_boltz2_msa,s202_m16,0.5673575129533679,3.666690241687133,1.3356395506877194,2.1485883198509663,174.3632347648341,True,0.0,0,1.0,True,9b6d400fe6f0ad647ad62a9a7cf281be,7,dt2b
D81,6BD8,explorer_boltz2_msa,s202_m17,0.6118307426597582,3.489722760878882,1.2659949254152856,2.158365136718067,174.29353645813768,True,0.0,0,1.0,True,1c8c102386beca5db5a5a0b97eb49612,7,dt2b
D81,6BD8,explorer_boltz2_msa,s202_m18,0.2582037996545768,6.0650327135190985,1.5390856799876207,2.1483237439687723,173.58014694627514,True,0.0,0,1.0,True,4bdbf25c97c83aaee751b8a5cdacd59d,7,dt2b
D81,6BD8,explorer_boltz2_msa,s202_m19,0.5004317789291883,4.056956798495776,1.4239825251884288,2.1227077303764648,174.87956614166512,True,0.0,0,1.0,True,8701d1b100345608bb5545c92826ecac,7,dt2b
D81,6BD8,explorer_boltz2_msa,s202_m2,0.4015544041450777,5.188973427309189,1.180707973349106,2.1221950383977437,173.8026210891161,True,0.0,0,1.0,True,ef7640c1a8b6788a0ad77060921cad1d,7,dt2b
D81,6BD8,explorer_boltz2_msa,s202_m3,0.4650259067357513,4.392148654562998,1.274276638647183,2.1605772616132013,175.9093556812854,True,0.0,0,1.0,True,e5a39d41f9f3c23303ce5c4d2a75a288,7,dt2b
D81,6BD8,explorer_boltz2_msa,s202_m4,0.6092400690846287,3.364593261746041,1.1822493157805838,2.156685818402856,175.42550808318515,True,0.0,0,1.0,True,b061675dc53983e26bbc11f0076db871,7,dt2b
D81,6BD8,explorer_boltz2_msa,s202_m5,0.5280656303972366,3.649291218875984,1.2411409624455283,2.1567835734027643,173.77193911531305,True,0.0,0,1.0,True,a200941c0abb745a305c16f8fbb223d9,7,dt2b
D81,6BD8,explorer_boltz2_msa,s202_m6,0.5604490500863558,3.855908880752864,1.1805356572258308,2.1529443110540503,174.5414087959151,True,0.0,0,1.0,True,e5f78820ce078ead2354b5af975a2bba,7,dt2b
D81,6BD8,explorer_boltz2_msa,s202_m7,0.5967184801381692,3.199063323147668,1.2775320654015423,2.1545294221708837,176.00322620995837,True,0.0,0,1.0,True,82d31ae8516ba7fbc972aba89deb7f7d,7,dt2b
D81,6BD8,explorer_boltz2_msa,s202_m8,0.6187392055267703,3.5525382829568914,1.2014984075228026,2.1381702474779694,175.4489901617605,True,0.0,0,1.0,True,4025b6086613b48dca7222b0b7155ea4,7,dt2b
D81,6BD8,explorer_boltz2_msa,s202_m9,0.4430051813471503,4.641162365862198,1.3716585624612327,2.164246430654328,176.24118871253276,True,0.0,0,1.0,True,7303afdc78d1cbd804ed346595714f39,7,dt2b
FZV,6DAC,explorer_boltz2_msa,s202_m0,0.6794354838709677,2.1272019124709294,1.107793357052263,2.222568782062774,172.3287485850947,True,0.0,0,1.0,True,878bd1cb087398ef30825f4da4779bc5,6,dt2b
FZV,6DAC,explorer_boltz2_msa,s202_m1,0.6587701612903226,2.251950943826438,1.1148142194588964,2.22722809853414,172.0780271139797,True,0.0,0,1.0,True,3c86f4505456b1eb2f712dacf11f664e,6,dt2b
FZV,6DAC,explorer_boltz2_msa,s202_m10,0.7101814516129032,2.1476678452252584,0.9696145987382868,2.2236320666198357,172.058417400662,True,0.0,0,1.0,True,1aea7b4d1e624267bd5c7b67e266a9b0,6,dt2b
FZV,6DAC,explorer_boltz2_msa,s202_m11,0.7036290322580645,2.367717356967188,0.8783815122473518,2.2187178846802493,172.356633346574,True,0.0,0,1.0,True,7372667f73ac4e454ac853f2b62a198d,6,dt2b
FZV,6DAC,explorer_boltz2_msa,s202_m12,0.6547379032258064,2.782832038765596,0.7815270529770107,2.200771055266767,171.8895282274796,True,0.0,0,1.0,True,2eebde533fed43cb263adc281658eecc,6,dt2b
FZV,6DAC,explorer_boltz2_msa,s202_m13,0.657258064516129,2.871771583639942,0.8675137911269051,2.201448496172463,171.67634874814496,True,0.0,0,1.0,True,6baca5efaea8e9166b3e3ed015277daa,6,dt2b
FZV,6DAC,explorer_boltz2_msa,s202_m14,0.6890120967741935,2.781237593125674,0.8212172582526017,2.20914511449565,173.2742789961335,True,0.0,0,1.0,True,51eada514376688d9959d935e5103753,6,dt2b
FZV,6DAC,explorer_boltz2_msa,s202_m15,0.7434475806451613,1.9516080631492243,1.1413173386829152,2.224720145771148,173.67226008760613,True,0.0,0,1.0,True,649696db7f1c236c352b4ea76f4e7942,6,dt2b
FZV,6DAC,explorer_boltz2_msa,s202_m16,0.6123991935483871,2.0407287118004644,0.9312086398264482,2.191520954405867,172.16656072801408,True,0.0,0,1.0,True,a9da2b47f9d45f2b41dff8b891dbf209,6,dt2b
FZV,6DAC,explorer_boltz2_msa,s202_m17,0.668850806451613,2.738585178900161,0.8750811653666847,2.2105539032559234,171.65470234451954,True,0.0,0,1.0,True,b9bf4d7e6cd51be25d5db32f4f00a269,6,dt2b
FZV,6DAC,explorer_boltz2_msa,s202_m18,0.6617943548387097,2.612620846303544,0.8421134275866088,2.23711034372469,171.8375002449584,True,0.0,0,1.0,True,893b8bd7ad9117e954eff39bc5616994,6,dt2b
FZV,6DAC,explorer_boltz2_msa,s202_m19,0.6769153225806452,2.770515247646926,0.8269297728820724,2.192845387071328,172.12759222968427,True,0.0,0,1.0,True,d11b262c95002c4e3b1e9350e573bb73,6,dt2b
FZV,6DAC,explorer_boltz2_msa,s202_m2,0.6587701612903226,2.212746677327772,1.024526853548574,2.208920752879107,171.8358455563728,True,0.0,0,1.0,True,17649dd837f67449dc53b6c4f012c13d,6,dt2b
FZV,6DAC,explorer_boltz2_msa,s202_m3,0.6950604838709677,2.02168867402936,1.1359503830678186,2.226246312181112,172.3793212396057,True,0.0,0,1.0,True,7b0d576167a6b60a74fae3700d8e7c80,6,dt2b
FZV,6DAC,explorer_boltz2_msa,s202_m4,0.6401209677419355,2.787827276823039,0.7911667496053588,2.212440045063369,171.8143768284274,True,0.0,0,1.0,True,5a8a24ac5a9d8f500b06f73ae40971b0,6,dt2b
FZV,6DAC,explorer_boltz2_msa,s202_m5,0.6638104838709677,2.810800300686316,0.7908580764676504,2.2060257348906878,172.80127085115487,True,0.0,0,1.0,True,cdbf5353c19859681844cb91e9bd8bfe,6,dt2b
FZV,6DAC,explorer_boltz2_msa,s202_m6,0.6507056451612903,2.959065376196384,0.7948255055036365,2.2274624245091093,172.51208620198057,True,0.0,0,1.0,True,2dfab386e5d925ce3ac88ae9ca86b15f,6,dt2b
FZV,6DAC,explorer_boltz2_msa,s202_m7,0.6829637096774194,2.7338311054031768,0.8555417257691286,2.207977610869277,172.35442164935247,True,0.0,0,1.0,True,78ff60880a02cfd72bcfb53cc83495a8,6,dt2b
FZV,6DAC,explorer_boltz2_msa,s202_m8,0.7268145161290323,1.7383253532901284,1.0512867794260483,2.226092644365908,171.97105876776467,True,0.0,0,1.0,True,baa462791bb14ad9c42053d3e6fa3008,6,dt2b
FZV,6DAC,explorer_boltz2_msa,s202_m9,0.6869959677419355,2.41577292805994,0.8822595911565587,2.2109872444001124,171.66283457839066,True,0.0,0,1.0,True,9542eb64cf847404752a513ee197a919,6,dt2b
G0V,6DAB,explorer_boltz2_msa,s202_m0,0.5120558375634517,5.46645027522263,1.090290062090964,2.2753190196761417,173.88663641167625,True,0.0,0,1.0,True,2bf5397e0f2cf133fbc7b0d15cf9c6ff,6,dt2b
G0V,6DAB,explorer_boltz2_msa,s202_m1,0.4892131979695431,5.613749168686528,0.8488640062217176,2.199615255198053,171.95140294770104,True,0.0,0,1.0,True,15146272cdf2f9ef51274b2b54cedc9c,6,dt2b
G0V,6DAB,explorer_boltz2_msa,s202_m10,0.4949238578680203,5.482017998219357,0.8000665794640969,2.203165427402128,172.79138748938084,True,0.0,0,1.0,True,35c175379ce7fb8da2c7747e88aa3d7b,6,dt2b
G0V,6DAB,explorer_boltz2_msa,s202_m11,0.4911167512690355,5.447134516623032,0.862261295071932,2.205168144359971,172.14596902575107,True,0.0,0,1.0,True,4c66640923201304464d582bb97c540a,6,dt2b
G0V,6DAB,explorer_boltz2_msa,s202_m12,0.4898477157360406,5.547680334312448,0.8807155628260626,2.2206269427573826,172.6759968031048,True,0.0,0,1.0,True,e6d76366923f1228cc36a0a3076b5158,6,dt2b
G0V,6DAB,explorer_boltz2_msa,s202_m13,0.5133248730964467,5.374151630872405,0.797656555125509,2.215387551784112,172.0067842135639,True,0.0,0,1.0,True,8cac4e76219dae88643823638eb5f424,6,dt2b
G0V,6DAB,explorer_boltz2_msa,s202_m14,0.4860406091370558,5.4979039887088215,0.833867104008823,2.224308737023707,172.657952044271,True,0.0,0,1.0,True,c9b9bc74f2de909f279ea4e2302260c6,6,dt2b
G0V,6DAB,explorer_boltz2_msa,s202_m15,0.4923857868020304,5.597271971050082,0.9454668329953,2.208879023418892,171.7383649224395,True,0.0,0,1.0,True,dae0bc0cc8aef66be020caa4a11b3d59,6,dt2b
G0V,6DAB,explorer_boltz2_msa,s202_m16,0.4879441624365482,5.424233558773914,0.8723343569646986,2.238435166226621,171.58568277052987,True,0.0,0,1.0,True,d5a55c88567171bf7f43a39bc6cc264a,6,dt2b
G0V,6DAB,explorer_boltz2_msa,s202_m17,0.490482233502538,5.474291655341118,0.7875213468334611,2.2135739509896664,171.8601446046744,True,0.0,0,1.0,True,f8291497b1842f6c0ef7aec6247c068a,6,dt2b
G0V,6DAB,explorer_boltz2_msa,s202_m18,0.4847715736040609,5.59086182493227,0.9282965470658264,2.2248121976023048,171.76297765046382,True,0.0,0,1.0,True,d50eb7b34d734f2f29ef907664851982,6,dt2b
G0V,6DAB,explorer_boltz2_msa,s202_m19,0.5012690355329948,5.380879361033436,0.8334807129961739,2.218293761813345,173.00765693715798,True,0.0,0,1.0,True,46f51bb45f7e023b11b360ff4624a7da,6,dt2b
G0V,6DAB,explorer_boltz2_msa,s202_m2,0.4930203045685278,5.605315413681714,0.8713768883807148,2.207446189831136,171.83885856795732,True,0.0,0,1.0,True,210ce3234595eef6716236c39466243d,6,dt2b
G0V,6DAB,explorer_boltz2_msa,s202_m3,0.4879441624365482,5.57876628187198,0.857605153081557,2.205519574567408,171.6402641468379,True,0.0,0,1.0,True,ae11456284f73e2ddf8667f73b24fe7e,6,dt2b
G0V,6DAB,explorer_boltz2_msa,s202_m4,0.4892131979695431,5.605368606409992,0.8484489860640264,2.230621686615639,172.28018354035376,True,0.0,0,1.0,True,07f0c2e5da1297f133d99759c3b1a16f,6,dt2b
G0V,6DAB,explorer_boltz2_msa,s202_m5,0.5501269035532994,5.236638059978208,0.8033333813069233,2.216007322799273,172.73689212217042,True,0.0,0,1.0,True,2136bd6a501e304ca3396009c56a7238,6,dt2b
G0V,6DAB,explorer_boltz2_msa,s202_m6,0.498730964467005,5.5366080759683145,0.8436240387537026,2.2208895764310297,172.27880216999998,True,0.0,0,1.0,True,21532c223fc4f1b8ff7121dd2ae3992a,6,dt2b
G0V,6DAB,explorer_boltz2_msa,s202_m7,0.5139593908629442,5.444551616738004,1.0992864650718357,2.217943158559299,172.90964218175313,True,0.0,0,1.0,True,caa4aac4cf89df2c0289e02d7d8e2fd4,6,dt2b
G0V,6DAB,explorer_boltz2_msa,s202_m8,0.5057106598984771,5.5052482960754014,0.8425756418929969,2.207464225236731,172.31424712471014,True,0.0,0,1.0,True,6775f99e7ca138fcd443427512020f76,6,dt2b
G0V,6DAB,explorer_boltz2_msa,s202_m9,0.4860406091370558,5.598482641716398,0.8562413301047652,2.1976401696365127,172.1121821007507,True,0.0,0,1.0,True,04e07e5be864ebd3aa3ec949d451ca23,6,dt2b
MYT,1W0G,explorer_boltz2_msa,s202_m0,0.7849162011173184,1.495568565312323,0.9562076167824528,2.3203853749754586,174.2814490451508,True,0.0,0,1.0,True,4b3d80382af5313d8576120ee2b9adb7,7,dt2b
MYT,1W0G,explorer_boltz2_msa,s202_m1,0.8254189944134078,1.3355528929832907,0.9280519524515746,2.309327331453902,175.86167474315153,True,0.0,0,1.0,True,4b1ffb4dfc506e3e7543535aa7bb15e9,7,dt2b
MYT,1W0G,explorer_boltz2_msa,s202_m10,0.7583798882681564,1.623343814172877,0.8462010239880414,2.251619569843005,173.7025901425726,True,0.0,0,1.0,True,b7f12b30ff6599590228f3dff7cfe171,7,dt2b
MYT,1W0G,explorer_boltz2_msa,s202_m11,0.755586592178771,1.7670434519235272,1.0650000668508135,2.3304430504734506,175.2856628692042,True,0.0,0,1.0,True,1363f16bceae743216046c6ed34e4705,7,dt2b
MYT,1W0G,explorer_boltz2_msa,s202_m12,0.7486033519553073,2.310540539922237,1.2524218408485377,2.37327889665332,171.81649745993576,True,0.0,0,1.0,True,772bede87f6040c1ffda37c1212ac52b,7,dt2b
MYT,1W0G,explorer_boltz2_msa,s202_m13,0.6941340782122905,2.4532660696671087,1.1659753775305732,2.293715654238772,172.7822584999059,True,0.0,0,1.0,True,90feeba6b368899aea8beac97fe17901,7,dt2b
MYT,1W0G,explorer_boltz2_msa,s202_m14,0.7360335195530726,2.588991284753208,1.172819155407108,2.356711888224779,173.25026619937603,True,0.0,0,1.0,True,9b80d457d9be377a2623c36273bda1f3,7,dt2b
MYT,1W0G,explorer_boltz2_msa,s202_m15,0.7192737430167597,1.940873225552139,1.0166745407359952,2.3303638356917573,175.93140601199423,True,0.0,0,1.0,True,ae0e8a4c64b70d0879680d47c551dccb,7,dt2b
MYT,1W0G,explorer_boltz2_msa,s202_m16,0.7695530726256983,1.6496714258254055,1.0561736650895317,2.289898319707668,176.36428318157817,True,0.0,0,1.0,True,f4147b14a8178d4cd87b366a06047a69,7,dt2b
MYT,1W0G,explorer_boltz2_msa,s202_m17,0.7108938547486033,2.3316260678152414,1.320196358360046,2.3029569060015,177.960214764308,True,0.0,0,1.0,True,5b4db3d45470451a535f6fee373e938e,7,dt2b
MYT,1W0G,explorer_boltz2_msa,s202_m18,0.8100558659217878,1.4365514237714845,0.9753804219459792,2.2301635486887506,173.7450084818919,True,0.0,0,1.0,True,13ce8eef79bba717ed362b03b5755bd6,7,dt2b
MYT,1W0G,explorer_boltz2_msa,s202_m19,0.803072625698324,1.4357746751020015,1.027724152543352,2.287878504685072,175.6394716640218,True,0.0,0,1.0,True,c8f5f0c01dea42b95df4fa71631d2f60,7,dt2b
MYT,1W0G,explorer_boltz2_msa,s202_m2,0.8268156424581006,1.2540306614679873,0.880983687387842,2.262145343937918,173.11298225514426,True,0.0,0,1.0,True,338e1b7232f1f483e622f8b05c829684,7,dt2b
MYT,1W0G,explorer_boltz2_msa,s202_m3,0.8058659217877095,1.3592895883126488,0.888745604892959,2.2377287474133234,173.84692716419642,True,0.0,0,1.0,True,f4049bddaa3a3e1ceb6d2abc8fda16da,7,dt2b
MYT,1W0G,explorer_boltz2_msa,s202_m4,0.7946927374301676,1.4155530749481584,0.886224021743017,2.274595410353234,173.65503701253388,True,0.0,0,1.0,True,ecd8ba118d0cd2cd8e9f877d3355a366,7,dt2b
MYT,1W0G,explorer_boltz2_msa,s202_m5,0.8002793296089385,1.386318282785243,0.9402399477051256,2.282185905157597,173.45407534066013,True,0.0,0,1.0,True,ea1cf2421a669ddde4d0363efa167011,7,dt2b
MYT,1W0G,explorer_boltz2_msa,s202_m6,0.7555865921787709,1.8485511983171352,1.1171619234330896,2.24628931576055,174.92099285987317,True,0.0,0,1.0,True,4ee208846b3a99c63126ac67a4f9db90,7,dt2b
MYT,1W0G,explorer_boltz2_msa,s202_m7,0.7932960893854748,1.5978574663900753,0.9763442319906278,2.298131619250734,174.3327615445911,True,0.0,0,1.0,True,844f7f7acbeb196758fd608d9e7e2edc,7,dt2b
MYT,1W0G,explorer_boltz2_msa,s202_m8,0.782122905027933,1.5674570568357502,0.96467551538704,2.28009074376438,174.35775584778088,True,0.0,0,1.0,True,479e3fa03a8e5f95f0a456c074646f64,7,dt2b
MYT,1W0G,explorer_boltz2_msa,s202_m9,0.7611731843575419,1.787236579811624,1.0121823332015512,2.284040150894901,174.74325744104388,True,0.0,0,1.0,True,ff9ffa200f017429eae74d8bd642121f,7,dt2b
NJO,7UFC,explorer_boltz2_msa,s202_m0,0.6803703703703704,2.612556628260281,0.895518909698343,2.2499984313105643,171.2288369470217,True,0.0,0,1.0,True,e84fcd32e18a137d967ba545feab97e3,7,dt2b
NJO,7UFC,explorer_boltz2_msa,s202_m1,0.672962962962963,2.7020294053444736,0.8633875835101723,2.2630433897740456,171.43728392186563,True,0.0,0,1.0,True,98d37a51b34208e1d251ecda31f847e8,7,dt2b
NJO,7UFC,explorer_boltz2_msa,s202_m10,0.6751851851851852,2.614035065384092,0.8853959606593004,2.233221723631579,172.21413758269262,True,0.0,0,1.0,True,d4e19a035934d84f345828dc3d91b51d,7,dt2b
NJO,7UFC,explorer_boltz2_msa,s202_m11,0.6892592592592592,2.4141407157686023,0.8909746126250347,2.235217484854662,171.84822033830224,True,0.0,0,1.0,True,e7d17a729c45ca5693f550e17aa54585,7,dt2b
NJO,7UFC,explorer_boltz2_msa,s202_m12,0.7018518518518518,2.631216062998287,0.8554441437507565,2.2538789245431974,171.3559069950294,True,0.0,0,1.0,True,b754e0893dbecac9d3373c70c3b105d8,7,dt2b
NJO,7UFC,explorer_boltz2_msa,s202_m13,0.6925925925925925,2.5667054951270725,0.8582346526944153,2.247558461842539,170.84242282715792,True,0.0,0,1.0,True,ec3fce341e0914e65c0c54c07c3ed04c,7,dt2b
NJO,7UFC,explorer_boltz2_msa,s202_m14,0.7048148148148148,2.435204766619937,0.9259165349793168,2.21422818440196,171.0645090779679,True,0.0,0,1.0,True,0c2b23df67199464d7c4424d041979ed,7,dt2b
NJO,7UFC,explorer_boltz2_msa,s202_m15,0.6977777777777778,2.454632361651505,0.9058149791462682,2.2670274943855446,172.24275938597745,True,0.0,0,1.0,True,8c3fd48414ccab690a30e731edf69054,7,dt2b
NJO,7UFC,explorer_boltz2_msa,s202_m16,0.1755555555555555,9.579180241020785,1.186052118814586,2.2720506093395016,175.7179869375479,True,0.0,0,1.0,True,c1d67dca358b854b5e9c927275a1628f,7,dt2b
NJO,7UFC,explorer_boltz2_msa,s202_m17,0.6955555555555556,2.5750376941476363,0.9162758750182718,2.2291644677098184,171.11008280158995,True,0.0,0,1.0,True,4b1d47eadb879704983092da5aaf9a6d,7,dt2b
NJO,7UFC,explorer_boltz2_msa,s202_m18,0.1988888888888889,10.209292125641776,1.6514724268537913,2.304981547540023,177.6084319522095,True,0.0,0,1.0,True,230adf82c45b6b4093eeac2be444dc79,7,dt2b
NJO,7UFC,explorer_boltz2_msa,s202_m19,0.18,9.714274740833126,1.3217534099122443,2.2410803597818623,173.2647598636202,True,0.0,0,1.0,True,b10f8f0a94137b5fe34e1139002c56ed,7,dt2b
NJO,7UFC,explorer_boltz2_msa,s202_m2,0.6914814814814815,2.3995930859766927,0.8881397553339384,2.274345657040723,171.17066381918957,True,0.0,0,1.0,True,545f7868a76345fc32303f4581c883bb,7,dt2b
NJO,7UFC,explorer_boltz2_msa,s202_m3,0.6888888888888889,2.59933261809147,0.8752686190688601,2.240739756665196,172.19364782013415,True,0.0,0,1.0,True,ce195183a5a6bfbb1bea0ecfa0060cf5,7,dt2b
NJO,7UFC,explorer_boltz2_msa,s202_m4,0.7281481481481482,2.502260508005544,0.9538538902806908,2.249185463473388,172.48276265458173,True,0.0,0,1.0,True,f6b12420c87531e970a1c9eed2f3799a,7,dt2b
NJO,7UFC,explorer_boltz2_msa,s202_m5,0.677037037037037,2.5179984942895093,0.8242594817768323,2.2882705918007167,171.89745490871968,True,0.0,0,1.0,True,b4c4fab5c8781c5afc797c9a5f66da3b,7,dt2b
NJO,7UFC,explorer_boltz2_msa,s202_m6,0.6925925925925925,2.5423844688432733,0.8823319595907397,2.2608772850599386,171.65360986795162,True,0.0,0,1.0,True,a56219eec06dfdc6b3a6accd1a484114,7,dt2b
NJO,7UFC,explorer_boltz2_msa,s202_m7,0.7248148148148148,2.54691814670451,0.8537088408164342,2.208876027213841,171.19479396480975,True,0.0,0,1.0,True,7183c4eab53f9d02202c578f3ba86ac1,7,dt2b
NJO,7UFC,explorer_boltz2_msa,s202_m8,0.722962962962963,2.4229634482318034,0.837794995274594,2.236007930509192,173.2083417349577,True,0.0,0,1.0,True,3d2e7d876dbe9ef7ba86e778465228b8,7,dt2b
NJO,7UFC,explorer_boltz2_msa,s202_m9,0.6862962962962963,2.4581966979229004,0.9246667812183168,2.278048070366383,171.92943263836312,True,0.0,0,1.0,True,3074eecaa0521674cd6e0cb11478b360,7,dt2b
PKT,4D7D,explorer_boltz2_msa,s202_m0,0.2239819004524887,6.600827717796676,1.5198642727274652,2.238317837238492,174.28158011253706,True,0.0,0,1.0,True,309d00a360623e73c3bcfeddb63d0fa2,7,dt2b
PKT,4D7D,explorer_boltz2_msa,s202_m1,0.2251131221719456,6.747045765037929,1.6518681657431251,2.230101914375215,175.99300678374703,True,0.0,0,1.0,True,57af203b1691bbe0266e3eed41b8ca3f,7,dt2b
PKT,4D7D,explorer_boltz2_msa,s202_m10,0.3195701357466063,5.231158774415461,1.4879539197541063,2.2233353214708758,175.4217970638483,True,0.0,0,1.0,True,83cf5e42fe75bb202b95ef06851e14ed,7,dt2b
PKT,4D7D,explorer_boltz2_msa,s202_m11,0.3207013574660633,5.559683119998124,1.6384628823666925,2.2473477529078583,171.82133566612714,True,0.0,0,1.0,True,38aeb04e9b2f963a9e69cae4fd9c6b27,7,dt2b
PKT,4D7D,explorer_boltz2_msa,s202_m12,0.3235294117647058,5.424902110954164,1.5746670532182867,2.2389346536690167,170.12436568916922,True,0.0,0,1.0,True,8e488afb5cef15bfbeb2681b5a2087cc,7,dt2b
PKT,4D7D,explorer_boltz2_msa,s202_m13,0.3144796380090497,5.418004954714611,1.5960991548232737,2.269999306739982,171.69423893209668,True,0.0,0,1.0,True,90def84abec84c1fadf604086215d57e,7,dt2b
PKT,4D7D,explorer_boltz2_msa,s202_m14,0.3144796380090497,5.44758514863217,1.5724031505714764,2.243968520345149,171.7185440424523,True,0.0,0,1.0,True,d53863c1b219d561902aaa837adab8f7,7,dt2b
PKT,4D7D,explorer_boltz2_msa,s202_m15,0.328054298642534,5.983815230017505,1.7454073735430418,2.232030911658707,170.83910255480254,True,0.0,0,1.0,True,3f01f0d083369f2f835a6c0db7659b15,7,dt2b
PKT,4D7D,explorer_boltz2_msa,s202_m16,0.3699095022624434,5.146835908023274,1.5635523070304511,2.2343786375187173,171.02636146055974,True,0.0,0,1.0,True,d9bf0886e8fcb61c20c0ad558467795c,7,dt2b
PKT,4D7D,explorer_boltz2_msa,s202_m17,0.3229638009049773,5.622730677842053,1.5972116761547943,2.242225606356327,171.66412016569734,True,0.0,0,1.0,True,9e2144654ad4282a2d842f7b4763f583,7,dt2b
PKT,4D7D,explorer_boltz2_msa,s202_m18,0.3314479638009049,5.361911000144449,1.507763131639876,2.254025795482385,170.01446827624756,True,0.0,0,1.0,True,81f62de79b7dfe7b27dbf7d510798127,7,dt2b
PKT,4D7D,explorer_boltz2_msa,s202_m19,0.3540723981900452,5.191507884060374,1.5555916877585634,2.223593919289222,170.22367652345582,True,0.0,0,1.0,True,b34b43bc755c532c776ce7d2c1716d80,7,dt2b
PKT,4D7D,explorer_boltz2_msa,s202_m2,0.2217194570135746,6.94368798764098,1.7389162287782474,2.237565780172731,174.82062121790824,True,0.0,0,1.0,True,eea83d63c2a2bb3061214f715ba22c82,7,dt2b
PKT,4D7D,explorer_boltz2_msa,s202_m3,0.2154977375565611,6.825467013181513,1.602700120655197,2.2733591511681563,175.08314099117197,True,0.0,0,1.0,True,68f6d58705f40168e17bad0c592eab10,7,dt2b
PKT,4D7D,explorer_boltz2_msa,s202_m4,0.2285067873303167,6.812051819774699,1.6522627782677943,2.20242720451778,174.0494696601021,True,0.0,0,1.0,True,a2a9a406b65d138992abffd4e78a20c4,7,dt2b
PKT,4D7D,explorer_boltz2_msa,s202_m5,0.2200226244343891,7.092627945426123,1.753634061681598,2.247249977394593,175.79925414499405,True,0.0,0,1.0,True,25c9b725bbee10e287edd5ee205f3bdc,7,dt2b
PKT,4D7D,explorer_boltz2_msa,s202_m6,0.2177601809954751,6.90728861249732,1.6457175764925744,2.234273028929097,174.7687798788257,True,0.0,0,1.0,True,52a91b0646f80dc35ca7296dcfd7fb77,7,dt2b
PKT,4D7D,explorer_boltz2_msa,s202_m7,0.2177601809954751,6.981215327827872,1.6834034310763015,2.2379328040850552,174.8448493515494,True,0.0,0,1.0,True,0a504181ed936dc89b278f7a94b1da2d,7,dt2b
PKT,4D7D,explorer_boltz2_msa,s202_m8,0.2234162895927601,7.116574343562777,1.8194596400402168,2.259518011656468,176.02146961172602,True,0.0,0,1.0,True,40de1e2e1c37a2ac1daa51f10404c8bb,7,dt2b
PKT,4D7D,explorer_boltz2_msa,s202_m9,0.2873303167420814,5.697802472155484,1.6345496098627683,2.279715741841513,172.2834697866224,True,0.0,0,1.0,True,85eb7439f958cbb4c723ebec19a40b55,7,dt2b
QDY,6UNJ,explorer_boltz2_msa,s202_m0,0.3596698113207547,6.383967731285894,0.7699752104295082,2.213751547780374,173.35599749906947,True,0.0,0,1.0,True,07ce96058ac306ab13b4d56b7b87935f,7,dt2b
QDY,6UNJ,explorer_boltz2_msa,s202_m1,0.3789308176100628,6.32499736617899,0.6854294349718134,2.2220410755204325,172.3373628815563,True,0.0,0,1.0,True,78cdeb42a5dd2ef4c8b4887180427028,7,dt2b
QDY,6UNJ,explorer_boltz2_msa,s202_m10,0.3848270440251572,6.080107228516316,0.6956117683709556,2.2050270835071397,172.88907796869327,True,0.0,0,1.0,True,165e53de8b1bfcc68865090457d1e427,7,dt2b
QDY,6UNJ,explorer_boltz2_msa,s202_m11,0.3439465408805031,6.035384402113177,0.7827889294222147,2.222160705822151,173.07593184133796,True,0.0,0,1.0,True,32cdf5384404de9b7929576e2148363b,7,dt2b
QDY,6UNJ,explorer_boltz2_msa,s202_m12,0.3580974842767296,6.258549419791958,0.9457106452484468,2.2445699156408563,174.35791435095385,True,0.0,0,1.0,True,b71b5ce8738e6dc6ff8b15795b5f5a06,7,dt2b
QDY,6UNJ,explorer_boltz2_msa,s202_m13,0.392688679245283,6.1930241776986,0.7308581405814507,2.204067729018326,171.56058552953834,True,0.0,0,1.0,True,bc74766b80b4e837f10d0aeceea0b7d1,7,dt2b
QDY,6UNJ,explorer_boltz2_msa,s202_m14,0.3805031446540881,6.156205736207518,0.7355923540508883,2.229011673836636,172.69862926194963,True,0.0,0,1.0,True,f9f810453e40ee930329d0aabe2608e2,7,dt2b
QDY,6UNJ,explorer_boltz2_msa,s202_m15,0.3514150943396226,6.495678509938722,1.1191895968919692,2.2119032592543464,171.85260822941308,True,0.0,0,1.0,True,b4cfb244103f98f7990da1c0e29feca7,7,dt2b
QDY,6UNJ,explorer_boltz2_msa,s202_m16,0.7307389937106918,2.3718399167860085,1.082269047481024,2.222185851768479,171.59227054769963,True,0.0,0,1.0,True,0d19668e44b5698fdd591aceb193f194,7,dt2b
QDY,6UNJ,explorer_boltz2_msa,s202_m17,0.6650943396226415,2.721113870376821,1.166682070673309,2.270845389915394,176.01351120646714,True,0.0,0,1.0,True,66051451feddbb002c4945cdc98dea8e,7,dt2b
QDY,6UNJ,explorer_boltz2_msa,s202_m18,0.6084905660377359,3.0338201712931068,1.2475554054692723,2.2625500061656094,172.34101650479408,True,0.0,0,1.0,True,abacf3fdc3d5dc0ecdd997f78eef6aaa,7,dt2b
QDY,6UNJ,explorer_boltz2_msa,s202_m19,0.470125786163522,4.30493829423544,1.755541079547825,2.2264358369600505,175.09594429536924,True,0.0,0,1.0,True,c1fa7a9eb9fc2b0b4d427c6cc7b53032,7,dt2b
QDY,6UNJ,explorer_boltz2_msa,s202_m2,0.3895440251572327,6.1587592581413455,0.8008921889159942,2.234450156503832,172.15629730248097,True,0.0,0,1.0,True,9e97f2c8947f873122a7ab608d33e045,7,dt2b
QDY,6UNJ,explorer_boltz2_msa,s202_m3,0.402122641509434,6.086121267898165,0.8137013857175619,2.2426401830431915,172.1466423608457,True,0.0,0,1.0,True,72712054d3c19b598e9a3308489665b7,7,dt2b
QDY,6UNJ,explorer_boltz2_msa,s202_m4,0.3832547169811321,5.9218966378018125,0.7190268255235942,2.217662845858225,172.0561776310173,True,0.0,0,1.0,True,b0b3730a0af0c03b15f2716a40a7a04c,7,dt2b
QDY,6UNJ,explorer_boltz2_msa,s202_m5,0.3911163522012578,6.286263667987912,0.8867273215775123,2.2097681111600838,173.15691995553016,True,0.0,0,1.0,True,f46698e3870042f9006f5c9766d146b3,7,dt2b
QDY,6UNJ,explorer_boltz2_msa,s202_m6,0.3698899371069182,6.100658394226649,0.7937722829915624,2.245346779653423,173.00442638452222,True,0.0,0,1.0,True,9673d769712938e5ad926912842b31a9,7,dt2b
QDY,6UNJ,explorer_boltz2_msa,s202_m7,0.3636006289308176,5.954302483678322,0.7342449088315911,2.2614985115626323,173.06679032717113,True,0.0,0,1.0,True,39aaf07d058e8c8df2c050a945d865ff,7,dt2b
QDY,6UNJ,explorer_boltz2_msa,s202_m8,0.3993710691823899,6.14862322010909,0.7630182634476529,2.2162455927085336,170.04266956912028,True,0.0,0,1.0,True,5dd6c5f71f4eff6998a74f5755be31ad,7,dt2b
QDY,6UNJ,explorer_boltz2_msa,s202_m9,0.3679245283018868,6.3715858390140605,0.9184833975478373,2.2103679342815306,172.00346318022068,True,0.0,0,1.0,True,b2fa124b08dfa166fd0ee23524da4e3c,7,dt2b
QES,6UNE,explorer_boltz2_msa,s202_m0,0.6627725856697819,4.861301658585701,1.1499831003403893,2.249154568521248,174.2887135557788,True,0.0,0,1.0,True,819babbd9887b8e02f012ba0b42054f7,6,dt2b
QES,6UNE,explorer_boltz2_msa,s202_m1,0.653816199376947,5.096090043629607,1.1660084837244735,2.243974646113454,173.7664006126966,True,0.0,0,1.0,True,bade074a2220b9c235a56fd6786f95c9,6,dt2b
QES,6UNE,explorer_boltz2_msa,s202_m10,0.6487538940809969,4.952320364651328,1.1373410943358218,2.230460395277172,174.64517412513277,True,0.0,0,1.0,True,907ffbccb7a70a687f0f48e5472c8562,6,dt2b
QES,6UNE,explorer_boltz2_msa,s202_m11,0.7324766355140186,3.0130247262081946,1.201332501081435,2.2473737809719148,172.75715129200756,True,0.0,0,1.0,True,f4218e24c5e1327ef947e37fcc21202c,6,dt2b
QES,6UNE,explorer_boltz2_msa,s202_m12,0.6378504672897196,4.9150638542744245,1.1540292496947124,2.247088304028125,173.92742215708694,True,0.0,0,1.0,True,7a5d4b94250c8e9b00ffdbec23353ed6,6,dt2b
QES,6UNE,explorer_boltz2_msa,s202_m13,0.6491433021806854,5.13211059742072,1.1339621403134597,2.2190989545759336,172.9250632897016,True,0.0,0,1.0,True,c316474f4eabe6b6fa107ede2e5199f4,6,dt2b
QES,6UNE,explorer_boltz2_msa,s202_m14,0.7126168224299065,3.165388271988037,1.2579069459144063,2.17637394705046,172.26089367680586,True,0.0,0,1.0,True,4d01b743ddf98c5cc9169b91fbd8ea5a,6,dt2b
QES,6UNE,explorer_boltz2_msa,s202_m15,0.639018691588785,4.823910920703744,1.1157683232974676,2.279351718844637,173.9094075924139,True,0.0,0,1.0,True,7f8e7eb1c57b856e06ca4b34b69a4599,6,dt2b
QES,6UNE,explorer_boltz2_msa,s202_m16,0.6518691588785046,4.968326442540635,1.1466293960059766,2.2244292498076894,174.29407301033712,True,0.0,0,1.0,True,cda224dd5274771c2af3002ac25e646b,6,dt2b
QES,6UNE,explorer_boltz2_msa,s202_m17,0.7866043613707165,2.244968152084099,1.0886965542317772,2.2515741578504582,172.54446738841634,True,0.0,0,1.0,True,844d1e8b526e99bc39a1c242cc58693c,6,dt2b
QES,6UNE,explorer_boltz2_msa,s202_m18,0.5595794392523364,4.060391322939119,1.7684121480810928,2.2333901031839467,174.12388855933258,True,0.0,0,1.0,True,c4bccf18b7b6457854d1e3dbe500eba6,6,dt2b
QES,6UNE,explorer_boltz2_msa,s202_m19,0.5580218068535825,4.8162517912860725,1.1943675531243487,2.229013807247501,173.7518021325869,True,0.0,0,1.0,True,88f8dbd0e2bb495c50d17f20245bcbea,6,dt2b
QES,6UNE,explorer_boltz2_msa,s202_m2,0.6495327102803738,5.012882396045208,1.1810868786790694,2.2468287321022045,174.11798375276885,True,0.0,0,1.0,True,dbf9eca1e0f4e50d45d02087b8373885,6,dt2b
QES,6UNE,explorer_boltz2_msa,s202_m3,0.6386292834890965,4.870805176099956,1.152994108908788,2.2284080972972613,173.9907768261041,True,0.0,0,1.0,True,a65ab1bcf4b1d81f521325a017f50adf,6,dt2b
QES,6UNE,explorer_boltz2_msa,s202_m4,0.6355140186915889,5.1675121098710655,1.169836086964323,2.2270553888711437,174.1264601860702,True,0.0,0,1.0,True,afac461e824bc5efcb387dce92974ad6,6,dt2b
QES,6UNE,explorer_boltz2_msa,s202_m5,0.6405763239875389,4.942088831876283,1.171833923021578,2.2567537846428887,173.67065707887738,True,0.0,0,1.0,True,fb20eec662cce932a910becff5a3a092,6,dt2b
QES,6UNE,explorer_boltz2_msa,s202_m6,0.64797507788162,5.056312046636697,1.1701116398651334,2.234636729985436,174.34781494478133,True,0.0,0,1.0,True,b7563c78d292d177f33817f3569b98e5,6,dt2b
QES,6UNE,explorer_boltz2_msa,s202_m7,0.6600467289719626,4.858385487378019,1.1284199662028105,2.222147076050548,174.7461746425536,True,0.0,0,1.0,True,311248dddc45a7fbe029b763dc34939e,6,dt2b
QES,6UNE,explorer_boltz2_msa,s202_m8,0.654595015576324,4.797962243104379,1.077264463172641,2.219094905338661,173.44776537842176,True,0.0,0,1.0,True,5e1ebff50935764825ad001011810c0a,6,dt2b
QES,6UNE,explorer_boltz2_msa,s202_m9,0.6483644859813084,5.074359344413114,1.1477901569077609,2.251374061434483,174.54680265570573,True,0.0,0,1.0,True,739795c7edf314c6de61eeb19952a955,6,dt2b
X6J,7KVP,explorer_boltz2_msa,s202_m0,0.7285087719298246,1.982433995307503,0.7597386059865282,2.235608434118104,173.0425287956242,True,0.0,0,1.0,True,0ebc389f44e3fdeadf846f1d4326f6ec,9,dt2b
X6J,7KVP,explorer_boltz2_msa,s202_m1,0.6942982456140351,2.0446286692414035,0.7439066870459894,2.2111925547993327,172.36500143530836,True,0.0,0,1.0,True,a8235dcc067c4ef39f5b322b60fa4919,9,dt2b
X6J,7KVP,explorer_boltz2_msa,s202_m10,0.7236842105263157,2.0063278898532944,0.8420620108248904,2.230761290546346,173.30915935889394,True,0.0,0,1.0,True,3812a5fd714e8f0d2419f6dcf196fbd1,9,dt2b
X6J,7KVP,explorer_boltz2_msa,s202_m11,0.7078947368421052,2.10186580285539,0.8265594650418812,2.2271483775896024,173.83507390629222,True,0.0,0,1.0,True,52ef5286911d2d5be04112150f825b17,9,dt2b
X6J,7KVP,explorer_boltz2_msa,s202_m12,0.712280701754386,2.150595705515704,0.9623738788524892,2.218087104443827,173.4215857160308,True,0.0,0,1.0,True,0cd0ac17228ac880ca25a31ea2587684,9,dt2b
X6J,7KVP,explorer_boltz2_msa,s202_m13,0.6815789473684211,2.1414007249794813,0.7040812712821226,2.1955675714038043,173.07591467708542,True,0.0,0,1.0,True,16562692b0f4773e9f34476b336b8521,9,dt2b
X6J,7KVP,explorer_boltz2_msa,s202_m14,0.7662280701754386,1.9994898770354343,0.8989642623576448,2.217107868598188,173.97817843709092,True,0.0,0,1.0,True,1a39b23c7c3395a0856c1742ccd00c0a,9,dt2b
X6J,7KVP,explorer_boltz2_msa,s202_m15,0.712280701754386,2.0659486602085666,0.7775120848534489,2.223477503686511,172.8329128185696,True,0.0,0,1.0,True,b05f2136f0910e3b15ce1a2dc719e14d,9,dt2b
X6J,7KVP,explorer_boltz2_msa,s202_m16,0.7008771929824561,2.0541981758113868,0.7594556497002042,2.232106649557767,173.37099974362434,True,0.0,0,1.0,True,72dc3e4974231e81f6228654cec6a65c,9,dt2b
X6J,7KVP,explorer_boltz2_msa,s202_m17,0.6903508771929825,2.0935129071936167,0.9234351457723382,2.2138908866518245,172.3685524744473,True,0.0,0,1.0,True,b087c94bd731843928bd30006f22aef4,9,dt2b
X6J,7KVP,explorer_boltz2_msa,s202_m18,0.6486842105263158,2.866882154991011,1.364040107495252,2.2376913566665086,174.66569439151107,True,0.0,0,1.0,True,71aa0d9aa5cee53dc9ceb6c08c3d6df0,9,dt2b
X6J,7KVP,explorer_boltz2_msa,s202_m19,0.3570175438596491,6.35173214658638,1.1926832271093692,2.23630282692215,174.00243534599971,True,0.0,0,1.0,True,df936b318f4c9c3b0b3d4ae856f88de8,9,dt2b
X6J,7KVP,explorer_boltz2_msa,s202_m2,0.7052631578947368,2.039635642830273,0.7273400665010219,2.22341478914754,173.22999608861014,True,0.0,0,1.0,True,5a2d515b7deecbbf29b0dd4d4ff5e6f8,9,dt2b
X6J,7KVP,explorer_boltz2_msa,s202_m3,0.7140350877192982,2.086392031478819,0.7853738461778412,2.252605762467104,173.62841936295166,True,0.0,0,1.0,True,8c8b3e1c5163cb5a7dc738db08c34f8f,9,dt2b
X6J,7KVP,explorer_boltz2_msa,s202_m4,0.7144736842105264,2.019770828273338,0.7227890720292321,2.231084724298923,173.36037869738223,True,0.0,0,1.0,True,ac776fc99b76fa5f3228fd1c311cf8b6,9,dt2b
X6J,7KVP,explorer_boltz2_msa,s202_m5,0.7070175438596491,2.045005241822499,0.7236125172641983,2.241581469721768,173.25052825222537,True,0.0,0,1.0,True,c038057554fc18950dd15f714fa24b55,9,dt2b
X6J,7KVP,explorer_boltz2_msa,s202_m6,0.7135964912280701,2.027516096466734,0.7133682595539605,2.2176742918201486,173.34660475213602,True,0.0,0,1.0,True,9b0bf455d1ca4fdde9556fb3cf4e6cba,9,dt2b
X6J,7KVP,explorer_boltz2_msa,s202_m7,0.7131578947368421,2.113304302662694,0.9404016278542594,2.2258585714505763,173.52976360035828,True,0.0,0,1.0,True,87cd49dd2e72f278fa44f4d8c050c07d,9,dt2b
X6J,7KVP,explorer_boltz2_msa,s202_m8,0.6894736842105263,2.2568285145682987,0.9549313339479896,2.212822036698839,173.88112791643783,True,0.0,0,1.0,True,5e10a43f47de22e6cc415b397c7bc635,9,dt2b
X6J,7KVP,explorer_boltz2_msa,s202_m9,0.7100877192982455,2.059977564917572,0.8031906210663957,2.239113097322241,173.49931128847692,True,0.0,0,1.0,True,70efad274b900f6262e7127436f7b36f,9,dt2b
X74,7KVS,explorer_boltz2_msa,s202_m0,0.7417840375586855,1.9770121629250288,0.6338850161543501,2.2177648485806603,172.35304187489575,True,0.0,0,0.9956,True,e717a962c3ed585e3f58874d7e79ad22,9,dt2b
X74,7KVS,explorer_boltz2_msa,s202_m1,0.7484350547730829,1.9162990331470928,0.6996667756372753,2.226974671297364,172.1109285940624,True,0.0,0,0.9956,True,8acba0a0cfd8f5389fe734b6fcc763a0,9,dt2b
X74,7KVS,explorer_boltz2_msa,s202_m10,0.7187010954616588,1.8243787890944765,0.8506421688371697,2.247688969452847,174.3341629764695,True,0.0,0,0.9956,True,e65fe8b2918cdf2df3002077a79a65a6,9,dt2b
X74,7KVS,explorer_boltz2_msa,s202_m11,0.7507824726134584,1.9612716208841037,0.7500753239471538,2.246471909283533,172.72081552594227,True,0.0,0,0.9956,True,e505b77947fb0ea3e685b9ed53ed6177,9,dt2b
X74,7KVS,explorer_boltz2_msa,s202_m12,0.7648669796557122,1.8780058079589188,0.7839694427755655,2.2362302014774778,172.11867152313698,True,0.0,0,0.9956,True,8958a83ee0f37cb3063ef8f53a757e71,9,dt2b
X74,7KVS,explorer_boltz2_msa,s202_m13,0.6752738654147106,2.4038414310691985,0.898713335774921,2.2195926073719026,173.1384762578434,True,0.0,0,0.9956,True,124bf62243ded7e6b6d7228c94ea0941,9,dt2b
X74,7KVS,explorer_boltz2_msa,s202_m14,0.730829420970266,1.920421879354649,0.842015987216542,2.242806041836877,173.65260293618522,True,0.0,0,0.9956,True,aa3c44d430a0fb4f3262236e06d57a43,9,dt2b
X74,7KVS,explorer_boltz2_msa,s202_m15,0.7589984350547732,1.928335822004227,0.6762095068813481,2.215436236974561,172.4184551622524,True,0.0,0,0.9956,True,beb2c6013ae33eb137fe8a0dc5495730,9,dt2b
X74,7KVS,explorer_boltz2_msa,s202_m16,0.7124413145539906,2.252369327669328,0.706786284780097,2.2696912871137345,172.69267581652264,True,0.0,0,0.9956,True,d5244f15eef162c97bbb563f9badeb70,9,dt2b
X74,7KVS,explorer_boltz2_msa,s202_m17,0.4241001564945227,5.692057200106837,1.0869312631870407,2.257318943481404,172.3960736132193,True,0.0,0,0.9956,True,51e1aa15da0b21a7762b86a1ff380693,9,dt2b
X74,7KVS,explorer_boltz2_msa,s202_m18,0.3661971830985915,5.387567174974298,1.1893793801805144,2.2780132983589017,173.1951075213666,True,0.0,0,0.9956,True,89fdfd5bf7f11617bd20e4d0b80d04e4,9,dt2b
X74,7KVS,explorer_boltz2_msa,s202_m19,0.5179968701095462,3.957848463817325,1.3823094290433653,2.189441914826698,172.7912607891778,True,0.0,0,0.9956,True,37624825b10a615fdfec2b7c7a7ab055,9,dt2b
X74,7KVS,explorer_boltz2_msa,s202_m2,0.7370892018779343,2.1017777555893757,0.6769187272216968,2.214671026811883,173.9294754467327,True,0.0,0,0.9956,True,b306dd05b8cb9ab8ec9e63dab49970d2,9,dt2b
X74,7KVS,explorer_boltz2_msa,s202_m3,0.7531298904538342,1.979925010938852,0.6337281411873372,2.244126220402943,173.04155050702406,True,0.0,0,0.9956,True,021cc0ff6ee406bce9b6025eda126af7,9,dt2b
X74,7KVS,explorer_boltz2_msa,s202_m4,0.7331768388106417,2.0199290714913096,0.7248577422125385,2.247347482566948,173.21398688034108,True,0.0,0,0.9956,True,79d7b09716366e9aa36667a33bcf5beb,9,dt2b
X74,7KVS,explorer_boltz2_msa,s202_m5,0.75,1.8763042180639344,0.8583294787204624,2.2417387348663094,173.63394413766517,True,0.0,0,0.9956,True,f02360489ae3c71ab486a2506891f001,9,dt2b
X74,7KVS,explorer_boltz2_msa,s202_m6,0.7284820031298904,2.066447199639358,0.7109934213263885,2.2552347979534195,173.77044730083375,True,0.0,0,0.9956,True,3e65997b2985d498c06a6604b5ac82d5,9,dt2b
X74,7KVS,explorer_boltz2_msa,s202_m7,0.7445226917057903,1.9348320402356312,0.7554263823402813,2.213459154106983,170.19714164663188,True,0.0,0,0.9956,True,bb245459db729d8ef7c09aecc478a59b,9,dt2b
X74,7KVS,explorer_boltz2_msa,s202_m8,0.7398278560250391,1.754612085724871,0.7103361343893657,2.222965180384075,173.45178212257892,True,0.0,0,0.9956,True,6664e5965713a859ae2c02e4ceb630ac,9,dt2b
X74,7KVS,explorer_boltz2_msa,s202_m9,0.7449139280125195,1.9584927330140232,0.786131519149342,2.2257250537296835,173.86982394749637,True,0.0,0,0.9956,True,444c26b08d4aabb063ca0ea8bd121631,9,dt2b
X7P,7KVI,explorer_boltz2_msa,s202_m0,0.5159033078880407,5.325073542720868,0.6997286364389775,2.2012143123512526,173.66744008275276,True,0.0,0,1.0,True,fa9d5b0c23d5d9a2cb17a85bc30a2931,6,dt2b
X7P,7KVI,explorer_boltz2_msa,s202_m1,0.4917302798982188,5.395110509718345,0.7847844420104931,2.176534718882288,170.7761985366352,True,0.0,0,1.0,True,1ae47c9974cab552126a377260fb24bc,6,dt2b
X7P,7KVI,explorer_boltz2_msa,s202_m10,0.4917302798982188,5.348964359123461,0.7150840898516074,2.201485143261249,172.16742917225926,True,0.0,0,1.0,True,1fb4810a86262e6fcbf4ceb24773255e,6,dt2b
X7P,7KVI,explorer_boltz2_msa,s202_m11,0.5069974554707379,5.349683012629961,0.6829075719227893,2.1674056902204537,173.35716776659172,True,0.0,0,1.0,True,248f6ce18876e62ded699f7f2bdf43e2,6,dt2b
X7P,7KVI,explorer_boltz2_msa,s202_m12,0.5152671755725191,5.198769397550795,0.6416063336053809,2.1969352026402604,172.98555786531574,True,0.0,0,1.0,True,978f1c6a8daa67dec65c4964b3ba0115,6,dt2b
X7P,7KVI,explorer_boltz2_msa,s202_m13,0.4980916030534351,5.263287058485481,0.6723177648283487,2.2277757332819657,173.95115136812123,True,0.0,0,1.0,True,786e1e3bfec374f76cb01d40094d31c6,6,dt2b
X7P,7KVI,explorer_boltz2_msa,s202_m14,0.4821882951653944,5.383885910391242,0.8266653879048874,2.1728559995314924,169.64627477091264,True,0.0,0,1.0,True,1876305448e64c0c0f3c4de4c2caa3f0,6,dt2b
X7P,7KVI,explorer_boltz2_msa,s202_m15,0.5133587786259541,5.229366431786472,0.6448738052765054,2.204538613973454,173.54928321481194,True,0.0,0,1.0,True,9f6e5b7bb881018272dd7a266a13cb0d,6,dt2b
X7P,7KVI,explorer_boltz2_msa,s202_m16,0.493002544529262,5.329024787466234,0.8056075624144509,2.165652799596464,169.95047441196775,True,0.0,0,1.0,True,fc52506a5b2a34f71c9ef27b5fd75bdc,6,dt2b
X7P,7KVI,explorer_boltz2_msa,s202_m17,0.5095419847328244,5.176465278179697,0.6703339914540449,2.1918156427035558,172.18035186044867,True,0.0,0,1.0,True,cb4003669c6708ef192fff65657ea97f,6,dt2b
X7P,7KVI,explorer_boltz2_msa,s202_m18,0.5095419847328244,5.221572377967532,0.8210346043254927,2.1548955566337784,170.52326387142432,True,0.0,0,1.0,True,82db3e84808f9ce4a0765ea66a61671c,6,dt2b
X7P,7KVI,explorer_boltz2_msa,s202_m19,0.5197201017811706,4.964741696918996,0.5497480938672276,2.185029765220602,172.98684021276787,True,0.0,0,1.0,True,13bf0261ffa7c7fd4cdac444010ecaa0,6,dt2b
X7P,7KVI,explorer_boltz2_msa,s202_m2,0.5,5.24095488104476,0.654190572076225,2.2121598275893177,173.786537471936,True,0.0,0,1.0,True,622bbffe19f1655606f8871efdb5edeb,6,dt2b
X7P,7KVI,explorer_boltz2_msa,s202_m3,0.4987277353689567,5.298150928015921,0.7228334845505558,2.2073216759910643,172.70121147193964,True,0.0,0,1.0,True,8716bb3210186acbaa8e71147a40b831,6,dt2b
X7P,7KVI,explorer_boltz2_msa,s202_m4,0.5031806615776081,5.253472134013393,0.7303904383320132,2.1770556383106063,170.66530870345582,True,0.0,0,1.0,True,fded90a7afcd5cec2667c09c6bb48a1d,6,dt2b
X7P,7KVI,explorer_boltz2_msa,s202_m5,0.4917302798982188,5.315357094209348,0.7263404341602419,2.2042911878651608,174.15944058433317,True,0.0,0,1.0,True,2e2590c0cb0546e153cbd0838719d319,6,dt2b
X7P,7KVI,explorer_boltz2_msa,s202_m6,0.5,5.250538193522503,0.7123470162318881,2.2194068837642185,174.0011158005731,True,0.0,0,1.0,True,f00fa04dd46db2b9c1f22b09fef4301b,6,dt2b
X7P,7KVI,explorer_boltz2_msa,s202_m7,0.5038167938931297,5.236600156053927,0.7422532445036119,2.18019672114697,170.45810108319682,True,0.0,0,1.0,True,a7ec68175ab0cdfe9490c2f9ca219a1f,6,dt2b
X7P,7KVI,explorer_boltz2_msa,s202_m8,0.4942748091603054,5.309588290018649,0.7009706716268821,2.195242821215913,173.23391679373688,True,0.0,0,1.0,True,721ebd057e231abdcb78fe4d6d89a965,6,dt2b
X7P,7KVI,explorer_boltz2_msa,s202_m9,0.4993638676844784,5.343887311527225,0.8547649570831434,2.166352628405634,170.42302782343333,True,0.0,0,1.0,True,9e1c6f887c9f4a022e4c3f08b6d70ea3,6,dt2b
5AW,4K9U,explorer_boltz2_msa,s202_m0,0.1836065573770491,11.071314575351916,1.1958364548856806,2.172441988799701,175.06941817783297,True,0.0,0,1.0,True,174ed7f22bf7dc9b27435e190523c878,7,dt2c
5AW,4K9U,explorer_boltz2_msa,s202_m1,0.1844262295081967,11.220044566897862,1.1966236551428115,2.1785955057559443,176.6605433794306,True,0.0,0,1.0,True,f65aa1afd85a095485a2ff276a558211,7,dt2c
5AW,4K9U,explorer_boltz2_msa,s202_m10,0.1934426229508196,11.030323255353638,1.3610595044219198,2.1393206516321945,175.59413134457802,True,0.0,0,1.0,True,d37ad3deec243ed8ef3fd5d713070a41,7,dt2c
5AW,4K9U,explorer_boltz2_msa,s202_m11,0.1844262295081967,11.05992505211875,1.216667301362698,2.1956353399870387,176.7946265071036,True,0.0,0,1.0,True,afde59e639259d4709fb9aaa4c654de5,7,dt2c
5AW,4K9U,explorer_boltz2_msa,s202_m12,0.1885245901639344,11.028082364650366,1.167072255793213,2.156630023648006,176.71171627570445,True,0.0,0,1.0,True,1dddedcd51985e9b06b07ccdbc7a25f1,7,dt2c
5AW,4K9U,explorer_boltz2_msa,s202_m13,0.1827868852459016,10.936252823137549,1.2463438974738164,2.171938487595816,174.6241063165599,True,0.0,0,1.0,True,120e21d9a1e066f570025a478d86a0a6,7,dt2c
5AW,4K9U,explorer_boltz2_msa,s202_m14,0.1786885245901639,11.25035649893499,1.29202537502449,2.1689445481385645,176.13522124834142,True,0.0,0,1.0,True,de0f344c7cd016ada088efb1daa40647,7,dt2c
5AW,4K9U,explorer_boltz2_msa,s202_m15,0.1901639344262295,11.006277191440446,1.1147050012219248,2.183590303788694,177.7977352835144,True,0.0,0,1.0,True,909be3959be087111f11fb041af49dbc,7,dt2c
5AW,4K9U,explorer_boltz2_msa,s202_m16,0.1852459016393442,11.336023173267703,1.321437541161885,2.149010972750023,175.517272528363,True,0.0,0,1.0,True,1c4b60d24d7c28ef1ed5cde242d26d1a,7,dt2c
5AW,4K9U,explorer_boltz2_msa,s202_m17,0.1860655737704918,10.87960819781256,1.235746483259472,2.1508268095083807,175.4598208408634,True,0.0,0,1.0,True,b414f69570c8a8bd28b48b9f04cd92f3,7,dt2c
5AW,4K9U,explorer_boltz2_msa,s202_m18,0.1877049180327868,11.08078796352728,1.2493741448967248,2.135064584643753,174.0030112521101,True,0.0,0,1.0,True,007a1ff632d3d893beac48b9e219547a,7,dt2c
5AW,4K9U,explorer_boltz2_msa,s202_m19,0.1885245901639344,11.313148890395022,1.065480775156698,2.1501874685478013,176.61798346042934,True,0.0,0,1.0,True,8722bb4bdd3d6d0306deb320ee5cec28,7,dt2c
5AW,4K9U,explorer_boltz2_msa,s202_m2,0.1844262295081967,11.12918798371413,1.2238155269418611,2.117440791946731,175.4544218033696,True,0.0,0,1.0,True,ac8044fa8239f265543736c97458922d,7,dt2c
5AW,4K9U,explorer_boltz2_msa,s202_m3,0.1885245901639344,11.195987354137047,1.236273863658082,2.152522726918348,176.37507433821312,True,0.0,0,1.0,True,b9064f33a6df76d2f599fb2fa6cf7184,7,dt2c
5AW,4K9U,explorer_boltz2_msa,s202_m4,0.1893442622950819,11.213777797606696,1.0037653681306808,2.1742326093129964,177.551759654451,True,0.0,0,1.0,True,dc689fce90dd2a21bd498303ed6b58b1,7,dt2c
5AW,4K9U,explorer_boltz2_msa,s202_m5,0.1811475409836065,11.24816205027354,1.21138190997781,2.195543252272658,176.60093258541397,True,0.0,0,1.0,True,daa9405a60f8ab71b552378fe09c7dd5,7,dt2c
5AW,4K9U,explorer_boltz2_msa,s202_m6,0.1860655737704918,10.897737071354715,1.2023395515771338,2.18023386954244,177.24574891539228,True,0.0,0,1.0,True,b0193dba1fc1d3250492d88066d3ba72,7,dt2c
5AW,4K9U,explorer_boltz2_msa,s202_m7,0.1868852459016393,11.088559312488798,1.3370282004256322,2.1501601490121613,175.32291058553506,True,0.0,0,1.0,True,3ba836a3dd128ec9388cc21599dae5e3,7,dt2c
5AW,4K9U,explorer_boltz2_msa,s202_m8,0.1918032786885246,11.01346774714225,1.1660361187624173,2.1710084414852004,176.025674945818,True,0.0,0,1.0,True,065c9aa8e1e96b9de208ed86847b36fc,7,dt2c
5AW,4K9U,explorer_boltz2_msa,s202_m9,0.1795081967213114,11.064576270924222,1.2020805376717605,2.1766009434207274,176.0631445693201,True,0.0,0,1.0,True,43e8a69de1e4d2db415767cad2bf9250,7,dt2c
8AW,4K9X,explorer_boltz2_msa,s202_m0,0.7225806451612903,1.6100739560879336,0.7811301303029993,2.17290424052695,173.24586100684402,True,0.0,0,1.0,True,dff5a2ac20354390476e8244ad7fc70a,7,dt2c
8AW,4K9X,explorer_boltz2_msa,s202_m1,0.6967741935483871,1.7940670510273429,0.9134409116708369,2.156924067856817,173.55368930530403,True,0.0,0,1.0,True,61750d3f76552c3d689e17c272e71f20,7,dt2c
8AW,4K9X,explorer_boltz2_msa,s202_m10,0.6161290322580646,2.811677670030482,1.0506026086334688,2.1836567595892906,173.2882863412137,True,0.0,0,1.0,True,b00d13f9d76ff499a66f6495c1f2debb,7,dt2c
8AW,4K9X,explorer_boltz2_msa,s202_m11,0.8193548387096774,1.3818089271806375,0.7514878610264676,2.162164469437976,172.99348614600743,True,0.0,0,1.0,True,5d79e74eb64caf73039e21ccb635c91c,7,dt2c
8AW,4K9X,explorer_boltz2_msa,s202_m12,0.7827956989247311,1.6270627537431286,0.6912171838787949,2.1437305444948067,173.73011267505925,True,0.0,0,1.0,True,58ab2a544d24902634c79ccffae4705f,7,dt2c
8AW,4K9X,explorer_boltz2_msa,s202_m13,0.7553763440860215,1.683508432050972,0.7662161698078768,2.120295626109718,172.82333116260185,True,0.0,0,1.0,True,2f97f5633f33a2e157e43cbe6d90939d,7,dt2c
8AW,4K9X,explorer_boltz2_msa,s202_m14,0.7741935483870968,1.5470564111889091,0.7327794558027343,2.165632931616067,173.72248999175383,True,0.0,0,1.0,True,7c6adea939f902ee05a7ff33909d40d2,7,dt2c
8AW,4K9X,explorer_boltz2_msa,s202_m15,0.7494623655913978,1.9833860803951449,0.7786876083292761,2.145799766543934,173.28097674037886,True,0.0,0,1.0,True,fff08d73098d0a8a53b2986751051ba4,7,dt2c
8AW,4K9X,explorer_boltz2_msa,s202_m16,0.7241935483870968,2.065400274168697,0.8179059110706837,2.1440108920665493,173.02048176180907,True,0.0,0,1.0,True,04f5fd7d6b54486dfb4f655e285a1c6d,7,dt2c
8AW,4K9X,explorer_boltz2_msa,s202_m17,0.7349462365591397,2.146861099912093,0.8869021947576223,2.1862106121323257,173.49862210744325,True,0.0,0,1.0,True,44f3a05dc5febcaaf1be8c06dd80d00d,7,dt2c
8AW,4K9X,explorer_boltz2_msa,s202_m18,0.7505376344086022,1.8481695604736508,0.7817145445600059,2.1298505311406246,172.9186211419118,True,0.0,0,1.0,True,2e115fd1537a1f21d33b9a2e7e08ee72,7,dt2c
8AW,4K9X,explorer_boltz2_msa,s202_m19,0.3779569892473118,5.18121450728387,1.1331564830667669,2.178701231100768,170.7376799136026,True,0.0,0,1.0,True,0a5058b4e66a43ee9ca8782dc7e8ddf7,7,dt2c
8AW,4K9X,explorer_boltz2_msa,s202_m2,0.7360215053763441,1.5228216533264518,0.7856906568258512,2.1600927156027354,174.27282224145335,True,0.0,0,1.0,True,534f613a6a18f636c429f4ce7b35c7f5,7,dt2c
8AW,4K9X,explorer_boltz2_msa,s202_m3,0.7188172043010752,1.6141770604074424,0.7223236430450888,2.182682807784952,172.4367639983599,True,0.0,0,1.0,True,3b8a212959457d3056833f01af5e7697,7,dt2c
8AW,4K9X,explorer_boltz2_msa,s202_m4,0.6994623655913978,1.893984856793434,0.7587719463096319,2.1852319246478165,172.94967325160772,True,0.0,0,1.0,True,f0012e308d3f209ad81fb77e76510e53,7,dt2c
8AW,4K9X,explorer_boltz2_msa,s202_m5,0.6618279569892473,2.078245892807431,0.8019805218192572,2.1630272358202056,173.13429683826075,True,0.0,0,1.0,True,dc1f506f1f2fc8d462891c6b89282da1,7,dt2c
8AW,4K9X,explorer_boltz2_msa,s202_m6,0.7322580645161291,1.619473906099479,0.7915181248103907,2.1344955769689475,172.9589990239049,True,0.0,0,1.0,True,aaa48508c3f716f32c64d2ce641304af,7,dt2c
8AW,4K9X,explorer_boltz2_msa,s202_m7,0.7521505376344085,1.6083963633750318,0.7700306055883592,2.146217055215991,173.58278066094698,True,0.0,0,1.0,True,2f93cec691436c4e4dcfee3fe6dbef93,7,dt2c
8AW,4K9X,explorer_boltz2_msa,s202_m8,0.5876344086021505,2.926816098880363,1.189824937026602,2.108037704620105,173.28267628948984,True,0.0,0,1.0,True,445ea0ff0eed46c74677620e063917fa,7,dt2c
8AW,4K9X,explorer_boltz2_msa,s202_m9,0.4005376344086021,4.961355216997132,1.3311125586108985,2.16826511305698,172.5664174191821,True,0.0,0,1.0,True,00ef3693d015dcf9e1c0d5eb6cb7d1e2,7,dt2c
A1A4K,9COX,explorer_boltz2_msa,s202_m0,0.4040697674418604,7.333910776228207,0.951968300711752,2.2281297711533767,172.28866376227296,True,0.0,0,1.0,True,1ad4505d56dae9d51f9dbf06675f3326,7,dt2c
A1A4K,9COX,explorer_boltz2_msa,s202_m1,0.3784883720930232,6.9627231214552125,1.0288246190416064,2.213251098316682,172.06553549956922,True,0.0,0,1.0,True,34be8d9980eca0703b8d243cfa719f22,7,dt2c
A1A4K,9COX,explorer_boltz2_msa,s202_m10,0.4116279069767442,7.11099624289031,0.8887716499381745,2.244652437951141,172.7332696574801,True,0.0,0,1.0,True,3680717326ff3c527b604a2bc9243ade,7,dt2c
A1A4K,9COX,explorer_boltz2_msa,s202_m11,0.4098837209302325,7.0293900077676525,0.8674015265374758,2.254232356723681,172.68526882945162,True,0.0,0,1.0,True,6ca56d11f8f0f90e8be1c5edf8bc6b0d,7,dt2c
A1A4K,9COX,explorer_boltz2_msa,s202_m12,0.4069767441860465,7.3752545692123155,0.9741960901498662,2.195580892110332,174.150617793042,True,0.0,0,1.0,True,f17b7aa4e9e896b9e5a41790691b2ae9,7,dt2c
A1A4K,9COX,explorer_boltz2_msa,s202_m13,0.4098837209302325,7.174617246387515,0.8394190837628106,2.209324449260452,172.5392695775503,True,0.0,0,1.0,True,f3bbeadd5f4c9d613c83525c1b14f6c3,7,dt2c
A1A4K,9COX,explorer_boltz2_msa,s202_m14,0.4098837209302325,7.1901053202890495,0.8649258279671022,2.2036178960518544,172.74852475561352,True,0.0,0,1.0,True,587d87db6777379c3c53483f18a67035,7,dt2c
A1A4K,9COX,explorer_boltz2_msa,s202_m15,0.4156976744186047,6.902186414036143,0.9126587742296832,2.235150873006115,172.94737900292097,True,0.0,0,1.0,True,9b126e0fbb5eae5b44ddd0d1e730952d,7,dt2c
A1A4K,9COX,explorer_boltz2_msa,s202_m16,0.4226744186046511,7.277921544204937,0.9386879264088912,2.211775388664048,171.2009591273126,True,0.0,0,1.0,True,6b99465f7a7772d715fe0566c9baec8d,7,dt2c
A1A4K,9COX,explorer_boltz2_msa,s202_m17,0.3976744186046512,7.421421596021729,1.0856112832702025,2.186597356076331,173.51395777677192,True,0.0,0,1.0,True,5db59d3996484b7ffe2508c7b234b7e1,7,dt2c
A1A4K,9COX,explorer_boltz2_msa,s202_m18,0.4308139534883721,6.879548883905401,1.022152432246605,2.2141008255497314,173.41810107882398,True,0.0,0,1.0,True,45f61a2fd5744a68b0fd4bb8c0ad4df6,7,dt2c
A1A4K,9COX,explorer_boltz2_msa,s202_m19,0.4354651162790698,6.980925145186954,1.2123398282864488,2.204449584930442,173.11029084914782,True,0.0,0,1.0,True,f9b0573f48892202ee185b3b65818c10,7,dt2c
A1A4K,9COX,explorer_boltz2_msa,s202_m2,0.4046511627906977,7.139389242723964,0.8821384762264778,2.216095609354434,172.3620259628416,True,0.0,0,1.0,True,c79c92777715ccc6630a4913e9ec1061,7,dt2c
A1A4K,9COX,explorer_boltz2_msa,s202_m3,0.4255813953488372,6.654018711451625,0.91121007863687,2.1999447395105176,173.16206845384548,True,0.0,0,1.0,True,33eeeea7caad7afcbb843e316744eba0,7,dt2c
A1A4K,9COX,explorer_boltz2_msa,s202_m4,0.4087209302325582,7.133492169128061,0.9432595630750544,2.219512070005478,172.20311785818592,True,0.0,0,1.0,True,8ec398f5ad513e1210d8d559a856281d,7,dt2c
A1A4K,9COX,explorer_boltz2_msa,s202_m5,0.416860465116279,7.277953369192167,0.9988232875765136,2.218893708788233,173.57128893660607,True,0.0,0,1.0,True,f1c52b5c9be93be915dc654394dc1b06,7,dt2c
A1A4K,9COX,explorer_boltz2_msa,s202_m6,0.4232558139534884,7.046163253928312,0.8941539342279319,2.212006481590866,173.40626784512835,True,0.0,0,1.0,True,4402d0eff3a134669ec765ae291eef96,7,dt2c
A1A4K,9COX,explorer_boltz2_msa,s202_m7,0.4011627906976744,7.165098015075082,0.8230227547035194,2.243321969758242,173.99453286340892,True,0.0,0,1.0,True,cd71218d4e2932ac6e483121818f0c0a,7,dt2c
A1A4K,9COX,explorer_boltz2_msa,s202_m8,0.4453488372093023,6.584549178459639,0.9730057755615638,2.1822202437425973,172.89856896200806,True,0.0,0,1.0,True,ce1e0c948660f6fc25b1a681344b53d0,7,dt2c
A1A4K,9COX,explorer_boltz2_msa,s202_m9,0.4191860465116279,7.220495741455758,0.8581327129782876,2.2249045815495103,172.18997788251156,True,0.0,0,1.0,True,835163c6ab9a33573c85ac01666aeebf,7,dt2c
A1A4V,9COW,explorer_boltz2_msa,s202_m0,0.5433768656716418,5.302534510009701,1.0771677448458714,2.22613861978539,172.65216995429506,True,0.0,0,1.0,True,14c51ae47d539924430400be04ada086,7,dt2c
A1A4V,9COW,explorer_boltz2_msa,s202_m1,0.5578358208955224,5.342632419232038,1.053032215704158,2.2218475555942176,173.70097144739086,True,0.0,0,1.0,True,7a866000e9ba0113b0b50fa9db1783af,7,dt2c
A1A4V,9COW,explorer_boltz2_msa,s202_m10,0.5083955223880596,5.249033408799158,1.1603936490140307,2.235244381538628,174.46978976913914,True,0.0,0,1.0,True,1102e9a2679580cbc3cd1bf744f9a1b3,7,dt2c
A1A4V,9COW,explorer_boltz2_msa,s202_m11,0.7611940298507462,1.6357558961466288,1.1644924609230716,2.2423218477506746,173.737006048467,True,0.0,0,1.0,True,61cdd8daa04540a25f4b07a435e5a294,7,dt2c
A1A4V,9COW,explorer_boltz2_msa,s202_m12,0.527518656716418,5.344922467328559,1.263743161002154,2.233848349843829,174.7710529534195,True,0.0,0,1.0,True,c88b49229277679e294d73da02e6d915,7,dt2c
A1A4V,9COW,explorer_boltz2_msa,s202_m13,0.5261194029850746,5.308840223037639,1.023587582338791,2.206300410778188,172.27719657497738,True,0.0,0,1.0,True,767f3485ee08dfc7f2bdf4de9a1d527a,7,dt2c
A1A4V,9COW,explorer_boltz2_msa,s202_m14,0.6809701492537313,2.080862709258717,1.2971227516274528,2.223225085455811,173.3156818937467,True,0.0,0,1.0,True,aec2ecda3dc740a9ddd3f8a4c5d0cdb6,7,dt2c
A1A4V,9COW,explorer_boltz2_msa,s202_m15,0.552705223880597,4.273119458469602,1.4825194233857313,2.220343165031028,174.70549361040025,True,0.0,0,1.0,True,b8a337bf9eba1b7e7dc7b94c649eb2db,7,dt2c
A1A4V,9COW,explorer_boltz2_msa,s202_m16,0.5471082089552239,4.963391982822959,1.6442547742712643,2.230515803239242,175.47381083286066,True,0.0,0,1.0,True,027a9b12e749e35821514510cd8775be,7,dt2c
A1A4V,9COW,explorer_boltz2_msa,s202_m17,0.8087686567164178,1.3439322168598933,0.8815738247225374,2.185236642608759,171.0726288027448,True,0.0,0,1.0,True,da11e527fb410990928f2bc51acfb22b,7,dt2c
A1A4V,9COW,explorer_boltz2_msa,s202_m18,0.6142723880597015,2.6110667336940603,1.231506233034213,2.2519000463830534,173.7050502269088,True,0.0,0,1.0,True,6e042e351478ff74e071a702fea93b15,7,dt2c
A1A4V,9COW,explorer_boltz2_msa,s202_m19,0.5200559701492538,5.189333796442721,1.2424948163524323,2.197044510859987,174.09082573341888,True,0.0,0,1.0,True,d693db6c109ad547cf6bcbf973a5cf5e,7,dt2c
A1A4V,9COW,explorer_boltz2_msa,s202_m2,0.5433768656716418,5.105299923355935,1.0572467465445332,2.261451674478144,173.26265179205708,True,0.0,0,1.0,True,dfbc88a680d8d42704a3513ebb864ec6,7,dt2c
A1A4V,9COW,explorer_boltz2_msa,s202_m3,0.5419776119402985,5.300838465364616,1.1110309389096629,2.205464680945945,172.09726882219672,True,0.0,0,1.0,True,cd93137f43fa6c1753ae17df025d77a7,7,dt2c
A1A4V,9COW,explorer_boltz2_msa,s202_m4,0.5480410447761194,5.262217433556117,1.0674550652432668,2.2369054105616533,174.20298569595758,True,0.0,0,1.0,True,dda76bbdc11ca7e0a1628b419b456866,7,dt2c
A1A4V,9COW,explorer_boltz2_msa,s202_m5,0.5438432835820896,4.842603286893792,1.1365325465287903,2.2229082127249438,172.3496140409868,True,0.0,0,1.0,True,29cde0810a3ae0ce9a627b3990717d7e,7,dt2c
A1A4V,9COW,explorer_boltz2_msa,s202_m6,0.5368470149253731,5.171638254631793,1.2019705729430883,2.257355619901303,172.84676573213088,True,0.0,0,1.0,True,65f7dbfa702fc1365efea67110f68c80,7,dt2c
A1A4V,9COW,explorer_boltz2_msa,s202_m7,0.7238805970149254,2.027043295138883,1.166292520256692,2.2702035582299667,174.84948246981682,True,0.0,0,1.0,True,a785c605be01dacd3cd91a175bb84058,7,dt2c
A1A4V,9COW,explorer_boltz2_msa,s202_m8,0.5251865671641791,5.097951485411949,1.08250753252359,2.2494351540775743,173.13659790971013,True,0.0,0,1.0,True,8199778747a2b07a18e22c506fb9d395,7,dt2c
A1A4V,9COW,explorer_boltz2_msa,s202_m9,0.7159514925373135,1.8008402769223486,1.0746040531775856,2.260383979283166,173.40995312603152,True,0.0,0,1.0,True,44645699b841e2c2af0226c237bf5c83,7,dt2c
A1ASQ,9BVA,explorer_boltz2_msa,s202_m0,0.6810933940774487,2.8520979657188543,1.1013767033232718,2.2307531130988023,172.5470085895756,True,0.0,0,1.0,True,43d416042fb8cc04a8d91f05d839857b,7,dt2c
A1ASQ,9BVA,explorer_boltz2_msa,s202_m1,0.4851936218678815,3.6253126259142543,1.4541206258297936,2.310210560230387,167.5208499439492,True,0.0,0,1.0,True,fe704009a24232455a1dfec181c4916c,7,dt2c
A1ASQ,9BVA,explorer_boltz2_msa,s202_m10,0.6845102505694761,2.7918503973338846,1.1052439286746696,2.2431462080524307,173.88216568586208,True,0.0,0,1.0,True,a24e6825d006ddc20878d0a15eda5af3,7,dt2c
A1ASQ,9BVA,explorer_boltz2_msa,s202_m11,0.7329157175398634,2.2639528139363776,1.2207594954360037,2.290755203049859,173.59673084837587,True,0.0,0,1.0,True,4be00b80c25cfc3fcf3817145e767bb4,7,dt2c
A1ASQ,9BVA,explorer_boltz2_msa,s202_m12,0.8154897494305239,1.5194542436745966,0.982412973566988,2.2483078917488144,173.1009934341211,True,0.0,0,1.0,True,671c10f04c46064a2290d0fe0cfc4542,7,dt2c
A1ASQ,9BVA,explorer_boltz2_msa,s202_m13,0.7534168564920274,1.9096575642561733,1.122108179791431,2.2394700950001543,175.1174519935641,True,0.0,0,1.0,True,9aaff09f3471fd4ab9035005e8e7abb4,7,dt2c
A1ASQ,9BVA,explorer_boltz2_msa,s202_m14,0.6007972665148064,2.91767981813282,1.257901466831738,2.2992586120312786,172.43959551204898,True,0.0,0,1.0,True,45e59d6714e61bc326d9d431739c08fd,7,dt2c
A1ASQ,9BVA,explorer_boltz2_msa,s202_m15,0.6252847380410023,2.6852998444403755,1.2456732102417714,2.2661925869396007,169.72714121401373,True,0.0,0,1.0,True,4aa4873cd5903de66da9f58557b4cd47,7,dt2c
A1ASQ,9BVA,explorer_boltz2_msa,s202_m16,0.6839407744874715,2.7444275653696537,1.172124359571644,2.289000759152342,176.9550403736586,True,0.0,0,1.0,True,b2afe1858f73e823201550ef012dd83b,7,dt2c
A1ASQ,9BVA,explorer_boltz2_msa,s202_m17,0.6617312072892938,2.7343976905914853,1.2506758821158523,2.2560169070510088,175.51352922115342,True,0.0,0,1.0,True,04320d657d65713ac5e6ddd8928ff864,7,dt2c
A1ASQ,9BVA,explorer_boltz2_msa,s202_m18,0.6947608200455581,2.272636992910177,1.2840033809732536,2.257025460334907,173.5023193923674,True,0.0,0,1.0,True,cc67c833b84107f238b07ca3d9d43777,7,dt2c
A1ASQ,9BVA,explorer_boltz2_msa,s202_m19,0.719248291571754,2.5988345148639738,1.1321832180290907,2.2443366282712582,172.91155764331972,True,0.0,0,1.0,True,e028c3186c82803013c60b09836ba346,7,dt2c
A1ASQ,9BVA,explorer_boltz2_msa,s202_m2,0.6890660592255125,2.5435743182942825,1.2860769782782449,2.303470869926512,173.3666254103489,True,0.0,0,1.0,True,a3d3e0768de6606458d93f939d7e97f4,7,dt2c
A1ASQ,9BVA,explorer_boltz2_msa,s202_m3,0.4772209567198178,3.68515611643493,1.4745425458788144,2.2991104700296594,169.0137669426633,True,0.0,0,1.0,True,f9285dc168fbc341a1a9b3972054aceb,7,dt2c
A1ASQ,9BVA,explorer_boltz2_msa,s202_m4,0.5916856492027335,2.91407927233676,1.2735744974781429,2.2623692956942283,172.64288448272563,True,0.0,0,1.0,True,4bcab5084b007482b7e0b3399c70a856,7,dt2c
A1ASQ,9BVA,explorer_boltz2_msa,s202_m5,0.5859908883826879,2.996342803383102,1.3844630616117937,2.318907853904506,172.51629618170534,True,0.0,0,1.0,True,781e4869c4b5374d2464d8da0579250c,7,dt2c
A1ASQ,9BVA,explorer_boltz2_msa,s202_m6,0.6520501138952164,3.055311830991278,1.1066501707442733,2.2762057339792463,173.80149215564794,True,0.0,0,1.0,True,a3a76c678b63821ea6c0d2d8049468f5,7,dt2c
A1ASQ,9BVA,explorer_boltz2_msa,s202_m7,0.715261958997722,2.1600620214073927,1.151103679370318,2.267017451035612,172.64333147796498,True,0.0,0,1.0,True,a75aada88eea407d1a4e906fd3d81852,7,dt2c
A1ASQ,9BVA,explorer_boltz2_msa,s202_m8,0.703872437357631,2.247998115084548,1.1659226924933197,2.3071069639052286,171.8810638822222,True,0.0,0,1.0,True,cead5280360619591b178a31f9cedc72,7,dt2c
A1ASQ,9BVA,explorer_boltz2_msa,s202_m9,0.6964692482915718,2.791164947280764,1.157213289913184,2.2311474237261866,174.75053277539536,True,0.0,0,1.0,True,ff7631c73f0167696a7b799341e905e5,7,dt2c
A1ASU,9BV6,explorer_boltz2_msa,s202_m0,0.612390350877193,3.616844625235948,1.610193652864048,2.14248637115852,174.4880497579387,True,0.0,0,1.0,True,af4a3002455e43e403ad9122aaac1e7c,7,dt2c
A1ASU,9BV6,explorer_boltz2_msa,s202_m1,0.5789473684210527,3.4471439209995403,1.6127732194899755,2.2492274273181008,176.28499457503173,True,0.0,0,1.0,True,7fa4390f233deb9ecf6f6015a1914a18,7,dt2c
A1ASU,9BV6,explorer_boltz2_msa,s202_m10,0.5745614035087719,2.9892777371947705,1.251189174951787,2.1682510689262897,173.56722710117495,True,0.0,0,1.0,True,86c59174be0b6434ceb8a707d951a7aa,7,dt2c
A1ASU,9BV6,explorer_boltz2_msa,s202_m11,0.6392543859649124,2.9976153479628347,1.244634809513839,2.112250690661504,173.52121257397422,True,0.0,0,1.0,True,a1d83181027e7e9d6c72fc3fc31b45b2,7,dt2c
A1ASU,9BV6,explorer_boltz2_msa,s202_m12,0.637609649122807,2.999513282156802,1.3482031646410717,2.2122026957085104,176.29531972211652,True,0.0,0,1.0,True,7845c8b38d78d605fc2a0a5e5dd509e7,7,dt2c
A1ASU,9BV6,explorer_boltz2_msa,s202_m13,0.6326754385964912,3.2060299963197387,1.48418009879351,2.255543905181188,173.1566998482318,True,0.0,0,1.0,True,a4a4febcb747845240580e2d889bb5f6,7,dt2c
A1ASU,9BV6,explorer_boltz2_msa,s202_m14,0.6091008771929824,3.0570056914474213,1.4478588370989682,2.298560361226131,177.62581827316265,True,0.0,0,1.0,True,f64a107af9571a99679218af878ceeb6,7,dt2c
A1ASU,9BV6,explorer_boltz2_msa,s202_m15,0.7176535087719298,2.2210412188289004,1.142244353497043,2.1947018657439554,175.96042771508527,True,0.0,0,1.0,True,ccab2ef98408137e9cc20e0f4bdcd644,7,dt2c
A1ASU,9BV6,explorer_boltz2_msa,s202_m16,0.5844298245614035,3.276097335451984,1.509524799293393,2.2191255768207445,176.73902405892306,True,0.0,0,1.0,True,7f17d3b6bc9e48d017e44ae3ecb64e3d,7,dt2c
A1ASU,9BV6,explorer_boltz2_msa,s202_m17,0.6288377192982456,2.831790086970261,1.377932153282018,2.2116166734314517,175.98001870046247,True,0.0,0,1.0,True,68a2aa7652d3d5a7e2c20d970c01cf94,7,dt2c
A1ASU,9BV6,explorer_boltz2_msa,s202_m18,0.6140350877192982,2.861644869032224,1.202119853453509,2.2161226267966314,175.71871922532137,True,0.0,0,1.0,True,4329bb338b0f1d3c3d153011aac69722,7,dt2c
A1ASU,9BV6,explorer_boltz2_msa,s202_m19,0.643640350877193,2.9694205097946544,1.4222553101257078,2.153957016887756,172.32625337580873,True,0.0,0,1.0,True,4c7871be2c6792e15da99ba7d68d1a40,7,dt2c
A1ASU,9BV6,explorer_boltz2_msa,s202_m2,0.6091008771929824,3.46595054704838,1.5760564377310973,2.2126344656766066,172.3834008318917,True,0.0,0,1.0,True,4209b0d30bec60d27ad79008af20f33f,7,dt2c
A1ASU,9BV6,explorer_boltz2_msa,s202_m3,0.5932017543859649,3.4847458869400247,1.4664554721337184,2.2496449881259046,175.79312230288312,True,0.0,0,1.0,True,24e24ef17ee96c6303205a8e3f76f5cc,7,dt2c
A1ASU,9BV6,explorer_boltz2_msa,s202_m4,0.6019736842105263,3.0877184994179414,1.403195609956567,2.163068176225613,176.73414942441212,True,0.0,0,1.0,True,60d477ad4422aaa334a3a802b2ead18c,7,dt2c
A1ASU,9BV6,explorer_boltz2_msa,s202_m5,0.5877192982456141,3.807198346546493,1.7100123143599355,2.2508005198373318,172.92398329870568,True,0.0,0,1.0,True,49d0dc3a7abff5b358a658858d712b24,7,dt2c
A1ASU,9BV6,explorer_boltz2_msa,s202_m6,0.5942982456140351,3.5609299503153675,1.5964822279894229,2.192845642561281,173.8607666569434,True,0.0,0,1.0,True,dffbec4919f691386b8a65a439d27d84,7,dt2c
A1ASU,9BV6,explorer_boltz2_msa,s202_m7,0.625,2.851988362701823,1.387180726072612,2.1549038310328377,174.30497135190203,True,0.0,0,1.0,True,d86744759edfc98dcc5d79060c0e3e82,7,dt2c
A1ASU,9BV6,explorer_boltz2_msa,s202_m8,0.650219298245614,3.1305020843843714,1.3170536069173335,2.197072604034742,174.53430395644722,True,0.0,0,1.0,True,5b3d4c8759019d099ca90fbcdf071976,7,dt2c
A1ASU,9BV6,explorer_boltz2_msa,s202_m9,0.5794956140350878,4.065061430472502,1.7663624110964022,2.2448806073152308,174.10778509289,True,0.0,0,1.0,True,5250cf8f0a72c30cee4615479529ef29,7,dt2c
D7J,6BD7,explorer_boltz2_msa,s202_m0,0.6511976047904192,2.8065221924474755,1.2478669306901082,2.2149075392440207,173.68500483955222,True,0.0,0,1.0,True,fb6c90560fc27c5168de2dbd81ce2068,7,dt2c
D7J,6BD7,explorer_boltz2_msa,s202_m1,0.6996007984031936,2.363751867056035,1.1835606185873988,2.186969700956097,173.88756852597876,True,0.0,0,1.0,True,c2148768cfa0f8647f9fb83a64638c67,7,dt2c
D7J,6BD7,explorer_boltz2_msa,s202_m10,0.6956087824351297,2.702180213647351,1.2759108086240938,2.215019295152979,173.58535267191414,True,0.0,0,1.0,True,c84112642982fcb1b8c9e97db7edf42e,7,dt2c
D7J,6BD7,explorer_boltz2_msa,s202_m11,0.62624750499002,3.065352979087512,1.3167064719431292,2.1737449454110296,173.3653247876162,True,0.0,0,1.0,True,108305ee2b16b25d1ebf6f7f9195b151,7,dt2c
D7J,6BD7,explorer_boltz2_msa,s202_m12,0.7230538922155689,2.484914382674125,1.2570097849174922,2.2041747284868323,173.29344491075992,True,0.0,0,1.0,True,52d63ec322668c81bddce6da744add1f,7,dt2c
D7J,6BD7,explorer_boltz2_msa,s202_m13,0.6901197604790419,2.698414102971644,1.3342021445199976,2.1952188653981635,173.70866955394428,True,0.0,0,1.0,True,0984994c9c0e6358359d54b1b58969d6,7,dt2c
D7J,6BD7,explorer_boltz2_msa,s202_m14,0.6991017964071856,2.715017700724274,1.3076572609905226,2.2275176827580965,172.92727398891688,True,0.0,0,1.0,True,837c8add299c6a57136edd7c42ff6ba8,7,dt2c
D7J,6BD7,explorer_boltz2_msa,s202_m15,0.6452095808383234,3.149765580080702,1.3341282005077395,2.2571882628837145,174.8076974710413,True,0.0,0,1.0,True,a9b043d9c468215ecd9031e513c53400,7,dt2c
D7J,6BD7,explorer_boltz2_msa,s202_m16,0.7714570858283434,2.02790687211273,1.2563613138523568,2.168265700392828,174.0468470305497,True,0.0,0,1.0,True,4b7e7437edfac53a2b3681816065d36c,7,dt2c
D7J,6BD7,explorer_boltz2_msa,s202_m17,0.7115768463073853,2.239503246787563,1.245026745196551,2.1918480360417325,174.45366017795513,True,0.0,0,1.0,True,8dc763d05d20453b96ded5700ab4f345,7,dt2c
D7J,6BD7,explorer_boltz2_msa,s202_m18,0.7090818363273452,2.603302112887379,1.3270609280731958,2.187546113753948,176.05360072170717,True,0.0,0,1.0,True,8b9b1c8849a0e33f32101f08f0f8e849,7,dt2c
D7J,6BD7,explorer_boltz2_msa,s202_m19,0.7300399201596807,1.801685965653185,1.124196234138417,2.244186347810716,176.14878383940658,True,0.0,0,1.0,True,7b41419a16321b7c0373e039a4fca1d7,7,dt2c
D7J,6BD7,explorer_boltz2_msa,s202_m2,0.6666666666666666,3.1314635823772603,1.3145816848138665,2.180608519037748,174.02427876187542,True,0.0,0,1.0,True,36378c022e1e608ee8024c50b2b8d650,7,dt2c
D7J,6BD7,explorer_boltz2_msa,s202_m3,0.6771457085828343,2.889432571434698,1.2907378411644737,2.223687165632792,175.92753587070922,True,0.0,0,1.0,True,1da5217220766e0e4d74b14a743e8cc7,7,dt2c
D7J,6BD7,explorer_boltz2_msa,s202_m4,0.5763473053892215,3.3582722307939226,1.275019187767876,2.1880589378259447,173.56672522774366,True,0.0,0,1.0,True,7cbd9aefa4cdc742851e11be17af9c2c,7,dt2c
D7J,6BD7,explorer_boltz2_msa,s202_m5,0.719061876247505,2.446924859864174,1.2564988540792317,2.209601103593135,175.20474757897085,True,0.0,0,1.0,True,2d5d263ff457f269dd112e5a656af665,7,dt2c
D7J,6BD7,explorer_boltz2_msa,s202_m6,0.8842315369261476,0.9680746562647156,1.1792158428819388,2.210786998876192,175.1531658317137,True,0.0,0,1.0,True,1f2db07fab93c78e93db275f55fcece9,7,dt2c
D7J,6BD7,explorer_boltz2_msa,s202_m7,0.6751497005988024,3.08216146005108,1.42614246898288,2.1987632659065413,174.25981462037242,True,0.0,0,1.0,True,dfe6998b444befcd2386eac706de66a3,7,dt2c
D7J,6BD7,explorer_boltz2_msa,s202_m8,0.8293413173652695,1.2265695748514884,1.130412553657767,2.2141895171371395,174.51741921324816,True,0.0,0,1.0,True,44d39825c25cb9748943ebafc02dfd50,7,dt2c
D7J,6BD7,explorer_boltz2_msa,s202_m9,0.6541916167664671,2.97508097697428,1.3287037454269384,2.163733498261743,173.51383035600642,True,0.0,0,1.0,True,11d9e45d005c510adaede6aab0e13d03,7,dt2c
DEJ,6BDI,explorer_boltz2_msa,s202_m0,0.5659784560143626,3.707286761331874,1.491590070770272,2.229864358699874,175.0412809281136,True,0.0,0,1.0,True,934cb20c0058996e64df4ca3b2e6c67e,7,dt2c
DEJ,6BDI,explorer_boltz2_msa,s202_m1,0.6162477558348294,4.0180485164517625,1.5465745294753153,2.25083093481052,175.3671377633862,True,0.0,0,1.0,True,3de69a90293bff211b04eedc81e5ebbf,7,dt2c
DEJ,6BDI,explorer_boltz2_msa,s202_m10,0.5421903052064632,4.805731942621509,1.1717264511271488,2.194095253059903,173.8761091769957,True,0.0,0,1.0,True,e30cce7963752e4bcce4915ba1e13059,7,dt2c
DEJ,6BDI,explorer_boltz2_msa,s202_m11,0.5435368043087971,4.433943487090259,1.2717420763973954,2.2358437705931062,174.1601554632074,True,0.0,0,1.0,True,cb2bcfca9d9a8c76f6dd654a265f3a63,7,dt2c
DEJ,6BDI,explorer_boltz2_msa,s202_m12,0.4057450628366248,6.072804278636081,1.5415850901168426,2.17067449360792,172.5440567138903,True,0.0,0,1.0,True,fbdc87c6f1c0e5508b973afccb1c115e,7,dt2c
DEJ,6BDI,explorer_boltz2_msa,s202_m13,0.5184021543985637,4.504218756801608,1.3727474940083393,2.221144149554459,176.18304023149693,True,0.0,0,1.0,True,4b72228eaacb13f759c58de52cbda414,7,dt2c
DEJ,6BDI,explorer_boltz2_msa,s202_m14,0.5403949730700179,4.233409333357807,1.914875887826162,2.2923028425363,176.63089428024216,True,0.0,0,1.0,True,d19f9712a9a3a30a10a1225507350c64,7,dt2c
DEJ,6BDI,explorer_boltz2_msa,s202_m15,0.6180430879712747,3.9872678655142098,1.521192793266572,2.249401584377498,174.8256982446382,True,0.0,0,1.0,True,898aaac65f263fb44640de951d971be2,7,dt2c
DEJ,6BDI,explorer_boltz2_msa,s202_m16,0.3447037701974865,6.907749867401188,1.662085022499112,2.232535831761721,172.26708909903158,True,0.0,0,1.0,True,435551c0b6603d8374415551c41f32fd,7,dt2c
DEJ,6BDI,explorer_boltz2_msa,s202_m17,0.4914721723518851,5.061170177728669,1.3728449375278864,2.2415509171330457,176.68100732494133,True,0.0,0,1.0,True,dc933844af29c2ba546afda52253d49f,7,dt2c
DEJ,6BDI,explorer_boltz2_msa,s202_m18,0.5291741472172352,4.548974959478828,2.09196054095236,2.291776928455298,177.75504787456296,True,0.0,0,1.0,True,0414eceedf45c065ea2f38ac47807366,7,dt2c
DEJ,6BDI,explorer_boltz2_msa,s202_m19,0.5816876122082586,4.112090832686456,1.4724445237863686,2.2559563781465286,174.97563130603956,True,0.0,0,1.0,True,54622ea8666b54d6d0bbd31314c7ebf4,7,dt2c
DEJ,6BDI,explorer_boltz2_msa,s202_m2,0.4160682226211849,6.881375992325916,1.6684183214135204,2.2315531955568524,173.22282204689148,True,0.0,0,1.0,True,8bc24c26f14707fc4b09e202de02c73d,7,dt2c
DEJ,6BDI,explorer_boltz2_msa,s202_m3,0.6876122082585279,2.6298537044401806,1.4202707487387254,2.270594953773129,175.89180390764164,True,0.0,0,1.0,True,ea194d4cb2847bfac22b7c465381266f,7,dt2c
DEJ,6BDI,explorer_boltz2_msa,s202_m4,0.705116696588869,2.325651302204616,1.2606622890966677,2.267944967520156,173.8299858132526,True,0.0,0,1.0,True,3015c3b21fe95cd3220bca73b6ee36c5,7,dt2c
DEJ,6BDI,explorer_boltz2_msa,s202_m5,0.5596947935368043,4.430602740177739,1.638400809679737,2.2116719642388203,175.90907556124083,True,0.0,0,1.0,True,17bd38aab550b9bb99fbb94afee7e290,7,dt2c
DEJ,6BDI,explorer_boltz2_msa,s202_m6,0.5336624775583483,4.761494371365954,1.1903828594278831,2.220116785329096,175.26215395881178,True,0.0,0,1.0,True,a72128869d00dffd368eb6711a4f2a63,7,dt2c
DEJ,6BDI,explorer_boltz2_msa,s202_m7,0.3752244165170556,6.4014244110346565,1.4912823111133495,2.169862408748536,170.83278909470053,True,0.0,0,1.0,True,9b767dbaf840779b2811c2ab862bc420,7,dt2c
DEJ,6BDI,explorer_boltz2_msa,s202_m8,0.3473967684021544,6.95474678452523,1.6294959710864627,2.174117528216909,171.90748684114817,True,0.0,0,1.0,True,b11a499642b8331a667663f9c294a4cc,7,dt2c
DEJ,6BDI,explorer_boltz2_msa,s202_m9,0.7033213644524237,2.3992356649717648,1.3094505965000938,2.2728561111077847,174.8973933814925,True,0.0,0,1.0,True,5ad1469d7f7cc7ca479ca525531fc244,7,dt2c
G0D,6DA2,explorer_boltz2_msa,s202_m0,0.581532416502947,4.848523980535021,0.8770689149939704,2.200789757905102,174.06174267924175,True,0.0,0,1.0,True,d0bef8f559895219f9d21d4c0b6496b9,7,dt2c
G0D,6DA2,explorer_boltz2_msa,s202_m1,0.4317288801571709,5.583047443240953,1.2094034852129796,2.2484484902705693,173.37731031306987,True,0.0,0,1.0,True,e88c3fb6694b8ad0f7ae655728f4efb5,7,dt2c
G0D,6DA2,explorer_boltz2_msa,s202_m10,0.5982318271119842,4.702768402378093,0.8625127602224183,2.2388955882086146,173.78899454116,True,0.0,0,1.0,True,6d87ee3a6a63cd4e44be6a0c4cc189d6,7,dt2c
G0D,6DA2,explorer_boltz2_msa,s202_m11,0.5918467583497053,4.806062996694033,0.8632277808387644,2.2244631948629765,173.09825585445864,True,0.0,0,1.0,True,fec7081df968beb3e5b0b95d8ff468cb,7,dt2c
G0D,6DA2,explorer_boltz2_msa,s202_m12,0.5795677799607073,4.706333929839634,0.9316687851189625,2.2212901187147978,174.6527763302131,True,0.0,0,1.0,True,53c2a61d8b4ca30fe86684210e837d97,7,dt2c
G0D,6DA2,explorer_boltz2_msa,s202_m13,0.5957760314341847,4.721425129803554,0.8599024419133805,2.2257928058334637,174.2220875230961,True,0.0,0,1.0,True,6b283c762999fce84e56b8cc6597a833,7,dt2c
G0D,6DA2,explorer_boltz2_msa,s202_m14,0.5957760314341847,4.781930971925697,0.882902356671296,2.1913600758889444,173.4333186415501,True,0.0,0,1.0,True,ae78bb909ad138a6f634bb826ee256ca,7,dt2c
G0D,6DA2,explorer_boltz2_msa,s202_m15,0.5869351669941061,4.8427043971690535,0.9206467251983448,2.1938156147908145,173.37318690801175,True,0.0,0,1.0,True,698f918a81a91c274933bb84b2070afc,7,dt2c
G0D,6DA2,explorer_boltz2_msa,s202_m16,0.5933202357563852,4.712945168449871,0.9237856463728246,2.227690542355468,173.45002506977607,True,0.0,0,1.0,True,54f2b98eda272c078306bd0d86b2428b,7,dt2c
G0D,6DA2,explorer_boltz2_msa,s202_m17,0.6090373280943026,4.700496944240649,0.8875673373700879,2.2167595984454427,173.48032405183142,True,0.0,0,1.0,True,26a0d4c73745e7bd7b1a4f7ae54f1d65,7,dt2c
G0D,6DA2,explorer_boltz2_msa,s202_m18,0.6114931237721022,4.875526786208043,0.891228674913802,2.1975465299283194,173.2124688466876,True,0.0,0,1.0,True,d0702089d8679774ece2835b0980a2bc,7,dt2c
G0D,6DA2,explorer_boltz2_msa,s202_m19,0.5967583497053045,4.682869190906171,0.8913832456098092,2.2699655567871506,173.80483034862456,True,0.0,0,1.0,True,47f467f2d5498ad431f15a26e971ce85,7,dt2c
G0D,6DA2,explorer_boltz2_msa,s202_m2,0.5736738703339882,4.795738850804029,0.8889916790469451,2.19145697247288,172.52457629216684,True,0.0,0,1.0,True,c98e21fa64dccdd464c9b7cdb0b3408c,7,dt2c
G0D,6DA2,explorer_boltz2_msa,s202_m3,0.6272102161100197,4.691818165091471,0.8592765176622986,2.23772516735188,173.24964998201074,True,0.0,0,1.0,True,9bb04cf0961bb433975bfce793759288,7,dt2c
G0D,6DA2,explorer_boltz2_msa,s202_m4,0.4101178781925344,5.87257871914846,1.370255694283724,2.238673950109752,174.399080068138,True,0.0,0,1.0,True,beab5d28299397dad88083284564774c,7,dt2c
G0D,6DA2,explorer_boltz2_msa,s202_m5,0.5834970530451866,4.937814064640685,0.8612360838035611,2.1994816984235173,172.60795330744645,True,0.0,0,1.0,True,08ac73e51c4ca2311aaa7c1e775a69c4,7,dt2c
G0D,6DA2,explorer_boltz2_msa,s202_m6,0.5785854616895875,4.846419407531583,0.8795273420802173,2.1817128174212117,172.22905980388452,True,0.0,0,1.0,True,43fd90d5eb154065190b05577141a760,7,dt2c
G0D,6DA2,explorer_boltz2_msa,s202_m7,0.6222986247544204,4.714559526104277,0.8693003679896566,2.2239288585968757,173.20595684880143,True,0.0,0,1.0,True,da46f27a3371b010d8638f7f81698e12,7,dt2c
G0D,6DA2,explorer_boltz2_msa,s202_m8,0.4341846758349705,5.500564616070486,1.2597844295765863,2.229398359692587,173.53948098275237,True,0.0,0,1.0,True,27a6c0572beb7b330aae13038552aee6,7,dt2c
G0D,6DA2,explorer_boltz2_msa,s202_m9,0.4739685658153241,5.026583206436531,1.1282205376764245,2.238359207298953,174.3095839229587,True,0.0,0,1.0,True,60c160b855a5d7901a1d568c2992acde,7,dt2c
G1J,6DA5,explorer_boltz2_msa,s202_m0,0.8212669683257918,2.468785003019114,0.818816091784301,2.210203364941788,173.11234662537382,True,0.0,0,1.0,True,264e7dc53b7ae2cfae19c297c311ed05,7,dt2c
G1J,6DA5,explorer_boltz2_msa,s202_m1,0.8320135746606334,2.272964350701276,0.8303741168304535,2.217643666281849,172.55701896936114,True,0.0,0,1.0,True,f75dd964456fee1e3586bef253183149,7,dt2c
G1J,6DA5,explorer_boltz2_msa,s202_m10,0.8229638009049773,2.3818051181668847,0.8351080597777367,2.191536105429249,172.98422521667615,True,0.0,0,1.0,True,fa9e4925fa306e00dc1d88001a980ae0,7,dt2c
G1J,6DA5,explorer_boltz2_msa,s202_m11,0.8484162895927603,2.2565521261371204,0.831273239893638,2.2745865593773296,174.50243930169654,True,0.0,0,1.0,True,8cde37ccb1e2ec25f05fac48974caf07,7,dt2c
G1J,6DA5,explorer_boltz2_msa,s202_m12,0.8207013574660633,2.376598415054932,0.8228102701587456,2.226616448515549,172.57766522641344,True,0.0,0,1.0,True,0872d60a193ffc0af5869b3a611d7edd,7,dt2c
G1J,6DA5,explorer_boltz2_msa,s202_m13,0.876131221719457,2.231454322200519,0.8995249449969422,2.233193101301364,174.17250810486604,True,0.0,0,1.0,True,dbd37dd9952d6f32e8be9c8218f5ef13,7,dt2c
G1J,6DA5,explorer_boltz2_msa,s202_m14,0.8602941176470589,2.275617649430397,0.7842089049902642,2.207191172350053,173.83357695146205,True,0.0,0,1.0,True,078c7f2c293e217f3a69a7bfe74fa82a,7,dt2c
G1J,6DA5,explorer_boltz2_msa,s202_m15,0.8178733031674208,2.4447975734553453,0.8756821194193144,2.208835538671904,172.58201576635582,True,0.0,0,1.0,True,18227c68ec1cbd7e964f68270325d3fb,7,dt2c
G1J,6DA5,explorer_boltz2_msa,s202_m16,0.8812217194570136,2.096764152226877,0.8051399122756494,2.2157504723456563,174.18714908052604,True,0.0,0,1.0,True,54b6eb1d6774577b3e0bea8decbee44d,7,dt2c
G1J,6DA5,explorer_boltz2_msa,s202_m17,0.8376696832579186,2.326151205485857,0.8020067696074612,2.2182834865949848,174.1533554887934,True,0.0,0,1.0,True,2bfe9266ddf055848559f1f99d7a151a,7,dt2c
G1J,6DA5,explorer_boltz2_msa,s202_m18,0.8291855203619909,2.2949184499861977,0.8038975576032473,2.186889251654048,172.51031785479617,True,0.0,0,1.0,True,8b7686f5dc441e992b99d4eb36953da8,7,dt2c
G1J,6DA5,explorer_boltz2_msa,s202_m19,0.8257918552036199,2.483732268274649,0.916719276569348,2.217263630085516,173.3985653231209,True,0.0,0,1.0,True,7fd3694c402f7ad039fee378b08b11da,7,dt2c
G1J,6DA5,explorer_boltz2_msa,s202_m2,0.8201357466063348,2.4542631770960943,0.8472364030715599,2.1995275339490523,172.69576157331886,True,0.0,0,1.0,True,0fec99d74eaea8a136b9edccb7e14ec2,7,dt2c
G1J,6DA5,explorer_boltz2_msa,s202_m3,0.8529411764705883,2.1508136368624844,0.7987837855799232,2.236376790838252,174.28327640271627,True,0.0,0,1.0,True,5106da59cec82c73a28be9269042c24d,7,dt2c
G1J,6DA5,explorer_boltz2_msa,s202_m4,0.8190045248868778,2.299832979545589,0.8305475174921207,2.214185138894216,173.00060736294924,True,0.0,0,1.0,True,e87f35c24c690aec7914e5887d0ff779,7,dt2c
G1J,6DA5,explorer_boltz2_msa,s202_m5,0.8580316742081449,2.219523591370377,0.839197639897655,2.222628375797448,173.98478842654475,True,0.0,0,1.0,True,6d337c5b3928e88471eb701eeb03b666,7,dt2c
G1J,6DA5,explorer_boltz2_msa,s202_m6,0.8325791855203619,2.28485695382368,0.8193667885244279,2.1942010717798857,172.27042179759428,True,0.0,0,1.0,True,f024fd63ae5178a9d8739760ee896846,7,dt2c
G1J,6DA5,explorer_boltz2_msa,s202_m7,0.8337104072398189,2.297770372190597,0.8175672855845885,2.1973918329692594,173.0269750471939,True,0.0,0,1.0,True,e6113adf39d533e794fe87ae911fb911,7,dt2c
G1J,6DA5,explorer_boltz2_msa,s202_m8,0.8631221719457014,2.247355839120596,0.8370336911586564,2.216344281874998,173.82097906492265,True,0.0,0,1.0,True,5deb8ae2599dbc5a1fa5fc46fa1d4f5d,7,dt2c
G1J,6DA5,explorer_boltz2_msa,s202_m9,0.8388009049773756,2.304638880708052,0.8173885667059831,2.2253751272538302,172.28611531760183,True,0.0,0,1.0,True,4c6378bb48f6cf4cbf62393d21b16337,7,dt2c
NH0,7UF9,explorer_boltz2_msa,s202_m0,0.75,1.7661766966917454,0.9041916786500444,2.1836734384060272,172.02287117731308,True,0.0,0,1.0,True,5a68d916cdf36a563d833b8054a60b55,8,dt2c
NH0,7UF9,explorer_boltz2_msa,s202_m1,0.6255411255411255,2.951078479857144,1.1784960797354174,2.162982925706997,171.1817494946436,True,0.0,0,1.0,True,f05014bfac39c9c348db3f579238a1a1,8,dt2c
NH0,7UF9,explorer_boltz2_msa,s202_m10,0.7429653679653679,1.849700121120791,0.8169209421623327,2.1595464166810587,172.94418238161273,True,0.0,0,1.0,True,8531ca53493c249346e90b2619a2c01f,8,dt2c
NH0,7UF9,explorer_boltz2_msa,s202_m11,0.7408008658008658,1.7873033752872791,0.8912957113390367,2.18306610596198,172.82960921431015,True,0.0,0,1.0,True,06bcbf21c135f51e4ef3ea7d59679456,8,dt2c
NH0,7UF9,explorer_boltz2_msa,s202_m12,0.7126623376623377,1.8642856622979789,0.8567867963219634,2.142567355907393,173.7976800570386,True,0.0,0,1.0,True,0a41fe9b95fd7edd776593bdab58662d,8,dt2c
NH0,7UF9,explorer_boltz2_msa,s202_m13,0.7462121212121212,2.0397595577552785,0.9015300347470808,2.156340518702925,174.1542086288873,True,0.0,0,1.0,True,87509302ca579234645eba1684e75c8d,8,dt2c
NH0,7UF9,explorer_boltz2_msa,s202_m14,0.7667748917748918,1.6714963376870255,0.87607697338337,2.155931532308018,173.11899369372125,True,0.0,0,1.0,True,b555fad2d4c07f87cf12c898124f8080,8,dt2c
NH0,7UF9,explorer_boltz2_msa,s202_m15,0.7478354978354979,1.808160315698219,0.9056972139925232,2.1318910023497915,172.50164811456386,True,0.0,0,1.0,True,b10da8aacdf73d38f08ea0ffd0422243,8,dt2c
NH0,7UF9,explorer_boltz2_msa,s202_m16,0.7462121212121211,1.7528920501867171,0.9243923034843824,2.132315220505636,173.00406554764996,True,0.0,0,1.0,True,3d0e20a071c8a95b544f4773a6008d43,8,dt2c
NH0,7UF9,explorer_boltz2_msa,s202_m17,0.6439393939393939,2.5764652145280773,1.060890246572036,2.179954682946414,173.06849642567244,True,0.0,0,1.0,True,3cb2c36cd811b6b98b3b2170959a027a,8,dt2c
NH0,7UF9,explorer_boltz2_msa,s202_m18,0.7543290043290043,1.8326651346017844,0.9095312085707004,2.1807245120830827,172.2693109882085,True,0.0,0,1.0,True,4ac08943bea30e8a82f9ed238efbdd0c,8,dt2c
NH0,7UF9,explorer_boltz2_msa,s202_m19,0.699134199134199,2.092459334420947,0.9524903004464436,2.1573390316081524,172.635675905536,True,0.0,0,1.0,True,ede98f4bfe2842714aba8530db503474,8,dt2c
NH0,7UF9,explorer_boltz2_msa,s202_m2,0.6374458874458875,2.961258357495179,1.1857470585812528,2.1882408280168795,171.670170834507,True,0.0,0,1.0,True,b2d336da0bb777b020d996b6ff4a4650,8,dt2c
NH0,7UF9,explorer_boltz2_msa,s202_m3,0.737012987012987,1.8431784311576616,0.853931981382815,2.14692340501472,173.12068902771253,True,0.0,0,1.0,True,9bbb024d9e27df71e39713053d6018ca,8,dt2c
NH0,7UF9,explorer_boltz2_msa,s202_m4,0.7472943722943722,1.823991401471713,0.8754603410380848,2.153786800707071,172.47737375241164,True,0.0,0,1.0,True,5d44782499b0e3c5a4442f72920a975d,8,dt2c
NH0,7UF9,explorer_boltz2_msa,s202_m5,0.6093073593073594,2.559654213290967,1.26516850822134,2.156403695716551,173.3786946434034,True,0.0,0,1.0,True,4cf6bfd391e1d0de126c600e778ea0b4,8,dt2c
NH0,7UF9,explorer_boltz2_msa,s202_m6,0.7532467532467532,1.7810599374098648,0.8582689082278316,2.1329500458754302,173.4990936796307,True,0.0,0,1.0,True,b392b22c4d74fd2c7cba56f54a6af2e8,8,dt2c
NH0,7UF9,explorer_boltz2_msa,s202_m7,0.7527056277056277,1.769719378765501,0.8958737664146288,2.110182332074648,171.72699180275504,True,0.0,0,1.0,True,4ec0b405104b928be60fcaad17d569cb,8,dt2c
NH0,7UF9,explorer_boltz2_msa,s202_m8,0.6114718614718615,3.4846357278432363,1.333596229548562,2.1581468256121967,175.31548414155424,True,0.0,0,1.0,True,9f84da1b462d5106c4f450317ecea800,8,dt2c
NH0,7UF9,explorer_boltz2_msa,s202_m9,0.7624458874458874,1.6922250486027492,0.8309650573068926,2.1640876313356627,173.06924281592103,True,0.0,0,1.0,True,a4c19de5ad4ec51f131e5cb920a09138,8,dt2c
NXR,7UFE,explorer_boltz2_msa,s202_m0,0.774869109947644,1.3259109399285438,0.8864618778470861,2.205162213829177,170.75369315058302,True,0.0,0,0.9957,True,ed1c624b6be09dc7fc489a1e84b3c03e,7,dt2c
NXR,7UFE,explorer_boltz2_msa,s202_m1,0.8106457242582897,1.1582581411451234,0.7359349110884679,2.220126899458678,172.4894173257628,True,0.0,0,0.9957,True,3db98329ac82e89ff77c306610ef2723,7,dt2c
NXR,7UFE,explorer_boltz2_msa,s202_m10,0.8067190226876091,1.162395124784836,0.8185168449798034,2.187517824590236,170.46212178798493,True,0.0,0,0.9957,True,42ad7f91fbb79b3c332ebd7b317103b7,7,dt2c
NXR,7UFE,explorer_boltz2_msa,s202_m11,0.9044502617801048,1.0047889388820137,0.8543876168847382,2.164992336383665,170.76081433209862,True,0.0,0,0.9957,True,13136b6bfa129b2c95fb9d1d4bd5b684,7,dt2c
NXR,7UFE,explorer_boltz2_msa,s202_m12,0.8730366492146597,1.0849666628773755,0.7637894850980091,2.1923017483914027,171.4543098363556,True,0.0,0,0.9957,True,373d640825ea50016bd52a82cb286950,7,dt2c
NXR,7UFE,explorer_boltz2_msa,s202_m13,0.8839441535776614,1.0726136625445386,0.7771061665050392,2.233793047576252,173.17037617011772,True,0.0,0,0.9957,True,1b46a81683b931c92833268030a1da44,7,dt2c
NXR,7UFE,explorer_boltz2_msa,s202_m14,0.925392670157068,0.9988856284472012,0.8024178668808986,2.2350295624443093,172.64825944346788,True,0.0,0,0.9957,True,50c23da6a225df93132d20e15c2acb84,7,dt2c
NXR,7UFE,explorer_boltz2_msa,s202_m15,0.8573298429319371,1.268645740276495,0.8875552076602052,2.1797660411383606,171.1923548174952,True,0.0,0,0.9957,True,d811fd07b42d084405a03e8e7722bc27,7,dt2c
NXR,7UFE,explorer_boltz2_msa,s202_m16,0.8965968586387434,0.944909178860133,0.8460328089999118,2.150120094064515,169.91297452378325,True,0.0,0,0.9957,True,5dd8c82256cf7884ea71c9e831b5f8c5,7,dt2c
NXR,7UFE,explorer_boltz2_msa,s202_m17,0.93848167539267,0.932058396410499,0.7961675645350371,2.210613209496405,172.63429611089998,True,0.0,0,0.9957,True,dd84dce37bc581e212a8d56583113321,7,dt2c
NXR,7UFE,explorer_boltz2_msa,s202_m18,0.8708551483420593,1.0799908474044662,0.8004196501860931,2.1659242091541437,170.9093799473433,True,0.0,0,0.9957,True,9525b4474755b3fca96b2e858a47f21c,7,dt2c
NXR,7UFE,explorer_boltz2_msa,s202_m19,0.8957242582897034,1.094740688902664,0.850588741304738,2.1910663811715065,171.0398276474097,True,0.0,0,0.9957,True,f01dc02939ed8af42e5f2a19ec3aef24,7,dt2c
NXR,7UFE,explorer_boltz2_msa,s202_m2,0.7600349040139616,1.3715548152442347,0.8520000155455649,2.195192936600335,170.66527300680434,True,0.0,0,0.9957,True,e0cd8daadc82da816ad38671e408fa91,7,dt2c
NXR,7UFE,explorer_boltz2_msa,s202_m3,0.8106457242582897,1.094591583402375,0.8140679846061616,2.215696412259585,172.45837287160714,True,0.0,0,0.9957,True,d519c6d3c6036ccb2bfc23785f7ed114,7,dt2c
NXR,7UFE,explorer_boltz2_msa,s202_m4,0.7958115183246073,1.2135461761749906,0.8213716752017017,2.2141772707938268,173.39718513201058,True,0.0,0,0.9957,True,f02f9fd82a59bc8dd1ab9bf1cac1d8cf,7,dt2c
NXR,7UFE,explorer_boltz2_msa,s202_m5,0.7844677137870855,1.3234934607777944,0.8181259095326823,2.183506870014381,170.893796900881,True,0.0,0,0.9957,True,cd972a6d011316ab6e235444cda6bc2c,7,dt2c
NXR,7UFE,explorer_boltz2_msa,s202_m6,0.7792321116928447,1.1104961106785072,0.7405391615835507,2.2063928933215857,172.93184321513874,True,0.0,0,0.9957,True,7d3f6860ea1574682feab5f46f326931,7,dt2c
NXR,7UFE,explorer_boltz2_msa,s202_m7,0.8289703315881326,1.368081838321964,0.8806148421458627,2.169662920225167,171.51168687600307,True,0.0,0,0.9957,True,0c44579c9b7a280aeabff75f2b1bed06,7,dt2c
NXR,7UFE,explorer_boltz2_msa,s202_m8,0.8294066317626527,1.0788047330579629,0.8151143580695454,2.20412830284446,171.84338711252883,True,0.0,0,0.9957,True,32aea01827db767e003cd02b15a5269b,7,dt2c
NXR,7UFE,explorer_boltz2_msa,s202_m9,0.8835078534031413,1.0287207322693777,0.8279717493788298,2.20034335159311,171.750297514006,True,0.0,0,0.9957,True,3347194b4c3af6a3a83ca3de30b6489e,7,dt2c
QDJ,6UNL,explorer_boltz2_msa,s202_m0,0.5714285714285714,3.839848787919216,1.0345471152770898,2.2149487848255087,174.11669096015532,True,0.0,0,1.0,True,a2b50dcd3fed1b867a3e63389a867f4f,7,dt2c
QDJ,6UNL,explorer_boltz2_msa,s202_m1,0.6058201058201058,3.254049692718019,0.9038425560653854,2.2085326640781204,172.79454520599245,True,0.0,0,1.0,True,df6410e210e3677d7e8b231b7d892574,7,dt2c
QDJ,6UNL,explorer_boltz2_msa,s202_m10,0.5912698412698412,3.404850197898901,0.8252233688571453,2.202381747131955,172.81826642452114,True,0.0,0,1.0,True,965edf8bbcd7ecbcb9f7d3e4881ff145,7,dt2c
QDJ,6UNL,explorer_boltz2_msa,s202_m11,0.5745149911816578,3.58926221861803,0.894694499525346,2.254284426286977,173.1750052983385,True,0.0,0,1.0,True,46a49f1a4d2517e68db82dc917aa38fb,7,dt2c
QDJ,6UNL,explorer_boltz2_msa,s202_m12,0.5789241622574955,3.584150762207436,0.9018402739426532,2.181098203222404,172.78826120807142,True,0.0,0,1.0,True,8bdac1a3d87d08260f3164271e89341e,7,dt2c
QDJ,6UNL,explorer_boltz2_msa,s202_m13,0.5811287477954145,3.509590091479515,0.850698021142461,2.215502701532996,173.0413161316352,True,0.0,0,1.0,True,a4598d8a8be9521afffaf2c907e41097,7,dt2c
QDJ,6UNL,explorer_boltz2_msa,s202_m14,0.4356261022927689,5.431854846887698,1.6911186488470034,2.1927212319398923,175.1573399159645,True,0.0,0,1.0,True,1c81d5dea6e8812d8c992ece08792332,7,dt2c
QDJ,6UNL,explorer_boltz2_msa,s202_m15,0.5978835978835979,3.470462264248847,0.992441412268104,2.190017639791972,172.26679933206142,True,0.0,0,1.0,True,fbfa94394e7ab891e549b9e370a9ce52,7,dt2c
QDJ,6UNL,explorer_boltz2_msa,s202_m16,0.5718694885361552,3.721787697685034,0.996146274726624,2.204135616267747,172.0586044252856,True,0.0,0,1.0,True,163f1867d9102342c57fac5fb76330cc,7,dt2c
QDJ,6UNL,explorer_boltz2_msa,s202_m17,0.314373897707231,6.923922969067197,1.2989229155724065,2.2065621583359034,170.11414567600173,True,0.0,0,1.0,True,56c39d0cab428a1ae49bb8a96a860fa9,7,dt2c
QDJ,6UNL,explorer_boltz2_msa,s202_m18,0.3130511463844797,6.675774352075852,1.3743943225036033,2.221348767325834,171.91090171887166,True,0.0,0,1.0,True,98d10532160d7ff5c659814d4f0cf6d3,7,dt2c
QDJ,6UNL,explorer_boltz2_msa,s202_m19,0.6159611992945326,3.403180833403036,1.367980446139452,2.1748774492370826,172.8282981498103,True,0.0,0,1.0,True,5093ba026c67253503286d7f496e959a,7,dt2c
QDJ,6UNL,explorer_boltz2_msa,s202_m2,0.5771604938271605,3.496466749814489,0.9585332690637648,2.2680083383003686,173.9531353678743,True,0.0,0,1.0,True,4c6c66cdba5c8e31febcd1c73a01487f,7,dt2c
QDJ,6UNL,explorer_boltz2_msa,s202_m3,0.5714285714285714,3.47628095044124,0.8521672082019239,2.2215844188551555,172.1333194679316,True,0.0,0,1.0,True,b1388e9aca7e3d53c0eaf476bebb4213,7,dt2c
QDJ,6UNL,explorer_boltz2_msa,s202_m4,0.5736331569664903,3.674680147654892,0.9634893873362274,2.210199254592219,173.2214013792324,True,0.0,0,1.0,True,be48c8cdb4ce7d314e69fde5f944bf76,7,dt2c
QDJ,6UNL,explorer_boltz2_msa,s202_m5,0.6119929453262787,3.194350623339979,0.855131878272536,2.197219713592612,173.34371215616196,True,0.0,0,1.0,True,ef54b408a8e89b38e8423a0dd18d9863,7,dt2c
QDJ,6UNL,explorer_boltz2_msa,s202_m6,0.6649029982363316,3.119127183375744,1.53283245404638,2.209363048165693,174.4534452354286,True,0.0,0,1.0,True,3cdfde1047e111fd2e80888012db3c0f,7,dt2c
QDJ,6UNL,explorer_boltz2_msa,s202_m7,0.5855379188712522,3.474219193545768,0.817293609984149,2.212293486972287,171.76269877254646,True,0.0,0,1.0,True,443893d2baa49f5b014f5fcf2cd7c8e8,7,dt2c
QDJ,6UNL,explorer_boltz2_msa,s202_m8,0.5811287477954143,3.392532728020236,0.9088346005939753,2.2368741492985245,172.57238747390505,True,0.0,0,1.0,True,8339270d39a76d5ebe97daddd1663496,7,dt2c
QDJ,6UNL,explorer_boltz2_msa,s202_m9,0.5793650793650794,3.6700811653258114,0.9575663638900436,2.2329723425739068,173.58206230052565,True,0.0,0,1.0,True,f57e190a13ef48816247cc99b4bde3ed,7,dt2c
QE4,6UNK,explorer_boltz2_msa,s202_m0,0.9001623376623377,0.779824748725711,0.6773935145807967,2.2062207105137963,172.02149566284805,True,0.0,0,1.0,True,de2b09cc3b86e549d79ff72dcc9056b0,7,dt2c
QE4,6UNK,explorer_boltz2_msa,s202_m1,0.8449675324675325,1.1642724349586375,0.8782962759190978,2.2174458081766057,171.90277786013647,True,0.0,0,1.0,True,7fbbb96896bb249d04b3bcc167186d03,7,dt2c
QE4,6UNK,explorer_boltz2_msa,s202_m10,0.7333603896103895,2.13388436034578,0.9346425695742284,2.213771896695773,171.86710199162593,True,0.0,0,1.0,True,4b9304bf26a706e8326f633e0af42de1,7,dt2c
QE4,6UNK,explorer_boltz2_msa,s202_m11,0.6241883116883118,2.74191225227608,1.1057559827005252,2.211853219768437,171.64754358651732,True,0.0,0,1.0,True,2da93c785741498a0eb2ba1e2feceb1f,7,dt2c
QE4,6UNK,explorer_boltz2_msa,s202_m12,0.7374188311688312,1.8878232004912263,0.9200887108278184,2.2229878836152035,173.0436109776392,True,0.0,0,1.0,True,8a31820fabfa40e31ec8375074cf9a06,7,dt2c
QE4,6UNK,explorer_boltz2_msa,s202_m13,0.7617694805194805,1.9790043702043365,0.9005264163771799,2.248702624603796,172.9839341125231,True,0.0,0,1.0,True,63076593b81f303478a5345619c030d7,7,dt2c
QE4,6UNK,explorer_boltz2_msa,s202_m14,0.7674512987012987,1.9242104974245784,0.8070559922041755,2.230012334741671,172.5561070377596,True,0.0,0,1.0,True,a5d8ff8c804b26c511a11cc22a98a131,7,dt2c
QE4,6UNK,explorer_boltz2_msa,s202_m15,0.5507305194805194,5.260523914812901,1.1319494880742484,2.2729531333707693,175.8477792883208,True,0.0,0,1.0,True,8f8051745ed90c27cf02610b1227064d,7,dt2c
QE4,6UNK,explorer_boltz2_msa,s202_m16,0.5681818181818182,5.479194904553941,1.084694798614372,2.223849911932008,171.08562959851082,True,0.0,0,1.0,True,6ed9e70b16cadf1468666074cd74c541,7,dt2c
QE4,6UNK,explorer_boltz2_msa,s202_m17,0.4468344155844156,6.0181300385279295,1.277484469443266,2.240384811254531,173.9545555103634,True,0.0,0,1.0,True,f3a2ec77029426601b5dbe0e706532ea,7,dt2c
QE4,6UNK,explorer_boltz2_msa,s202_m18,0.4857954545454546,5.567580427395755,1.2053508587144743,2.247917976572989,171.74793210206104,True,0.0,0,1.0,True,d07a87f3334085ad6b6f08375254b796,7,dt2c
QE4,6UNK,explorer_boltz2_msa,s202_m19,0.4857954545454546,5.280042132998683,1.6811990111441155,2.2234971430384163,176.0388149238621,True,0.0,0,1.0,True,df55dd4057e9b67c8c45e9214b97ee54,7,dt2c
QE4,6UNK,explorer_boltz2_msa,s202_m2,0.8323863636363635,1.0799571877345548,0.7315451156831257,2.2242424937267966,172.20048973111335,True,0.0,0,1.0,True,8477b1ec98329897a3735faf054902e8,7,dt2c
QE4,6UNK,explorer_boltz2_msa,s202_m3,0.8709415584415584,1.0490215935025702,0.7460984445039044,2.200743170931129,171.85770663769136,True,0.0,0,1.0,True,ab616b3ca3e12f648d4f83662a918e6b,7,dt2c
QE4,6UNK,explorer_boltz2_msa,s202_m4,0.7528409090909092,2.019674255770449,0.8704288078203175,2.236615156905631,172.0561643328991,True,0.0,0,1.0,True,df125d1f1714ba59b764b7ce0ec8b9e4,7,dt2c
QE4,6UNK,explorer_boltz2_msa,s202_m5,0.7179383116883118,2.073904849633554,0.788005124895078,2.2050359249000904,172.61553377076095,True,0.0,0,1.0,True,8ac13362fda70167dac96a947440d061,7,dt2c
QE4,6UNK,explorer_boltz2_msa,s202_m6,0.7784090909090909,1.9948892014199096,0.8579610628839947,2.2469522379436557,172.02787859374442,True,0.0,0,1.0,True,f307bad1932508d97cf6d8633bd7fc9a,7,dt2c
QE4,6UNK,explorer_boltz2_msa,s202_m7,0.7467532467532467,2.098906580248628,0.9219805551896034,2.212883520115778,173.0536690710756,True,0.0,0,1.0,True,af5e45dae2db4d6a5f95b2f4f7629f3d,7,dt2c
QE4,6UNK,explorer_boltz2_msa,s202_m8,0.8031655844155844,1.8240046630185365,0.8607969345189589,2.217823756816578,169.86938821784577,True,0.0,0,1.0,True,8dbfd2864a87e8e8de371e0e40b845e1,7,dt2c
QE4,6UNK,explorer_boltz2_msa,s202_m9,0.7662337662337663,1.9290602416236056,0.8551494839317755,2.26124685576343,172.88211261642624,True,0.0,0,1.0,True,ddae3f930713d25d09f63bda953630d1,7,dt2c
RIT,3NXU,explorer_boltz2_msa,s202_m0,0.6754007398273736,2.081722598479393,0.8350443552534047,2.17833657135439,174.02881126128491,True,0.0,0,1.0,True,dbb185d6fc1894d8e116cd34364efac3,6,dt2c
RIT,3NXU,explorer_boltz2_msa,s202_m1,0.6883477188655981,2.064557678283085,0.8106799964780539,2.187768639641769,173.72794058718415,True,0.0,0,1.0,True,f502d399eb2221b09d530c6db51bfbf0,6,dt2c
RIT,3NXU,explorer_boltz2_msa,s202_m10,0.6747842170160296,2.0388667172800967,0.8497672505248834,2.194417653068805,174.00704086506917,True,0.0,0,1.0,True,8c9a2c992eeb3326bf85e3ca00057e72,6,dt2c
RIT,3NXU,explorer_boltz2_msa,s202_m11,0.6310110974106042,2.186705957553537,0.9280836324109102,2.1713282415378843,173.98575941039982,True,0.0,0,1.0,True,4255a13b0a77a16b7636f9c4ac5cb387,6,dt2c
RIT,3NXU,explorer_boltz2_msa,s202_m12,0.747842170160296,1.8855711230810528,0.9370028341626744,2.180433426339818,173.4374239658403,True,0.0,0,1.0,True,68e0c671af10c2d30bac25a0e7300d72,6,dt2c
RIT,3NXU,explorer_boltz2_msa,s202_m13,0.7709617755856967,1.6574956591540704,0.8556422546277207,2.179186458038872,171.89664332642823,True,0.0,0,1.0,True,a41fe6daf3fc27d5fcf6ef3dd9c0eeeb,6,dt2c
RIT,3NXU,explorer_boltz2_msa,s202_m14,0.6979038224414302,1.887133895609694,0.7686052377617548,2.155007503606426,172.6566854598043,True,0.0,0,1.0,True,631522ce21d38efaaa8ee800de497663,6,dt2c
RIT,3NXU,explorer_boltz2_msa,s202_m15,0.7512330456226881,1.942380963249272,0.944173006776536,2.205484273169954,172.5832097123107,True,0.0,0,1.0,True,82ed236e5e22d533a58cae69fa4b6100,6,dt2c
RIT,3NXU,explorer_boltz2_msa,s202_m16,0.7586313193588163,1.726523209388793,0.9198929542375772,2.194420888480604,172.009692079337,True,0.0,0,1.0,True,b59b671ac2444eaa0bf4187aa68d24d2,6,dt2c
RIT,3NXU,explorer_boltz2_msa,s202_m17,0.7669543773119605,1.859041113728929,0.9834996364281564,2.132176664186155,171.90008166051788,True,0.0,0,1.0,True,127ba556db2ed600b684da3e8dd10290,6,dt2c
RIT,3NXU,explorer_boltz2_msa,s202_m18,0.7361282367447596,2.105548365353436,1.0440344490697584,2.170806270697595,172.10992342346154,True,0.0,0,1.0,True,ae41db3d21039d2207c86de3a9497c10,6,dt2c
RIT,3NXU,explorer_boltz2_msa,s202_m19,0.8057953144266338,1.3541274594671708,0.9106992706651036,2.1732577305280656,171.90618822121036,True,0.0,0,1.0,True,08ec6b9be7bca2b5eb3aa894c47a402c,6,dt2c
RIT,3NXU,explorer_boltz2_msa,s202_m2,0.6717016029593095,2.0071173411781307,0.8187287223321618,2.1888214344939145,173.16323179873655,True,0.0,0,1.0,True,bbb206b9048f34b99a7ce41d20bf3702,6,dt2c
RIT,3NXU,explorer_boltz2_msa,s202_m3,0.6461159062885327,2.0532996320493044,0.8578480747914269,2.193968287031514,173.07584804792074,True,0.0,0,1.0,True,996196df8469fede2cbb0325e554f468,6,dt2c
RIT,3NXU,explorer_boltz2_msa,s202_m4,0.6649198520345253,1.9262091477174488,0.898515406738877,2.175225625515661,173.2723604854649,True,0.0,0,1.0,True,db61b5b6664180d50a00fd18a7693315,6,dt2c
RIT,3NXU,explorer_boltz2_msa,s202_m5,0.6553637484586929,2.036451281775874,0.8717897307935111,2.178175278162894,174.3706467738604,True,0.0,0,1.0,True,a845fa746ab824610e82cfce64a9b303,6,dt2c
RIT,3NXU,explorer_boltz2_msa,s202_m6,0.6985203452527744,1.8387024600173396,0.8409345304056682,2.158630599361549,172.63191230105053,True,0.0,0,1.0,True,8658a386d47a7a8a46cd8c72d8bbe297,6,dt2c
RIT,3NXU,explorer_boltz2_msa,s202_m7,0.6381011097410604,2.080896562843197,0.8928901310936678,2.205826128256713,173.90324676354643,True,0.0,0,1.0,True,e089612bdb09a292409cceda0ee7f043,6,dt2c
RIT,3NXU,explorer_boltz2_msa,s202_m8,0.657213316892725,1.9815917863113583,0.9319241624345056,2.1882585942936448,174.4762537500898,True,0.0,0,1.0,True,b9c23e953ee59b4d18c354de5b171037,6,dt2c
RIT,3NXU,explorer_boltz2_msa,s202_m9,0.6618372379778051,2.168373847245836,0.8597489595817426,2.155322494755715,173.40687206665746,True,0.0,0,1.0,True,de911e34fb3723abd734ea3170f06414,6,dt2c
X6S,7KVO,explorer_boltz2_msa,s202_m0,0.7656967840735069,1.9771637817687655,0.7552516017591747,2.235981620183852,172.9737695046568,True,0.0,0,1.0,True,7a1cd6f770390cc5e268f6d66d6ac44f,6,dt2c
X6S,7KVO,explorer_boltz2_msa,s202_m1,0.7970903522205207,1.836441424749416,0.7114691201093821,2.22515382158178,173.28061051996295,True,0.0,0,1.0,True,6bf531cedad49afbd716817798714396,6,dt2c
X6S,7KVO,explorer_boltz2_msa,s202_m10,0.8032159264931088,1.807753955574035,0.8267482668460112,2.2265729937731664,173.92851530276477,True,0.0,0,1.0,True,06c4ea9ef8c0da33ef0c3dfcba9d0913,6,dt2c
X6S,7KVO,explorer_boltz2_msa,s202_m11,0.745405819295559,2.020966514850623,0.7000269775830942,2.193621047970684,172.92115655113128,True,0.0,0,1.0,True,400bbccbf6562f8e969a980800bdce78,6,dt2c
X6S,7KVO,explorer_boltz2_msa,s202_m12,0.773353751914242,2.015777072459416,0.7656612505091299,2.2335634201204138,173.3323907291145,True,0.0,0,1.0,True,d50e75724a30f2cb3b158f5bd413b6d9,6,dt2c
X6S,7KVO,explorer_boltz2_msa,s202_m13,0.8097243491577335,1.826719232057421,0.762677763803629,2.2239613783067367,172.80377051864852,True,0.0,0,1.0,True,f901473ce0d4129bd7083ea930b024af,6,dt2c
X6S,7KVO,explorer_boltz2_msa,s202_m14,0.7913476263399694,1.8398958138504773,0.8385225263918977,2.2318190353162595,173.26984984987982,True,0.0,0,1.0,True,e3af0ba49adde68ba98affa478a7fcff,6,dt2c
X6S,7KVO,explorer_boltz2_msa,s202_m15,0.8066615620214395,1.7522847561285697,0.9554309414917808,2.218407230469645,173.43304237905596,True,0.0,0,1.0,True,c7ca755c5a491b56ce691fc7d613abfa,6,dt2c
X6S,7KVO,explorer_boltz2_msa,s202_m16,0.7151607963246553,2.168754101416729,0.9174255622276566,2.2257145697505782,174.15703480418642,True,0.0,0,1.0,True,44eb9eba8b33cf921c37b45682a5a1f5,6,dt2c
X6S,7KVO,explorer_boltz2_msa,s202_m17,0.7641653905053599,1.88079254187183,0.9343706385770156,2.214178214439841,172.33941675522243,True,0.0,0,1.0,True,f0d1368ccb35d7f9de31281bb353bb00,6,dt2c
X6S,7KVO,explorer_boltz2_msa,s202_m18,0.5968606431852986,3.1981669249078704,1.367748547561335,2.242412446206094,174.83660916721146,True,0.0,0,1.0,True,f82c8ec6248f8b5db86cfe84912b678c,6,dt2c
X6S,7KVO,explorer_boltz2_msa,s202_m19,0.3510719754977029,6.117604224398744,1.1707047478437014,2.2372281914458347,173.88215925252223,True,0.0,0,1.0,True,84fa4169bd2911b00741099e1ce625a2,6,dt2c
X6S,7KVO,explorer_boltz2_msa,s202_m2,0.7385145482388974,2.0093287977676377,0.7681558452494371,2.255133651516025,173.61746962655602,True,0.0,0,1.0,True,e5d8bc7c9b3390d39318f80e245649f9,6,dt2c
X6S,7KVO,explorer_boltz2_msa,s202_m3,0.7737366003062787,1.8532374760797703,0.7385247642589788,2.212345189408742,172.34324502250493,True,0.0,0,1.0,True,78670c98d9e3ed764c80f79f0a7e4bd6,6,dt2c
X6S,7KVO,explorer_boltz2_msa,s202_m4,0.7588055130168452,2.033665294265695,0.7366968103852171,2.2409127428795617,173.1658425754157,True,0.0,0,1.0,True,6005296876bc624a1b3d86c53f8f083c,6,dt2c
X6S,7KVO,explorer_boltz2_msa,s202_m5,0.7848392036753447,1.8439435156063224,0.7877240692304474,2.2416365635401294,173.44506252702868,True,0.0,0,1.0,True,b43b74bf1f5a0bcc97c5e05d4e3b234d,6,dt2c
X6S,7KVO,explorer_boltz2_msa,s202_m6,0.7974732006125573,1.841676785354099,0.7085704409656479,2.2303320463330123,173.25563979891064,True,0.0,0,1.0,True,ec863123e4ce26d117e514b662ef403c,6,dt2c
X6S,7KVO,explorer_boltz2_msa,s202_m7,0.77947932618683,1.875374736623597,0.946311479051522,2.2036772969289307,173.41207568985163,True,0.0,0,1.0,True,9740b0624bd0961a7b8c4a745f82d97f,6,dt2c
X6S,7KVO,explorer_boltz2_msa,s202_m8,0.8039816232771823,1.8738151273114168,0.7134790814012874,2.217736235917157,173.2970804599026,True,0.0,0,1.0,True,5ef5ba6c8f0a61fea3cdd340444d73db,6,dt2c
X6S,7KVO,explorer_boltz2_msa,s202_m9,0.7243491577335375,2.0896589404791666,0.970344978009035,2.226833915001296,173.47617605359795,True,0.0,0,1.0,True,02085b66ae9631697e8518ce05459df8,6,dt2c
X7D,7KVQ,explorer_boltz2_msa,s202_m0,0.7862426035502958,1.895374858614565,0.748415481068106,2.2222266067167857,172.11308486216873,True,0.0,0,1.0,True,e0670e843ba7df56f927d3bbc4c15bac,6,dt2c
X7D,7KVQ,explorer_boltz2_msa,s202_m1,0.742603550295858,1.628276512785484,0.9231237718781792,2.244483356008683,174.32364175655147,True,0.0,0,1.0,True,5254aad61604260936deaffcce37042a,6,dt2c
X7D,7KVQ,explorer_boltz2_msa,s202_m10,0.7821745562130177,1.937899848207851,0.8235688574035493,2.242578786687325,172.60899088774303,True,0.0,0,1.0,True,1f3cda32fb059a35caa66c6ebf09d925,6,dt2c
X7D,7KVQ,explorer_boltz2_msa,s202_m11,0.7577662721893492,2.0042561357005004,0.7294999331473123,2.241629247534034,173.0719611333058,True,0.0,0,1.0,True,79b096b59e1252991825911a09ac2dbd,6,dt2c
X7D,7KVQ,explorer_boltz2_msa,s202_m12,0.7999260355029586,1.8899662949222429,0.7349669381282347,2.2124242877667024,172.41640197609198,True,0.0,0,1.0,True,bb8575b2514af7610359beff3e0ff262,6,dt2c
X7D,7KVQ,explorer_boltz2_msa,s202_m13,0.7925295857988166,1.8711675598666304,0.8295237783805108,2.232421794083726,172.08199664520023,True,0.0,0,1.0,True,05a02a44da2d8a9e1dc23a5b781d1b75,6,dt2c
X7D,7KVQ,explorer_boltz2_msa,s202_m14,0.7525887573964497,1.865955351519776,0.8873178711846533,2.238709589428696,173.55255044498222,True,0.0,0,1.0,True,f63e9c1f4a91760543455aa33137b6a8,6,dt2c
X7D,7KVQ,explorer_boltz2_msa,s202_m15,0.6760355029585798,2.4576648718408256,1.017221165590774,2.2160776098999784,173.16784570806212,True,0.0,0,1.0,True,9956b816c31ca436920657128d41666f,6,dt2c
X7D,7KVQ,explorer_boltz2_msa,s202_m16,0.7156065088757396,2.494938336319523,0.7423316399222416,2.266115431349427,172.65101723167538,True,0.0,0,1.0,True,2c58f1952fd70677bd62f8cfebe4d37e,6,dt2c
X7D,7KVQ,explorer_boltz2_msa,s202_m17,0.4441568047337279,5.504483652416179,1.1283030451129543,2.252699616571193,172.34345271639802,True,0.0,0,1.0,True,1c5913f2ecdea751a8c321fd5234df34,6,dt2c
X7D,7KVQ,explorer_boltz2_msa,s202_m18,0.3875739644970414,5.263296577098768,1.2475218677684112,2.2737052082009224,173.15044183359427,True,0.0,0,1.0,True,67520fd4566f42ae354f73cbaefd3297,6,dt2c
X7D,7KVQ,explorer_boltz2_msa,s202_m19,0.5299556213017752,3.8031827806553062,1.4148810482409366,2.19051078328777,173.08283339417588,True,0.0,0,1.0,True,101cf24a5dd94f0e0ea791eaa94181c2,6,dt2c
X7D,7KVQ,explorer_boltz2_msa,s202_m2,0.7747781065088758,1.82077475375674,0.8815433321853074,2.237644805615941,173.58938266627317,True,0.0,0,1.0,True,c2a982de9997743d50bf3d6a8a6607be,6,dt2c
X7D,7KVQ,explorer_boltz2_msa,s202_m3,0.7633136094674556,1.958786815979628,0.6921457428317476,2.2146680593714265,172.37535728284303,True,0.0,0,1.0,True,8c2f3ac7c46d31e0704692d739ed383f,6,dt2c
X7D,7KVQ,explorer_boltz2_msa,s202_m4,0.7511094674556212,2.047209740230632,0.8027464645705497,2.251814181210341,173.68594690455345,True,0.0,0,1.0,True,93f2674da4d3c6e924314a361867fb1d,6,dt2c
X7D,7KVQ,explorer_boltz2_msa,s202_m5,0.7492603550295858,2.0033042798529004,0.798265438806702,2.2435222020073704,173.08377093246142,True,0.0,0,1.0,True,da2275d170bf32b68477e267c88c7faa,6,dt2c
X7D,7KVQ,explorer_boltz2_msa,s202_m6,0.7625739644970415,1.9095475852811572,0.8397724351098721,2.222347467656667,173.76488390126028,True,0.0,0,1.0,True,af1c927cec5437c24f4b14ea2d5750ce,6,dt2c
X7D,7KVQ,explorer_boltz2_msa,s202_m7,0.7348372781065089,1.9671504706293192,0.8106976312712705,2.20839559284563,170.0261332903685,True,0.0,0,1.0,True,626db30869b73fc7945b7e01144fc134,6,dt2c
X7D,7KVQ,explorer_boltz2_msa,s202_m8,0.7544378698224852,1.6289254245028757,0.7842299244425467,2.221042603778684,173.42449349540863,True,0.0,0,1.0,True,730b2b7a8763b76d4bc91405c46a26ec,6,dt2c
X7D,7KVQ,explorer_boltz2_msa,s202_m9,0.7455621301775148,2.141092371942011,0.7900224678249655,2.2122188548830333,173.957063003909,True,0.0,0,1.0,True,154070c6cc9d98182331781b4e425c53,6,dt2c
Y83,6BDM,explorer_boltz2_msa,s202_m0,0.5998336106489184,5.003114095635191,1.1814146572285924,2.2752464477282457,174.78608494367631,True,0.0,0,1.0,True,660aec0e34bf078f82465f635d21f4b5,6,dt2c
Y83,6BDM,explorer_boltz2_msa,s202_m1,0.6168885191347753,4.5841402889756,1.0988738542476797,2.263891418487203,174.0177449109724,True,0.0,0,1.0,True,d6885c23b1c50be39a9c13c42ebae663,6,dt2c
Y83,6BDM,explorer_boltz2_msa,s202_m10,0.5865224625623959,4.943997262532339,1.1746448009429478,2.2285734882655315,174.37947392769814,True,0.0,0,1.0,True,9016aa05f277fcbb61c0942c2a87d3d3,6,dt2c
Y83,6BDM,explorer_boltz2_msa,s202_m11,0.5877703826955074,4.978159600652731,1.188838321425914,2.2493023879638776,174.46232164363306,True,0.0,0,1.0,True,aaa82adcf709fb712ef7275a75f496a0,6,dt2c
Y83,6BDM,explorer_boltz2_msa,s202_m12,0.5985856905158069,4.450885293250115,1.1950781674759337,2.223961975619188,172.62185755079736,True,0.0,0,1.0,True,cceb82d574ce9fa2fcbed30baf7ca9f6,6,dt2c
Y83,6BDM,explorer_boltz2_msa,s202_m13,0.6643094841930116,2.8461449601799225,1.096037909375973,2.2173632399992567,170.7282809350675,True,0.0,0,1.0,True,fca5dab29d01986f8b3d7066ade49274,6,dt2c
Y83,6BDM,explorer_boltz2_msa,s202_m14,0.5956738768718801,4.833485320889395,1.206168919226288,2.227344140024168,174.01542618979377,True,0.0,0,1.0,True,e91107cbb168845cbb2eeaef2263fd47,6,dt2c
Y83,6BDM,explorer_boltz2_msa,s202_m15,0.584026622296173,4.728217897908775,1.2173203426638155,2.249054471305664,173.98514990752537,True,0.0,0,1.0,True,2a590d3ca7e298e75fee4d7378a4aad0,6,dt2c
Y83,6BDM,explorer_boltz2_msa,s202_m16,0.6447587354409318,2.9538221119449783,1.1398618396987412,2.171757592043827,170.2955665664874,True,0.0,0,1.0,True,f1415b2a41c4fc8aa9c8e5419a5d7297,6,dt2c
Y83,6BDM,explorer_boltz2_msa,s202_m17,0.53369384359401,4.753895139079954,1.1723173905096511,2.217549678045568,173.64177963041053,True,0.0,0,1.0,True,16415cc2bdf387c858b957dde67b33a0,6,dt2c
Y83,6BDM,explorer_boltz2_msa,s202_m18,0.6505823627287853,2.916150961111743,1.148489253513678,2.2210563349451538,172.4200631818204,True,0.0,0,1.0,True,e7a541cc78c081e63741af68fa3e6e4f,6,dt2c
Y83,6BDM,explorer_boltz2_msa,s202_m19,0.8049084858569052,2.0798425348810903,1.224619249334648,2.190502401482363,173.48988347909295,True,0.0,0,1.0,True,0bb254662784749c23131965aa6ae575,6,dt2c
Y83,6BDM,explorer_boltz2_msa,s202_m2,0.6106489184692179,4.744521103981958,1.1837445663944897,2.255955553063934,173.9379841477834,True,0.0,0,1.0,True,a861a4cfabcaa9c1411302942857c7f5,6,dt2c
Y83,6BDM,explorer_boltz2_msa,s202_m3,0.5890183028286189,4.252859922162851,1.3322807353100183,2.2249206188536257,172.90030746355342,True,0.0,0,1.0,True,3765f1a45c3271945912e7a0d8259e99,6,dt2c
Y83,6BDM,explorer_boltz2_msa,s202_m4,0.5657237936772046,5.040584060142565,1.2140022549757876,2.223374254730858,173.79893555006396,True,0.0,0,1.0,True,2a62a4c6401e396d97f945d2ff6cdd6d,6,dt2c
Y83,6BDM,explorer_boltz2_msa,s202_m5,0.5727953410981697,4.92684995025173,1.1638828206621397,2.255470684136684,174.352529635063,True,0.0,0,1.0,True,f6fd3514d2b2c95246a61686f622c574,6,dt2c
Y83,6BDM,explorer_boltz2_msa,s202_m6,0.6876039933444259,2.5921888794186927,1.062839147192711,2.2173195289357825,173.82302724667323,True,0.0,0,1.0,True,e879a92750a15d47dcb618e56a30da47,6,dt2c
Y83,6BDM,explorer_boltz2_msa,s202_m7,0.6094009983361064,4.7323419135341664,1.1467996173296056,2.2371629260293044,174.70429926202425,True,0.0,0,1.0,True,8aa086879c057db7f4035ec592848cbb,6,dt2c
Y83,6BDM,explorer_boltz2_msa,s202_m8,0.5919301164725457,4.849111088330381,1.1422498865074278,2.252392302797184,174.86258360802344,True,0.0,0,1.0,True,0a126273cd6c969ff2396812b015d220,6,dt2c
Y83,6BDM,explorer_boltz2_msa,s202_m9,0.6048252911813643,4.567926738629041,1.1571037520331304,2.228614838907791,174.04523795559862,True,0.0,0,1.0,True,4f8089d679a5bcaec96ebe4fe3c31aec,6,dt2c
6AW,4K9V,explorer_boltz2_msa,s202_m0,0.75,1.992837559924658,0.9020106358523784,2.157253922698948,177.1378227967971,True,0.0,0,1.0,True,9f7ed7a92fd9b1db64591a5c61311fff,7,dt2d
6AW,4K9V,explorer_boltz2_msa,s202_m1,0.7378676470588236,1.823416063822291,1.0619013313637502,2.162385996948741,177.23704029993436,True,0.0,0,1.0,True,9f44cf8c8b8cc7659e990858402b62ff,7,dt2d
6AW,4K9V,explorer_boltz2_msa,s202_m10,0.7477941176470588,1.9753524334967807,1.0121986127727898,2.1475990154821734,177.35814543537404,True,0.0,0,1.0,True,2dacf614977c8edf132daed44ea0b98e,7,dt2d
6AW,4K9V,explorer_boltz2_msa,s202_m11,0.7488970588235294,1.9958701810073591,0.9050414863907345,2.1322740087052603,176.53831488849238,True,0.0,0,1.0,True,ebc3e227857b0222906273cb5c864484,7,dt2d
6AW,4K9V,explorer_boltz2_msa,s202_m12,0.7216911764705882,1.9675411423746756,0.8532753227396432,2.1744797238420053,176.35744714539717,True,0.0,0,1.0,True,249530c89db7f6a5ddec1b9baacccc0c,7,dt2d
6AW,4K9V,explorer_boltz2_msa,s202_m13,0.7389705882352942,2.051618054613721,1.12433492227421,2.1163105038249936,176.13748988719695,True,0.0,0,1.0,True,a9862c2439a29b696f1c827c6fbfc499,7,dt2d
6AW,4K9V,explorer_boltz2_msa,s202_m14,0.7066176470588236,2.1665419781759105,1.0738526809249866,2.1738383343983974,177.3187836749956,True,0.0,0,1.0,True,43cdcbc1581345491e0d82565448568f,7,dt2d
6AW,4K9V,explorer_boltz2_msa,s202_m15,0.7235294117647059,2.0190729633024795,0.8279804028840416,2.14136812633886,175.87463419225136,True,0.0,0,1.0,True,9bf8729a90e18c671151a60548e148eb,7,dt2d
6AW,4K9V,explorer_boltz2_msa,s202_m16,0.6922794117647059,2.3798273332895192,1.1737096345617914,2.132943438068624,176.5192541021537,True,0.0,0,1.0,True,17a8a1f5ee1d46a50a7e6fc68f70e849,7,dt2d
6AW,4K9V,explorer_boltz2_msa,s202_m17,0.7386029411764706,1.8614663047477635,1.021538191422939,2.120139313559371,176.36833108809188,True,0.0,0,1.0,True,1cabe5c500e3661ea5f1eba2bf905eda,7,dt2d
6AW,4K9V,explorer_boltz2_msa,s202_m18,0.7540441176470588,1.8713590746344075,0.9310043113810584,2.1394859073384898,177.69224857785554,True,0.0,0,1.0,True,b093c9359f4ea6c60cce661528a1d60c,7,dt2d
6AW,4K9V,explorer_boltz2_msa,s202_m19,0.7786764705882353,1.6629995683383292,0.977061957200652,2.1348420203143843,176.57969620097117,True,0.0,0,1.0,True,8048b0ad6cccf72e5da8a3cd138812e7,7,dt2d
6AW,4K9V,explorer_boltz2_msa,s202_m2,0.7746323529411765,1.988496736281764,0.8554191774677483,2.176936850576975,177.70396065092305,True,0.0,0,1.0,True,dae6bb980352a1f1e221c15732ec0fb7,7,dt2d
6AW,4K9V,explorer_boltz2_msa,s202_m3,0.7713235294117647,1.742694654053419,0.9627870261116788,2.1212259549845225,175.4989645593416,True,0.0,0,1.0,True,8b03e36902e4971d8d3f789bb1e26d59,7,dt2d
6AW,4K9V,explorer_boltz2_msa,s202_m4,0.7591911764705882,1.8177540919602324,0.8515517688597044,2.1967661924975084,176.98526223161232,True,0.0,0,1.0,True,741a667202972fc7b61e3ed91154cf73,7,dt2d
6AW,4K9V,explorer_boltz2_msa,s202_m5,0.75625,1.7055655510475294,1.0151195880501689,2.154767180857366,177.54010786440085,True,0.0,0,1.0,True,16078e174712a401d3e1a08a1b96384f,7,dt2d
6AW,4K9V,explorer_boltz2_msa,s202_m6,0.7720588235294117,1.6233116914081085,0.9089802541637066,2.1718233376359133,176.96078278989657,True,0.0,0,1.0,True,430ca49b3822f93a0686c1ef7bf39f28,7,dt2d
6AW,4K9V,explorer_boltz2_msa,s202_m7,0.7378676470588236,1.9911386318576267,1.0601936580636158,2.136198224439857,176.24558786396167,True,0.0,0,1.0,True,d22f6798cb7f5a4cd79da460f66b822a,7,dt2d
6AW,4K9V,explorer_boltz2_msa,s202_m8,0.7161764705882353,1.9519586326405247,0.9031176443496746,2.167162139319529,176.5219733571878,True,0.0,0,1.0,True,2f54c4309a055e47800b62ca9cd3c2d0,7,dt2d
6AW,4K9V,explorer_boltz2_msa,s202_m9,0.7147058823529412,1.85712782210519,0.9637404636245288,2.167248853939021,176.91096682150965,True,0.0,0,1.0,True,7250897671a25c816b2f60823ac26513,7,dt2d
A1A06,9COS,explorer_boltz2_msa,s202_m0,0.8200980392156862,2.3888509403329667,0.8816899368639851,2.202937692990884,169.22780215636672,True,0.0,0,1.0,True,e20eb8b869c1d7fa422f19703517da84,6,dt2d
A1A06,9COS,explorer_boltz2_msa,s202_m1,0.8632352941176471,1.3367413615789854,0.8678624750178522,2.2253789114440714,173.56106660395827,True,0.0,0,1.0,True,93877fad74f3136da574d5eda9097387,6,dt2d
A1A06,9COS,explorer_boltz2_msa,s202_m10,0.8495098039215686,1.255152813896132,0.859970732532157,2.189190088799965,173.0074392968544,True,0.0,0,1.0,True,33aac58a045a53bade880f602e7f7c09,6,dt2d
A1A06,9COS,explorer_boltz2_msa,s202_m11,0.8357843137254902,1.52379667496734,1.0062970091524437,2.2286049649949184,174.1400890572173,True,0.0,0,1.0,True,8f8954069c372dd6abcf1daba5a912a6,6,dt2d
A1A06,9COS,explorer_boltz2_msa,s202_m12,0.8838235294117647,1.2332562757257006,0.8052036559106884,2.233155559740521,173.58731854745676,True,0.0,0,1.0,True,631e84136590b942f6b136b0f39ec6f3,6,dt2d
A1A06,9COS,explorer_boltz2_msa,s202_m13,0.8700980392156863,1.4549736303139371,0.7985823757183147,2.19721266053152,170.3124802335678,True,0.0,0,1.0,True,70bb981a20fd93298d88a6c9a74632e0,6,dt2d
A1A06,9COS,explorer_boltz2_msa,s202_m14,0.8593137254901961,1.36063342736752,0.8673053146421689,2.233864981528651,172.90807319232042,True,0.0,0,1.0,True,cd409d4aa20c8bd50de194e41a898903,6,dt2d
A1A06,9COS,explorer_boltz2_msa,s202_m15,0.8450980392156863,1.4537258008974558,0.9278528876427418,2.251208153703251,173.45018861437362,True,0.0,0,1.0,True,d264c32dbb0a3b28cb9725d8224fa57e,6,dt2d
A1A06,9COS,explorer_boltz2_msa,s202_m16,0.8676470588235294,1.3240800636792938,0.7884834129646703,2.2280039642244804,173.45373544278334,True,0.0,0,1.0,True,18842ed7547577999d34a5e3b3b6129a,6,dt2d
A1A06,9COS,explorer_boltz2_msa,s202_m17,0.7970588235294118,1.7821310934283994,0.890423657163541,2.2320844278386964,174.2252296853297,True,0.0,0,1.0,True,c2e54226abb9db8d3202f95898ec2626,6,dt2d
A1A06,9COS,explorer_boltz2_msa,s202_m18,0.848529411764706,1.5459152028556682,0.8100084781594646,2.221632144910584,173.02253407780358,True,0.0,0,1.0,True,149e65f2d534a4361881827f34b856a5,6,dt2d
A1A06,9COS,explorer_boltz2_msa,s202_m19,0.8450980392156863,1.6800072507281951,0.8022393761893049,2.229838733944677,173.223392954295,True,0.0,0,1.0,True,91672f63f9fa604e5efdfae9ac9aec9e,6,dt2d
A1A06,9COS,explorer_boltz2_msa,s202_m2,0.8573529411764705,1.294929048568053,0.8650692825318047,2.209041235672164,173.32837779453402,True,0.0,0,1.0,True,6d86f7a0535aa270c3d550d377c69668,6,dt2d
A1A06,9COS,explorer_boltz2_msa,s202_m3,0.8524509803921569,1.4863793208230722,0.7791559081530326,2.186676599339738,170.20060047408873,True,0.0,0,1.0,True,c1de92e02eadc9331cb1abe69650eff4,6,dt2d
A1A06,9COS,explorer_boltz2_msa,s202_m4,0.8745098039215686,1.4733789146227467,0.9190579725417368,2.1798279661477875,169.87648933325517,True,0.0,0,1.0,True,d168d296da1998e1a4e7329ec6abb824,6,dt2d
A1A06,9COS,explorer_boltz2_msa,s202_m5,0.8593137254901961,1.4118392226536012,0.9180553327662978,2.2294892256523693,173.52702263685543,True,0.0,0,1.0,True,850e0a721c919f26a3395be0e9cf2491,6,dt2d
A1A06,9COS,explorer_boltz2_msa,s202_m6,0.8676470588235294,1.413363377997173,0.8531508464225334,2.236805208506096,173.21086277009735,True,0.0,0,1.0,True,edd40b724afefe23d1aac93410670e77,6,dt2d
A1A06,9COS,explorer_boltz2_msa,s202_m7,0.8715686274509804,1.278083241702167,0.8478732778605383,2.2349929347091906,172.05723947439174,True,0.0,0,1.0,True,793448a3019ffb131e04525832254225,6,dt2d
A1A06,9COS,explorer_boltz2_msa,s202_m8,0.8769607843137255,1.30034383437083,0.8290648226450644,2.2277177606465326,174.32172044140714,True,0.0,0,1.0,True,de19c2553485959e35ed9b6d1b59573e,6,dt2d
A1A06,9COS,explorer_boltz2_msa,s202_m9,0.8764705882352941,1.29873791691181,0.9116779055838222,2.2129438521119327,173.3472533541581,True,0.0,0,1.0,True,5566224cb67c0132bd9f8bbb480ce4eb,6,dt2d
A1A4S,9COV,explorer_boltz2_msa,s202_m0,0.7096273291925466,2.6459077646488494,1.2566414376302348,2.291377847038764,174.43603137814446,True,0.0,0,1.0,True,1875cece3e9eee604b121db7627594c6,7,dt2d
A1A4S,9COV,explorer_boltz2_msa,s202_m1,0.4539337474120083,5.655162265306432,1.0999907524917192,2.2682706376003723,174.4433641374491,True,0.0,0,1.0,True,d5efff9363367b6826d3922a224e994e,7,dt2d
A1A4S,9COV,explorer_boltz2_msa,s202_m10,0.468944099378882,5.349114854232251,1.259101800200268,2.261106122830151,173.3860837025689,True,0.0,0,1.0,True,d3c526181120fb4f3e940a22f5142ba7,7,dt2d
A1A4S,9COV,explorer_boltz2_msa,s202_m11,0.6961697722567288,2.8036379617362006,1.3074058350939162,2.244940809063793,174.0568976723422,True,0.0,0,1.0,True,912ae2f2ec5b8295b72f1d45ec5f42b8,7,dt2d
A1A4S,9COV,explorer_boltz2_msa,s202_m12,0.6682194616977226,3.0845245772437155,1.3011805617469918,2.29303002703846,174.16248436581915,True,0.0,0,1.0,True,d5eafdb7c181f2fdbfc2addd927cec1a,7,dt2d
A1A4S,9COV,explorer_boltz2_msa,s202_m13,0.7267080745341615,2.761344454559441,1.267974660417284,2.246360591134024,174.46101373158953,True,0.0,0,1.0,True,837aae5e613060ce7fdc2f016f3618c6,7,dt2d
A1A4S,9COV,explorer_boltz2_msa,s202_m14,0.6785714285714286,3.036365100218813,1.3600862483034906,2.2515591625804547,174.08719411915362,True,0.0,0,1.0,True,465c19bc886475d0bde961bf5377010a,7,dt2d
A1A4S,9COV,explorer_boltz2_msa,s202_m15,0.7686335403726708,2.4520163584981263,1.142261393384975,2.256508780107004,174.08566264434305,True,0.0,0,1.0,True,e050c3845154661fdb1bc0cebcd2796f,7,dt2d
A1A4S,9COV,explorer_boltz2_msa,s202_m16,0.4363354037267081,5.4778676296432325,1.5199483942581669,2.2508612221325426,175.06822855794715,True,0.0,0,1.0,True,c8f0f80b57f8358d64a88ca19ec7f04f,7,dt2d
A1A4S,9COV,explorer_boltz2_msa,s202_m17,0.7298136645962733,2.651708306753012,1.2953282247634432,2.237915004663939,173.76411569331617,True,0.0,0,1.0,True,7a882cdd3230fa53870b85478adb3f90,7,dt2d
A1A4S,9COV,explorer_boltz2_msa,s202_m18,0.5709109730848861,4.672734476469253,1.6440224915291906,2.284303363237904,175.1824322262666,True,0.0,0,1.0,True,a43e6e68d7de02403db38d57d1bb6096,7,dt2d
A1A4S,9COV,explorer_boltz2_msa,s202_m19,0.5372670807453417,4.692009097714212,1.6272419227114976,2.286352914228248,175.91760476249829,True,0.0,0,1.0,True,589b2ce5a55cb8bc3f43f1faff1110e8,7,dt2d
A1A4S,9COV,explorer_boltz2_msa,s202_m2,0.7800207039337475,2.4514999290175803,1.0759607366817938,2.2701166805915505,173.16383073506526,True,0.0,0,1.0,True,e52a448d315e35c60721a8905d6e9692,7,dt2d
A1A4S,9COV,explorer_boltz2_msa,s202_m3,0.5087991718426501,4.734612489469943,1.634700865427036,2.2499189145611447,176.032704850102,True,0.0,0,1.0,True,70431c57780f37815196355e2184b7f6,7,dt2d
A1A4S,9COV,explorer_boltz2_msa,s202_m4,0.7127329192546583,2.768195224752743,1.1573835072477403,2.269682441312,173.99331927727906,True,0.0,0,1.0,True,9d7838aac733028f30bba1c2c2f48db7,7,dt2d
A1A4S,9COV,explorer_boltz2_msa,s202_m5,0.7091097308488613,2.7159032216640746,1.2294164668334913,2.268131299947161,174.0973671627193,True,0.0,0,1.0,True,6db9155e3a5965e632bcf8ce697c1257,7,dt2d
A1A4S,9COV,explorer_boltz2_msa,s202_m6,0.6438923395445134,3.180069803243564,1.4191745328748893,2.292927636625282,174.49009577710265,True,0.0,0,1.0,True,7e02c153d81e96b8039e596d44b876ad,7,dt2d
A1A4S,9COV,explorer_boltz2_msa,s202_m7,0.775879917184265,2.3662502388545072,1.0560530908580918,2.265252717159832,173.29720792514075,True,0.0,0,1.0,True,dbb9342ac3fb7556014e26e85ce10d90,7,dt2d
A1A4S,9COV,explorer_boltz2_msa,s202_m8,0.7712215320910973,2.3739275478762254,1.1580838193747278,2.270055338642651,173.05727239178734,True,0.0,0,1.0,True,2382b782138afd1766d384da5eab7bab,7,dt2d
A1A4S,9COV,explorer_boltz2_msa,s202_m9,0.681159420289855,2.712909001520442,1.3799230759589114,2.30364502547593,174.496646206969,True,0.0,0,1.0,True,cb457efa752217fcc45236a4c2f2a41d,7,dt2d
A1APA,9BBB,explorer_boltz2_msa,s202_m0,0.7200819672131148,2.255847963086796,1.0904397483663373,2.217148019618897,173.36894930468856,True,0.0,0,1.0,True,3b4db85631879f9fd55a51f0d681c22c,7,dt2d
A1APA,9BBB,explorer_boltz2_msa,s202_m1,0.725,2.197179538451297,1.0073423762366862,2.2193854142532343,173.5762561542047,True,0.0,0,1.0,True,dbce7e28e81c97ae386235c2498df6ef,7,dt2d
A1APA,9BBB,explorer_boltz2_msa,s202_m10,0.6045081967213115,3.490991837563203,0.9437435595222772,2.212917764061738,172.74871542556662,True,0.0,0,1.0,True,6e2e73c2477ab63e66360139da06f1f1,7,dt2d
A1APA,9BBB,explorer_boltz2_msa,s202_m11,0.6286885245901639,3.1778700844737275,0.9501419636748796,2.186927390495624,171.97525308965814,True,0.0,0,1.0,True,b821b646ad5e98a93f8586a331b7ae55,7,dt2d
A1APA,9BBB,explorer_boltz2_msa,s202_m12,0.7508196721311475,1.6587062907709995,1.1238238789806556,2.2414984062898635,173.33095436986608,True,0.0,0,1.0,True,75aeb756ae20c45f9c9edf91a701d2bd,7,dt2d
A1APA,9BBB,explorer_boltz2_msa,s202_m13,0.6012295081967214,3.3081280641397046,0.9989471780296624,2.244565231620592,173.0500747881761,True,0.0,0,1.0,True,d3e51d44dc9053325e2905dd12af0bca,7,dt2d
A1APA,9BBB,explorer_boltz2_msa,s202_m14,0.6586065573770492,3.1375660480700445,0.924826976755724,2.2152416337050007,172.58380263198586,True,0.0,0,1.0,True,98c2821ae1c106d7670691a99c9d143d,7,dt2d
A1APA,9BBB,explorer_boltz2_msa,s202_m15,0.6209016393442623,3.0873626512862407,0.9945586574663732,2.24222635532187,173.22734693427037,True,0.0,0,1.0,True,8881591ee5abffa606526ad6453a5771,7,dt2d
A1APA,9BBB,explorer_boltz2_msa,s202_m16,0.7213114754098361,2.258387369906814,0.9862508004155878,2.1770191882939387,171.643695970843,True,0.0,0,1.0,True,811ece2c09649a4f39605b801d82bd65,7,dt2d
A1APA,9BBB,explorer_boltz2_msa,s202_m17,0.7139344262295082,1.9543455620685453,1.0162475619025448,2.227959987252913,174.0765272802139,True,0.0,0,1.0,True,c6bac6c6417e61977210a7fe93a7e487,7,dt2d
A1APA,9BBB,explorer_boltz2_msa,s202_m18,0.6930327868852459,2.218390726526511,0.984108783844974,2.226346721020785,173.31348936729742,True,0.0,0,1.0,True,363f16f0a869ca9c87d5a294d311a00c,7,dt2d
A1APA,9BBB,explorer_boltz2_msa,s202_m19,0.735655737704918,1.757898085896847,1.125840874943606,2.2216443179321037,173.0181753867546,True,0.0,0,1.0,True,999e9f6722630049a27366176c4447b1,7,dt2d
A1APA,9BBB,explorer_boltz2_msa,s202_m2,0.6192622950819672,3.820502938744288,1.2193877025015727,2.214621151371042,173.5024241681675,True,0.0,0,1.0,True,5acbed8b92b1613d11a5d8a00f152f7d,7,dt2d
A1APA,9BBB,explorer_boltz2_msa,s202_m3,0.6372950819672132,3.3446050943784136,0.9552747344991168,2.231015246070721,173.38294356841214,True,0.0,0,1.0,True,7ea86c56d1fc455b5d4bf6aca5e309bb,7,dt2d
A1APA,9BBB,explorer_boltz2_msa,s202_m4,0.6426229508196721,3.7148653500766735,1.2543418502297516,2.256663868412839,174.85266294016765,True,0.0,0,1.0,True,720451197e71de49debfa7ccdf1d1966,7,dt2d
A1APA,9BBB,explorer_boltz2_msa,s202_m5,0.5766393442622951,3.473588152488654,1.1679039252439567,2.23921984641973,174.3548072169709,True,0.0,0,1.0,True,c14c2320a6be441444642101321ab350,7,dt2d
A1APA,9BBB,explorer_boltz2_msa,s202_m6,0.644672131147541,3.2409216049327743,0.9549402020093618,2.216085162646057,173.46182562705653,True,0.0,0,1.0,True,ea92be98498a81bfcba1dab0a23db049,7,dt2d
A1APA,9BBB,explorer_boltz2_msa,s202_m7,0.7270491803278688,2.2370617840702365,1.0644179211893077,2.1988528634040074,172.7955471443485,True,0.0,0,1.0,True,164a07be4bb3397f74fae3524b155c30,7,dt2d
A1APA,9BBB,explorer_boltz2_msa,s202_m8,0.6364754098360655,3.1320937401802613,0.9704044865629026,2.216237412124432,173.21092545648517,True,0.0,0,1.0,True,f916bfe041b50cf4b688556cfb3183f8,7,dt2d
A1APA,9BBB,explorer_boltz2_msa,s202_m9,0.6163934426229508,3.1027005265562315,0.9865789396520304,2.202408434237392,172.94993064484308,True,0.0,0,1.0,True,ebc1d1017f3c7ada1b3905a5143a0573,7,dt2d
A1ASR,9BV9,explorer_boltz2_msa,s202_m0,0.6158227848101265,3.069045768768452,1.3428351997238603,2.183910274645,173.40934734593327,True,0.0,0,1.0,True,d029512c50b89ecd7e35186470cc015c,7,dt2d
A1ASR,9BV9,explorer_boltz2_msa,s202_m1,0.580379746835443,3.0862801215608666,1.389739708981595,2.201724944901156,173.1424170169382,True,0.0,0,1.0,True,a100352b7b7b416f23cd03eb23ffd487,7,dt2d
A1ASR,9BV9,explorer_boltz2_msa,s202_m10,0.6531645569620254,2.684945243405819,1.2710841745269728,2.205295795624705,175.2064655728952,True,0.0,0,1.0,True,6280d940a9dbdf42b2bae243ec62dfc2,7,dt2d
A1ASR,9BV9,explorer_boltz2_msa,s202_m11,0.6759493670886076,2.823958664911414,1.259095898080391,2.1815808690488643,173.8928374868842,True,0.0,0,1.0,True,fbe43e57499d0dc32777be0890e5089d,7,dt2d
A1ASR,9BV9,explorer_boltz2_msa,s202_m12,0.6677215189873418,3.091214426395664,1.3981111885184754,2.1797358383528955,172.87509127419605,True,0.0,0,1.0,True,c6ba983e157f249d8f3f75cf53dcd2f5,7,dt2d
A1ASR,9BV9,explorer_boltz2_msa,s202_m13,0.6512658227848102,2.778609812133339,1.220134316955397,2.166002344712489,174.74369105463416,True,0.0,0,1.0,True,6ec83b24a6b83152a3fdfb0c70789f74,7,dt2d
A1ASR,9BV9,explorer_boltz2_msa,s202_m14,0.6575949367088608,2.7631874548712383,1.183736276008153,2.2148354934170613,173.2729623064936,True,0.0,0,1.0,True,b1b3451dc2da9abdaf2270ab54387645,7,dt2d
A1ASR,9BV9,explorer_boltz2_msa,s202_m15,0.6468354430379747,3.198221860273794,1.380902833080384,2.149972669151866,172.54744689324158,True,0.0,0,1.0,True,60f767e7db5978ba51460e585dfa5bf9,7,dt2d
A1ASR,9BV9,explorer_boltz2_msa,s202_m16,0.6563291139240506,2.73819783495923,1.146859109572214,2.173828312470881,171.30304625807176,True,0.0,0,1.0,True,daf178049ec09202c79276e567f8f95c,7,dt2d
A1ASR,9BV9,explorer_boltz2_msa,s202_m17,0.7170886075949368,3.033814738636219,1.3110699558389467,2.186788510053041,172.6476751874287,True,0.0,0,1.0,True,11676e5625972806543245fe8f58f206,7,dt2d
A1ASR,9BV9,explorer_boltz2_msa,s202_m18,0.710126582278481,2.428114029875136,1.0452358841459974,2.158058725915493,173.15488497875492,True,0.0,0,1.0,True,16ad4e9fa36227f1f12f4cdfdaf2fe46,7,dt2d
A1ASR,9BV9,explorer_boltz2_msa,s202_m19,0.7645569620253165,2.9101820765555417,1.1966141807890225,2.175589428614692,172.68210133545355,True,0.0,0,1.0,True,872b36fc61758fa155b0e8b57db027ac,7,dt2d
A1ASR,9BV9,explorer_boltz2_msa,s202_m2,0.5924050632911392,3.090527252427689,1.388255111524423,2.194439751029861,173.5238851688494,True,0.0,0,1.0,True,28ed474632fcb45a91b6b740ac4638cf,7,dt2d
A1ASR,9BV9,explorer_boltz2_msa,s202_m3,0.6424050632911392,2.9787042130519503,1.288503121574832,2.158177537761896,173.67943729781138,True,0.0,0,1.0,True,5a6c1a51b5deaa07d40de9d9a3b7be89,7,dt2d
A1ASR,9BV9,explorer_boltz2_msa,s202_m4,0.6310126582278481,3.016816572232203,1.2863304248176206,2.229450536029001,173.79128211103753,True,0.0,0,1.0,True,8aa30698aad8a7edf67d15e3807adba5,7,dt2d
A1ASR,9BV9,explorer_boltz2_msa,s202_m5,0.5949367088607594,3.1035329523631483,1.4091657960620767,2.1908297318824204,173.25893773312234,True,0.0,0,1.0,True,3d14d25407cb4844a09f3b39cdf3a75c,7,dt2d
A1ASR,9BV9,explorer_boltz2_msa,s202_m6,0.5936708860759494,3.1437719392055654,1.3567820477591894,2.170672667193283,171.88429400285304,True,0.0,0,1.0,True,1e5680f807b20ec6fc3faaac7559827d,7,dt2d
A1ASR,9BV9,explorer_boltz2_msa,s202_m7,0.6164556962025316,3.048341121592613,1.3462399180491833,2.212033508358316,172.42953750005717,True,0.0,0,1.0,True,7e1a0aa637b914ed340ddd4caec2e18e,7,dt2d
A1ASR,9BV9,explorer_boltz2_msa,s202_m8,0.7037974683544304,2.8798147046790774,1.1121850459682854,2.1649805568411007,174.81576869863966,True,0.0,0,1.0,True,2f04559c794a2bc6e9ea14072eb27d2f,7,dt2d
A1ASR,9BV9,explorer_boltz2_msa,s202_m9,0.7031645569620253,2.3299357224862707,1.095919071032713,2.16183217896302,174.89198352284544,True,0.0,0,1.0,True,cc3bfd3e92125770565fa8755042b0e4,7,dt2d
A1ASV,9BV5,explorer_boltz2_msa,s202_m0,0.4298866855524079,4.027363139125099,1.6231886620932818,2.2476443582782397,173.3191870210562,True,0.0,0,1.0,True,80584d2170ff737c9a77c9e1b948f335,7,dt2d
A1ASV,9BV5,explorer_boltz2_msa,s202_m1,0.4249291784702549,4.032909295377968,1.6163466426400668,2.293000538552052,173.57927311953642,True,0.0,0,1.0,True,ad0c36416ce920a42aa3a6f1a5a35051,7,dt2d
A1ASV,9BV5,explorer_boltz2_msa,s202_m10,0.5878186968838527,2.976179747927959,0.7260677313627942,2.259269190800423,174.6769237747761,True,0.0,0,1.0,True,e25b32234666aa3c864340bffcb0cbf3,7,dt2d
A1ASV,9BV5,explorer_boltz2_msa,s202_m11,0.5835694050991501,3.082534316133035,0.7821772617047225,2.258088859744009,175.5941772727558,True,0.0,0,1.0,True,f436e5f87b09f1566c9d1c6564292ce4,7,dt2d
A1ASV,9BV5,explorer_boltz2_msa,s202_m12,0.7641643059490085,2.1773843158503645,0.7421099986728636,2.1916408332115003,174.11830011499012,True,0.0,0,1.0,True,a25653204d3686aeb5a9dc5db96f617b,7,dt2d
A1ASV,9BV5,explorer_boltz2_msa,s202_m13,0.7429178470254958,2.458703578352052,0.7055695536528981,2.197073922311218,174.16175183726045,True,0.0,0,1.0,True,36dbe79db5fac6d8e255555d867d282e,7,dt2d
A1ASV,9BV5,explorer_boltz2_msa,s202_m14,0.4702549575070821,3.7741413379310513,1.3613210563556788,2.310294052366495,174.81032360022851,True,0.0,0,1.0,True,057561c0d4c9b856d918891a755e8ea1,7,dt2d
A1ASV,9BV5,explorer_boltz2_msa,s202_m15,0.7160056657223797,2.5190356137384486,0.6592566257611738,2.2303163299855018,174.045776082711,True,0.0,0,1.0,True,dd04ced1a9b76a3756cedab32296ea38,7,dt2d
A1ASV,9BV5,explorer_boltz2_msa,s202_m16,0.7280453257790368,2.5207686939834644,0.7481025899997915,2.2357219205885155,174.81264300883225,True,0.0,0,1.0,True,0af1f3ebbfb71552e19a24b9a58d8edd,7,dt2d
A1ASV,9BV5,explorer_boltz2_msa,s202_m17,0.740084985835694,2.4603000333543865,0.7411913548999225,2.252417068839605,175.53753172319,True,0.0,0,1.0,True,a2cdf6151ef6e13a0cb17713a3664f7f,7,dt2d
A1ASV,9BV5,explorer_boltz2_msa,s202_m18,0.7726628895184136,2.1791593520483987,0.8634623989802629,2.2240678457277334,175.28370786286015,True,0.0,0,1.0,True,932d2a4669965491747a882e82469450,7,dt2d
A1ASV,9BV5,explorer_boltz2_msa,s202_m19,0.698300283286119,2.666208835302518,0.6902866145716215,2.202936391818884,175.45366152502774,True,0.0,0,1.0,True,a3a3225f3d8d3af535fd3db153c13202,7,dt2d
A1ASV,9BV5,explorer_boltz2_msa,s202_m2,0.7436260623229461,2.3694722285509973,0.729844557364629,2.1969289934360647,174.77251640429762,True,0.0,0,1.0,True,ae6db989edf79e712e0ed74880704286,7,dt2d
A1ASV,9BV5,explorer_boltz2_msa,s202_m3,0.623229461756374,2.7574526049922685,0.6244124026117502,2.244251257012013,175.12939414156128,True,0.0,0,1.0,True,085da3f9a1cf4d597a454f61a8a16c67,7,dt2d
A1ASV,9BV5,explorer_boltz2_msa,s202_m4,0.6919263456090652,2.734756537111726,0.7319808833786252,2.298109250862544,176.44826072623667,True,0.0,0,1.0,True,954846786031507563c7c2cbd1de6c61,7,dt2d
A1ASV,9BV5,explorer_boltz2_msa,s202_m5,0.693342776203966,2.6960853560596747,0.6776837005713595,2.2347582968410697,174.50757962492008,True,0.0,0,1.0,True,aa76d22982ce9cc0a29cc96e1be40de3,7,dt2d
A1ASV,9BV5,explorer_boltz2_msa,s202_m6,0.7429178470254958,2.479949465023175,0.7653718338262013,2.2428659341342723,175.50321843993362,True,0.0,0,1.0,True,089292e733ae795dc61d1905f1b24054,7,dt2d
A1ASV,9BV5,explorer_boltz2_msa,s202_m7,0.6118980169971672,2.743805543100454,0.5809594480958131,2.23594948364224,176.15955148404709,True,0.0,0,1.0,True,5dd6b33d10668a21c961d8961ef6ad04,7,dt2d
A1ASV,9BV5,explorer_boltz2_msa,s202_m8,0.7372521246458923,2.4362046310305354,0.7301098272261795,2.241788167222764,175.09560062982595,True,0.0,0,1.0,True,bda97cc44f1d09f17da39c0f07793aeb,7,dt2d
A1ASV,9BV5,explorer_boltz2_msa,s202_m9,0.7443342776203966,2.5011341806172425,0.8098689986524423,2.238593207820484,175.5902316767001,True,0.0,0,1.0,True,3673b5bff2d45f45a6d1bfd76a7373bf,7,dt2d
D7M,6BD5,explorer_boltz2_msa,s202_m0,0.5158562367864693,4.056636954594111,1.7829216380817374,2.221766200526059,176.05533579358598,True,0.0,0,1.0,True,8c074940a1e5f8f3a5fa4bd76b28f3cc,7,dt2d
D7M,6BD5,explorer_boltz2_msa,s202_m1,0.5010570824524313,4.324616909932596,1.852248272874345,2.2550218990510937,176.16161177967857,True,0.0,0,1.0,True,cfec1c19475d391e217a73ebf7f2d3cc,7,dt2d
D7M,6BD5,explorer_boltz2_msa,s202_m10,0.7579281183932347,1.7183436592793773,1.248514977227661,2.2638620687003,173.13147806394028,True,0.0,0,1.0,True,94e8c54e0d7c1d11d155f04fa457c3a1,7,dt2d
D7M,6BD5,explorer_boltz2_msa,s202_m11,0.8292811839323467,1.2263836413832785,0.9688114003902109,2.225806851166561,172.0316660429327,True,0.0,0,1.0,True,1e3dc986b351147e715e2db743b2094a,7,dt2d
D7M,6BD5,explorer_boltz2_msa,s202_m12,0.7299154334038055,2.140098602784537,1.0562227287442452,2.2281759147787232,174.03517547961735,True,0.0,0,1.0,True,25953dddacb054f5fb94730c4e0f9105,7,dt2d
D7M,6BD5,explorer_boltz2_msa,s202_m13,0.7568710359408034,1.725281751739974,1.2486967112035476,2.2522598221342047,173.19704371836312,True,0.0,0,1.0,True,ad359c933c6e4c13126caca79354326c,7,dt2d
D7M,6BD5,explorer_boltz2_msa,s202_m14,0.7605708245243128,1.7828263548954026,1.066510875979884,2.2874544567488115,173.67066743846527,True,0.0,0,1.0,True,3628b27ffa5a541d168cff928dabc504,7,dt2d
D7M,6BD5,explorer_boltz2_msa,s202_m15,0.7367864693446089,2.0725677682075743,1.1012732465777637,2.266999131539313,173.87854715764442,True,0.0,0,1.0,True,61f86debfb175a0ae70de8f4badac5ea,7,dt2d
D7M,6BD5,explorer_boltz2_msa,s202_m16,0.7415433403805496,1.4243788507130444,1.0038208565073723,2.208036016078542,172.08199697212956,True,0.0,0,1.0,True,33b96367ee92977aecbf8ea16093dcbc,7,dt2d
D7M,6BD5,explorer_boltz2_msa,s202_m17,0.7706131078224102,1.8095871956670455,1.0649663638212206,2.227314847882984,172.84196103196734,True,0.0,0,1.0,True,063d94284dd7621ea4e88d21f658909b,7,dt2d
D7M,6BD5,explorer_boltz2_msa,s202_m18,0.6844608879492601,2.160000675819032,1.2981400737185704,2.241424676517148,173.07446009705873,True,0.0,0,1.0,True,cbe6e78334e3b43e7b47deb8d26e2127,7,dt2d
D7M,6BD5,explorer_boltz2_msa,s202_m19,0.7362579281183932,1.8025944602864448,1.1972525055138543,2.227518234717732,173.8526844818892,True,0.0,0,1.0,True,f4f8134d27b871bc12b4836e57fb77fd,7,dt2d
D7M,6BD5,explorer_boltz2_msa,s202_m2,0.7145877378435518,2.0152386177731767,1.2407944708683525,2.2611681293083894,172.33889854494288,True,0.0,0,1.0,True,5fa36995f4fd3c24a46448d7b16b05ae,7,dt2d
D7M,6BD5,explorer_boltz2_msa,s202_m3,0.7066596194503171,2.507830166253355,1.0681606741614822,2.247353348029632,174.03118864597295,True,0.0,0,1.0,True,ab8f83877f2a0efb04c920d828ac3712,7,dt2d
D7M,6BD5,explorer_boltz2_msa,s202_m4,0.5184989429175475,4.005601384872337,1.668886295967339,2.250943565307669,175.20275292915272,True,0.0,0,1.0,True,d8d4d03f6e1ecee2f89113288f181e57,7,dt2d
D7M,6BD5,explorer_boltz2_msa,s202_m5,0.7145877378435518,2.1019092456947823,1.258111983267313,2.236955604588522,172.8102403453713,True,0.0,0,1.0,True,bf698cb2f1346137f71e0e2ee1ebd4df,7,dt2d
D7M,6BD5,explorer_boltz2_msa,s202_m6,0.7505285412262157,1.859211199740527,1.238139941458844,2.252892553030437,173.06886495578107,True,0.0,0,1.0,True,2f14aa88e07b25bf8064408613a6edc9,7,dt2d
D7M,6BD5,explorer_boltz2_msa,s202_m7,0.7653276955602537,1.532251150141616,1.1051985061329452,2.268452825407661,173.11425165242323,True,0.0,0,1.0,True,24ad639a3cde6a480573d6a8563a8b41,7,dt2d
D7M,6BD5,explorer_boltz2_msa,s202_m8,0.6929175475687103,2.9417170427503447,1.0952795756556102,2.2309565232877127,172.89836998870518,True,0.0,0,1.0,True,4be84be61f33b87fbfd6668abb44dc43,7,dt2d
D7M,6BD5,explorer_boltz2_msa,s202_m9,0.7568710359408034,1.7740526409215869,0.9280733234540208,2.2551272112011773,175.38590993618152,True,0.0,0,1.0,True,6f3cb09596e951f4898685ad0baee8d8,7,dt2d
DEV,6BDH,explorer_boltz2_msa,s202_m0,0.6412621359223301,4.4872876502670485,0.8662314595782716,2.183589644255532,172.87275754920526,True,0.0,0,1.0,True,d21c9ce31e002de55f61c9c6fbc152db,7,dt2d
DEV,6BDH,explorer_boltz2_msa,s202_m1,0.6286407766990292,4.325358674076066,0.8574015065235215,2.170928074280675,172.99738591722456,True,0.0,0,1.0,True,3d26a838c32247bfa0aa5bef801369e5,7,dt2d
DEV,6BDH,explorer_boltz2_msa,s202_m10,0.6334951456310679,4.412564104978324,0.8827267710662665,2.1968026916635,173.090560447813,True,0.0,0,1.0,True,d0e75109b0e3250de6491fc1b7cde3c7,7,dt2d
DEV,6BDH,explorer_boltz2_msa,s202_m11,0.6475728155339806,4.290977532123016,0.8683705026563419,2.17775084888056,173.1202354974114,True,0.0,0,1.0,True,acb208651f336afa0dcfc5bab87a85a2,7,dt2d
DEV,6BDH,explorer_boltz2_msa,s202_m12,0.6315533980582524,4.618512469240456,0.8472787501072813,2.196735269325824,174.0381715274118,True,0.0,0,1.0,True,b8a164ceb241f903882be8dd88642b52,7,dt2d
DEV,6BDH,explorer_boltz2_msa,s202_m13,0.6393203883495145,4.425253006634854,0.8329639260759254,2.197601255801425,173.7571027880905,True,0.0,0,1.0,True,3cf049b787b04eae2123034daa67b827,7,dt2d
DEV,6BDH,explorer_boltz2_msa,s202_m14,0.6524271844660194,4.444425325209646,0.8696888871283586,2.204909348113885,173.7082849928563,True,0.0,0,1.0,True,b22d60f8edf85ac97404e0f5405f9ef7,7,dt2d
DEV,6BDH,explorer_boltz2_msa,s202_m15,0.6388349514563106,4.458405603493165,0.8628993841737032,2.2028289321915127,173.51793033156554,True,0.0,0,1.0,True,c87870e32444c4a6682f90e7f4c26cfe,7,dt2d
DEV,6BDH,explorer_boltz2_msa,s202_m16,0.6509708737864077,4.576604382120103,0.860722990352919,2.196875364170667,173.2096380075337,True,0.0,0,1.0,True,9bb6a1b84554c451fcb37e5affff5d9e,7,dt2d
DEV,6BDH,explorer_boltz2_msa,s202_m17,0.6436893203883495,4.335920201809224,0.8806875205847661,2.1730963239120347,173.4623971405614,True,0.0,0,1.0,True,7c6471b43faa63a389dc832c14ce2f0f,7,dt2d
DEV,6BDH,explorer_boltz2_msa,s202_m18,0.6344660194174757,4.483191092563466,0.845954183915327,2.189849005867756,172.9979028705031,True,0.0,0,1.0,True,73b38574556b66e69b04104bc869a933,7,dt2d
DEV,6BDH,explorer_boltz2_msa,s202_m19,0.6475728155339806,4.516360290879475,0.9176907274823352,2.176455649192053,173.16899866762265,True,0.0,0,1.0,True,b0c6b44a3429c8c6e3580359425ba483,7,dt2d
DEV,6BDH,explorer_boltz2_msa,s202_m2,0.6422330097087379,4.559681557766762,0.8858762458592448,2.199679796515848,173.26173927846276,True,0.0,0,1.0,True,6f84d481d65e3ccc84653cdae11870e1,7,dt2d
DEV,6BDH,explorer_boltz2_msa,s202_m3,0.6398058252427185,4.513828050749806,0.8741594772685061,2.172916854092673,172.52668488437297,True,0.0,0,1.0,True,cf8976397c680655cedd4ffe0923f2dc,7,dt2d
DEV,6BDH,explorer_boltz2_msa,s202_m4,0.6480582524271845,4.485740776267661,0.911258185365618,2.244012994904441,173.975782580242,True,0.0,0,1.0,True,bb16a1ac10d0d1c2ef62df22565168ce,7,dt2d
DEV,6BDH,explorer_boltz2_msa,s202_m5,0.6310679611650486,4.656077423939204,0.8408191804658216,2.206377381002625,173.36134508326103,True,0.0,0,1.0,True,67fa256c143905de44d74de39cba1b49,7,dt2d
DEV,6BDH,explorer_boltz2_msa,s202_m6,0.6310679611650485,4.561189500243758,0.8295057419021657,2.165504199811213,173.728432164715,True,0.0,0,1.0,True,8052d15f590673b59a6eb2c68feb5c48,7,dt2d
DEV,6BDH,explorer_boltz2_msa,s202_m7,0.6436893203883496,4.434150931947973,0.8696254727264582,2.1829030814491057,173.22545804043568,True,0.0,0,1.0,True,275714826cd75d081c28d40da2dc9a96,7,dt2d
DEV,6BDH,explorer_boltz2_msa,s202_m8,0.6383495145631068,4.481496271404071,0.8225891276134816,2.142025694290337,173.19320840142095,True,0.0,0,1.0,True,8882125f71bb3c3c3ba769a4db7b1da1,7,dt2d
DEV,6BDH,explorer_boltz2_msa,s202_m9,0.6451456310679611,4.472402739800271,0.9178408551162396,2.185973364956673,173.26427142070074,True,0.0,0,1.0,True,0ec697a4e0729213a59fbe2e9010ebd2,7,dt2d
G0J,6DA8,explorer_boltz2_msa,s202_m0,0.4685089974293058,5.651438649194809,1.0385305823517352,2.1977471970633933,171.32515283527553,True,0.0,0,1.0,True,58d7c27288a61a3704bf77938e909010,8,dt2d
G0J,6DA8,explorer_boltz2_msa,s202_m1,0.4595115681233933,5.55521555678386,1.1355118996210107,2.1965903127802417,173.3169184340759,True,0.0,0,1.0,True,994b894e2008dbd3d710c5cb4f90e365,8,dt2d
G0J,6DA8,explorer_boltz2_msa,s202_m10,0.4730077120822622,5.416004449418444,1.091694321222758,2.252139811934419,174.729377663592,True,0.0,0,1.0,True,9174f51f422f48cf0061d3e833eb8f93,8,dt2d
G0J,6DA8,explorer_boltz2_msa,s202_m11,0.4556555269922879,5.454382603669946,1.1365791914494845,2.248432707220743,172.91047326388315,True,0.0,0,1.0,True,0cf5c5f9c44cafcb377a222e57f22fc5,8,dt2d
G0J,6DA8,explorer_boltz2_msa,s202_m12,0.4543701799485861,5.7070550515179335,1.1429966977577952,2.2029539240755804,173.0210702715772,True,0.0,0,1.0,True,dada6ca2fb2588ad91c30deac9092ce8,8,dt2d
G0J,6DA8,explorer_boltz2_msa,s202_m13,0.4640102827763496,5.608250094937126,1.136760044221163,2.178261985000886,170.0236503595397,True,0.0,0,1.0,True,d6a52100c39a6a358786ae847c9503e5,8,dt2d
G0J,6DA8,explorer_boltz2_msa,s202_m14,0.4582262210796914,5.538528005916278,1.1670735199625195,2.2135478829471933,171.06008015509707,True,0.0,0,1.0,True,7b70819997afa623a5f85c666fe1ac6b,8,dt2d
G0J,6DA8,explorer_boltz2_msa,s202_m15,0.4588688946015424,5.476217235680097,1.1493394560081365,2.20927056663506,170.89191707552476,True,0.0,0,1.0,True,c1bc6ec0a330a5797391a6986dc81e48,8,dt2d
G0J,6DA8,explorer_boltz2_msa,s202_m16,0.4691516709511568,5.501812559240103,1.0918887085701048,2.2034685052661858,174.06742838785524,True,0.0,0,1.0,True,5e492a5c00e18b9377f5b8e6a5bbaa70,8,dt2d
G0J,6DA8,explorer_boltz2_msa,s202_m17,0.4505141388174807,5.306891128926071,1.3649969410148115,2.2469362361001703,173.30996786065555,True,0.0,0,1.0,True,472a1b0041cc02c9c53efd3a9245c7b3,8,dt2d
G0J,6DA8,explorer_boltz2_msa,s202_m18,0.4910025706940873,5.44572674494396,0.9970514679341184,2.2409915402562324,172.69618711434015,True,0.0,0,1.0,True,ad998a6888c68a4e5c7e4cbf434a4428,8,dt2d
G0J,6DA8,explorer_boltz2_msa,s202_m19,0.4987146529562982,5.458294901085251,1.0579896042333417,2.181483601244804,172.99150089091702,True,0.0,0,1.0,True,8b4ab25f1dacf8705d8a9c26fb0b09ba,8,dt2d
G0J,6DA8,explorer_boltz2_msa,s202_m2,0.4762210796915167,5.649668871355077,1.0568033726092898,2.16211794324454,171.9145909015326,True,0.0,0,1.0,True,a9a0591f5d23d3b7753b7af2884804cc,8,dt2d
G0J,6DA8,explorer_boltz2_msa,s202_m3,0.4273778920308483,5.866802682369067,1.5258199769891347,2.2283954394810626,173.93630794397097,True,0.0,0,1.0,True,5d45b465956c7697ca32628f4992514b,8,dt2d
G0J,6DA8,explorer_boltz2_msa,s202_m4,0.4415167095115681,5.6996886509099545,1.1974969124549706,2.1821541822016157,172.68088174266117,True,0.0,0,1.0,True,5f07915a78860b984150b67aed236e7a,8,dt2d
G0J,6DA8,explorer_boltz2_msa,s202_m5,0.4685089974293059,5.653347211465663,1.121345773169952,2.208714284849899,173.20890393519326,True,0.0,0,1.0,True,12f5d5bebcea31e5a3eac0fad58cea87,8,dt2d
G0J,6DA8,explorer_boltz2_msa,s202_m6,0.4498714652956298,5.668346534252829,1.107168510288528,2.1788834534687718,171.9007183978743,True,0.0,0,1.0,True,70a01d7d8d1978e9532a946a71b1dcfb,8,dt2d
G0J,6DA8,explorer_boltz2_msa,s202_m7,0.4511568123393316,5.650742233286981,1.055903888485956,2.1672946106609503,170.13451644017687,True,0.0,0,1.0,True,1fc1454eb0122163a26844211ab42735,8,dt2d
G0J,6DA8,explorer_boltz2_msa,s202_m8,0.4408740359897172,5.528353041074875,1.155853254793747,2.219307504718533,174.56810551092377,True,0.0,0,1.0,True,fc9b769677aee8104cea0c9c6aaabc43,8,dt2d
G0J,6DA8,explorer_boltz2_msa,s202_m9,0.4511568123393316,5.847801587903928,1.2445417653335946,2.16959321765625,170.65590444399166,True,0.0,0,1.0,True,9042e64a6a9c1d8ee7fe3750a5d49b17,8,dt2d
J9K,4D78,explorer_boltz2_msa,s202_m0,0.2819506726457399,4.78853403542098,1.072810586613156,2.2102425492691973,172.9015345267409,True,0.0,0,1.0,True,f7f608765f30ae25122119075480ceed,7,dt2d
J9K,4D78,explorer_boltz2_msa,s202_m1,0.3340807174887892,4.98987952954564,1.2423416228784947,2.242617448696945,173.35641250054144,True,0.0,0,1.0,True,4787fa9989baebcf03cde2f907639e57,7,dt2d
J9K,4D78,explorer_boltz2_msa,s202_m10,0.280829596412556,6.2065689379806,0.96362578707211,2.198629060210021,173.70158293327435,True,0.0,0,1.0,True,9a7a1800ba5c1688ff0da1467ede9f3a,7,dt2d
J9K,4D78,explorer_boltz2_msa,s202_m11,0.2819506726457399,6.043691101851108,0.8077571729759848,2.2293851343812263,173.40055253972213,True,0.0,0,1.0,True,db5908edc538e7cef4dfd2d90d7c7afa,7,dt2d
J9K,4D78,explorer_boltz2_msa,s202_m12,0.2690582959641255,6.132154751408776,0.9719566850618736,2.1948914606877485,173.9565792795216,True,0.0,0,1.0,True,41a4e3c7ecb6f762fdac4f96e99888ca,7,dt2d
J9K,4D78,explorer_boltz2_msa,s202_m13,0.2567264573991031,6.321572796532723,1.0085021332131003,2.213868834167914,173.0213911762482,True,0.0,0,1.0,True,3d673c883dd16020b7fe37fa3e9cbb42,7,dt2d
J9K,4D78,explorer_boltz2_msa,s202_m14,0.2701793721973095,6.196853852366997,0.9302585329161186,2.215070454613125,173.8420436650038,True,0.0,0,1.0,True,0a688bd140717591ca36ae5d2af611a3,7,dt2d
J9K,4D78,explorer_boltz2_msa,s202_m15,0.2578475336322869,6.089242026832321,0.9614459884654906,2.217355644027362,173.40370564556738,True,0.0,0,1.0,True,59020d56142d1fce0a7578e8a1abc7c8,7,dt2d
J9K,4D78,explorer_boltz2_msa,s202_m16,0.2858744394618834,6.13506982312295,0.7826306762634739,2.241103812811892,173.71702200776318,True,0.0,0,1.0,True,a7db5389fda13fd648fc3ef1dc4d27ed,7,dt2d
J9K,4D78,explorer_boltz2_msa,s202_m17,0.2926008968609865,5.990641409899069,0.8307173685705437,2.181484987342337,172.62680256229618,True,0.0,0,1.0,True,eb1146b631b0413d87677caa1d6d239e,7,dt2d
J9K,4D78,explorer_boltz2_msa,s202_m18,0.265695067264574,6.389050963719964,0.9293189338942944,2.2103931005592647,173.69376606448787,True,0.0,0,1.0,True,32adb7521bc9b3d09453179a941cf31d,7,dt2d
J9K,4D78,explorer_boltz2_msa,s202_m19,0.2701793721973094,6.254759531815761,0.9778475667701676,2.205313388954051,174.1868208027854,True,0.0,0,1.0,True,e7989dd6d32ec965df9c12d98d9569cb,7,dt2d
J9K,4D78,explorer_boltz2_msa,s202_m2,0.3352017937219731,4.842458596688897,1.1089722385991694,2.256399206634323,174.30554769982865,True,0.0,0,1.0,True,7565cc31181e5bf6152fa7e6f2482367,7,dt2d
J9K,4D78,explorer_boltz2_msa,s202_m3,0.2427130044843049,6.24758467980124,0.9288143500853518,2.210369199228944,173.3946601897941,True,0.0,0,1.0,True,d2541d1004951e156b74b7b81e3c42c8,7,dt2d
J9K,4D78,explorer_boltz2_msa,s202_m4,0.2393497757847533,6.075927052205827,0.7970321647436466,2.228242936306542,172.53028403158643,True,0.0,0,1.0,True,bea01ab53fe97ada1b0a18319f5701de,7,dt2d
J9K,4D78,explorer_boltz2_msa,s202_m5,0.2785874439461883,6.108472333291943,0.8142720231000362,2.2107842709319243,174.1102016965731,True,0.0,0,1.0,True,916d053c52a4b5df34daba37a9ba6df5,7,dt2d
J9K,4D78,explorer_boltz2_msa,s202_m6,0.2825112107623318,6.235440605370799,0.977555699348251,2.186651122493023,173.64239309280055,True,0.0,0,1.0,True,318ed5dd16f73e67a7e00c9aeb931273,7,dt2d
J9K,4D78,explorer_boltz2_msa,s202_m7,0.2881165919282511,6.014400319362261,0.95010390271474,2.175750082799033,173.19241154345207,True,0.0,0,1.0,True,741a8e00319bf10945f1674d1a993021,7,dt2d
J9K,4D78,explorer_boltz2_msa,s202_m8,0.2668161434977578,6.411618797885031,0.8877875787427455,2.2145715537096566,173.26212282701636,True,0.0,0,1.0,True,1f1113bd59738f8320111f6a52855821,7,dt2d
J9K,4D78,explorer_boltz2_msa,s202_m9,0.2684977578475336,6.170680167200434,0.9457187086048436,2.2132259696876866,173.51272760957394,True,0.0,0,1.0,True,253266e946f70092ad49e826140e6ed6,7,dt2d
NI6,7UFA,explorer_boltz2_msa,s202_m0,0.7751346499102333,1.7341852605163044,0.7941356843087516,2.146477585487442,172.90301257372997,True,0.0,0,1.0,True,5c19db8bfc6ef1bb4f73c5da435b5681,10,dt2d
NI6,7UFA,explorer_boltz2_msa,s202_m1,0.7751346499102334,1.6983026772105123,0.7622938858290346,2.1032261334435725,172.90667566866324,True,0.0,0,1.0,True,ea4ab77880cd0c02cf1b55a59fe5d480,10,dt2d
NI6,7UFA,explorer_boltz2_msa,s202_m10,0.7755834829443446,1.8554353712286489,0.8093327685786862,2.070478006355054,172.64808356963837,True,0.0,0,1.0,True,4f8b1ff9b1b4f478fdf2e8a254fd6747,10,dt2d
NI6,7UFA,explorer_boltz2_msa,s202_m11,0.7540394973070018,2.041863680536758,0.7756723287061266,2.102935874343295,172.85229822584876,True,0.0,0,1.0,True,81ef24b616d55f53c2a3e07f0ea45a95,10,dt2d
NI6,7UFA,explorer_boltz2_msa,s202_m12,0.7724416517055657,1.8288972610837888,0.7944575701482907,2.11181805449712,173.35716150380472,True,0.0,0,1.0,True,71fa664a12270d2e4b3a0f7f303b7d3f,10,dt2d
NI6,7UFA,explorer_boltz2_msa,s202_m13,0.7733393177737882,1.994022558542225,0.92476554055778,2.089983608165385,172.54574212760656,True,0.0,0,1.0,True,354f9e68bb6e82a8f73da0b6c28ab80e,10,dt2d
NI6,7UFA,explorer_boltz2_msa,s202_m14,0.7733393177737881,2.023834480096139,0.9234034314804268,2.1139856816449822,172.95867137206633,True,0.0,0,1.0,True,403f94ef67e5daf03ecda9d4e5a98c8b,10,dt2d
NI6,7UFA,explorer_boltz2_msa,s202_m15,0.7540394973070017,2.0284470570988087,0.8277419792067675,2.075867530792849,172.19294194503658,True,0.0,0,1.0,True,10c30495dd5dfec14db94034345400c8,10,dt2d
NI6,7UFA,explorer_boltz2_msa,s202_m16,0.77737881508079,1.949959339817859,0.8509416873415281,2.073446489929268,173.58387816485345,True,0.0,0,1.0,True,6812e41352dab472663a1702247d2d68,10,dt2d
NI6,7UFA,explorer_boltz2_msa,s202_m17,0.7939856373429084,1.7584005366037505,0.8384784724587906,2.08872601518246,172.1411905495202,True,0.0,0,1.0,True,24bdd3e41f8ebbff282071150fbd93e9,10,dt2d
NI6,7UFA,explorer_boltz2_msa,s202_m18,0.7360861759425494,2.228115754023489,0.847581635746246,2.110768017807736,173.77782970440308,True,0.0,0,1.0,True,6d77efdcfbef8f39288a518f1aadd773,10,dt2d
NI6,7UFA,explorer_boltz2_msa,s202_m19,0.7877019748653501,1.9334399243845728,0.8035900529092281,2.1063728050608708,173.17038594061714,True,0.0,0,1.0,True,4486da01d0f1121867dd6ee5c6bbcc98,10,dt2d
NI6,7UFA,explorer_boltz2_msa,s202_m2,0.7679533213644524,1.837099999986309,0.7493423411776805,2.088188684147101,174.07327711512934,True,0.0,0,1.0,True,f3fe648c023c3c107953c12a9ad47c6e,10,dt2d
NI6,7UFA,explorer_boltz2_msa,s202_m3,0.755834829443447,1.9599897771166983,0.7248752087343681,2.133684760900729,173.0943186019332,True,0.0,0,1.0,True,b7adb816f31c0abd6e4977b0035758f9,10,dt2d
NI6,7UFA,explorer_boltz2_msa,s202_m4,0.7724416517055654,1.884394681823653,0.8167985322871161,2.109150506649537,172.58000588328332,True,0.0,0,1.0,True,d2cc84492a364eb3c4afc4323b4dccdd,10,dt2d
NI6,7UFA,explorer_boltz2_msa,s202_m5,0.7634649910233393,1.9666754617866504,0.8077570627707766,2.043844896806017,172.62025657985345,True,0.0,0,1.0,True,a97b6c00f165d0931ef7b2781d3be60f,10,dt2d
NI6,7UFA,explorer_boltz2_msa,s202_m6,0.7567324955116697,1.846360008083047,0.6985078786451069,2.1274134113049112,173.53101245445524,True,0.0,0,1.0,True,7cb14aed3388c812664349d2f940f66c,10,dt2d
NI6,7UFA,explorer_boltz2_msa,s202_m7,0.7903949730700179,1.632595354929936,0.8183676614671608,2.1161190689798155,173.6989769506255,True,0.0,0,1.0,True,266edd25f689438900757a6b3a80982f,10,dt2d
NI6,7UFA,explorer_boltz2_msa,s202_m8,0.7540394973070018,1.9260306874428064,0.6718693696924667,2.1190445610463224,172.66836314874115,True,0.0,0,1.0,True,460205ac44d150be7da31d5cd11bd11f,10,dt2d
NI6,7UFA,explorer_boltz2_msa,s202_m9,0.7383303411131059,2.0492494278127755,0.8887246345170068,2.1302921472183107,173.69171035117986,True,0.0,0,1.0,True,5cb724e587794a443813328302266c67,10,dt2d
NYF,7UFF,explorer_boltz2_msa,s202_m0,0.7604017216642754,1.3421158730421718,0.7369738625356863,2.1970842783334463,172.53631152777888,True,0.0,0,0.9956,True,8421a71c28158e989ffbd342eb86edfc,11,dt2d
NYF,7UFF,explorer_boltz2_msa,s202_m1,0.7482065997130559,1.4660005488881465,0.7400677357414406,2.206321743286776,172.29737619954668,True,0.0,0,0.9956,True,0e784e2309295f477f95ecb8f8843194,11,dt2d
NYF,7UFF,explorer_boltz2_msa,s202_m10,0.7001434720229556,1.756532867244696,0.7659983628072639,2.219898361051695,172.66398458426028,True,0.0,0,0.9956,True,aab30f0ed8bdcb9c5412821ede5dbf73,11,dt2d
NYF,7UFF,explorer_boltz2_msa,s202_m11,0.7421090387374463,1.457969209487603,0.7358071439043422,2.214083141054102,171.0215652668436,True,0.0,0,0.9956,True,84ce7103a45d6c5f86c5e4c3dab2b39d,11,dt2d
NYF,7UFF,explorer_boltz2_msa,s202_m12,0.7327833572453372,1.4842743465741095,0.8146150148995126,2.181804297685748,171.13868333008207,True,0.0,0,0.9956,True,1bf31e19844e674733d4403ad561b648,11,dt2d
NYF,7UFF,explorer_boltz2_msa,s202_m13,0.8159971305595408,0.7104174564261353,0.5703195015444243,2.213563652845791,171.55915498196782,True,0.0,0,0.9956,True,f554fadd2cf2851a5421760cb649c71a,11,dt2d
NYF,7UFF,explorer_boltz2_msa,s202_m14,0.8152797704447633,0.8429905332451905,0.5922367169318755,2.1893676371043767,171.2512940285976,True,0.0,0,0.9956,True,7863fd7f04c52afc514eaaafc607857b,11,dt2d
NYF,7UFF,explorer_boltz2_msa,s202_m15,0.800932568149211,0.984337089863618,0.6955031803599785,2.221791406163054,172.17023983849134,True,0.0,0,0.9956,True,c3ba656fd706d74b97e32990b8fc21a1,11,dt2d
NYF,7UFF,explorer_boltz2_msa,s202_m16,0.7080344332855093,1.6746420157835165,0.8242249010870567,2.1862421356519506,171.52998515854918,True,0.0,0,0.9956,True,ed06cfba1afcd9ff6f72a1b59b2e982a,11,dt2d
NYF,7UFF,explorer_boltz2_msa,s202_m17,0.738522238163558,1.511877078170515,0.688710877248626,2.1888815072086474,172.8646210897017,True,0.0,0,0.9956,True,18efd11bbe292a497ba269bcfa1ab810,11,dt2d
NYF,7UFF,explorer_boltz2_msa,s202_m18,0.7471305595408895,1.2129134344124946,0.7700337234127463,2.199740578363731,170.53537801300507,True,0.0,0,0.9956,True,a445edeeb31c74082b2b21499ee9d1d9,11,dt2d
NYF,7UFF,explorer_boltz2_msa,s202_m19,0.7245337159253946,1.4493232376593388,0.7444493555047477,2.202392943277834,171.96848396437937,True,0.0,0,0.9956,True,77aaf1edbbae8e359f48b73524b3b58e,11,dt2d
NYF,7UFF,explorer_boltz2_msa,s202_m2,0.8281922525107603,0.5818925147186738,0.7605151074201484,2.213470310191668,172.03817555122149,True,0.0,0,0.9956,True,5b231ff3213f0be73b34e6a080c89974,11,dt2d
NYF,7UFF,explorer_boltz2_msa,s202_m3,0.7804878048780487,1.013495502586896,0.7088691875352392,2.204269946399488,171.82442766776762,True,0.0,0,0.9956,True,1c6ef661233f75a21280c5a6d6793cfc,11,dt2d
NYF,7UFF,explorer_boltz2_msa,s202_m4,0.744261119081779,1.4586012974828455,0.676555592122254,2.215188707108268,172.44475701105748,True,0.0,0,0.9956,True,424d77ca2c9d6106612e5e1991a59cb1,11,dt2d
NYF,7UFF,explorer_boltz2_msa,s202_m5,0.703012912482066,1.878984516347936,0.8398598398191393,2.21675676809613,171.6290903336927,True,0.0,0,0.9956,True,39c47ba2444ca6968f104d12dfa2175c,11,dt2d
NYF,7UFF,explorer_boltz2_msa,s202_m6,0.7783357245337159,1.0433490746280516,0.7620590878247548,2.198866452538671,171.97491334552885,True,0.0,0,0.9956,True,c8dc72d5efc63d993f2bf03f4a97a68b,11,dt2d
NYF,7UFF,explorer_boltz2_msa,s202_m7,0.7747489239598278,1.1781228621381443,0.7271291322423529,2.2031279077938257,172.01327445184114,True,0.0,0,0.9956,True,f85fd563018243d98e2eacf7e23c3ad3,11,dt2d
NYF,7UFF,explorer_boltz2_msa,s202_m8,0.7205882352941176,1.6830745219362908,0.772455952756498,2.239739597475564,172.36039606024625,True,0.0,0,0.9956,True,c7106cd6ab0dbe4803f5d12c7ad8facb,11,dt2d
NYF,7UFF,explorer_boltz2_msa,s202_m9,0.7632711621233859,1.351026791349096,0.708188938716397,2.1896080848635906,170.8164414141989,True,0.0,0,0.9956,True,bc42dabfc33d66cd661d2131b1e12fa4,11,dt2d
QDP,6UNM,explorer_boltz2_msa,s202_m0,0.7234660033167496,2.541061993254733,0.7119273518780881,2.238574078872531,171.89873051531828,True,0.0,0,1.0,True,8ffc9b787a9944fa7b211f9e4908104a,7,dt2d
QDP,6UNM,explorer_boltz2_msa,s202_m1,0.7193200663349917,2.5305853302210117,0.6943661826592843,2.2415961437333,171.54163959158706,True,0.0,0,1.0,True,8802cfe5eba1547a4a8c854c729a6bc1,7,dt2d
QDP,6UNM,explorer_boltz2_msa,s202_m10,0.7338308457711442,2.530487180205192,0.9176177220591616,2.2141065584564803,173.01778061167792,True,0.0,0,1.0,True,b60fd8207afb735b45fe737a95ce6cf1,7,dt2d
QDP,6UNM,explorer_boltz2_msa,s202_m11,0.7048092868988391,2.528466793069232,0.8923301381728364,2.223499065751996,172.7081614393244,True,0.0,0,1.0,True,81eb9891f5bc0cdeb69a1ba22254405b,7,dt2d
QDP,6UNM,explorer_boltz2_msa,s202_m12,0.7006633499170813,2.55100432657037,0.8123639377327135,2.213399079560665,171.86585444708894,True,0.0,0,1.0,True,d967dc736c55c69ebe2a5548596a40e4,7,dt2d
QDP,6UNM,explorer_boltz2_msa,s202_m13,0.7408789386401328,2.55072605891759,0.7976951504243568,2.1975449105990985,172.0625414138918,True,0.0,0,1.0,True,92af1bca0f264ad1bab91bec0e314f99,7,dt2d
QDP,6UNM,explorer_boltz2_msa,s202_m14,0.7126865671641791,2.5851042764727925,0.7323624208084504,2.219205222709247,173.49704427062028,True,0.0,0,1.0,True,f70f488cbe06a1c9544c25d517ce0247,7,dt2d
QDP,6UNM,explorer_boltz2_msa,s202_m15,0.708955223880597,2.4912249715495247,0.8198644950164599,2.20080171714764,172.48119553124144,True,0.0,0,1.0,True,b0903b66e3a6f6f120bc29cb51c44321,7,dt2d
QDP,6UNM,explorer_boltz2_msa,s202_m16,0.6853233830845771,2.6306281175566,0.8303703301305634,2.211674230464333,172.7640510845596,True,0.0,0,1.0,True,720213601157773f1c7393a8de13a225,7,dt2d
QDP,6UNM,explorer_boltz2_msa,s202_m17,0.7209784411276948,2.5825348020464705,0.8369532775304537,2.19374421068182,171.41823409166398,True,0.0,0,1.0,True,4972a0dd4f277c5fdcc51715e3b692f3,7,dt2d
QDP,6UNM,explorer_boltz2_msa,s202_m18,0.6969320066334992,2.7104664819475364,1.0600833444334454,2.1998819638335143,173.74109222002303,True,0.0,0,1.0,True,d36bdacdbf92e9a2fe8ae5f02bb33ee2,7,dt2d
QDP,6UNM,explorer_boltz2_msa,s202_m19,0.6343283582089553,2.8401613800337397,0.9085824794284392,2.270458600459387,171.55674104509274,True,0.0,0,1.0,True,3843e97e7f888d5d66d4c287d36bc47f,7,dt2d
QDP,6UNM,explorer_boltz2_msa,s202_m2,0.7172470978441128,2.5954952099290005,0.7754408649665382,2.2545705554273523,172.5692780662505,True,0.0,0,1.0,True,a9238327eedf381d30cb0c9555bca84c,7,dt2d
QDP,6UNM,explorer_boltz2_msa,s202_m3,0.722636815920398,2.508119047128688,0.728243417322129,2.22070444631878,172.4820989147475,True,0.0,0,1.0,True,59b207f957c5d3331ec3cbf2b465f47b,7,dt2d
QDP,6UNM,explorer_boltz2_msa,s202_m4,0.7296849087893864,2.5039164700793517,0.7451553662847762,2.206240962202452,171.557070687511,True,0.0,0,1.0,True,4af0129b734f798b9ad9f76d21024981,7,dt2d
QDP,6UNM,explorer_boltz2_msa,s202_m5,0.7209784411276949,2.5633981748059083,0.7896925156084684,2.209252292541528,172.3086207869013,True,0.0,0,1.0,True,26273d5563e19dae9b91d278f8530163,7,dt2d
QDP,6UNM,explorer_boltz2_msa,s202_m6,0.7143449419568823,2.5742506469791144,0.7723208791004744,2.2307583067871786,172.53456906310998,True,0.0,0,1.0,True,1728fecba8f1a547254e561da21254c1,7,dt2d
QDP,6UNM,explorer_boltz2_msa,s202_m7,0.7135157545605306,2.509417414551977,0.7113786153415799,2.213487278955992,171.76311555709898,True,0.0,0,1.0,True,9666882c212316752ef4d9542070bf8f,7,dt2d
QDP,6UNM,explorer_boltz2_msa,s202_m8,0.7251243781094527,2.490656573621167,0.8222811408864834,2.2215917416348128,172.38251689557163,True,0.0,0,1.0,True,757324cbb046cd328992d1db424c77e5,7,dt2d
QDP,6UNM,explorer_boltz2_msa,s202_m9,0.6575456053067993,2.6593972296339987,0.8915953632588638,2.2104628629768928,171.3935030164176,True,0.0,0,1.0,True,0c58feb045ddbf65c97b7b21c7b50406,7,dt2d
QEA,6UNH,explorer_boltz2_msa,s202_m0,0.4136904761904761,6.375987734648585,1.2848388438842868,2.2637849837164308,175.39544387486214,True,0.0,0,1.0,True,c40978fc9c2efb65cb3903158863a0ba,12,dt2d
QEA,6UNH,explorer_boltz2_msa,s202_m1,0.4102891156462585,6.403381672845362,1.144544113616488,2.2464049229379817,173.843797922535,True,0.0,0,1.0,True,4b0bee0391722a65e5c0476b1a629776,12,dt2d
QEA,6UNH,explorer_boltz2_msa,s202_m10,0.5659013605442177,3.473788497287976,1.683322824082804,2.234896976909674,173.75357240954582,True,0.0,0,1.0,True,6df33f6a4d0efe40513f2aabe5e13095,12,dt2d
QEA,6UNH,explorer_boltz2_msa,s202_m11,0.4060374149659864,5.528090296322952,1.5751218339402422,2.2428505945336616,172.75540316419674,True,0.0,0,1.0,True,997e0c01f5b2e35354bfae9e0d6c71d2,12,dt2d
QEA,6UNH,explorer_boltz2_msa,s202_m12,0.5748299319727891,4.41684262702652,0.9034908855477164,2.204885937979559,171.31258226575386,True,0.0,0,1.0,True,d2522c526f3c532b96d16756405e432f,12,dt2d
QEA,6UNH,explorer_boltz2_msa,s202_m13,0.4774659863945578,4.793411881502237,1.3551213986145854,2.1878567914971034,174.04423409648345,True,0.0,0,1.0,True,193df0ac96d7d9b56903fc18da723b39,12,dt2d
QEA,6UNH,explorer_boltz2_msa,s202_m14,0.4506802721088435,4.907374129140672,1.3863296450616698,2.190010429678361,173.89923095513404,True,0.0,0,1.0,True,f49b4abea5141885a7724075fba3d889,12,dt2d
QEA,6UNH,explorer_boltz2_msa,s202_m15,0.4179421768707483,5.637835531238687,1.6382095995524366,2.242783481190282,174.47006123339736,True,0.0,0,1.0,True,43698015c8bf3fa829ea66dea10ca471,12,dt2d
QEA,6UNH,explorer_boltz2_msa,s202_m16,0.4047619047619047,5.509459245252208,1.6102777397957233,2.2230677923311286,172.91030154193228,True,0.0,0,1.0,True,3831707b19275055f591091bdec50161,12,dt2d
QEA,6UNH,explorer_boltz2_msa,s202_m17,0.4204931972789115,5.023692103576051,1.4487618304569996,2.213408499486708,173.29413207870962,True,0.0,0,1.0,True,533a3ffc2476c07300cca3063deca538,12,dt2d
QEA,6UNH,explorer_boltz2_msa,s202_m18,0.467687074829932,3.7584950942755007,1.106971683315811,2.2183862041808684,174.76697617418628,True,0.0,0,1.0,True,59df303468c64c630eca0190e7524bd4,12,dt2d
QEA,6UNH,explorer_boltz2_msa,s202_m19,0.4289965986394558,5.292036666134778,1.5274175139101318,2.2459789302217423,175.59391154160983,True,0.0,0,1.0,True,35a0017464dac285846f2f18cb333317,12,dt2d
QEA,6UNH,explorer_boltz2_msa,s202_m2,0.3915816326530612,7.188997766518152,2.021322717940056,2.264415674738187,176.42499730328993,True,0.0,0,1.0,True,a1621a5adc2bdc40d914931e12960a0b,12,dt2d
QEA,6UNH,explorer_boltz2_msa,s202_m3,0.5127551020408163,5.354042733133088,1.178734559642039,2.262664866324662,175.05011740183554,True,0.0,0,1.0,True,891311f41840763d36be98c90070e1d0,12,dt2d
QEA,6UNH,explorer_boltz2_msa,s202_m4,0.407312925170068,6.449667768085035,1.6241797390091193,2.276271517306317,174.72235857462036,True,0.0,0,1.0,True,e8ad7b596b5a915078f883ef6c5fb3d0,12,dt2d
QEA,6UNH,explorer_boltz2_msa,s202_m5,0.372874149659864,6.957715493907466,1.7105981402067056,2.292088183403946,176.78716973913126,True,0.0,0,1.0,True,b3503c05638a127c437a303b0ac7afb0,12,dt2d
QEA,6UNH,explorer_boltz2_msa,s202_m6,0.3626700680272108,7.026870836858226,1.7482465536400171,2.261899107033733,176.22605505285483,True,0.0,0,1.0,True,be2dbe63f2ca8a7cd504addc33a8674d,12,dt2d
QEA,6UNH,explorer_boltz2_msa,s202_m7,0.5620748299319728,4.107128660901672,1.2534516911039393,2.240886522138058,173.23387016501968,True,0.0,0,1.0,True,da41b2ca2a92daa151d50cd39959b770,12,dt2d
QEA,6UNH,explorer_boltz2_msa,s202_m8,0.4923469387755102,5.242614337948438,1.360687459871888,2.260844423506403,175.90257336675185,True,0.0,0,1.0,True,3d2bed90e8d1eb7e5a82db3c345cd5ed,12,dt2d
QEA,6UNH,explorer_boltz2_msa,s202_m9,0.5569727891156463,5.192745938003218,1.1260199289204815,2.266964672971328,173.1553082989568,True,0.0,0,1.0,True,6348c81543017bb7f2a8d05e9bbab00b,12,dt2d
T0K,7UFD,explorer_boltz2_msa,s202_m0,0.22782874617737,9.43457088435831,0.6504593683262933,2.2539783063286127,172.08503505043282,True,0.0,0,1.0,True,8352c9e99a9ce11bc7e851196f3077a0,12,dt2d
T0K,7UFD,explorer_boltz2_msa,s202_m1,0.2381498470948012,9.301366444716182,0.681339292008239,2.249702490930745,171.762965147228,True,0.0,0,1.0,True,eadcb69b9c0eca49c1f544b92e0d3cc0,12,dt2d
T0K,7UFD,explorer_boltz2_msa,s202_m10,0.2312691131498471,9.409060305137892,0.6598843980888375,2.2722293488114262,172.23948110804483,True,0.0,0,1.0,True,3911b21497e09de8f7981b90fe513e8d,12,dt2d
T0K,7UFD,explorer_boltz2_msa,s202_m11,0.2370030581039755,9.411825103607432,0.6815683852905731,2.252620087764468,171.94175483990438,True,0.0,0,1.0,True,53b0a96bd6217a8f07f5b964bdac6cae,12,dt2d
T0K,7UFD,explorer_boltz2_msa,s202_m12,0.2327981651376147,9.350072819287782,0.6670034464763409,2.244328812384673,171.45077809114466,True,0.0,0,1.0,True,268ea4910b4b916213adb6093b83c8a9,12,dt2d
T0K,7UFD,explorer_boltz2_msa,s202_m13,0.2442660550458715,9.299477258888,0.6533888029900173,2.2469021864558325,171.49024423210062,True,0.0,0,1.0,True,881f20a98cac6f9c482efb87d1a4c29e,12,dt2d
T0K,7UFD,explorer_boltz2_msa,s202_m14,0.2289755351681957,9.520021596152274,0.7015339351833734,2.245686308570278,172.0927608686577,True,0.0,0,1.0,True,67ecc092faad5fd6549e7207f671b736,12,dt2d
T0K,7UFD,explorer_boltz2_msa,s202_m15,0.2293577981651376,9.404105864275811,0.6652132811616304,2.2732368344279483,171.8454726987679,True,0.0,0,1.0,True,4072a63ee901a6ce3a2f9f8e68381edd,12,dt2d
T0K,7UFD,explorer_boltz2_msa,s202_m16,0.2228593272171253,9.413417949121436,0.738002968401075,2.2280912988026325,171.35726306885311,True,0.0,0,1.0,True,1c9a323927fd6421eb36de231a2d0ed0,12,dt2d
T0K,7UFD,explorer_boltz2_msa,s202_m17,0.2243883792048929,9.435612521101737,0.6119263282103593,2.2600115340192404,172.1917234561809,True,0.0,0,1.0,True,5c4344007268461bf22dd60c75f251f3,12,dt2d
T0K,7UFD,explorer_boltz2_msa,s202_m18,0.2232415902140673,9.61437713093944,0.7700211844310201,2.249347726542075,172.97983456211563,True,0.0,0,1.0,True,4d76735bbace17fbb8004d34c5a0b492,12,dt2d
T0K,7UFD,explorer_boltz2_msa,s202_m19,0.246177370030581,9.34515755996826,0.7065050489183103,2.310216812206162,171.91134852916016,True,0.0,0,1.0,True,7ea3741afae3b1c4b9ca10e87af95fe5,12,dt2d
T0K,7UFD,explorer_boltz2_msa,s202_m2,0.2213302752293577,9.53037280631361,0.6564387774281083,2.255915189607092,171.25865927586804,True,0.0,0,1.0,True,296c2e747e625ba6cb32c405733f388a,12,dt2d
T0K,7UFD,explorer_boltz2_msa,s202_m3,0.2305045871559632,9.487688185028572,0.7513526174215759,2.2750271870023884,172.5191251342806,True,0.0,0,1.0,True,79bd10873938a6451902df634b584337,12,dt2d
T0K,7UFD,explorer_boltz2_msa,s202_m4,0.2243883792048929,9.484408469321943,0.6893818427459144,2.261530849203698,171.35430075991724,True,0.0,0,1.0,True,f67158bd38216ae1dd1dde62553928d6,12,dt2d
T0K,7UFD,explorer_boltz2_msa,s202_m5,0.2396788990825687,9.450393818272085,0.6877234912113184,2.258031953095439,171.60280351707124,True,0.0,0,1.0,True,5cd0f71a9eb5f43e25f76b4c0a76beeb,12,dt2d
T0K,7UFD,explorer_boltz2_msa,s202_m6,0.220565749235474,9.430383876070172,0.6512520073985205,2.2424655160336355,172.23544937862874,True,0.0,0,1.0,True,f07118ca4383ab67a9c4c324a5c8ab18,12,dt2d
T0K,7UFD,explorer_boltz2_msa,s202_m7,0.2327981651376146,9.390591958188857,0.6488368358361637,2.2259860895567165,172.04413255429495,True,0.0,0,1.0,True,e0f73a36e0c5cf39e3430bf9d9b702f3,12,dt2d
T0K,7UFD,explorer_boltz2_msa,s202_m8,0.2385321100917431,9.426089972673884,0.7082366209163938,2.2640905566694998,172.19107025164604,True,0.0,0,1.0,True,225f96103237b18404f1ac9bb2de2ffb,12,dt2d
T0K,7UFD,explorer_boltz2_msa,s202_m9,0.2327981651376147,9.44569456954112,0.6421820671021186,2.276693779035732,172.20306075461764,True,0.0,0,1.0,True,dd9fb5e233c6be28e49357b53937d1fb,12,dt2d
X6V,7KVN,explorer_boltz2_msa,s202_m0,0.4651162790697674,5.339324371781747,1.5076176110445898,2.260796335586202,174.87853381920576,True,0.0,0,1.0,True,9248992845a6c5dd608266a14c2ab691,6,dt2d
X6V,7KVN,explorer_boltz2_msa,s202_m1,0.4306797853309482,6.053142168593165,1.3735724297966403,2.2443653140476045,172.92953623407,True,0.0,0,1.0,True,539c86b2b4f123fd2b0ac318542ce38b,6,dt2d
X6V,7KVN,explorer_boltz2_msa,s202_m10,0.4132379248658318,5.937416756529623,1.6229476683048627,2.3065768517870806,175.78982535890069,True,0.0,0,1.0,True,98406db78e1a7b9547500c351d744bb3,6,dt2d
X6V,7KVN,explorer_boltz2_msa,s202_m11,0.4096601073345259,4.447718772748798,1.8238131040279435,2.2492638778942764,174.47485638110018,True,0.0,0,1.0,True,3dce1ac5d87ee5eca6bc030e48d2a4ec,6,dt2d
X6V,7KVN,explorer_boltz2_msa,s202_m12,0.4458855098389982,5.78423691657047,1.0216008918728934,2.24721848196832,172.50685191179286,True,0.0,0,1.0,True,15f9af6704669d20c17cb87956087333,6,dt2d
X6V,7KVN,explorer_boltz2_msa,s202_m13,0.4127906976744186,5.854185670521071,1.6507321043568932,2.292995718661507,175.51698232239846,True,0.0,0,1.0,True,df1f18940f12db7cdf98c736b305034a,6,dt2d
X6V,7KVN,explorer_boltz2_msa,s202_m14,0.3899821109123434,5.936048889851552,1.5590486052917107,2.2867986119682686,174.89645667304814,True,0.0,0,1.0,True,53f7a6d0b02e8997e93e6b7acab30376,6,dt2d
X6V,7KVN,explorer_boltz2_msa,s202_m15,0.4838998211091234,5.251526089396763,1.5170471555271376,2.2497727540798427,174.44209534809497,True,0.0,0,1.0,True,629c81ff72fc5510a0fd7141b73916d0,6,dt2d
X6V,7KVN,explorer_boltz2_msa,s202_m16,0.3859570661896243,5.947397629157102,1.6304552860260693,2.2919302635551544,174.1449000881585,True,0.0,0,1.0,True,a605ad41af55a1b3d035237a0fb5d781,6,dt2d
X6V,7KVN,explorer_boltz2_msa,s202_m17,0.407871198568873,5.828080990471138,1.6019069865962352,2.2881705116970634,174.765070484835,True,0.0,0,1.0,True,0709c51a3ea1cf32cafeacbc3c6da130,6,dt2d
X6V,7KVN,explorer_boltz2_msa,s202_m18,0.4481216457960644,4.194972274064259,1.6044476776976129,2.214098248294325,173.19621394200382,True,0.0,0,1.0,True,dd0611d3beda8c633103d11381931077,6,dt2d
X6V,7KVN,explorer_boltz2_msa,s202_m19,0.4937388193202147,4.637256429368739,1.6920381464627463,2.3015139956993527,175.6789107806339,True,0.0,0,1.0,True,96f24bdd3554b7df19b81e6fbe86beee,6,dt2d
X6V,7KVN,explorer_boltz2_msa,s202_m2,0.3805903398926654,6.013766563341332,1.6311397866904611,2.275646256912528,174.40612622783368,True,0.0,0,1.0,True,01326d9cf860442896da3f43f47ec42f,6,dt2d
X6V,7KVN,explorer_boltz2_msa,s202_m3,0.3872987477638641,6.168695680243271,1.674632001712563,2.307442294164688,174.9878554493326,True,0.0,0,1.0,True,04d3857036b00bea4a6a7b2f8202198d,6,dt2d
X6V,7KVN,explorer_boltz2_msa,s202_m4,0.4047406082289803,5.914908969342824,1.55551638185179,2.2763728002460404,175.46466261687658,True,0.0,0,1.0,True,e332e6403db5b23cd57339baffde517d,6,dt2d
X6V,7KVN,explorer_boltz2_msa,s202_m5,0.398479427549195,6.080498546687245,1.6317817110179191,2.266323468064521,175.36425456241082,True,0.0,0,1.0,True,86423d39b7bbb2049e8563cec37ef73f,6,dt2d
X6V,7KVN,explorer_boltz2_msa,s202_m6,0.4033989266547406,5.891168246544719,1.617307412718631,2.2677261008331677,174.8583617720118,True,0.0,0,1.0,True,a99f714996b00c7bc8f3e1b738d5827a,6,dt2d
X6V,7KVN,explorer_boltz2_msa,s202_m7,0.4114490161001789,5.854880466781816,1.5769586756175074,2.295558447829199,175.72090013989558,True,0.0,0,1.0,True,9a278af8b4963347c52e3f71e2add164,6,dt2d
X6V,7KVN,explorer_boltz2_msa,s202_m8,0.3989266547406082,5.822913706933674,1.5938140362267912,2.279885740031724,175.9004572264846,True,0.0,0,1.0,True,36bd177e8438eb8cbb495e7a02578a7d,6,dt2d
X6V,7KVN,explorer_boltz2_msa,s202_m9,0.3828264758497316,6.186250083679968,1.7123179577754624,2.3184902041414794,177.06265042021664,True,0.0,0,1.0,True,b005f7762f77cf2130179221de921cec,6,dt2d
X7J,7KVK,explorer_boltz2_msa,s202_m0,0.7304123711340206,2.375284776647366,0.6049581689069586,2.205659738989675,173.1247814425204,True,0.0,0,0.9956,True,0a938faa008c5af7b695c59264745340,12,dt2d
X7J,7KVK,explorer_boltz2_msa,s202_m1,0.7164948453608248,2.626785145695089,0.9015445917475836,2.1875615806646453,171.08283762204326,True,0.0,0,0.9956,True,7503ed18ecd038ec309a32e1dbba30d1,12,dt2d
X7J,7KVK,explorer_boltz2_msa,s202_m10,0.7309278350515463,2.353941456819229,0.7141604858692122,2.227054830353308,173.182741079585,True,0.0,0,0.9956,True,2b5dbe6626d78700cde2a64e5d10289d,12,dt2d
X7J,7KVK,explorer_boltz2_msa,s202_m11,0.7082474226804124,2.328677916904674,0.7403991687349989,2.2001025831310685,172.79200354744586,True,0.0,0,0.9956,True,c888d4e07d12df0183c58525a1a3836a,12,dt2d
X7J,7KVK,explorer_boltz2_msa,s202_m12,0.7082474226804123,2.285651515359711,0.7591181910544815,2.1711255393458946,169.6991650311858,True,0.0,0,0.9956,True,64b07e38ca66685af994b6fe90abc230,12,dt2d
X7J,7KVK,explorer_boltz2_msa,s202_m13,0.7123711340206185,2.414143014705304,0.7749855333598278,2.226128371725225,173.3609525927959,True,0.0,0,0.9956,True,27f649458ddbf875b3cb63030db3dc57,12,dt2d
X7J,7KVK,explorer_boltz2_msa,s202_m14,0.6958762886597938,2.3736459278375124,0.787106131457392,2.163342427957257,169.46842768770114,True,0.0,0,0.9956,True,f5ae7944ecbb9f82bb44bde7cf1ec726,12,dt2d
X7J,7KVK,explorer_boltz2_msa,s202_m15,0.7293814432989691,2.31921748261901,0.7272639840905514,2.206279929723334,172.52920732101904,True,0.0,0,0.9956,True,b895c5fee12712596dc30bbc6f4cff44,12,dt2d
X7J,7KVK,explorer_boltz2_msa,s202_m16,0.6948453608247422,2.34118906099248,0.721911458385315,2.20782417529114,173.63860941988176,True,0.0,0,0.9956,True,f3e5d99fbc58adda3e6c69958485d8da,12,dt2d
X7J,7KVK,explorer_boltz2_msa,s202_m17,0.7252577319587629,2.3217767819102653,0.6906808818733993,2.203182097921096,173.6629437458455,True,0.0,0,0.9956,True,adcb4c665218c32fee9448408e0d4349,12,dt2d
X7J,7KVK,explorer_boltz2_msa,s202_m18,0.715979381443299,2.435960702444245,0.7405994895259682,2.20669378040996,172.840778467043,True,0.0,0,0.9956,True,7a68f334eede401630c8821ab01b6bf6,12,dt2d
X7J,7KVK,explorer_boltz2_msa,s202_m19,0.7216494845360825,2.4052496931591043,0.7088761283389036,2.201680116388391,172.6342500633481,True,0.0,0,0.9956,True,102947b8a669e6b719c638cb8a752a40,12,dt2d
X7J,7KVK,explorer_boltz2_msa,s202_m2,0.7206185567010309,2.4094839736516023,0.7884601136742165,2.229250749848477,173.17336778660905,True,0.0,0,0.9956,True,9a8ed1bf1f7983a7a5e86e31048cdfb8,12,dt2d
X7J,7KVK,explorer_boltz2_msa,s202_m3,0.7319587628865979,2.3864665695624163,0.7006092728102669,2.2012169180932624,172.364476656925,True,0.0,0,0.9956,True,5a6b61a5543b63fd585170d6e447da18,12,dt2d
X7J,7KVK,explorer_boltz2_msa,s202_m4,0.7319587628865979,2.0646219850985883,0.8097820550091667,2.1878275431806777,171.70792757327314,True,0.0,0,0.9956,True,ba814e97ee71636291e0b54f9f60199c,12,dt2d
X7J,7KVK,explorer_boltz2_msa,s202_m5,0.7247422680412371,2.3830629567293107,0.7439350196770452,2.193821353756955,172.94961739801892,True,0.0,0,0.9956,True,11aa17c1952f3a7f44a77607a1314c9a,12,dt2d
X7J,7KVK,explorer_boltz2_msa,s202_m6,0.7180412371134021,2.356991246693114,0.6579022656234488,2.210427558663708,173.0815405991218,True,0.0,0,0.9956,True,8afff3b84499e25b04030053a49c7ae3,12,dt2d
X7J,7KVK,explorer_boltz2_msa,s202_m7,0.7319587628865979,2.2701703226817767,0.6910087290324736,2.210394217600109,172.35049222973237,True,0.0,0,0.9956,True,5b6488dd8cc09cc1d39d29401b38ef8a,12,dt2d
X7J,7KVK,explorer_boltz2_msa,s202_m8,0.6891752577319588,2.4074463778386286,0.8160418553578781,2.207344569046709,172.9518630628602,True,0.0,0,0.9956,True,cd62dda1cf562fcde4c461eca8c4f4b1,12,dt2d
X7J,7KVK,explorer_boltz2_msa,s202_m9,0.7396907216494846,2.185134319593637,0.6576009588505872,2.2124351298060696,173.0560803013463,True,0.0,0,0.9956,True,64ede44fe0b1fd05e4fe5df0110bb457,12,dt2d
Z8Z,4I4G,explorer_boltz2_msa,s202_m0,0.7027777777777777,1.5465446165421393,0.8280406775463832,2.12350741618672,171.0874791975854,True,0.0,0,1.0,True,db03e10557e1ba41b8df64664e575c44,7,dt2d
Z8Z,4I4G,explorer_boltz2_msa,s202_m1,0.6857638888888888,1.6263598454719308,0.8380713192812774,2.113954252556096,172.05359474218736,True,0.0,0,1.0,True,d21dc0d4ce4b672885d570d32c61b0c7,7,dt2d
Z8Z,4I4G,explorer_boltz2_msa,s202_m10,0.657986111111111,1.9391892757968645,0.8477391136185991,2.1229121101213777,172.00084004641303,True,0.0,0,1.0,True,560e9bc188be32de478bedc6dc57b2af,7,dt2d
Z8Z,4I4G,explorer_boltz2_msa,s202_m11,0.6378472222222222,1.8108974938272608,0.84942285352425,2.1653025525547225,173.68166780276826,True,0.0,0,1.0,True,54086158f959871e60917948f2203b45,7,dt2d
Z8Z,4I4G,explorer_boltz2_msa,s202_m12,0.6725694444444444,1.8339832352339505,0.9368927226840568,2.121216402303169,172.60112133641505,True,0.0,0,1.0,True,292e0b9b23ee55427764852a57d031de,7,dt2d
Z8Z,4I4G,explorer_boltz2_msa,s202_m13,0.7118055555555556,1.556764128324828,0.8035621714990562,2.1363192627741765,171.68951606538477,True,0.0,0,1.0,True,54374c96a4f0ba1a4d4e53b68b50ad13,7,dt2d
Z8Z,4I4G,explorer_boltz2_msa,s202_m14,0.4663194444444444,4.617814051288326,1.1036799154146917,2.129541434769467,171.3260263379697,True,0.0,0,1.0,True,3964c887889d6dcc439101046c14b07d,7,dt2d
Z8Z,4I4G,explorer_boltz2_msa,s202_m15,0.7104166666666667,1.6493224956447743,0.8341956599975566,2.1054205595082425,172.07202487984674,True,0.0,0,1.0,True,ffb532af86d01d7a1f783adabced6af3,7,dt2d
Z8Z,4I4G,explorer_boltz2_msa,s202_m16,0.7079861111111111,1.5814609488956957,0.9233090391042432,2.134275147702376,171.89163180105095,True,0.0,0,1.0,True,dcea5a7f1aeae2a6e6feff48fa59a1db,7,dt2d
Z8Z,4I4G,explorer_boltz2_msa,s202_m17,0.621875,2.604435177880234,1.125209364993761,2.111299035949195,172.10229680345304,True,0.0,0,1.0,True,5fe32ff366453c1756c3753584cca419,7,dt2d
Z8Z,4I4G,explorer_boltz2_msa,s202_m18,0.7222222222222222,1.661989756283207,0.9206008046633608,2.1546309537830366,171.82138467328545,True,0.0,0,1.0,True,f3f7694e405f6fe994620c5016aa538d,7,dt2d
Z8Z,4I4G,explorer_boltz2_msa,s202_m19,0.5340277777777778,4.645841242147695,1.0731019101580304,2.130807841617822,169.53603426454282,True,0.0,0,1.0,True,ff568bca25fe16a45143ca648406cbb0,7,dt2d
Z8Z,4I4G,explorer_boltz2_msa,s202_m2,0.7069444444444445,1.6323951428817862,0.8363154456837457,2.135563300771017,171.90951448211317,True,0.0,0,1.0,True,f1fa65b7c6d35967eaea78eae90eec79,7,dt2d
Z8Z,4I4G,explorer_boltz2_msa,s202_m3,0.653125,1.852188955384636,0.8515809906649955,2.110825785658305,172.38288193369146,True,0.0,0,1.0,True,602e55e48e272d09435f58dd8594e6ad,7,dt2d
Z8Z,4I4G,explorer_boltz2_msa,s202_m4,0.6694444444444444,1.8107244458265728,0.8524286707246775,2.1372049838281777,173.4210892575044,True,0.0,0,1.0,True,e8385aaf0baad26fd1020e880aec7121,7,dt2d
Z8Z,4I4G,explorer_boltz2_msa,s202_m5,0.5951388888888889,2.412241852627321,1.1180179180432286,2.1639524286360823,173.05233936084886,True,0.0,0,1.0,True,bee36ec1740ec049813c9f889967ec81,7,dt2d
Z8Z,4I4G,explorer_boltz2_msa,s202_m6,0.6899305555555555,1.5662752882657875,0.7880266951661241,2.116600536426276,171.56686827889183,True,0.0,0,1.0,True,9ea97a5f3be7209f11714debc9cf3100,7,dt2d
Z8Z,4I4G,explorer_boltz2_msa,s202_m7,0.7006944444444445,1.660202836627301,0.8524171168591269,2.13136605990149,171.14003179083602,True,0.0,0,1.0,True,7ed698e86abd39c45b103759ff64d23d,7,dt2d
Z8Z,4I4G,explorer_boltz2_msa,s202_m8,0.6760416666666667,1.7967006897236724,0.818711362983297,2.1305346547287134,175.41011503357825,True,0.0,0,1.0,True,3f0b9ff8a62d3a67bfe06eebb0f11f30,7,dt2d
Z8Z,4I4G,explorer_boltz2_msa,s202_m9,0.6625,2.2594527604907726,1.0143956492809814,2.112294402799951,170.7883727208381,True,0.0,0,1.0,True,1e35fd2897b92bb7b27ee6dad6646772,7,dt2d
