ligand,sample,n_pocket_residues_touched,donor_to_centroid,rg_about_donor,centroid_fe_dist,azimuth_about_axis,distal_half_contacts,distal_half_buried_frac,contact_consensus
08J,pred.model_idx_0,11,4.241096332563007,5.362740482091304,6.4431874313877,55.34560238594503,46,0.2727272727272727,0.6306656306656307
08J,pred.model_idx_1,10,4.3230560098904895,5.438712263666512,6.584037221508966,59.94882143927632,52,0.45454545454545453,0.6792929292929294
08J,pred.model_idx_2,8,2.3952409455304404,4.030109017837132,6.794308159118087,-67.1163574189158,36,0.18181818181818182,0.6460631960631961
08J,pred.model_idx_3,8,2.368401493258759,4.024159269473185,6.461685796208486,-71.89523044521661,34,0.18181818181818182,0.6226711560044893
08J,pred.model_idx_4,8,1.7676460857055123,3.5310026165751944,6.6321065862414,-34.094268872199876,37,0.09090909090909091,0.6744107744107743
08J,pred.model_idx_5,8,1.674085988807207,3.4093595471494536,6.2196814005226635,-48.90356295770577,31,0.18181818181818182,0.6694163860830528
08J,pred.model_idx_6,9,1.7244652216171565,3.48668571294712,6.984086756499108,-43.38440402371884,57,0.45454545454545453,0.7216610549943884
08J,pred.model_idx_7,8,2.2909187708744283,3.971411877953208,6.908232372350902,-68.97580544587048,46,0.45454545454545453,0.637701804368471
08J,pred.model_idx_8,10,2.161785328216705,3.8107051555596234,7.16654248550843,-100.49557614432334,47,0.2727272727272727,0.7474747474747475
08J,pred.model_idx_9,11,2.426995893703352,4.076442881387815,6.795105948450078,58.76069447237582,50,0.36363636363636365,0.6754079254079254
1RD,pred.model_idx_0,14,7.9202841946537275,9.533883597838965,9.685964188811498,-177.33960511796028,78,0.35294117647058826,0.6756454726139969
1RD,pred.model_idx_1,13,7.89238073752923,9.458395212719756,9.65055453878804,-154.4066507773979,70,0.23529411764705882,0.5939069487444101
1RD,pred.model_idx_2,15,5.537008327644826,7.127432948023532,7.5123300793035,128.378602562092,130,0.7058823529411765,0.7255537400145243
1RD,pred.model_idx_3,15,5.504354146060598,7.224340734728018,7.441699745561029,101.8626631946745,115,0.6470588235294118,0.6663226694186446
1RD,pred.model_idx_4,14,5.120169589825266,6.493361537535304,7.099847084872422,-166.29103575411386,80,0.4117647058823529,0.7732259570494864
1RD,pred.model_idx_5,12,5.296083574853849,6.553079832087679,7.183618887270607,73.4565789426708,90,0.4117647058823529,0.7473748473748474
1RD,pred.model_idx_6,13,5.068099202112068,6.397755523842494,7.031562184253255,81.38344361791215,79,0.23529411764705882,0.7848006296535708
1RD,pred.model_idx_7,15,5.052303903716622,6.473023557150752,6.829721457911228,82.77750247031743,94,0.4117647058823529,0.7630446623093682
1RD,pred.model_idx_8,12,5.186260319619248,6.417027487195966,7.122127353938168,75.35610031051948,57,0.23529411764705882,0.726541514041514
1RD,pred.model_idx_9,14,7.674091441270398,9.241138230759239,9.551540092293695,-160.03647529835752,96,0.47058823529411764,0.6331355349157207
2QH,pred.model_idx_0,11,6.420877553975687,7.706629394076703,8.301489524648856,72.99125884428197,87,0.35294117647058826,0.7389092389092389
2QH,pred.model_idx_1,13,6.438423618896692,7.6889163334213055,8.235173314502628,23.338765610954656,141,0.7058823529411765,0.8128968253968255
2QH,pred.model_idx_2,14,6.222727921119228,7.4919894671889775,7.845195379656437,25.49593212164359,147,0.6470588235294118,0.8061507936507937
2QH,pred.model_idx_3,14,5.976447447992487,7.315864558293443,7.903548937312799,29.08149910339615,93,0.47058823529411764,0.8061507936507937
2QH,pred.model_idx_4,14,6.269935711965468,7.5941293231331395,8.267474887089197,173.97295100647568,61,0.23529411764705882,0.7368386243386243
2QH,pred.model_idx_5,13,6.217687414444137,7.504917129299101,7.962900341116957,-13.859808104000553,114,0.6470588235294118,0.7959656084656085
2QH,pred.model_idx_6,14,6.2104842122429575,7.51600020348746,8.055715875585863,-101.87340872778906,119,0.6470588235294118,0.7753968253968254
2QH,pred.model_idx_7,13,6.3126085070670115,7.59349788615621,7.664408038150077,24.735803273390097,117,0.5294117647058824,0.8128968253968255
2QH,pred.model_idx_8,12,6.212298397374975,7.47771858295579,8.20824930974741,-146.06693840674612,77,0.35294117647058826,0.696845746845747
2QH,pred.model_idx_9,13,6.0154164984358305,7.296275324961844,7.618518167033447,48.260953582990425,90,0.47058823529411764,0.7284391534391534
5AW,pred.model_idx_0,14,7.362489064903623,9.016771614682904,9.341988210082045,159.65422894616768,69,0.2222222222222222,0.7523649810801514
5AW,pred.model_idx_1,16,7.663247233765491,9.238637109912297,9.425792327632319,122.3863165799847,75,0.2222222222222222,0.8968223254213967
5AW,pred.model_idx_2,16,7.068528169383868,8.583668196214408,8.74144451513038,-146.0812229032557,87,0.3888888888888889,0.8453517371861025
5AW,pred.model_idx_3,17,5.69278617400447,7.527562196463183,7.703042092380809,77.10580614768513,112,0.6111111111111112,0.695906432748538
5AW,pred.model_idx_4,15,7.2652864415264995,8.878338956224955,9.145579806461027,165.3605917665362,85,0.3888888888888889,0.8684525857126477
5AW,pred.model_idx_5,15,7.204285565642311,8.79739423951237,8.913198077613984,179.92734554502326,76,0.3888888888888889,0.8692695791767
5AW,pred.model_idx_6,16,7.809766756837338,9.425390450009758,9.559606049583246,173.1291143042898,107,0.5555555555555556,0.8968223254213967
5AW,pred.model_idx_7,16,7.623879401688018,9.193509309966048,9.377273824237303,146.1730551359435,91,0.4444444444444444,0.8968223254213967
5AW,pred.model_idx_8,15,7.75879421160075,9.447343368891051,9.523506565002462,-156.83667095430985,71,0.2777777777777778,0.8550266597867218
5AW,pred.model_idx_9,14,7.207246665353698,8.70657241336619,9.113926443908888,169.0281702980905,98,0.4444444444444444,0.8400828460038987
08Y,pred.model_idx_0,14,6.147984504828086,8.145773883603121,10.851383369402528,-107.2229023597095,103,0.2857142857142857,0.7927832244008715
08Y,pred.model_idx_1,15,6.060298640782302,8.065685199918606,11.011657744857784,-119.93021269747767,101,0.38095238095238093,0.8196713870733479
08Y,pred.model_idx_2,17,5.9716364019360775,7.937133448046153,10.464178607113853,-164.07145619091085,121,0.5238095238095238,0.8529411764705882
08Y,pred.model_idx_3,15,6.071416340631497,8.092860846104957,10.718770795106654,-114.69294168797693,116,0.42857142857142855,0.8467592592592592
08Y,pred.model_idx_4,16,6.257240288507649,8.252993635856528,10.893202651418337,-125.25692093804331,108,0.47619047619047616,0.8615196078431372
08Y,pred.model_idx_5,15,6.1151622318371395,8.100785973925545,10.597450418732864,-127.25877526040065,107,0.38095238095238093,0.8467592592592592
08Y,pred.model_idx_6,14,6.07855169186154,7.99496708255655,11.25044372648145,-110.67341044166056,126,0.5714285714285714,0.7428286129266521
08Y,pred.model_idx_7,16,5.994333146188653,7.983155730574511,10.75984203253795,-121.68968312121623,127,0.5714285714285714,0.8615196078431372
08Y,pred.model_idx_8,14,6.245006584084783,8.234139163716014,10.914265980194228,-117.32980265169736,107,0.42857142857142855,0.8271514161220044
08Y,pred.model_idx_9,15,6.233731973198966,8.237836620499737,11.05443928136163,-126.65281806624195,129,0.42857142857142855,0.8336873638344228
6AW,pred.model_idx_0,15,7.774011211229816,9.427256696186303,9.470127820885303,104.51972658485163,92,0.3157894736842105,0.8232570806100218
6AW,pred.model_idx_1,18,8.53072347581233,10.316264613654855,10.166047923809757,97.93626124693613,112,0.5789473684210527,0.8703703703703702
6AW,pred.model_idx_2,17,7.824255189832657,9.517553447792082,9.576087260619113,175.78652377283777,105,0.47368421052631576,0.8790849673202614
6AW,pred.model_idx_3,16,7.79973435667049,9.525761969798697,9.640060082958357,-179.1047173924842,101,0.47368421052631576,0.8398692810457516
6AW,pred.model_idx_4,14,7.6207531073464265,9.339318634281176,9.47859812402733,177.3345803186453,85,0.3684210526315789,0.7953885257806825
6AW,pred.model_idx_5,16,7.7887887812336,9.436844546775156,9.454141843364729,-163.89275156992153,100,0.47368421052631576,0.8405047204066811
6AW,pred.model_idx_6,16,8.412324898794557,10.160218467511106,10.132398160732517,155.9405866697424,104,0.5789473684210527,0.8166303558460422
6AW,pred.model_idx_7,18,8.156231057056573,9.833782014592673,9.821691263047342,142.3792015022758,122,0.6842105263157895,0.8703703703703703
6AW,pred.model_idx_8,14,7.499749957143077,9.302241306039608,9.491966833435315,137.3170020624824,80,0.15789473684210525,0.7603939724037763
6AW,pred.model_idx_9,15,8.151227166418536,9.91847095070606,9.986723228610842,-157.9922915985721,124,0.631578947368421,0.7772785039941903
7AW,pred.model_idx_0,14,7.9259526603633566,9.640824817180093,9.670660116322571,145.51962778759662,97,0.3181818181818182,0.8451888162672475
7AW,pred.model_idx_1,18,8.74388127513064,10.676006847131564,10.442094197058696,98.28704882335053,126,0.5,0.786254356429795
7AW,pred.model_idx_2,17,7.546063642868528,9.160364026002945,9.32535694830677,175.386418259174,137,0.5454545454545454,0.8583457554561785
7AW,pred.model_idx_3,17,8.328168819964398,10.120819335519345,9.90253409792129,-50.75960261381823,116,0.5,0.8250227966430237
7AW,pred.model_idx_4,16,7.8888925923308975,9.608906096834216,9.752742270766717,145.18422672611936,92,0.22727272727272727,0.8559005083514888
7AW,pred.model_idx_5,15,7.608374835341757,9.24605221582583,9.30888221667621,-136.91373614061646,101,0.3181818181818182,0.8452700378396973
7AW,pred.model_idx_6,14,8.303611365135646,10.031858091987633,10.118594241015941,167.32435233907174,112,0.45454545454545453,0.8451888162672475
7AW,pred.model_idx_7,17,6.2304857370437965,7.696023172175787,8.113177518878748,46.62592465782225,183,0.6818181818181818,0.6122174122174122
7AW,pred.model_idx_8,14,8.352834636971608,10.108645447228714,10.034293418369124,145.841193242671,103,0.45454545454545453,0.8451888162672475
7AW,pred.model_idx_9,17,8.08754973878269,9.826982396556037,9.783845662880305,-165.22577201988778,123,0.45454545454545453,0.8583457554561785
80K,pred.model_idx_0,11,5.313868183243623,6.745319345047102,7.354015597088589,-98.73173149345271,99,0.4666666666666667,0.7763532763532764
80K,pred.model_idx_1,12,5.476474965705586,6.879605141285363,7.566533965429613,35.12653383080423,121,0.6,0.8087606837606837
80K,pred.model_idx_2,12,5.154606944493656,6.53524869967981,7.262897375397477,-171.40428077115848,106,0.5333333333333333,0.8087606837606837
80K,pred.model_idx_3,13,5.280556012917159,6.773990505356991,7.234731969618656,-10.663372082627504,94,0.6,0.8397435897435898
80K,pred.model_idx_4,12,5.319914077104798,6.741433425713951,7.379856077262694,69.62720690430014,96,0.5333333333333333,0.8087606837606837
80K,pred.model_idx_5,12,5.13763697227518,6.4939324629482655,7.161262164745975,40.473400233621234,96,0.4666666666666667,0.8244301994301995
80K,pred.model_idx_6,13,5.62953795755527,6.834680904524122,7.550680773869923,107.86658756362607,62,0.3333333333333333,0.5882936507936508
80K,pred.model_idx_7,13,5.675785171234018,6.940928465750577,7.632472852446533,133.75951549329866,60,0.26666666666666666,0.5882936507936508
80K,pred.model_idx_8,11,5.435624062914334,6.831670825403305,7.420216148244379,42.24757112439405,99,0.5333333333333333,0.7763532763532764
80K,pred.model_idx_9,12,5.349658611537748,6.818770861868484,7.4475351846544955,160.43794534180358,116,0.5333333333333333,0.8244301994301995
A1A06,pred.model_idx_0,14,5.997481661759863,7.5518031555774465,7.999400826432336,82.30381290624769,113,0.5,0.79880174291939
A1A06,pred.model_idx_1,15,5.975951789564214,7.677415852403184,8.024027465481751,100.29908865325028,125,0.5,0.7694716775599129
A1A06,pred.model_idx_2,15,5.060251819475201,6.691988721507269,7.1218740332018475,143.9878241193736,133,0.55,0.8463870733478578
A1A06,pred.model_idx_3,15,5.555668440247806,7.114068151102896,7.524139079731064,31.09962074731043,109,0.4,0.8463870733478578
A1A06,pred.model_idx_4,15,5.434544379497744,7.00538084130387,7.482184931184062,119.33960665640092,109,0.3,0.7616385735580782
A1A06,pred.model_idx_5,14,5.081857152145523,6.686213042796238,7.267495117682867,171.98628601588717,135,0.6,0.8408769063180829
A1A06,pred.model_idx_6,15,5.350800597680736,6.880195287770483,7.489203380251779,164.6600436595779,112,0.45,0.7829066811909949
A1A06,pred.model_idx_7,14,5.72863148902609,7.202092604101171,7.554906998861832,-9.984032616013662,116,0.45,0.749591503267974
A1A06,pred.model_idx_8,14,6.401643055143963,8.137729909082184,8.333846184092138,55.706144592194754,99,0.45,0.6514806214883615
A1A06,pred.model_idx_9,14,5.275773608857897,6.8089509847108705,7.340302432874807,-80.76280220271418,115,0.45,0.8408769063180829
8AW,pred.model_idx_0,14,6.575807533121164,8.11257678105862,8.35376876273365,-58.589268692366645,88,0.5294117647058824,0.7699891067538126
8AW,pred.model_idx_1,14,6.400167164270965,7.940097509296902,8.21087968068052,3.0622319925016304,94,0.4117647058823529,0.8178376906318083
8AW,pred.model_idx_2,16,5.99940461107158,7.341343934963718,7.900067086617761,-69.9125065338845,128,0.6470588235294118,0.713201849940756
8AW,pred.model_idx_3,14,6.46323704542129,8.027652409017222,8.159289187678255,-148.86659392948576,149,0.8235294117647058,0.7430555555555556
8AW,pred.model_idx_4,15,6.106107168187254,7.591425467497618,8.010185288080905,91.88134908747861,89,0.4117647058823529,0.8356753812636166
8AW,pred.model_idx_5,14,5.926176934343868,7.46593976923558,7.756317081596365,-16.92446583982796,96,0.47058823529411764,0.8048747276688454
8AW,pred.model_idx_6,14,6.250346693404703,7.806006138133087,8.097212985380356,-65.19719472646794,86,0.4117647058823529,0.7222523219814242
8AW,pred.model_idx_7,13,5.65393596904323,7.176486703115947,7.654879080824255,103.26526842419375,71,0.29411764705882354,0.691348946986202
8AW,pred.model_idx_8,15,6.373103118511709,7.902126507646985,8.175269354359314,73.41046983643798,95,0.5294117647058824,0.7995551924473493
8AW,pred.model_idx_9,15,6.210820064489825,7.671766738223621,8.116013390771585,139.39431677326442,95,0.4117647058823529,0.8228395061728395
A1A08,pred.model_idx_0,14,6.09171547875216,7.338592773270084,7.974177777728901,40.40508852167152,93,0.4444444444444444,0.8225749559082892
A1A08,pred.model_idx_1,13,5.844140928182578,7.353675504972492,7.923405403515507,-134.13819502990847,129,0.6666666666666666,0.8567307692307692
A1A08,pred.model_idx_2,13,5.512338702472988,6.859707707901106,7.534616466357522,84.61945412379423,115,0.5,0.8567307692307692
A1A08,pred.model_idx_3,14,5.916311425653467,7.269981638699442,7.8300185974663625,20.247392884470653,110,0.4444444444444444,0.875599128540305
A1A08,pred.model_idx_4,12,5.64144292461877,7.034053316122509,7.75720635150563,74.14019788960071,92,0.5,0.8063186813186812
A1A08,pred.model_idx_5,14,6.081247652853784,7.465074464247277,8.024968496305204,48.61655533167216,130,0.7222222222222222,0.8225749559082892
A1A08,pred.model_idx_6,14,5.837552218113042,7.157086331514854,7.859586826824022,40.88162217448383,100,0.5,0.875599128540305
A1A08,pred.model_idx_7,14,6.029930366693559,7.647398347574583,8.036716923150198,93.68475000215038,90,0.3888888888888889,0.635303195352215
A1A08,pred.model_idx_8,12,5.641365490186231,6.9450114139964185,7.71952805932649,97.18353613752686,89,0.3888888888888889,0.8368437118437118
A1A08,pred.model_idx_9,13,5.92149340480678,7.290335201576903,7.861145837147402,41.431412866533606,116,0.4444444444444444,0.825595238095238
A1A07,pred.model_idx_0,14,6.015240288737433,7.5721776887497825,8.004100285556772,76.83692170133305,107,0.5,0.797004357298475
A1A07,pred.model_idx_1,14,5.321059413018707,6.820927574384587,7.386896941671448,-26.280514145366258,135,0.5,0.8403478057889824
A1A07,pred.model_idx_2,16,5.18326783204862,6.768670356872168,7.252735981596876,118.54934699223328,131,0.5,0.8338779956427015
A1A07,pred.model_idx_3,15,5.364924599183079,6.937177392036973,7.394169692414405,-68.63515804464653,110,0.4,0.8677832244008715
A1A07,pred.model_idx_4,14,5.161861206120327,6.7719064708544225,7.261894588277221,172.90499995106663,105,0.4,0.8403478057889824
A1A07,pred.model_idx_5,14,5.033470071245582,6.641316388713912,7.215616613160998,-128.26585468093518,137,0.65,0.8514589169000935
A1A07,pred.model_idx_6,14,5.394238085737874,6.919221085136679,7.5527011079232445,178.0674267585479,123,0.5,0.7859749455337691
A1A07,pred.model_idx_7,15,5.334953407950249,6.860871303996308,7.234137472083315,14.566521760542852,123,0.4,0.8018790849673203
A1A07,pred.model_idx_8,14,6.460857596809421,8.10127378873224,8.315216535740365,19.91047793599583,95,0.35,0.679057734204793
A1A07,pred.model_idx_9,13,5.311826673741812,6.870172375930607,7.389907134861371,98.53307174313649,127,0.6,0.8225684718331778
A1A4K,pred.model_idx_0,14,6.351181072968501,7.92998762572717,8.25765378009189,-47.54327974020779,110,0.42857142857142855,0.6617360394450178
A1A4K,pred.model_idx_1,15,6.991728543845755,8.985156489429379,9.050840497171855,-82.88676643798685,159,0.5714285714285714,0.7785469938462715
A1A4K,pred.model_idx_2,17,6.15261624315044,7.770868939170667,7.922109510767629,-48.57438197844648,140,0.5238095238095238,0.7878492527615334
A1A4K,pred.model_idx_3,16,6.77058689710975,8.442591327642326,8.552571979597596,-23.836803216277687,134,0.6190476190476191,0.8786764705882353
A1A4K,pred.model_idx_4,16,7.07471851775478,8.646597813254994,8.693275993594776,29.700441013081893,131,0.38095238095238093,0.8786764705882353
A1A4K,pred.model_idx_5,16,6.338249027445217,7.906128310397265,8.213086720478255,-149.86115371126294,146,0.5714285714285714,0.8786764705882353
A1A4K,pred.model_idx_6,15,6.569375902924193,8.538275615624745,8.701731568418138,-119.11494164656666,157,0.7619047619047619,0.7778207774337805
A1A4K,pred.model_idx_7,16,7.15317462269736,8.73716209447417,8.728448366145953,1.3940230383846468,158,0.6666666666666666,0.8188663379581853
A1A4K,pred.model_idx_8,15,6.859900984452722,8.46772678371952,8.574543132733082,32.968744771541864,135,0.5238095238095238,0.8368282498184458
A1A4K,pred.model_idx_9,17,7.42339858775971,9.107597137989085,8.946025484249745,31.15888533513588,155,0.7619047619047619,0.858120246149142
A1A4S,pred.model_idx_0,14,5.371680480837315,6.860610492757429,7.362684341462572,-65.19248736881721,103,0.3333333333333333,0.6204372587241525
A1A4S,pred.model_idx_1,16,7.136399870698983,9.222257207430294,9.164760078964896,-94.9338234981628,136,0.5238095238095238,0.7653795436303176
A1A4S,pred.model_idx_2,15,6.284568575824466,7.8954756106929755,8.047559943323392,-37.125434181127616,142,0.5714285714285714,0.7349286205710355
A1A4S,pred.model_idx_3,14,7.130629568891713,8.71077809383295,8.715991097440243,-29.202074506012195,125,0.42857142857142855,0.7771332607116921
A1A4S,pred.model_idx_4,16,6.994442193895201,8.64243749099259,8.65641631469197,29.953621252681735,130,0.47619047619047616,0.7985107785804381
A1A4S,pred.model_idx_5,17,6.952678869880809,8.488187805078638,8.389674083633514,-41.29091321830967,149,0.6190476190476191,0.7798608722241333
A1A4S,pred.model_idx_6,14,7.44375031676538,8.872474373025824,9.318605371194714,143.25547282898904,123,0.47619047619047616,0.6831880900508351
A1A4S,pred.model_idx_7,17,7.54588227569143,9.060205929016762,9.227397295142525,-125.7019408053266,127,0.6190476190476191,0.7583801551809807
A1A4S,pred.model_idx_8,14,7.391881131071824,9.003636692496881,8.902584717703936,10.618435953624733,113,0.5714285714285714,0.7384259259259259
A1A4S,pred.model_idx_9,15,7.228415291501812,8.916397958122946,8.96670671920979,83.79022727589502,164,0.7142857142857143,0.8054103122730574
A1A4T,pred.model_idx_0,16,7.518423673218756,9.381073529087145,9.274631013522475,66.06560246855867,120,0.42857142857142855,0.8113557313763712
A1A4T,pred.model_idx_1,16,7.627467600824175,9.463673453398428,9.509169989296828,84.20591135417482,118,0.38095238095238093,0.7917072774528914
A1A4T,pred.model_idx_2,17,6.403440871061694,8.312427755237726,8.375348151784614,175.45708473087345,144,0.5714285714285714,0.7192982456140351
A1A4T,pred.model_idx_3,16,7.475664680360959,9.398953576094597,9.180639585774728,37.24513714360272,130,0.5238095238095238,0.7661392042196995
A1A4T,pred.model_idx_4,15,7.590383723949552,9.572815375285492,9.532566437783256,109.68224373720993,85,0.3333333333333333,0.8107637694454
A1A4T,pred.model_idx_5,17,6.713026835505211,8.5316361077122,8.602925264592654,-63.07627317472601,121,0.47619047619047616,0.8279058211978748
A1A4T,pred.model_idx_6,15,6.601054579775142,8.343394853081005,8.679128711632139,48.98950989807922,162,0.5714285714285714,0.7177311470397126
A1A4T,pred.model_idx_7,15,6.783095356228008,8.68064199613809,8.803547213590356,154.8750139106865,142,0.6666666666666666,0.7721018231854144
A1A4T,pred.model_idx_8,14,7.8238926667132125,9.72487526194887,9.602607685791684,83.06794324495924,132,0.5238095238095238,0.7703751481099261
A1A4T,pred.model_idx_9,17,7.371684576096142,9.249610048348613,9.32143479828916,128.6209608410871,146,0.5714285714285714,0.8382639605549822
A1A4U,pred.model_idx_0,13,6.503200707103772,7.763742710510183,8.384842797385947,54.48320787850977,97,0.5,0.7328946108357873
A1A4U,pred.model_idx_1,13,6.152215465484771,7.5360800486725195,8.329020841836693,62.75265485695793,91,0.3,0.8081555699202758
A1A4U,pred.model_idx_2,14,5.597132616907518,6.995764940304956,7.555592834533239,-90.9311274745056,116,0.5,0.7766677041186845
A1A4U,pred.model_idx_3,14,6.5978556147054315,7.940000642317354,8.510272117417868,22.480809543412636,125,0.55,0.7848583877995643
A1A4U,pred.model_idx_4,13,6.043973204358206,7.399039177487844,8.074101398607773,50.99786918261658,93,0.35,0.8326770451770451
A1A4U,pred.model_idx_5,15,5.995163957203339,7.627325045518908,7.931488805624704,75.72698101097708,136,0.65,0.7771786492374728
A1A4U,pred.model_idx_6,12,6.103653528266903,7.50956538522703,7.952091211947018,39.46267718192605,101,0.4,0.8290700040700041
A1A4U,pred.model_idx_7,14,6.5930311169256575,8.16969726489299,8.588346334350403,89.95730645616857,131,0.55,0.6406499636891794
A1A4U,pred.model_idx_8,10,6.291875308185151,7.628227130205288,8.33014963813676,64.55282131868636,91,0.35,0.7278388278388279
A1A4U,pred.model_idx_9,14,5.989949537506557,7.43144295376073,7.888107926611743,38.1083787293911,119,0.5,0.8097222222222222
A1A4V,pred.model_idx_0,14,6.247967852258494,7.849307012813001,8.26884031851433,-65.57479382553078,104,0.38095238095238093,0.7730184666459177
A1A4V,pred.model_idx_1,15,7.073149487022402,9.05871178530934,9.04569023633972,-70.14805088114515,149,0.5714285714285714,0.7975671750181553
A1A4V,pred.model_idx_2,16,6.049625925394833,7.698762864977904,7.841804132118553,-35.0405067778691,144,0.47619047619047616,0.7817170240415855
A1A4V,pred.model_idx_3,16,6.997842698209247,8.59399882422017,8.726620729647475,-11.782347780653852,142,0.47619047619047616,0.8891158315177923
A1A4V,pred.model_idx_4,16,7.034051009490216,8.610717623984659,8.674339442683866,29.678499481029753,129,0.38095238095238093,0.8891158315177923
A1A4V,pred.model_idx_5,16,6.385697108998713,7.938714252115654,8.21947223652129,-138.81723844853687,148,0.5714285714285714,0.8891158315177923
A1A4V,pred.model_idx_6,17,6.828678736681407,8.847865703751832,8.897558677993624,-124.95865136383817,160,0.6666666666666666,0.856018040744563
A1A4V,pred.model_idx_7,16,7.0856859329648945,8.675404462121369,8.662658484803469,5.317428331981319,155,0.7619047619047619,0.8151779230210603
A1A4V,pred.model_idx_8,13,6.199531980538345,7.845321476508623,8.23887242149784,31.283916427838886,95,0.3333333333333333,0.801295518207283
A1A4V,pred.model_idx_9,16,6.984031287933028,8.676994555237885,8.713605377912764,81.91924783534475,166,0.7142857142857143,0.8891158315177923
A1ASP,pred.model_idx_0,11,4.381952994314144,5.70166385297377,6.175521221084987,-72.66266273874842,55,0.38461538461538464,0.8475783475783475
A1ASP,pred.model_idx_1,13,4.402202524651421,5.698048714590474,6.26034629715921,-21.27683778179217,83,0.6153846153846154,0.8424908424908426
A1ASP,pred.model_idx_2,12,4.203764780337069,5.532304520513337,6.018603423931188,-60.537518919178645,86,0.6923076923076923,0.8874643874643874
A1ASP,pred.model_idx_3,11,4.340246214520867,5.674794814996194,6.198534750149955,174.57220660039368,56,0.38461538461538464,0.7574277574277574
A1ASP,pred.model_idx_4,11,4.090041821193571,5.462738595387707,6.038866114202754,65.9522147895511,78,0.5384615384615384,0.8311965811965812
A1ASP,pred.model_idx_5,12,4.270978414642621,5.577627624992271,5.994846466491426,-65.38090692480246,74,0.5384615384615384,0.8874643874643875
A1ASP,pred.model_idx_6,12,3.9118727687862744,5.375874068465518,5.954801903759499,-79.92897629914931,87,0.6153846153846154,0.8874643874643874
A1ASP,pred.model_idx_7,10,4.209444948406932,5.5595010256178705,6.136254746352223,121.61259207669858,67,0.5384615384615384,0.655982905982906
A1ASP,pred.model_idx_8,11,4.530836533480937,5.794413043221481,6.347310133138484,136.57017469615982,48,0.3076923076923077,0.7574277574277574
A1ASP,pred.model_idx_9,12,3.854754881730465,5.2585658837601486,5.9267962001594805,-105.9732772147544,79,0.5384615384615384,0.8874643874643874
A1ASO,pred.model_idx_0,12,2.1131021283107168,4.494784955269568,7.383121897789069,2.07849170131485,91,0.47058823529411764,0.8695156695156695
A1ASO,pred.model_idx_1,13,6.200826421509361,7.412531876729395,7.488594473734142,34.38747161970481,110,0.5294117647058824,0.8407000407000407
A1ASO,pred.model_idx_2,12,2.1501441639121626,4.545127494490829,7.203931294930297,-1.866647879769587,104,0.4117647058823529,0.8695156695156696
A1ASO,pred.model_idx_3,11,2.075242911949975,4.61303648880635,7.323480048853246,21.788845270036852,99,0.47058823529411764,0.8642450142450141
A1ASO,pred.model_idx_4,12,2.323267292177044,4.568275331019355,7.922819126478885,17.310584796885124,87,0.4117647058823529,0.6939716057363117
A1ASO,pred.model_idx_5,11,4.867802497162769,6.4037016432134095,7.201343892445802,-140.61569484457266,102,0.4117647058823529,0.7678876678876678
A1ASO,pred.model_idx_6,12,4.977128650083396,6.532029283371556,7.1653456802256255,-97.70571119347474,82,0.35294117647058826,0.8695156695156695
A1ASO,pred.model_idx_7,15,5.288537926464551,6.742849672496218,7.248394632785604,-156.32970796403734,83,0.4117647058823529,0.7690631808278867
A1ASO,pred.model_idx_8,11,2.1104853830110057,4.520376090548218,7.418584003078124,-7.86014583354842,82,0.4117647058823529,0.8642450142450141
A1ASO,pred.model_idx_9,13,5.02800390322691,6.56907087171748,7.2229295965520395,-125.17950247025536,79,0.35294117647058826,0.8095645095645095
A1ASQ,pred.model_idx_0,11,4.289625636528478,5.616902007610858,6.109381635945963,-86.88053193998502,59,0.35714285714285715,0.8253690753690753
A1ASQ,pred.model_idx_1,13,4.52685145584835,5.814394431679266,6.3524857982999094,42.90857244820568,67,0.42857142857142855,0.8211233211233212
A1ASQ,pred.model_idx_2,13,4.2336170456880975,5.567966193837233,6.093215712422484,-105.65345018667297,65,0.35714285714285715,0.8211233211233212
A1ASQ,pred.model_idx_3,12,4.004023203929023,5.44786737763372,5.841750076857036,-84.09800073610947,68,0.42857142857142855,0.8305860805860805
A1ASQ,pred.model_idx_4,12,4.163663436873978,5.559978028605098,5.991595506671093,-40.4135968292077,66,0.2857142857142857,0.8647741147741148
A1ASQ,pred.model_idx_5,11,4.120395752769238,5.466369090695787,5.914611641834524,-79.6663348864076,73,0.5,0.8581326081326082
A1ASQ,pred.model_idx_6,12,4.280042126199323,5.688046846552113,6.200646927242877,-150.8668833668229,70,0.5,0.7985347985347986
A1ASQ,pred.model_idx_7,12,4.345637281680165,5.682506856887321,6.128831620038661,111.29275516095252,69,0.35714285714285715,0.8647741147741148
A1ASQ,pred.model_idx_8,10,4.2759295426938015,5.6144492288075005,6.138027779792969,-152.45124637452662,54,0.35714285714285715,0.8202538202538201
A1ASQ,pred.model_idx_9,12,4.294072723219288,5.61631488547937,6.107531707023379,-103.26470105726393,69,0.5,0.8647741147741148
A1APA,pred.model_idx_0,17,9.321524489350203,11.334138127471032,11.106627577212127,-105.74199750827906,144,0.4444444444444444,0.7931066773688032
A1APA,pred.model_idx_1,16,9.535748221887708,11.497181425124255,11.246742157230893,74.98427748250396,131,0.37037037037037035,0.8309826854718495
A1APA,pred.model_idx_2,17,8.796261689970914,10.687518792706024,10.561252953161956,130.40094339225297,152,0.37037037037037035,0.8363872644574398
A1APA,pred.model_idx_3,18,8.195431994437252,10.11891545205937,9.903331054895276,-34.08181546184177,188,0.5925925925925926,0.8499025341130604
A1APA,pred.model_idx_4,17,9.118961703791316,10.934580481884744,10.97335143611093,138.0526579563612,111,0.25925925925925924,0.856362037992585
A1APA,pred.model_idx_5,17,7.858464247520699,9.725021002548013,9.556746840918874,-107.54701969307933,170,0.5925925925925926,0.866796621182586
A1APA,pred.model_idx_6,17,7.920818609533383,9.845974896711176,9.825650019056358,-168.32961749526427,143,0.4444444444444444,0.8010071474983756
A1APA,pred.model_idx_7,17,7.392569070882199,9.370654740158729,9.154288445818473,91.33449120178453,160,0.5185185185185185,0.8363872644574398
A1APA,pred.model_idx_8,17,7.8903165966825926,9.790643952263814,9.693065524133427,104.37960570746326,116,0.3333333333333333,0.8222871994801819
A1APA,pred.model_idx_9,17,9.148377989221709,11.031302306349604,10.875502470314851,-125.10540018451816,144,0.5185185185185185,0.855425601039636
A1ASR,pred.model_idx_0,11,4.408883245940106,5.688290286598899,6.204086588645286,-79.1388371336604,55,0.38461538461538464,0.8341195841195841
A1ASR,pred.model_idx_1,12,4.519374983132699,5.705939162904668,6.181602064539542,0.7074073305203813,56,0.23076923076923078,0.8215303215303216
A1ASR,pred.model_idx_2,12,3.894126987411022,5.233849296792797,5.740126143903895,-76.46515496904614,87,0.6923076923076923,0.8706756206756207
A1ASR,pred.model_idx_3,12,4.103597787344157,5.245817282515516,6.048579969418418,125.74640967417608,56,0.38461538461538464,0.7915140415140415
A1ASR,pred.model_idx_4,11,3.977107272553312,5.195499302280773,5.890651063312453,62.42057648451691,66,0.38461538461538464,0.8141025641025641
A1ASR,pred.model_idx_5,12,4.346917233331221,5.484212386478117,5.864750159506538,-43.991806545386275,59,0.3076923076923077,0.8215303215303215
A1ASR,pred.model_idx_6,12,3.866864214330651,5.315393595673145,5.911812946432715,103.0161028989166,82,0.5384615384615384,0.8706756206756207
A1ASR,pred.model_idx_7,12,4.451682034012837,5.75152773684456,6.4260988292059364,162.4769202378588,63,0.38461538461538464,0.7313797313797316
A1ASR,pred.model_idx_8,10,4.458480956486089,5.6432340870761735,6.308933194664033,141.10839352314326,45,0.3076923076923077,0.8075628075628075
A1ASR,pred.model_idx_9,11,3.786774363866989,5.157687712382511,5.93248242291748,-126.26597034717062,66,0.46153846153846156,0.8000610500610501
A1ASS,pred.model_idx_0,12,4.301176868069159,5.4768971391406716,6.077743480441535,-30.221872907139673,55,0.45454545454545453,0.8803418803418803
A1ASS,pred.model_idx_1,12,3.921117353457656,5.203642094288821,5.967077031477537,65.38846892538469,65,0.45454545454545453,0.9131054131054133
A1ASS,pred.model_idx_2,12,3.844312316390334,5.113599595019326,5.832333978819789,-109.46512666025156,70,0.5454545454545454,0.9131054131054133
A1ASS,pred.model_idx_3,11,3.88802425552751,5.1893530337693266,5.803472563335545,-26.488065211402446,71,0.6363636363636364,0.8418803418803419
A1ASS,pred.model_idx_4,12,4.032830204338244,5.300852166410501,5.97426829746654,-86.77435057518197,67,0.5454545454545454,0.9131054131054133
A1ASS,pred.model_idx_5,12,4.254068554273991,5.4679236793902275,6.074828077695179,77.20992204275257,58,0.45454545454545453,0.8803418803418803
A1ASS,pred.model_idx_6,12,4.313970719391659,5.512794382986809,6.228670367709851,165.1379518542236,44,0.36363636363636365,0.8803418803418803
A1ASS,pred.model_idx_7,12,4.368124637550255,5.573217852127505,6.1743501633842115,124.48230992136207,52,0.36363636363636365,0.8803418803418803
A1ASS,pred.model_idx_8,11,4.02635677045331,5.260511883146665,6.001915090374581,-99.14252901213405,53,0.5454545454545454,0.841880341880342
A1ASS,pred.model_idx_9,12,3.883655091246981,5.152758361040495,5.852741824800458,129.13219324387822,71,0.6363636363636364,0.913105413105413
A1AST,pred.model_idx_0,11,5.0968067134966875,6.606047221512812,7.064594763660892,-18.79474879753964,101,0.5,0.6058709808709809
A1AST,pred.model_idx_1,9,4.6595526835157886,5.720949143904607,6.545767699963676,63.906478583526415,50,0.2857142857142857,0.5926980426980427
A1AST,pred.model_idx_2,11,4.968232471571921,6.543298024369231,6.964728737831908,-87.98174600178551,117,0.5714285714285714,0.6927479927479927
A1AST,pred.model_idx_3,12,5.3026010599775955,6.915493053902333,7.215427796533605,22.8928243085123,101,0.5714285714285714,0.6910612535612536
A1AST,pred.model_idx_4,11,5.05514576322978,6.744437747930831,7.14112284900931,0.023044122546733905,114,0.6428571428571429,0.7048562548562549
A1AST,pred.model_idx_5,12,5.089242903829968,6.720253455041707,7.059504523682803,-145.89353345903962,117,0.5,0.6834961334961335
A1AST,pred.model_idx_6,10,5.0213562747538845,6.645029299623677,7.191350264291435,-25.37644314822424,114,0.5,0.7062937062937062
A1AST,pred.model_idx_7,11,5.6338202536565,6.73415313903686,7.1832894081986405,76.97066789373126,48,0.21428571428571427,0.5638468013468014
A1AST,pred.model_idx_8,8,4.979779083519998,6.0254007187429925,6.8632773204793445,109.47885384918789,35,0.07142857142857142,0.5643245643245643
A1AST,pred.model_idx_9,10,5.492497826581273,6.544488335342081,7.108995771204257,64.79281451253901,52,0.14285714285714285,0.6193306693306693
A1ASU,pred.model_idx_0,9,5.314121107389255,6.738397254540578,7.249812493023526,49.58951867824869,26,0.16666666666666666,0.6488233988233989
A1ASU,pred.model_idx_1,7,5.627203899202515,7.019129994522113,7.6080956857284585,57.86591789426538,34,0.25,0.398001998001998
A1ASU,pred.model_idx_2,11,5.337279880388512,6.747774056679729,7.601183215894746,53.08650977440998,35,0.16666666666666666,0.7225182225182225
A1ASU,pred.model_idx_3,11,5.402940783240179,6.818716190017003,7.329524930525851,50.55325034580496,31,0.08333333333333333,0.6614829614829616
A1ASU,pred.model_idx_4,10,4.5947013700566,6.238897104456844,7.671186622681004,-7.295136573394351,71,0.5,0.4596459096459097
A1ASU,pred.model_idx_5,12,4.814901076450066,6.284910090049022,6.288585355706003,39.541016672795244,88,0.75,0.6579772079772082
A1ASU,pred.model_idx_6,11,4.673396379336982,6.294979574232151,7.584419339567137,-58.45240700700496,44,0.25,0.7225182225182225
A1ASU,pred.model_idx_7,9,5.341510274669513,6.760575546504898,7.511785027168974,51.26648255785102,36,0.16666666666666666,0.6087727087727087
A1ASU,pred.model_idx_8,11,4.793427981726648,6.287882400299802,6.5391233920151715,54.19189652500752,60,0.4166666666666667,0.6307488807488807
A1ASU,pred.model_idx_9,11,4.705521977251832,6.2369051171233965,6.424709123252196,-61.35147540775801,91,0.5833333333333334,0.5126577126577128
A1ASV,pred.model_idx_0,11,4.117183279754608,5.307903219813743,5.955676358430136,-0.04126508804050825,70,0.6363636363636364,0.9065656565656565
A1ASV,pred.model_idx_1,12,4.062540122878789,5.270572355498543,6.037484746828088,32.84647936166423,75,0.7272727272727273,0.9280626780626781
A1ASV,pred.model_idx_2,12,4.016430797259372,5.2300492566774865,5.922676735464289,-66.25610937301364,71,0.6363636363636364,0.9280626780626781
A1ASV,pred.model_idx_3,11,4.041148966446086,5.270497074194322,6.006492053369428,113.00596556838381,45,0.45454545454545453,0.7904687904687905
A1ASV,pred.model_idx_4,11,4.095854002817568,5.308174476477509,6.0330417184064835,173.860397496749,65,0.5454545454545454,0.8547008547008548
A1ASV,pred.model_idx_5,12,4.0978838625352045,5.303287449566286,5.930989444198167,-35.58625427486268,75,0.7272727272727273,0.9280626780626781
A1ASV,pred.model_idx_6,12,4.014937012309149,5.2338524617063,6.061969177067713,97.75253908241886,78,0.6363636363636364,0.9280626780626781
A1ASV,pred.model_idx_7,11,4.250191371724454,5.431685553725055,6.068815405295642,107.21778248010153,58,0.5454545454545454,0.9065656565656565
A1ASV,pred.model_idx_8,10,4.121327604943913,5.3123122768972015,6.0863155185143905,-115.64746102158013,49,0.45454545454545453,0.8493265993265993
A1ASV,pred.model_idx_9,12,4.01622910105347,5.23335007862598,5.948540624034195,-50.426315634658486,76,0.8181818181818182,0.9280626780626781
A1BNX,pred.model_idx_0,13,5.191219561060953,6.474326133456126,6.832608700107809,13.33581261995289,74,0.29411764705882354,0.8998778998779
A1BNX,pred.model_idx_1,14,5.32785069219004,6.622195375269087,7.043763570248792,55.032274616431614,101,0.5294117647058824,0.8571428571428571
A1BNX,pred.model_idx_2,11,5.181518045019727,6.492011475652212,6.838473377386066,34.873741453028806,98,0.47058823529411764,0.8608058608058607
A1BNX,pred.model_idx_3,12,5.118127620185451,6.452170489797349,6.704093721795873,1.8501659902541385,80,0.35294117647058826,0.915038665038665
A1BNX,pred.model_idx_4,11,5.0419824824969615,6.400509811955699,6.783527470427279,46.46320631727707,83,0.47058823529411764,0.7812372812372812
A1BNX,pred.model_idx_5,12,5.129128371320118,6.461504518845346,6.919409650273967,32.597887778041866,102,0.5294117647058824,0.915038665038665
A1BNX,pred.model_idx_6,12,5.3147247255436,6.621573377982004,7.144852414567537,48.28630059118266,109,0.5882352941176471,0.915038665038665
A1BNX,pred.model_idx_7,12,5.122994887106741,6.469449787951332,6.761479012527602,48.66210526058319,83,0.47058823529411764,0.915038665038665
A1BNX,pred.model_idx_8,13,5.297700835362777,6.603659143856177,6.834751548464564,-0.2294144400813978,72,0.29411764705882354,0.8998778998779
A1BNX,pred.model_idx_9,12,5.283831614816753,6.579302115234518,7.050307853409996,22.714992666948188,93,0.4117647058823529,0.8028083028083028
A1CIW,pred.model_idx_0,12,5.152228523540959,6.767440623585109,7.911346638454737,-61.73128689994965,68,0.4375,0.622954822954823
A1CIW,pred.model_idx_1,12,4.27857262689706,6.169337497353342,7.679167148762475,-60.22760435705843,140,0.6875,0.5683132227249874
A1CIW,pred.model_idx_2,12,5.098671090841036,6.71615559211518,7.774920567444926,-66.67604487925436,59,0.25,0.6882122507122508
A1CIW,pred.model_idx_3,12,5.355036488846272,6.93504445281355,7.973121505839165,-78.18068632200978,46,0.0625,0.6882122507122508
A1CIW,pred.model_idx_4,11,4.3422462004623466,5.691900102887436,7.504162278557793,-85.06643543860655,80,0.4375,0.6814407814407815
A1CIW,pred.model_idx_5,10,4.193959302480101,6.272497633518884,7.5352950385740955,172.94811528710002,50,0.125,0.5767450142450142
A1CIW,pred.model_idx_6,13,5.48739735275579,7.062985151478092,8.765066704368612,-84.48494265973267,63,0.25,0.648332495391319
A1CIW,pred.model_idx_7,12,4.495695637239615,6.001147387687625,7.380587066771539,20.443354408734166,100,0.5,0.612778017189782
A1CIW,pred.model_idx_8,11,2.900960220785929,4.7643877611016325,7.456190751572303,-65.90855653028541,77,0.4375,0.6814407814407815
A1CIW,pred.model_idx_9,11,4.611588180961225,6.116705138389458,7.48919657244896,23.421218677899574,81,0.5,0.5781234288587229
CFF,pred.model_idx_0,6,2.408701011172721,3.3954776646929328,4.293507705637356,-54.00763957290871,22,0.14285714285714285,0.8333333333333335
CFF,pred.model_idx_1,6,2.401932981146303,3.384071565014968,4.639982424865553,-91.69518390110545,21,0.14285714285714285,0.8333333333333335
CFF,pred.model_idx_2,5,2.374851128524283,3.345900231199797,4.4193570504990785,-90.60795261699906,20,0.0,0.825925925925926
CFF,pred.model_idx_3,5,2.3847901770964066,3.3613587282526094,4.4923184329543275,-70.50807979057306,29,0.14285714285714285,0.825925925925926
CFF,pred.model_idx_4,5,2.412626575932952,3.3980976715971964,4.440449124071729,-87.44994100756954,20,0.0,0.825925925925926
CFF,pred.model_idx_5,4,2.368876623198224,3.350244793990689,4.158525578539056,72.09821684752342,19,0.0,0.7333333333333334
CFF,pred.model_idx_6,5,2.37160365209979,3.3685552965201992,4.652167301047844,-125.98569595732054,25,0.14285714285714285,0.7555555555555555
CFF,pred.model_idx_7,5,2.403031017575214,3.3836282934996613,4.486330197706934,-128.48643590984094,21,0.14285714285714285,0.7555555555555555
CFF,pred.model_idx_8,4,2.3837847490056303,3.3635253720719023,4.370391419331141,-78.86791456771532,17,0.14285714285714285,0.6666666666666667
CFF,pred.model_idx_9,6,2.3524918725054254,3.3378162450491917,4.451467062688893,-85.45517171388786,25,0.14285714285714285,0.8333333333333335
CL6,pred.model_idx_0,7,3.7856578241568535,4.9396224633062795,5.531927620784639,-16.92215165705563,48,0.25,0.8564814814814814
CL6,pred.model_idx_1,9,3.8342006668404824,4.980485169137641,5.638464120095117,30.030115746946606,75,0.5833333333333334,0.8888888888888888
CL6,pred.model_idx_2,8,3.724615968177122,4.878561660981647,5.462981016844192,-46.740110788918834,61,0.3333333333333333,0.9104938271604939
CL6,pred.model_idx_3,8,3.7972469193351124,4.937659639950895,5.577777905797254,52.693874351466796,51,0.3333333333333333,0.9104938271604939
CL6,pred.model_idx_4,8,3.7497379387898557,4.899107416662754,5.552263333956702,43.07597413632886,42,0.25,0.9104938271604939
CL6,pred.model_idx_5,9,3.7562948768167814,4.910808939472192,5.421599900545964,-61.89014751439248,51,0.16666666666666666,0.8888888888888888
CL6,pred.model_idx_6,9,3.766295374927463,4.91198535014102,5.770791970882333,77.34616486270153,41,0.25,0.8888888888888888
CL6,pred.model_idx_7,8,3.7426840452274366,4.88194174483883,5.5549881280161175,124.15863710679258,46,0.25,0.9104938271604939
CL6,pred.model_idx_8,7,3.7752747621332143,4.911962939599606,5.582910858109773,46.30090614265896,40,0.3333333333333333,0.8564814814814814
CL6,pred.model_idx_9,8,3.7366738891158273,4.887131805057032,5.570317254304283,-91.82054451054762,60,0.3333333333333333,0.8364197530864197
D0R,pred.model_idx_0,15,6.267871954799402,7.853121515460293,8.281033335885901,172.51367332459412,69,0.25,0.8006535947712418
D0R,pred.model_idx_1,16,6.108521683780255,7.66694085971331,8.143196299125524,-124.09076624322022,98,0.35,0.8294753086419753
D0R,pred.model_idx_2,16,5.867800551967327,7.666116288657478,8.433749922584406,118.58717719230411,90,0.4,0.8294753086419753
D0R,pred.model_idx_3,16,4.275003803359577,7.0164948392533075,8.845668444275757,-70.48013702429257,124,0.65,0.7683369644153958
D0R,pred.model_idx_4,15,5.1305870875155986,6.817732272644872,7.7448467310187645,-53.49479905946109,105,0.4,0.7398783587509078
D0R,pred.model_idx_5,14,5.138975082704173,7.096825092267943,7.435711563907651,-131.87580415657334,125,0.5,0.7016612200435729
D0R,pred.model_idx_6,17,3.727806342037616,6.382841633400688,8.773985121039567,-81.91897192029718,112,0.55,0.8075526506899057
D0R,pred.model_idx_7,16,4.287967949811189,6.3477350022300545,7.446630584730066,-45.63646904442645,130,0.45,0.7802287581699345
D0R,pred.model_idx_8,13,6.704988346651535,8.225176212805858,8.955984371926757,147.57853873784495,78,0.25,0.7048838053740014
D0R,pred.model_idx_9,15,5.599778806607171,7.18792597041021,8.025975643147085,-78.00538125998689,101,0.5,0.8104575163398694
D7J,pred.model_idx_0,12,6.009148987039921,7.4290491593315435,7.816104988771692,68.8581788779988,58,0.23529411764705882,0.7707366707366706
D7J,pred.model_idx_1,14,6.399704260846559,7.953877378545711,8.239459061509901,92.81158759588503,65,0.23529411764705882,0.7571428571428572
D7J,pred.model_idx_2,14,5.795113782018415,7.273368596138527,7.6644466347628795,166.08588034419668,85,0.29411764705882354,0.7411375661375662
D7J,pred.model_idx_3,12,5.212681894712849,6.446447605875202,7.180614094265285,-60.012393532265676,64,0.29411764705882354,0.692897842897843
D7J,pred.model_idx_4,12,4.965283418892702,6.247404715277423,7.045901813899145,133.02395979752527,82,0.4117647058823529,0.6722934472934473
D7J,pred.model_idx_5,10,5.82429355132211,7.117695529246726,7.738937369385181,114.66317652390889,56,0.23529411764705882,0.710974210974211
D7J,pred.model_idx_6,14,6.255506373903285,7.65225877264546,8.122769438244926,138.0974476416882,78,0.4117647058823529,0.7419312169312169
D7J,pred.model_idx_7,12,6.322415312664389,7.7325661100994685,7.994061989482912,71.70974656434245,72,0.29411764705882354,0.6493386243386243
D7J,pred.model_idx_8,10,5.453923081370753,6.609290177247389,7.389958555235401,48.89967542786832,61,0.23529411764705882,0.7400747400747401
D7J,pred.model_idx_9,13,6.25932991165241,7.595484579669687,7.995048894488358,63.40420062876723,72,0.23529411764705882,0.7746438746438746
D7M,pred.model_idx_0,11,5.1617138314482895,6.565408375564389,7.161078474583552,44.144866228732724,85,0.5,0.7939153439153439
D7M,pred.model_idx_1,13,5.524299802290655,6.75932267826929,7.417682370785665,46.10519586146348,76,0.2857142857142857,0.6732142857142857
D7M,pred.model_idx_2,11,5.042475603829926,6.492761197327162,7.1408400047781955,-129.37188644329657,91,0.42857142857142855,0.7894383394383395
D7M,pred.model_idx_3,14,5.221915998292422,6.682776309805421,7.128042946345545,-27.796743490423683,84,0.5,0.7749338624338624
D7M,pred.model_idx_4,12,5.156305328402754,6.619836178825179,7.174680859300857,85.04059775429968,90,0.5714285714285714,0.843121693121693
D7M,pred.model_idx_5,12,4.991131280955616,6.313917372456413,6.979950430730707,35.54218715696171,81,0.42857142857142855,0.843121693121693
D7M,pred.model_idx_6,12,5.168856180665992,6.498024352274976,7.28210386489836,170.25461624521424,81,0.5,0.7145706145706145
D7M,pred.model_idx_7,12,5.573517753078064,6.929445345271398,7.4600548721574755,151.55908088021556,45,0.21428571428571427,0.6138888888888887
D7M,pred.model_idx_8,11,5.279822470599402,6.6684059280078065,7.270772859622201,50.6338002796091,90,0.5,0.7939153439153439
D7M,pred.model_idx_9,12,5.2129252780771465,6.654557613732318,7.320198392566955,-154.3109842440995,89,0.42857142857142855,0.843121693121693
D7Y,pred.model_idx_0,11,4.652579585386359,5.804719854789944,6.600537165445551,75.72125017802414,44,0.23076923076923078,0.7191697191697192
D7Y,pred.model_idx_1,12,5.286635327801912,6.561778073165953,7.067917002613281,64.59946380440626,50,0.23076923076923078,0.8193935693935694
D7Y,pred.model_idx_2,11,4.5242237917343875,5.785357663645031,6.5180565945339355,-101.98225885016566,63,0.38461538461538464,0.6894586894586896
D7Y,pred.model_idx_3,12,4.778415788293876,5.929186878235248,6.581655783556567,81.20228115249479,57,0.23076923076923078,0.6737077737077738
D7Y,pred.model_idx_4,9,4.691068094907197,5.791938580347561,6.712567112619927,90.49282618827961,43,0.15384615384615385,0.6823361823361823
D7Y,pred.model_idx_5,11,4.893336035421597,6.086804099701923,6.551815815595053,38.76173424598916,44,0.07692307692307693,0.7191697191697192
D7Y,pred.model_idx_6,12,5.3210330646568496,6.719634899693969,7.285245138430367,120.44039170194947,64,0.38461538461538464,0.7165445665445664
D7Y,pred.model_idx_7,11,4.899697285098001,6.082785628312081,6.80834189068172,93.09612372674793,55,0.23076923076923078,0.7658730158730158
D7Y,pred.model_idx_8,11,4.87748833093236,6.17913706968262,6.770311952702022,130.78562983118857,35,0.15384615384615385,0.7658730158730159
D7Y,pred.model_idx_9,13,5.006458085828518,6.2301187670743365,7.014745037100645,147.6065182199308,51,0.15384615384615385,0.766992266992267
D81,pred.model_idx_0,14,5.927303652677951,7.4772698486071025,7.771028266148027,10.027165923721451,93,0.4444444444444444,0.7675744371822802
D81,pred.model_idx_1,15,5.930432650300741,7.523270646615222,7.8835191999074015,41.140905496439295,91,0.3888888888888889,0.8629357298474946
D81,pred.model_idx_2,12,5.4856601273847625,6.97349956581661,7.42054525024656,-80.49357695662114,98,0.4444444444444444,0.7278050108932461
D81,pred.model_idx_3,15,6.06463776423784,7.670559645669786,7.897323346853229,53.70194077464387,106,0.5,0.8629357298474946
D81,pred.model_idx_4,15,6.233687519769963,7.8297119856210395,8.108952661151898,17.019815204859384,98,0.5,0.8629357298474946
D81,pred.model_idx_5,14,6.027386409081695,7.718361653298653,7.897966150425792,-171.56870122690438,89,0.3333333333333333,0.6944444444444445
D81,pred.model_idx_6,13,5.665347115698916,7.110383252680548,7.696973701629768,31.875808277018198,81,0.3888888888888889,0.7233024691358024
D81,pred.model_idx_7,15,6.204410815657233,7.750793238974533,8.004455819000649,77.88059289708312,102,0.4444444444444444,0.7145969498910676
D81,pred.model_idx_8,14,6.036895970922023,7.671689729489557,7.992948723535508,134.5995578337688,82,0.3333333333333333,0.8432461873638345
D81,pred.model_idx_9,15,6.117519640987709,7.714009897222355,7.983321433678212,64.5586054247595,108,0.4444444444444444,0.8629357298474946
DEJ,pred.model_idx_0,13,5.671886042300604,7.100473120894166,7.639963634134554,-48.31888951621225,105,0.4444444444444444,0.7060457516339869
DEJ,pred.model_idx_1,12,6.708901836712057,8.187613263091139,8.459861190832385,69.29086311556622,75,0.2777777777777778,0.7255799755799756
DEJ,pred.model_idx_2,14,5.49517152107366,6.792086832523605,7.425639549674807,57.76206807381535,131,0.7777777777777778,0.7139705882352941
DEJ,pred.model_idx_3,13,5.6536035798662185,6.994685459380978,7.64587504089485,107.32257304220437,75,0.3333333333333333,0.7444444444444444
DEJ,pred.model_idx_4,13,6.438881280009516,7.941833590788954,8.328456102842585,77.77842764408632,84,0.3888888888888889,0.661896981014628
DEJ,pred.model_idx_5,13,5.5478567405955,6.8831304651299465,7.307686165254129,22.448195895104366,101,0.4444444444444444,0.7213779956427016
DEJ,pred.model_idx_6,13,6.47694820912792,7.847326013844943,8.385712428980808,129.18196118279906,87,0.3333333333333333,0.7486775479422537
DEJ,pred.model_idx_7,13,5.668686309888065,6.946152804523075,7.33425548968813,18.44432628954874,83,0.3888888888888889,0.7326719576719577
DEJ,pred.model_idx_8,13,5.425467479563787,6.68978737592871,7.550401553231953,72.13006050224891,73,0.2222222222222222,0.7562169312169311
DEJ,pred.model_idx_9,14,5.552416000964994,7.030033351195349,7.4875715555260935,98.32148673262479,87,0.5,0.7061974789915966
DJ1,pred.model_idx_0,13,5.843531828394049,7.1074480958989374,7.855136966846335,49.12055706674571,99,0.47368421052631576,0.7141534391534391
DJ1,pred.model_idx_1,13,7.007777035101895,8.459490669337923,8.884785920071252,93.82078704077296,104,0.47368421052631576,0.7505757858699034
DJ1,pred.model_idx_2,14,5.982317817322615,7.347376826512251,7.983492994331024,-70.05915659566278,160,0.5789473684210527,0.7203885257806827
DJ1,pred.model_idx_3,17,6.03106123192005,7.675805612108204,7.7401269895227305,-8.373283482809505,109,0.5263157894736842,0.7534495279593317
DJ1,pred.model_idx_4,14,5.317919853357364,6.94004638830281,7.320689854880331,-87.81398182525199,74,0.21052631578947367,0.7345536362693226
DJ1,pred.model_idx_5,14,5.533136660379229,6.89790229540279,7.290650329395145,-10.233258211185685,115,0.5789473684210527,0.756917211328976
DJ1,pred.model_idx_6,12,5.0702357620827865,6.51713846872328,7.3816023130987105,173.8884818241238,108,0.47368421052631576,0.6847274094823114
DJ1,pred.model_idx_7,13,5.535372061862496,6.895022626912912,7.369385904323209,89.06216294353585,88,0.2631578947368421,0.7376128229069405
DJ1,pred.model_idx_8,14,6.621695138276414,8.134374404262319,8.429237392379813,100.8745351207306,101,0.3684210526315789,0.7348583877995642
DJ1,pred.model_idx_9,15,5.959025637826057,7.5857336240725335,7.8147544140726675,-91.39101804961743,109,0.42105263157894735,0.7866557734204793
ERY,pred.model_idx_0,17,6.322352855372393,8.047562514909254,9.754331670274382,-116.99264591429612,114,0.36,0.7990463631846499
ERY,pred.model_idx_1,16,6.159391893420326,7.803649865011005,9.667902951370797,-95.00099746454227,99,0.24,0.7165042235217673
ERY,pred.model_idx_2,17,6.2912269033658905,7.998291826212326,9.43535400837511,-103.05701825615056,148,0.52,0.7895482169475977
ERY,pred.model_idx_3,18,6.227538779848545,7.959093525339306,9.535435577186517,-115.47970665945854,126,0.44,0.8035412605588044
ERY,pred.model_idx_4,16,6.47812603628128,8.014077775279905,9.76784436857038,-94.55543100791165,91,0.28,0.6602988953866147
ERY,pred.model_idx_5,15,6.332712098743088,8.002135588728308,9.509501543403758,-134.7638045985276,106,0.36,0.7378043420097085
ERY,pred.model_idx_6,15,6.1790798765138435,7.850093513867882,9.67633972396958,-167.44881603977822,125,0.4,0.7703885257806826
ERY,pred.model_idx_7,17,6.5649434842915095,8.055622454984773,9.868459759778771,-107.06029338078592,136,0.4,0.6949317738791423
ERY,pred.model_idx_8,16,6.172970839661611,7.912446918323947,9.733966566850714,-118.1626265396921,116,0.48,0.7516053204907693
ERY,pred.model_idx_9,15,6.45815087532052,8.062784127544676,9.811139283044817,-153.59586531835356,140,0.56,0.7213048962274968
FZV,pred.model_idx_0,12,5.8634653586157865,7.16198167880703,7.792917121009988,35.68732015591947,90,0.3888888888888889,0.8442002442002442
FZV,pred.model_idx_1,14,5.499065384764645,6.960373865774119,7.594751872036941,71.94562754848239,146,0.6111111111111112,0.8950396825396827
FZV,pred.model_idx_2,15,5.579724720399916,7.028849690594683,7.635366286814295,117.67673609586889,108,0.5,0.8715413943355119
FZV,pred.model_idx_3,15,5.500981751079729,7.03784193159054,7.507368172293194,-24.611804375684567,95,0.4444444444444444,0.8715413943355119
FZV,pred.model_idx_4,12,5.465763470242466,6.9179949563595535,7.6019623667938845,110.82101103799447,80,0.3888888888888889,0.8179436304436304
FZV,pred.model_idx_5,13,5.737768757779473,7.225740569919722,7.692808601714659,39.17764512290006,108,0.4444444444444444,0.8794668294668295
FZV,pred.model_idx_6,14,5.507334214723688,6.983529505296827,7.708783943164829,92.51708153104967,95,0.5,0.8950396825396827
FZV,pred.model_idx_7,15,6.291988738283634,7.863413155841392,8.147078591739826,64.63606894131115,112,0.5555555555555556,0.7678104575163398
FZV,pred.model_idx_8,14,5.789690398093031,7.185147616456483,7.790178699878515,61.17663347898781,80,0.3888888888888889,0.8554154995331467
FZV,pred.model_idx_9,14,5.713961435496428,7.232673321696368,7.824554890361901,118.89600849355782,106,0.4444444444444444,0.8123677248677248
DEV,pred.model_idx_0,12,5.837525318274014,7.3949091016469986,7.858030788213873,50.36283673371391,97,0.3888888888888889,0.7475104144221791
DEV,pred.model_idx_1,13,6.5837732617077425,8.018709808940589,8.428418735955448,62.4802618795761,94,0.4444444444444444,0.6732298474945533
DEV,pred.model_idx_2,14,5.957121581693595,7.257698974565245,7.974678642929664,109.27666751608197,146,0.7222222222222222,0.7687363834422658
DEV,pred.model_idx_3,14,5.325353809444339,6.777373379039916,7.253782858848954,-50.077179309975755,102,0.4444444444444444,0.7349945533769063
DEV,pred.model_idx_4,14,5.260527171073645,6.728474617301879,7.277359688549344,-158.36982676632473,109,0.4444444444444444,0.7716269841269842
DEV,pred.model_idx_5,14,5.901575345639753,7.597623216542167,7.82288275428502,64.6071571838614,97,0.4444444444444444,0.7215997510115157
DEV,pred.model_idx_6,14,5.3544102088999175,6.779514273440523,7.626379037637206,77.43152992190609,105,0.5,0.7957166199813259
DEV,pred.model_idx_7,13,6.0440779219789995,7.477234728774348,8.014368681274053,166.92596963723898,74,0.16666666666666666,0.5761710239651416
DEV,pred.model_idx_8,13,5.660955502786509,6.987730689514958,7.6589974867358555,43.38072101655732,94,0.4444444444444444,0.7659511240393593
DEV,pred.model_idx_9,14,5.928631863678017,7.591103925702164,7.955902717183547,121.75599747647796,120,0.4444444444444444,0.7288398692810457
G0D,pred.model_idx_0,13,5.760759120421415,7.031847252164809,7.766804904289557,52.152583133268855,89,0.4444444444444444,0.7392195767195766
G0D,pred.model_idx_1,14,5.660872887052331,6.98891270553264,7.760474603114582,64.42956254183963,95,0.5,0.7594498910675381
G0D,pred.model_idx_2,13,5.4509019520671425,6.852080389682149,7.549031765137128,88.79316221649833,106,0.4444444444444444,0.8072751322751324
G0D,pred.model_idx_3,13,5.33074594414212,6.846089987073724,7.3036963844715785,-51.95092941169983,107,0.4444444444444444,0.7162075941487706
G0D,pred.model_idx_4,13,5.161506262979615,6.676032716616459,7.275200735107666,91.41876607689649,89,0.3888888888888889,0.794047619047619
G0D,pred.model_idx_5,14,5.244827844463112,6.643321598501093,7.277541522935858,45.6112389289264,96,0.4444444444444444,0.8396825396825398
G0D,pred.model_idx_6,12,5.533874525770829,7.006991524343541,7.701070480443163,136.272819046433,80,0.3888888888888889,0.6818277310924369
G0D,pred.model_idx_7,13,5.907075930231869,7.356909312944458,7.707754864130326,53.36951711864982,99,0.3333333333333333,0.6643518518518517
G0D,pred.model_idx_8,14,5.434538353436208,6.798393983140429,7.528853428530964,55.241742339697865,81,0.4444444444444444,0.8396825396825398
G0D,pred.model_idx_9,15,6.0591997406988645,7.644833140755918,8.022158091319918,106.81037553158913,127,0.6111111111111112,0.7295751633986929
G0J,pred.model_idx_0,14,6.0587689884880245,7.672517636922634,8.0074922375012,-37.19999348532295,92,0.4444444444444444,0.6503540305010893
G0J,pred.model_idx_1,12,5.956038397521201,7.318009567346696,7.752977467719685,34.99557054253004,116,0.4444444444444444,0.7116249491249491
G0J,pred.model_idx_2,13,5.336353544220974,6.678510468909466,7.421717252917487,-152.63069202102707,116,0.5555555555555556,0.6396319638966698
G0J,pred.model_idx_3,13,6.252671293949906,7.7810743152857755,7.8732787557497765,-22.411704642391374,138,0.7222222222222222,0.695873135579018
G0J,pred.model_idx_4,11,5.499208566865118,7.036830720099307,7.41101319926368,139.14249317895752,103,0.5,0.7008292633292634
G0J,pred.model_idx_5,13,5.8572457331670575,7.486117941452254,7.637528917627258,-3.4079653923239555,103,0.4444444444444444,0.7196496404829739
G0J,pred.model_idx_6,15,5.182529878779711,6.621676138931056,7.4492720412429865,84.79030275596094,106,0.5,0.6381172839506174
G0J,pred.model_idx_7,11,5.631422862681627,7.063921805751941,7.630075903401399,87.84073388044797,84,0.3888888888888889,0.6070767195767197
G0J,pred.model_idx_8,12,6.418728885127615,8.007970243243083,8.257393660007203,59.77956909604809,99,0.5,0.6730006105006106
G0J,pred.model_idx_9,13,5.557985371417318,7.05348636018624,7.528711956385518,-112.46205066662164,107,0.4444444444444444,0.7402816682228448
G1J,pred.model_idx_0,12,5.751336779862681,7.018872636209703,7.76487619418087,48.84037565735739,86,0.4444444444444444,0.767032967032967
G1J,pred.model_idx_1,12,5.676473164491432,6.992182052915322,7.7578776256047,59.482087578988555,87,0.4444444444444444,0.676058201058201
G1J,pred.model_idx_2,14,5.498374953953147,6.889185688050834,7.59387045004305,92.31760495356883,115,0.5,0.8222883597883599
G1J,pred.model_idx_3,13,5.30819967925817,6.831625180812478,7.281000629598233,-56.90900719186026,104,0.4444444444444444,0.6997393401805166
G1J,pred.model_idx_4,12,5.199085741461464,6.702538729217958,7.291055501424035,88.73797982419322,89,0.3888888888888889,0.7410714285714285
G1J,pred.model_idx_5,12,5.760984263912132,7.347704397746732,7.777724615145693,59.07431749940815,95,0.3888888888888889,0.7550620675620674
G1J,pred.model_idx_6,12,5.514503403414077,6.995464631935942,7.688653158868369,115.41050795678603,79,0.3333333333333333,0.6671062869592281
G1J,pred.model_idx_7,14,6.0612506378430755,7.6808253571258,7.890349750400294,70.65756453240414,110,0.5,0.7074346405228759
G1J,pred.model_idx_8,14,5.519058824671575,6.8884212309901285,7.560491766719255,49.254529396403505,82,0.4444444444444444,0.8222883597883599
G1J,pred.model_idx_9,15,6.108471146505089,7.633775069096256,8.07131055879862,135.96739661674934,119,0.5555555555555556,0.7395697167755991
G0M,pred.model_idx_0,13,5.771408973629842,7.0443021241757275,7.780243079379229,51.609746693970074,88,0.5,0.7637566137566137
G0M,pred.model_idx_1,12,5.809234851529239,7.0987748508920125,7.834475579368535,55.17777587044623,101,0.4444444444444444,0.6796296296296297
G0M,pred.model_idx_2,14,5.510912253636773,6.940592173742973,7.596451129058412,91.20904476921933,113,0.5,0.8527116402116401
G0M,pred.model_idx_3,13,5.377334790997796,6.8948337080100135,7.359802889044409,-50.607442089553444,98,0.4444444444444444,0.7407446311858076
G0M,pred.model_idx_4,13,5.591352391331028,6.947869711485513,7.670170533207697,63.71738037546607,80,0.3888888888888889,0.7402816682228447
G0M,pred.model_idx_5,14,5.326322153283217,6.719105835021668,7.371597438253575,44.56357920346577,99,0.5,0.8527116402116401
G0M,pred.model_idx_6,13,5.416725601246341,6.869075063079616,7.672224280211326,75.18754703677568,91,0.4444444444444444,0.8203703703703703
G0M,pred.model_idx_7,15,6.048271853669862,7.439441808137669,7.917447970169397,39.50369032907844,143,0.6666666666666666,0.7539760348583877
G0M,pred.model_idx_8,14,5.624503290963721,6.95504644924181,7.676784355955267,47.026004878762436,92,0.5,0.8527116402116401
G0M,pred.model_idx_9,13,5.832735713434801,7.331585704637465,7.850401742196949,122.43616883508471,94,0.3888888888888889,0.7646825396825396
J9K,pred.model_idx_0,11,5.427481176690835,6.680938504431844,7.285635807761279,105.6372178186469,51,0.3333333333333333,0.6946682946682947
J9K,pred.model_idx_1,13,5.97574290918432,7.285612966662447,7.755921960025128,65.12137070477002,64,0.4,0.710917785917786
J9K,pred.model_idx_2,10,5.140167052192414,6.336539039570419,7.022184835062217,80.61574839899016,67,0.3333333333333333,0.7265826765826766
J9K,pred.model_idx_3,11,5.031251579765108,6.254291793107619,7.034246403054764,79.12103679235076,69,0.4,0.7264143264143266
J9K,pred.model_idx_4,13,6.06032817391563,7.398979416108683,7.74306807681698,33.166809519345456,64,0.3333333333333333,0.6229497354497354
J9K,pred.model_idx_5,13,4.947641985722986,6.130217350687222,6.771686758276864,111.97855666604472,71,0.4,0.73982498982499
J9K,pred.model_idx_6,10,5.530618073557019,6.899412047413895,7.407920347543942,-134.85776994816294,63,0.26666666666666666,0.7237947237947238
J9K,pred.model_idx_7,11,5.157457073985202,6.4945259796231465,7.075799573428669,65.08823905497992,80,0.5333333333333333,0.7635531135531136
J9K,pred.model_idx_8,12,5.02743000260681,6.18464343353762,7.040776573961458,79.2146900781019,50,0.26666666666666666,0.7771927146927147
J9K,pred.model_idx_9,12,5.896507933231895,7.22760971091642,7.635014647879421,95.8583691559253,57,0.2,0.7411477411477412
KLN,pred.model_idx_0,15,7.62506235397496,9.291284603505229,9.239675361769756,77.84925233887185,71,0.2222222222222222,0.8142730191491802
KLN,pred.model_idx_1,16,7.578379822837961,9.266246354376728,9.20206067895651,71.2887628063881,78,0.3888888888888889,0.9286946259985476
KLN,pred.model_idx_2,16,7.514583402745688,9.157893794426752,9.017023963662592,18.114898238997,76,0.2777777777777778,0.9286946259985476
KLN,pred.model_idx_3,15,6.321370138098189,8.172867248129972,8.201583267242135,19.23132402969253,143,0.7222222222222222,0.6877842755035737
KLN,pred.model_idx_4,16,7.581464028509694,9.219967071825991,9.165630043448417,75.8180418546775,62,0.2222222222222222,0.9286946259985476
KLN,pred.model_idx_5,16,7.179835952498075,8.908921718953671,8.675478028731684,146.8486154455696,100,0.4444444444444444,0.9286946259985476
KLN,pred.model_idx_6,16,7.629065685002342,9.366290993356026,9.248307608150215,85.44813569929961,81,0.3888888888888889,0.9286946259985476
KLN,pred.model_idx_7,15,7.272361037052598,9.106004525403371,8.87594075126166,86.98963902099162,102,0.3888888888888889,0.8999999999999999
KLN,pred.model_idx_8,14,7.772221800393128,9.395342291677178,9.404104091834679,94.25174962077071,57,0.2222222222222222,0.858641975308642
KLN,pred.model_idx_9,16,7.473205090304913,9.136097083364794,9.085316281388907,91.51365151307552,90,0.4444444444444444,0.9286946259985476
G0V,pred.model_idx_0,13,5.793905131746262,7.09122365264923,7.746843571695786,37.19572516533893,89,0.3888888888888889,0.8627139744786804
G0V,pred.model_idx_1,14,5.498394081903584,6.95389027811052,7.592759051916036,68.88003747566346,142,0.6111111111111112,0.8766573295985061
G0V,pred.model_idx_2,15,5.795811593787304,7.212070737612349,7.803583605288878,83.12515925839698,114,0.4444444444444444,0.8544753086419754
G0V,pred.model_idx_3,15,5.51798248057687,7.040790020168767,7.489445705810115,0.006678806294535667,90,0.5,0.8544753086419754
G0V,pred.model_idx_4,12,5.252271493435929,6.773632970690221,7.389634612457138,132.61078588665052,93,0.3888888888888889,0.7673280423280423
G0V,pred.model_idx_5,13,5.509789057950564,7.014499471654257,7.455617566704291,31.772506522377743,98,0.3888888888888889,0.8627139744786804
G0V,pred.model_idx_6,13,5.445025445779502,6.928551515873149,7.6535732370165155,98.8784782523099,90,0.4444444444444444,0.8627139744786804
G0V,pred.model_idx_7,14,6.261415022559469,7.66074063528332,8.06044331343244,76.17318567061591,89,0.3333333333333333,0.618282498184459
G0V,pred.model_idx_8,14,5.822208198760598,7.169041015441401,7.756653596262878,43.88404040952147,89,0.3888888888888889,0.8397707231040565
G0V,pred.model_idx_9,14,5.734172985306601,7.268379604910649,7.845696127005678,128.27746096833715,108,0.5,0.7916666666666666
MF8,pred.model_idx_0,5,1.5984181184788546,2.6330380636148134,4.124392148255618,-55.5062448641649,19,0.25,0.8592592592592593
MF8,pred.model_idx_1,4,1.5928179625206373,2.6506322097022648,4.195665349905192,-73.31878257819992,12,0.25,0.7370370370370369
MF8,pred.model_idx_2,6,1.9481660226612754,2.8410871354309273,4.237969582852759,-60.18085114551441,23,0.5,0.7645502645502646
MF8,pred.model_idx_3,4,2.454627753327866,3.2570764327674118,4.36085177289772,40.022899416133264,13,0.0,0.7370370370370369
MF8,pred.model_idx_4,6,2.4600752698511754,3.261991160830043,4.427875299358223,42.42933902033203,17,0.25,0.7354497354497354
MF8,pred.model_idx_5,5,2.187621770861151,2.957333183047787,4.20203023828444,-133.85412751437158,28,0.25,0.6190476190476191
MF8,pred.model_idx_6,5,2.1928586365746425,3.0067222648222396,4.330197968274019,65.73130113438017,14,0.25,0.8592592592592593
MF8,pred.model_idx_7,5,2.996465922497928,3.675987365472182,4.629629409481477,43.89101814793022,7,0.0,0.8592592592592593
MF8,pred.model_idx_8,4,2.521840325958333,3.3089306933408764,4.700778690418886,12.187045800632232,7,0.0,0.6925925925925926
MF8,pred.model_idx_9,5,1.742627397613609,2.731031551142047,4.245077335013687,-179.83400263853355,15,0.25,0.8592592592592593
MWY,pred.model_idx_0,12,5.408926742097494,6.553226482682659,7.1485751505594175,72.9325576876256,49,0.3125,0.6858941439823792
MWY,pred.model_idx_1,14,4.5048562003325845,6.208403159257522,8.452226665074484,-39.41545601477735,68,0.3125,0.6853446934329287
MWY,pred.model_idx_2,10,4.934203890503294,6.073755959416335,6.819350991270999,-140.28634498292357,55,0.25,0.6499518999519
MWY,pred.model_idx_3,11,5.067548870745313,6.282764451379277,7.216616594536777,-171.35517781479712,52,0.1875,0.7481684981684982
MWY,pred.model_idx_4,12,5.968710777562367,7.096665826180971,7.441669388355216,-27.925278387959168,55,0.1875,0.7172415547415547
MWY,pred.model_idx_5,13,4.210099575238708,6.079144616862415,8.061363324248967,-45.86133656314291,63,0.25,0.6461640211640213
MWY,pred.model_idx_6,11,5.125803208084305,6.265727743168798,7.407026711834211,102.88485933852212,52,0.3125,0.70239898989899
MWY,pred.model_idx_7,11,5.674785992493996,6.754039038481591,7.303507629692031,59.68281470087622,59,0.25,0.681990231990232
MWY,pred.model_idx_8,12,5.786483824122552,6.899291948739334,7.4318534670647844,80.31315073089641,43,0.25,0.7288156288156288
MWY,pred.model_idx_9,12,5.801345016855261,6.997278334531869,7.7770848284452825,-115.76540499599464,60,0.3125,0.7462555962555961
MWV,pred.model_idx_0,14,6.851546664174303,8.792976799696449,10.463052816788874,62.11244470314041,96,0.5555555555555556,0.8513888888888889
MWV,pred.model_idx_1,15,6.418298777401039,8.578405617854896,9.991131552331181,60.09864482016839,104,0.6666666666666666,0.8953703703703704
MWV,pred.model_idx_2,16,6.533880496562836,8.568814103415297,10.272237155395972,68.58257563227947,103,0.5555555555555556,0.9097222222222222
MWV,pred.model_idx_3,15,6.226476032924261,8.231841217694454,9.957143466416584,67.95901155091144,103,0.5555555555555556,0.9083333333333334
MWV,pred.model_idx_4,15,5.984031396463259,8.051222721149598,10.28893079848826,63.260901194434034,83,0.3888888888888889,0.8953703703703704
MWV,pred.model_idx_5,15,3.085926577766263,6.312248628658413,9.55704470587173,-86.08800847805261,90,0.3333333333333333,0.9083333333333334
MWV,pred.model_idx_6,14,6.6853176021306595,8.742082757812604,10.03089962162596,59.45058126312631,104,0.6111111111111112,0.8791666666666667
MWV,pred.model_idx_7,14,6.374349251463212,8.491629034918251,10.2684136793733,66.89719937428202,117,0.7222222222222222,0.8648148148148148
MWV,pred.model_idx_8,14,6.490605592572493,8.470561449973538,10.32995731477144,72.1193501420993,99,0.6111111111111112,0.8791666666666667
MWV,pred.model_idx_9,15,6.562366894005792,8.607134776193268,10.185496383823253,62.93307394119827,118,0.7222222222222222,0.8953703703703704
MYT,pred.model_idx_0,9,4.257629586460256,5.256148858577867,6.142348682919307,118.01850670414031,26,0.25,0.6611672278338945
MYT,pred.model_idx_1,8,3.986672382032526,5.025214546195428,5.880655858721859,81.01555198639602,37,0.25,0.8083333333333332
MYT,pred.model_idx_2,9,4.1965813360442095,5.179471906989565,6.114345486931861,61.63511998956147,49,0.625,0.7756453423120089
MYT,pred.model_idx_3,9,4.164400734915993,5.124884664412401,6.187180723439253,73.77670548662982,33,0.125,0.6965207631874298
MYT,pred.model_idx_4,8,4.011303630999429,4.9928592951510735,5.783839387064904,64.8406529511351,29,0.125,0.7298540965207632
MYT,pred.model_idx_5,8,3.9417214254495145,4.934805336169032,5.7848288272474955,118.68723240230825,30,0.125,0.7298540965207632
MYT,pred.model_idx_6,8,4.23706770421524,5.261274968495531,6.1715459137397595,71.16717870910576,29,0.25,0.8083333333333332
MYT,pred.model_idx_7,7,3.718953018010985,4.725669613305362,5.795269076394993,125.65068774318506,27,0.25,0.7731481481481481
MYT,pred.model_idx_8,8,4.245547386669563,5.2373138433855235,6.095978864656528,110.7799843099488,28,0.125,0.7429012345679011
MYT,pred.model_idx_9,8,3.9529024131502757,4.995286072005933,5.859727188460518,101.15150745561142,31,0.125,0.7235690235690235
NH0,pred.model_idx_0,13,6.040271331687763,7.342762496573145,7.978662925875073,-116.79740288790781,85,0.4444444444444444,0.8330843448490507
NH0,pred.model_idx_1,13,5.921229147441298,7.171785201257284,7.937549766280781,129.4348202742941,103,0.5,0.8031084656084655
NH0,pred.model_idx_2,15,6.164404576463396,7.4971930603248955,8.24050752823292,-136.82624777530475,143,0.6666666666666666,0.803794480755265
NH0,pred.model_idx_3,15,5.453386537446974,6.878648733974238,7.45480356275337,-100.41435405454214,97,0.3333333333333333,0.8558641975308643
NH0,pred.model_idx_4,13,5.6876276065762585,7.015820273361349,7.755211205708226,134.6781975656227,80,0.3333333333333333,0.793401805166511
NH0,pred.model_idx_5,15,5.709513925215982,7.119818548401509,7.576717334012964,29.62733770097709,98,0.4444444444444444,0.817220406681191
NH0,pred.model_idx_6,14,6.12191241413024,7.47064589812254,8.159607725124019,-92.40180714609441,103,0.5555555555555556,0.7992283950617285
NH0,pred.model_idx_7,14,6.620353645282465,8.018291517827528,8.50412391118056,156.52378829482672,69,0.2777777777777778,0.6126997095134351
NH0,pred.model_idx_8,14,5.871229795715535,7.248493485601736,7.922535445276685,98.39907324869039,92,0.3888888888888889,0.8412257495590829
NH0,pred.model_idx_9,15,6.0600824904524515,7.506787530430512,8.042022542549367,109.27992497201964,93,0.4444444444444444,0.8265795206971678
MWS,pred.model_idx_0,12,5.198445521320236,6.774224345375748,7.502949238971223,86.28086363534207,67,0.38461538461538464,0.7279558404558403
MWS,pred.model_idx_1,11,5.793806095065261,7.550005705173218,8.563111983677029,97.74041007905228,53,0.3076923076923077,0.7184805934805936
MWS,pred.model_idx_2,13,4.999189797320125,6.617578092838407,7.60263304047671,96.53387534235394,55,0.3076923076923077,0.7317256817256816
MWS,pred.model_idx_3,10,2.1410668452758883,3.9616152289466755,7.029389300618037,-34.27899897414816,38,0.15384615384615385,0.5131105006105007
MWS,pred.model_idx_4,9,5.268090184892352,6.50338816822944,7.368684123687054,66.9059523698678,53,0.3076923076923077,0.5738909238909238
MWS,pred.model_idx_5,10,3.972834857876188,5.595269195523159,6.704263836226456,75.59643691396438,45,0.07692307692307693,0.6713934213934215
MWS,pred.model_idx_6,12,5.231718503971816,6.8963804462383935,8.10150803664133,97.74227422271254,55,0.3076923076923077,0.7418956043956043
MWS,pred.model_idx_7,15,5.8690997885405185,6.9758096649408,7.002741111064088,48.63204711174099,67,0.38461538461538464,0.6337962962962963
MWS,pred.model_idx_8,10,5.249316598932656,6.9780874197044165,7.9515676171837155,89.44363609661707,50,0.15384615384615385,0.7237924112924113
MWS,pred.model_idx_9,10,4.787875999124289,6.419031001638799,7.375372050228159,77.42321974697145,61,0.3076923076923077,0.6972078847078848
NI6,pred.model_idx_0,14,5.901400018761688,7.256630960351838,7.873824966462811,145.7636312142744,85,0.3157894736842105,0.7704206048891292
NI6,pred.model_idx_1,14,6.236620029968111,7.5850456803953525,8.197339730751516,104.36491745900815,97,0.42105263157894735,0.734967320261438
NI6,pred.model_idx_2,15,6.063813333313802,7.378255948535891,8.097716610203705,169.62581124375362,138,0.5789473684210527,0.771707659672056
NI6,pred.model_idx_3,14,6.432129733554803,7.752801600576062,8.401754870815964,-110.80156919078766,134,0.42105263157894735,0.6476870962810075
NI6,pred.model_idx_4,13,5.87792089899782,7.131145370098248,8.05087774816684,81.30011300560143,85,0.42105263157894735,0.7459254071999168
NI6,pred.model_idx_5,15,6.454945233604741,7.8929968676435935,8.29116654673386,-140.97697481927153,89,0.3157894736842105,0.6651234567901235
NI6,pred.model_idx_6,13,6.039608330800408,7.591974315025046,8.088226902174087,-173.71071196599465,83,0.3157894736842105,0.695815177923021
NI6,pred.model_idx_7,15,6.763137523469218,8.212286698343492,8.646889495699076,148.12068849176148,84,0.3684210526315789,0.6270926499254672
NI6,pred.model_idx_8,13,6.058856979284902,7.451123781367691,8.011308497542569,132.21242975238988,87,0.42105263157894735,0.7482583774250441
NI6,pred.model_idx_9,15,6.348615597611237,7.864808872773906,8.316602827187316,117.64669955901431,113,0.47368421052631576,0.6877460535871269
NJ0,pred.model_idx_0,13,5.610756987580571,7.068471624422295,7.728911694002216,173.07858030682644,122,0.47368421052631576,0.6285130718954248
NJ0,pred.model_idx_1,13,5.800284771402426,7.306066502355567,7.583595599637192,-35.496194588858735,98,0.42105263157894735,0.6884025832555244
NJ0,pred.model_idx_2,14,5.84675606426925,7.307630719791614,7.590048841900669,-60.037751331294,104,0.47368421052631576,0.697782446311858
NJ0,pred.model_idx_3,13,5.677240093961813,7.147524212510304,7.64427111462965,-164.20990444735915,82,0.3157894736842105,0.7026882975412387
NJ0,pred.model_idx_4,14,6.052155314442823,7.481109465988668,8.05729143483888,120.28142659807645,115,0.631578947368421,0.757613600995954
NJ0,pred.model_idx_5,14,5.874836454787368,7.52592378138112,7.546980965014295,-55.15898651089375,105,0.42105263157894735,0.6724673202614379
NJ0,pred.model_idx_6,15,6.341238554339924,8.074133774624144,8.247393692484708,78.66157344855807,129,0.6842105263157895,0.7750544662309369
NJ0,pred.model_idx_7,13,5.56483299838023,7.16501594922381,7.388253666952018,-142.54307711347622,126,0.47368421052631576,0.71005291005291
NJ0,pred.model_idx_8,13,6.5155815765872696,8.136792391418906,8.383166737237268,87.33180549987,98,0.3684210526315789,0.7458333333333333
NJ0,pred.model_idx_9,13,5.332664863044672,7.054459090010487,7.308488472459785,-71.41573454619835,134,0.5263157894736842,0.7152427637721757
NJO,pred.model_idx_0,14,6.074108734929759,7.491954811662975,8.094639801976985,-90.86085011267751,108,0.35,0.6584731845954757
NJO,pred.model_idx_1,15,6.328476155540921,7.914516359197194,8.318592384006442,176.89447007260776,107,0.45,0.7490205633910484
NJO,pred.model_idx_2,11,5.319770734134131,6.845942528242549,7.475511655649398,-85.67662407010128,105,0.55,0.620143427741467
NJO,pred.model_idx_3,16,6.50910877568888,8.054998386095432,8.49652172090144,95.1643147416823,107,0.4,0.7664736459886098
NJO,pred.model_idx_4,15,6.650981140121357,8.21498425135435,8.560904705476519,86.11836074082841,99,0.4,0.7604665940450254
NJO,pred.model_idx_5,16,6.636984269276595,8.059150155258308,8.312326914927311,81.48437533193979,86,0.4,0.7435500515995872
NJO,pred.model_idx_6,16,7.086373697323972,8.904031380504001,8.89423238554767,60.32963432056905,132,0.65,0.7126094102358291
NJO,pred.model_idx_7,16,6.8098135593904905,8.5742733294631,8.58517735031773,106.19058202158293,135,0.6,0.7455184802966022
NJO,pred.model_idx_8,13,7.040536600377134,8.7895640762213,8.877835010364295,-48.56089699787018,104,0.4,0.7472390808175122
NJO,pred.model_idx_9,17,6.765137892811204,8.362786219317101,8.505674885554349,60.08446067012238,107,0.4,0.7836830638688224
NYF,pred.model_idx_0,15,6.400205283560398,8.073694147417681,8.339768272230657,61.6176246496165,121,0.47619047619047616,0.7656542636547796
NYF,pred.model_idx_1,15,5.337412566378182,6.936784616373316,7.326898664733028,-48.71389916865599,129,0.47619047619047616,0.74788059473302
NYF,pred.model_idx_2,17,6.1194891189378104,7.897594147940333,8.088916796287585,120.15861716760934,129,0.42857142857142855,0.8068264342774146
NYF,pred.model_idx_3,16,5.733170823667106,7.457752555967952,7.850502580288425,72.11473587652925,123,0.5238095238095238,0.8054002790199901
NYF,pred.model_idx_4,17,7.235529569260799,9.26203646425106,9.177116491640266,85.51734075910689,141,0.47619047619047616,0.8080495356037152
NYF,pred.model_idx_5,14,4.945782287830254,6.645137034651906,7.016891287856197,-83.4860172390432,133,0.5238095238095238,0.7551877378631765
NYF,pred.model_idx_6,18,7.319891931039586,9.22167352768264,9.026296657390267,57.26997242279542,143,0.7142857142857143,0.8027940220922676
NYF,pred.model_idx_7,16,6.6725995691541256,8.699736889900084,8.674528906774238,121.08021091026716,139,0.5714285714285714,0.7178840347055001
NYF,pred.model_idx_8,15,7.2167250289394245,8.931955752137352,9.137769678726876,105.00052944059067,105,0.3333333333333333,0.731357260253029
NYF,pred.model_idx_9,12,4.983278843429124,6.689850212109769,7.052688470312246,-81.35964175540848,111,0.38095238095238093,0.701873897707231
NXR,pred.model_idx_0,15,6.045645016485152,7.692468902797906,8.061046753859939,-30.62796085676522,106,0.47368421052631576,0.7637981118373275
NXR,pred.model_idx_1,15,7.309489008367488,9.285421565067773,9.19001813699608,-75.7936711108732,116,0.42105263157894735,0.8006808278867102
NXR,pred.model_idx_2,16,6.332898616036683,8.002912928011483,8.088299706205849,-6.476308518494104,131,0.631578947368421,0.8267973856209151
NXR,pred.model_idx_3,15,6.565411965855137,8.206416698269777,8.474522677692658,-8.207278743082727,114,0.47368421052631576,0.8341503267973855
NXR,pred.model_idx_4,16,6.954020776351076,8.626703689037983,8.683378571700125,26.956062646892107,118,0.42105263157894735,0.8872549019607843
NXR,pred.model_idx_5,17,6.793130897110171,8.417046054409544,8.312385299036121,19.22505515268239,131,0.5789473684210527,0.8667392883079157
NXR,pred.model_idx_6,16,6.813815748987052,8.812310774109546,8.827324947446462,-51.41840675848619,121,0.5789473684210527,0.8393246187363835
NXR,pred.model_idx_7,16,7.16523187853051,8.832278335160389,8.612697482461108,-19.452841694193975,129,0.5789473684210527,0.850263253449528
NXR,pred.model_idx_8,13,6.786022291574707,8.473631540678383,8.618158221539707,55.01407178387043,103,0.3684210526315789,0.7874727668845316
NXR,pred.model_idx_9,16,6.719158665457873,8.41301773962111,8.545088261824265,179.72788207223053,146,0.631578947368421,0.8872549019607843
PG0,pred.model_idx_0,6,0.9338957131955369,2.6434580335235136,4.53624287854222,-66.77883035250316,22,0.5,0.7923280423280423
PG0,pred.model_idx_1,6,2.587427876410278,3.6353709061112323,4.956559090298935,41.91898374114551,23,0.5,0.7923280423280423
PG0,pred.model_idx_2,7,3.0600523203247687,4.006898410865941,4.813654505999055,40.91735169802936,26,0.5,0.7248677248677249
PG0,pred.model_idx_3,0,0.6310839509328373,2.778995074662782,22.558897578408505,3.175913436881642,6,0.0,0.0
PG0,pred.model_idx_4,5,3.5340888986767154,4.336138460658285,5.423846222354576,39.454375403413096,13,0.25,0.6726190476190477
PG0,pred.model_idx_5,6,0.9016963700437084,2.738897999196027,5.131313729811305,160.62063666690347,20,0.5,0.7923280423280423
PG0,pred.model_idx_6,7,0.9739551853781571,2.793366181688323,5.279755032492038,150.03881690902378,30,0.5,0.7248677248677249
PG0,pred.model_idx_7,8,2.981412629212031,4.032825017899984,5.714745183787725,65.81903526641037,15,0.25,0.6203703703703703
PG0,pred.model_idx_8,5,0.9346312859224222,2.711501774847289,5.218461712097254,65.9427605273896,16,0.25,0.6726190476190476
PG0,pred.model_idx_9,6,0.9454812018887527,2.629518278126243,4.953471353820975,62.0738679837938,21,0.75,0.7923280423280423
PK9,pred.model_idx_0,8,4.643810460562468,5.76564603522999,6.321548151815057,76.53989234083649,45,0.36363636363636365,0.7137183803850471
PK9,pred.model_idx_1,9,4.785057884738957,5.908645655161669,6.687141242996197,68.52049060699659,57,0.45454545454545453,0.6548951048951048
PK9,pred.model_idx_2,10,4.554635850392283,5.680630648547519,6.355058942642565,86.65355887491828,53,0.36363636363636365,0.7639212639212639
PK9,pred.model_idx_3,10,4.554743576247583,5.696662131001154,6.2761672707621505,63.69746069620522,60,0.45454545454545453,0.7842916342916343
PK9,pred.model_idx_4,9,4.668474176846925,5.781274739077503,6.377802225441229,89.24682265257042,48,0.2727272727272727,0.6858456358456358
PK9,pred.model_idx_5,12,4.202719228658255,5.460277553066487,5.964751993982352,103.04010895773575,61,0.2727272727272727,0.782051282051282
PK9,pred.model_idx_6,11,4.365301957001761,5.543238748790003,6.2882549077227345,97.28731825474313,58,0.45454545454545453,0.8086635586635587
PK9,pred.model_idx_7,13,4.3484360063502425,5.587065730619327,6.156593913388045,109.45566815657236,55,0.36363636363636365,0.7435897435897436
PK9,pred.model_idx_8,8,4.727570482330901,5.824675090770598,6.506202757183359,114.07639214575923,42,0.2727272727272727,0.6611931278597944
PK9,pred.model_idx_9,10,4.711934997794478,5.8172159970661,6.4277339462916485,77.2132712648981,49,0.2727272727272727,0.7821030821030822
PG4,pred.model_idx_0,9,3.185255908272274,4.7561207932515766,6.265230762619661,65.51404029552421,38,0.6666666666666666,0.7593714927048261
PG4,pred.model_idx_1,10,2.994612137167517,4.600739313498346,6.641472317519565,66.65812101473385,46,0.6666666666666666,0.8232323232323232
PG4,pred.model_idx_2,9,3.2094402118395626,4.83980938912649,5.874094680844583,59.40770132853337,46,1.0,0.8212121212121213
PG4,pred.model_idx_3,9,3.2891147691281675,4.763999208809596,5.930914999705173,45.15737846219133,46,1.0,0.8212121212121213
PG4,pred.model_idx_4,9,2.853366219233887,4.513412797088593,6.12388763622138,68.45236217518531,34,0.3333333333333333,0.8212121212121213
PG4,pred.model_idx_5,8,2.970718775215876,4.410541210467347,6.223932787965534,83.65662975142074,40,0.8333333333333334,0.7851851851851852
PG4,pred.model_idx_6,10,3.145451535304072,4.698637396588014,6.3318524430806775,62.21571030609714,52,0.6666666666666666,0.8232323232323232
PG4,pred.model_idx_7,9,3.104511723511464,4.690252264824602,6.0955999044611096,69.16751196668102,25,0.16666666666666666,0.854320987654321
PG4,pred.model_idx_8,9,3.5809594050135543,5.123944198939539,6.0792341394203175,54.70851609660833,44,0.6666666666666666,0.8212121212121213
PG4,pred.model_idx_9,9,2.9441530683612274,4.568203838237991,6.126465681898437,60.95009737274552,36,0.3333333333333333,0.854320987654321
QDJ,pred.model_idx_0,13,6.610828539785161,8.020805386334626,8.49726104698566,56.21737577830074,118,0.4090909090909091,0.77744708994709
QDJ,pred.model_idx_1,16,6.869376264962351,8.470347086910152,8.771950166535008,15.938397314286512,152,0.7272727272727273,0.7769607843137254
QDJ,pred.model_idx_2,15,6.050618959569753,7.533942377666556,8.035418390040176,41.14464579910844,138,0.5,0.7495188816267249
QDJ,pred.model_idx_3,14,6.348489847027394,7.81419166993909,8.40835126372427,7.105227564635035,142,0.6818181818181818,0.7664760348583878
QDJ,pred.model_idx_4,12,5.858186192492442,7.3757020497897505,8.053468000156546,129.1020582205334,105,0.3181818181818182,0.7272525676937441
QDJ,pred.model_idx_5,15,6.32074923628978,7.827861623132406,8.40754958079418,65.18372403174997,129,0.5,0.7524146695715325
QDJ,pred.model_idx_6,14,6.8428872368360505,8.39295828900091,8.76618052827088,-95.97312088424185,116,0.45454545454545453,0.772573659093267
QDJ,pred.model_idx_7,14,6.739896734270959,8.235117982264624,8.502188752288754,37.06474654434207,122,0.45454545454545453,0.7299110384894699
QDJ,pred.model_idx_8,14,6.841625897737086,8.303888837055915,8.716163129342753,-8.183245127392635,101,0.4090909090909091,0.772573659093267
QDJ,pred.model_idx_9,15,6.354899739644186,7.932630990523773,8.391410745032019,87.70962703235479,128,0.5,0.7952342047930283
PKT,pred.model_idx_0,11,5.7729226962865425,7.103652747962584,7.6165669732038905,106.38619720587381,55,0.3125,0.7168294668294669
PKT,pred.model_idx_1,13,5.434297959208551,6.666776775605853,7.49779589271755,63.721515742821055,70,0.375,0.7106023606023606
PKT,pred.model_idx_2,14,5.982498764282903,7.270479007603282,7.674125055909459,72.58478851278812,62,0.25,0.7673941798941798
PKT,pred.model_idx_3,12,5.025875529170091,6.307375074730638,7.031431427925599,87.21321393167503,64,0.3125,0.754884004884005
PKT,pred.model_idx_4,12,6.355625148661856,7.651799301174498,8.188964536607678,179.78918068762874,62,0.375,0.6342134717134716
PKT,pred.model_idx_5,13,4.960962340642275,6.263152780954314,6.632903001255087,-68.17063191686537,75,0.375,0.7457875457875457
PKT,pred.model_idx_6,13,5.752590388125485,6.931169517389391,7.553221353165638,70.6622296738313,74,0.3125,0.7880341880341881
PKT,pred.model_idx_7,10,4.625488736691493,5.901520851749687,6.441648313332062,75.01771113648726,68,0.4375,0.6798534798534797
PKT,pred.model_idx_8,11,6.2723873545726985,7.627429810568663,8.008711456058931,117.38777755917555,55,0.125,0.6876678876678877
PKT,pred.model_idx_9,12,5.77503467279571,7.019000863457143,7.432982099819363,89.37366020110571,50,0.125,0.7547008547008547
QDP,pred.model_idx_0,12,6.200418789081911,7.6270274608715605,8.135666721568949,32.41731073430283,112,0.4090909090909091,0.7508487155545979
QDP,pred.model_idx_1,17,7.0157882106567415,8.654615466135205,8.88460708786151,49.00485653010453,154,0.7272727272727273,0.7665214233841685
QDP,pred.model_idx_2,15,6.307937080915607,7.811014335894894,8.212249631909037,53.88168342366615,134,0.5454545454545454,0.7942901234567902
QDP,pred.model_idx_3,16,6.632556311311351,8.134699390744428,8.581259587706512,23.36464692823693,156,0.5454545454545454,0.79720406681191
QDP,pred.model_idx_4,13,6.147861280594423,7.651496752633144,8.159258694056907,50.395039310833894,106,0.36363636363636365,0.7605755265068991
QDP,pred.model_idx_5,14,6.652599638310901,8.18659013807879,8.6234695784166,55.087070331058555,103,0.36363636363636365,0.7633844278452122
QDP,pred.model_idx_6,14,6.425283898030808,7.9545112053158595,8.388417649242092,39.77310108275387,130,0.5454545454545454,0.7766132378877477
QDP,pred.model_idx_7,14,6.9538673542670315,8.49957315660289,8.695089234905126,11.025765050099382,122,0.45454545454545453,0.6456971677559913
QDP,pred.model_idx_8,12,7.137471513043407,8.647744339164724,8.96917462569287,-1.7321596867436235,105,0.36363636363636365,0.7237751083339319
QDP,pred.model_idx_9,16,6.791865324392951,8.37438064044805,8.675406023557644,53.529510320764516,129,0.5,0.7498184458968773
QDV,pred.model_idx_0,13,5.815954905742048,7.237776383323817,7.813885135809523,33.338142502563876,95,0.4,0.8193342151675486
QDV,pred.model_idx_1,14,6.310581810538548,7.796775471308636,8.15782762060464,-31.464289763826056,139,0.6,0.7276234567901234
QDV,pred.model_idx_2,14,5.921897135789763,7.304943084993886,7.926036764163726,109.51506522906003,143,0.65,0.7832072010090586
QDV,pred.model_idx_3,15,5.693611242326789,7.226032213462655,7.630352746023607,-6.869032748621867,103,0.35,0.8395725834193327
QDV,pred.model_idx_4,13,5.677084064960198,7.108558178350937,7.769172667062112,85.67200157383577,84,0.4,0.7634518622263721
QDV,pred.model_idx_5,14,5.754162576344189,7.149958919462406,7.7493674099890235,36.62459702504462,111,0.4,0.8478615520282188
QDV,pred.model_idx_6,14,5.795430167975022,7.282447540147475,7.949261835659647,74.17776784534773,100,0.45,0.8478615520282188
QDV,pred.model_idx_7,15,5.994497806843372,7.530480243649803,8.035416115936373,109.03513543301017,90,0.35,0.5857699805068226
QDV,pred.model_idx_8,13,5.900267614799349,7.331392337066678,7.913189162799661,65.69638283645236,97,0.4,0.8193342151675486
QDV,pred.model_idx_9,15,6.43072955819361,7.944085537366776,8.36245524954394,100.51753358650815,133,0.45,0.7468681917211328
QDY,pred.model_idx_0,14,6.010330568936135,7.3523555939908,7.916436092178519,31.03271959128587,103,0.45,0.8506535947712419
QDY,pred.model_idx_1,14,6.105572851821479,7.722373074543798,7.930471873828341,15.614423308186927,154,0.7,0.7694444444444444
QDY,pred.model_idx_2,14,5.78516780318474,7.197631685356565,7.771595309673993,77.46809276089292,147,0.65,0.835838779956427
QDY,pred.model_idx_3,15,5.567623037840579,7.078782164103461,7.504402251022508,-24.23186905908073,100,0.35,0.8937636165577341
QDY,pred.model_idx_4,14,5.663590631548227,7.105324707226402,7.696717083676072,60.64961895502603,104,0.4,0.8916005291005291
QDY,pred.model_idx_5,14,5.712088655253254,7.124619490053401,7.691685761538456,33.89249174878812,118,0.5,0.8916005291005291
QDY,pred.model_idx_6,14,5.702794570380136,7.198291677416992,7.8715980191681405,70.12389026190917,103,0.5,0.8916005291005291
QDY,pred.model_idx_7,13,6.262938274710809,7.619861360047272,8.145798134466121,45.36750645500463,140,0.65,0.8576719576719576
QDY,pred.model_idx_8,14,5.8400121148917234,7.29105417952579,7.850120598087722,67.01982037158666,92,0.4,0.8506535947712419
QDY,pred.model_idx_9,15,6.312137362658422,7.829568637465316,8.225489469441785,86.79758876666364,120,0.5,0.7776688453159042
QE4,pred.model_idx_0,12,6.0024242493450535,7.3207841626493515,7.928226265867042,23.742202337571644,112,0.45,0.7530864197530863
QE4,pred.model_idx_1,16,6.4841181356010695,8.190848009940803,8.37768239948702,53.82038900863727,127,0.55,0.7749302450024844
QE4,pred.model_idx_2,14,5.785890101797417,7.240554011278688,7.782358571064038,71.11067087904776,149,0.65,0.7799191606467148
QE4,pred.model_idx_3,16,5.650463085948205,7.153781427141667,7.603870072907829,13.91894569326205,102,0.45,0.8004385964912281
QE4,pred.model_idx_4,13,6.049661133572106,7.4868611938906255,7.986418553948811,53.53889291958411,131,0.55,0.7697089947089947
QE4,pred.model_idx_5,14,5.727326382525189,7.134626005888636,7.711400374502124,31.5880945166076,126,0.55,0.8294338105612616
QE4,pred.model_idx_6,14,5.653470867221297,7.125400331072548,7.79933903501478,58.164070102841116,110,0.4,0.8294338105612616
QE4,pred.model_idx_7,14,6.1873583261291,7.75434021190399,8.181039640076587,96.57208923406924,95,0.45,0.5360623781676414
QE4,pred.model_idx_8,15,5.885888905729442,7.306036825636795,7.877193428382339,57.22033530099175,97,0.4,0.8354130833619997
QE4,pred.model_idx_9,15,6.268168439548798,7.796811967314496,8.192204827030329,91.70343818857813,130,0.55,0.7684912854030501
QEA,pred.model_idx_0,13,6.045453368958362,7.369768222271309,7.955133096702405,27.32960627944602,104,0.45,0.7695546737213405
QEA,pred.model_idx_1,16,6.740228515182182,8.381219184879965,8.638854448760842,55.59834973096913,147,0.7,0.772149600580973
QEA,pred.model_idx_2,14,5.887851945425427,7.314294087606814,7.918649852168612,104.51717361706568,138,0.6,0.7893246187363835
QEA,pred.model_idx_3,15,5.762583381772015,7.290271536438132,7.680960606061913,13.882563668398022,95,0.4,0.84560639070443
QEA,pred.model_idx_4,12,5.7996544331322015,7.2013477141435125,7.869640633075312,69.91691807590979,86,0.35,0.7478213507625272
QEA,pred.model_idx_5,14,5.825453804747748,7.236572313602622,7.835539389936726,33.859919508094556,119,0.55,0.8395463741051977
QEA,pred.model_idx_6,14,5.7911668561374565,7.268165083086652,7.936321103359225,69.9661857616636,93,0.45,0.8395463741051977
QEA,pred.model_idx_7,13,6.149875509410737,7.587125667866587,8.058882864966458,107.65690725120761,92,0.4,0.5614106753812638
QEA,pred.model_idx_8,15,5.986391035298312,7.379717118562201,7.9276072637019555,47.86378025740046,100,0.5,0.84560639070443
QEA,pred.model_idx_9,15,6.391074390605229,7.903674847816046,8.328804918249075,97.44552940001275,131,0.55,0.7647058823529411
QEP,pred.model_idx_0,14,5.81892783733272,7.161025204229473,7.882252007686065,40.28891031146554,116,0.6,0.7862394957983193
QEP,pred.model_idx_1,14,6.338571826016903,8.048094660137677,8.20113732079587,42.10836286845185,123,0.45,0.7676742919389978
QEP,pred.model_idx_2,14,5.511824210162719,6.937531106500247,7.588341324068466,78.27935196783709,145,0.7,0.7862394957983193
QEP,pred.model_idx_3,16,6.821508355917428,8.516191645702994,8.592604054940109,7.019668612736324,144,0.6,0.7819535221496006
QEP,pred.model_idx_4,13,5.6261551718070875,7.0647796799921,7.748586399336549,75.02294731843654,108,0.55,0.8015211640211641
QEP,pred.model_idx_5,13,6.4199474237609495,8.025965983955437,8.24078105000362,56.892056385867555,110,0.4,0.7484788359788358
QEP,pred.model_idx_6,12,5.107010785770149,6.62173483642334,7.345190146478433,103.03076664593485,104,0.45,0.7181917211328976
QEP,pred.model_idx_7,13,5.856360189608753,7.288061860531018,7.901928950189878,142.01824036527944,77,0.15,0.5960875090777052
QEP,pred.model_idx_8,13,6.236728207202681,7.827994182856121,8.20288206334528,62.396521449106736,100,0.4,0.7378579209461562
QEP,pred.model_idx_9,15,6.020884780755158,7.617276256049509,8.040961554059365,148.87407179272196,137,0.55,0.8121732026143792
QES,pred.model_idx_0,15,6.256426642161642,7.77362318356119,8.165620290507636,-82.90569124256385,135,0.55,0.7907135076252723
QES,pred.model_idx_1,15,6.026219585486411,7.385964612019204,8.113470040155445,35.43951079730064,121,0.4,0.7683641975308642
QES,pred.model_idx_2,15,5.987845507985322,7.429576996707148,7.987696440620412,124.48871704294606,154,0.75,0.7649782135076253
QES,pred.model_idx_3,16,6.7180898619883,8.410608357901348,8.51057540027406,-21.791783709131735,139,0.65,0.7809095860566448
QES,pred.model_idx_4,13,5.960199941539295,7.299981484565561,8.081987450072228,64.38299826069269,120,0.45,0.7273511256354394
QES,pred.model_idx_5,14,6.532140893971757,7.784700508556872,8.12544099081386,54.216254710705485,94,0.35,0.7166913061520904
QES,pred.model_idx_6,14,6.275115323442271,7.863687233098733,8.25093917214883,-70.53551986604229,148,0.65,0.7800653594771242
QES,pred.model_idx_7,13,6.202108865287275,7.607181391619369,8.058836496472367,103.8475965635168,95,0.35,0.7069781616350245
QES,pred.model_idx_8,15,6.324594081490526,7.794277030296011,8.250720256173095,65.63652236255903,119,0.55,0.7907135076252723
QES,pred.model_idx_9,16,6.08067175637281,7.732577290270044,7.9626615216741445,113.75923859510915,135,0.5,0.782180464778504
RIT,pred.model_idx_0,15,7.90848709190713,9.93305958609556,9.795790711548593,-101.79966870858262,114,0.36,0.7429794529897729
RIT,pred.model_idx_1,18,8.52641717698589,10.280081857650746,10.17968289859758,66.44037769375517,117,0.36,0.7896593335189827
RIT,pred.model_idx_2,17,8.05777066491719,9.968083863009982,9.689710221074726,-70.25788396492088,143,0.48,0.8154970760233918
RIT,pred.model_idx_3,16,8.233722830506258,10.149716053171142,9.811563044163757,8.46775095922662,143,0.4,0.8456837900852349
RIT,pred.model_idx_4,17,7.522529991910967,9.129512370329534,9.410196048924805,153.003822498402,85,0.24,0.817315620205197
RIT,pred.model_idx_5,17,7.491988381998465,9.579489107462882,9.287795856714336,-114.39346949114476,142,0.56,0.8154970760233918
RIT,pred.model_idx_6,19,8.36817192027028,10.404825903396942,10.12581790312269,-173.72768758103135,158,0.6,0.7848510164299638
RIT,pred.model_idx_7,17,8.01539699712996,9.969371049369164,9.786666622584013,87.97202047374736,164,0.68,0.8512116347513663
RIT,pred.model_idx_8,14,8.359381685866486,10.07062556051013,9.992361701319664,-5.164002735004419,105,0.24,0.7789483239689637
RIT,pred.model_idx_9,17,8.10525924713084,9.900886467382604,9.747512498232561,-106.7853700553859,157,0.48,0.8512116347513664
T0K,pred.model_idx_0,13,6.056228541035254,7.47185493033691,8.103745969688955,-121.23132345872706,104,0.35,0.6608206245461148
T0K,pred.model_idx_1,15,6.33060173941822,7.931787965206836,8.339274808586476,165.20749337440566,99,0.45,0.7221314451706609
T0K,pred.model_idx_2,14,6.142359502921089,7.784909146868704,8.150780064700864,-87.0279851591482,123,0.45,0.7398148148148148
T0K,pred.model_idx_3,16,6.514882681599109,8.063510079363702,8.526471043462235,94.78711468152207,108,0.45,0.7981118373275237
T0K,pred.model_idx_4,15,6.66359400896018,8.229571440846723,8.581374401356113,81.83775519070886,106,0.5,0.766748366013072
T0K,pred.model_idx_5,14,6.507112887160479,7.906845429752627,8.247000247135318,103.43717857772494,88,0.3,0.6920116194625999
T0K,pred.model_idx_6,14,6.894270243334316,8.650560812745033,8.787049054610142,65.42595873936675,138,0.65,0.773011982570806
T0K,pred.model_idx_7,15,6.639753697850923,8.43464512146184,8.45981868707155,109.90597033317157,132,0.6,0.7439179375453885
T0K,pred.model_idx_8,13,7.11431891333422,8.870102472632434,8.950994140352512,-63.32697870183583,105,0.3,0.7648148148148148
T0K,pred.model_idx_9,14,6.577471704851721,8.182662722182798,8.547767341717076,74.20640172078423,120,0.35,0.7359477124183007
TCI,pred.model_idx_0,11,1.8488956832761136,4.384311655853422,7.56903184807689,145.4898043076909,67,0.45454545454545453,0.7999315499315499
TCI,pred.model_idx_1,12,2.1106758953827365,4.355730982430429,8.038468794580014,-31.473099925736243,79,0.6363636363636364,0.6862433862433863
TCI,pred.model_idx_2,12,1.9879634466977574,4.423990044410529,7.510081613359436,-147.15648522400332,76,0.5454545454545454,0.8040293040293042
TCI,pred.model_idx_3,10,2.6883516449876406,4.7887202247891185,7.755883657342869,-46.32818241003581,78,0.5454545454545454,0.8112905612905613
TCI,pred.model_idx_4,10,2.696835941342736,4.607810410879411,7.702063532569395,-53.32057811226922,56,0.36363636363636365,0.7582602582602583
TCI,pred.model_idx_5,11,2.8431258527133005,4.875765371356762,7.766675818298371,-37.07754344106394,72,0.45454545454545453,0.7999315499315499
TCI,pred.model_idx_6,11,2.646768336237398,4.645593316345025,7.8516300395448315,-50.435961647494054,69,0.45454545454545453,0.7977947977947978
TCI,pred.model_idx_7,11,2.6435039779927543,4.581857730317427,7.4552082363191525,-52.54899325548582,67,0.5454545454545454,0.7061864061864063
TCI,pred.model_idx_8,11,1.8412195622387102,4.353158328706022,7.706032095072246,-150.68232242637268,77,0.36363636363636365,0.8170995670995671
TCI,pred.model_idx_9,12,2.9435672843130125,4.672613992375053,7.399891906429654,-54.66157816865793,51,0.36363636363636365,0.6562881562881564
X5Y,pred.model_idx_0,13,5.683805577863559,7.004154986788012,7.650424821682523,62.51659259506307,83,0.42105263157894735,0.8269027269027269
X5Y,pred.model_idx_1,15,6.041058062244718,7.709829621680107,8.013535482251678,39.69516089410911,115,0.5263157894736842,0.7663398692810458
X5Y,pred.model_idx_2,14,5.681338713260479,7.102922152555465,7.685198493896024,87.18882109513778,111,0.631578947368421,0.8227218372729208
X5Y,pred.model_idx_3,15,5.679686804818645,7.2038978411179,7.6998858255916245,-105.89000462512517,93,0.47368421052631576,0.8358215800940259
X5Y,pred.model_idx_4,12,5.700693383286395,7.076771964853157,7.755936050968895,80.62971137442112,100,0.42105263157894735,0.7776574732457084
X5Y,pred.model_idx_5,15,5.586547607702828,6.975509798385235,7.550705412460599,52.12864561251586,104,0.42105263157894735,0.8358215800940259
X5Y,pred.model_idx_6,14,5.606724982102364,7.034784517703888,7.77519485108246,83.21254371191904,104,0.47368421052631576,0.8406966490299824
X5Y,pred.model_idx_7,14,7.004608778701298,8.547496454025525,8.996293083705224,125.40248500313396,107,0.47368421052631576,0.5551924473493101
X5Y,pred.model_idx_8,14,5.79612666647262,7.190404538066869,7.794549220084592,67.91334720182688,89,0.42105263157894735,0.8227218372729208
X5Y,pred.model_idx_9,15,5.825049217748866,7.400038086672968,7.889569181069452,115.43149202953686,113,0.47368421052631576,0.7663398692810458
X6J,pred.model_idx_0,13,5.76446195935397,7.202339657890278,7.761735683704782,64.45378372391893,89,0.42857142857142855,0.8078330619997287
X6J,pred.model_idx_1,15,6.547185190560989,8.178764736746473,8.44713559596648,-10.164652326890595,99,0.2857142857142857,0.7257171387073348
X6J,pred.model_idx_2,15,5.693339879803544,7.138701377501572,7.666891375773744,73.52017245551313,146,0.6666666666666666,0.8304365898406146
X6J,pred.model_idx_3,16,5.7306257718968485,7.307201488616425,7.619376185214512,11.306788707485728,98,0.38095238095238093,0.7953622482131254
X6J,pred.model_idx_4,12,5.69587305003844,7.150232432119486,7.728114203056754,57.66161042567648,105,0.3333333333333333,0.7592167636285283
X6J,pred.model_idx_5,14,5.5981920109933805,7.0347437882745005,7.604951881851945,53.584901027131046,128,0.5714285714285714,0.8384181450357922
X6J,pred.model_idx_6,14,5.645423090499799,7.128358530077828,7.749816732965872,50.86639333987723,110,0.42857142857142855,0.8384181450357922
X6J,pred.model_idx_7,13,6.931016645675466,8.428742766216539,8.838192170227375,127.95537959829556,99,0.42857142857142855,0.5101479188166496
X6J,pred.model_idx_8,15,5.920959776855297,7.318717517108998,7.872334551972873,51.77729389577007,115,0.47619047619047616,0.8304365898406146
X6J,pred.model_idx_9,15,6.089402573658735,7.709950259242922,7.991860209540927,90.52800312019275,123,0.38095238095238093,0.759576978939724
X6S,pred.model_idx_0,13,5.7129549463321405,7.149255792105384,7.720705203403929,70.56829614027015,96,0.38095238095238093,0.8380358838692171
X6S,pred.model_idx_1,14,6.657333897260562,8.26991103049972,8.570912128522412,35.99427845319587,108,0.38095238095238093,0.7204248366013072
X6S,pred.model_idx_2,15,5.753360905373746,7.194986299996885,7.761114818844812,78.58825032885248,130,0.5714285714285714,0.8464625616328403
X6S,pred.model_idx_3,14,5.739536334647138,7.283295355681742,7.707601427506882,-98.66436811484928,101,0.42857142857142855,0.8176765443019314
X6S,pred.model_idx_4,12,5.725929217582235,7.1241273417136775,7.70833702496694,53.57290764895664,109,0.42857142857142855,0.7881616749263807
X6S,pred.model_idx_5,15,5.6565521165228185,7.081118528809387,7.63369651387756,41.28022487263189,123,0.5238095238095238,0.8464625616328403
X6S,pred.model_idx_6,14,5.70109287892877,7.181975413027626,7.826982123208759,64.48595419843652,109,0.47619047619047616,0.867636684303351
X6S,pred.model_idx_7,15,6.7000136776436685,8.18226393604164,8.647583898443093,145.51961309693897,94,0.38095238095238093,0.6121980468600696
X6S,pred.model_idx_8,14,5.899296855271933,7.3093786362192965,7.8818487199237826,59.1592999442494,113,0.47619047619047616,0.867636684303351
X6S,pred.model_idx_9,13,6.235301002231998,7.660271482818098,8.193779476666728,71.00096145982194,128,0.5238095238095238,0.8311546840958606
X6V,pred.model_idx_0,13,5.733395873435124,7.182616959732985,7.6932314389488,75.5934459917671,96,0.5,0.7818705259881731
X6V,pred.model_idx_1,15,6.363856287247165,7.902038650200864,8.140434243577156,6.7956109401578395,157,0.7,0.8109567901234568
X6V,pred.model_idx_2,14,5.890244581982489,7.294012002839109,7.815856465183745,84.46124215072334,122,0.6,0.8177498484774026
X6V,pred.model_idx_3,16,6.474850955037224,8.069133498377267,8.202992042597753,-0.15796319765520764,139,0.6,0.7922113289760349
X6V,pred.model_idx_4,13,5.718395815849249,7.195720388011129,7.740326592302336,93.66223713441018,88,0.4,0.7704326174914411
X6V,pred.model_idx_5,15,6.020033640200802,7.54368301069535,7.856256809291533,55.669634119246616,130,0.6,0.7987018881626724
X6V,pred.model_idx_6,15,5.813220438615394,7.25684485629207,7.827969523952923,39.7727218097578,115,0.45,0.8293945648434813
X6V,pred.model_idx_7,14,6.913371274963096,8.347636002442146,8.849504935588039,178.13242911144758,87,0.35,0.5631617169284868
X6V,pred.model_idx_8,14,5.901677334949248,7.353157118527801,7.84505172922055,66.93255435927671,103,0.5,0.8177498484774026
X6V,pred.model_idx_9,15,6.431597994252041,7.94121074967361,8.270629049934358,77.2210607377121,125,0.5,0.7491830065359477
X71,pred.model_idx_0,13,5.665897196510023,7.022319289602845,7.673641910437655,71.92977743001323,95,0.47368421052631576,0.8527625152625152
X71,pred.model_idx_1,13,6.220731696426213,7.9159865316478895,8.097582462461105,16.432630013954384,90,0.42105263157894735,0.7314192343604109
X71,pred.model_idx_2,14,5.609372677900733,7.024491794739245,7.575677334096832,49.971724710293394,114,0.47368421052631576,0.8325357920946156
X71,pred.model_idx_3,15,5.530456877465393,7.039217287855307,7.4145220944366255,-23.206148013107637,124,0.5263157894736842,0.835294117647059
X71,pred.model_idx_4,12,5.610426991734747,6.964710099439227,7.662419103440198,86.30158579572891,75,0.3684210526315789,0.805540293040293
X71,pred.model_idx_5,14,5.55349535347115,6.953790899343672,7.567963755876241,60.787552762309275,120,0.631578947368421,0.8558201058201058
X71,pred.model_idx_6,14,5.693499906681016,7.105499791151308,7.796377566648225,66.45970088830865,113,0.47368421052631576,0.8558201058201058
X71,pred.model_idx_7,14,6.221001199094254,7.877813078350863,8.002132601722018,48.60993509854982,96,0.3684210526315789,0.727314814814815
X71,pred.model_idx_8,14,5.782478532398221,7.177717886019347,7.766286911253196,60.3864430513303,96,0.47368421052631576,0.8325357920946156
X71,pred.model_idx_9,15,5.922520368235389,7.61219729725312,7.975855327453648,114.74253262644255,115,0.42105263157894735,0.782107843137255
X7D,pred.model_idx_0,13,5.7836190411989294,7.223477026830144,7.794780159666361,68.58751878455634,88,0.42857142857142855,0.8064441731108398
X7D,pred.model_idx_1,14,6.720465483225436,8.303363166871144,8.663731472380142,44.55666223697663,134,0.5238095238095238,0.7031590413943356
X7D,pred.model_idx_2,15,5.737193657386708,7.166670785159392,7.747357906960848,79.24706607010279,129,0.5238095238095238,0.8292110996445362
X7D,pred.model_idx_3,16,5.674291297562352,7.249694560068424,7.659537267887876,-61.79942073887063,101,0.42857142857142855,0.7939098153881435
X7D,pred.model_idx_4,12,5.70134068183044,7.1542965146160675,7.724059196760256,57.694845912648645,102,0.3333333333333333,0.7573649117766765
X7D,pred.model_idx_5,14,5.576309866051404,7.009283955685387,7.578678686089293,55.628339713835004,127,0.47619047619047616,0.8493386243386243
X7D,pred.model_idx_6,14,5.705517388414581,7.188884708850383,7.837945281827993,66.4159627860365,111,0.38095238095238093,0.8493386243386243
X7D,pred.model_idx_7,13,6.8684792519631515,8.387383843112454,8.827125172278732,128.74977950370806,108,0.6190476190476191,0.5084685433627643
X7D,pred.model_idx_8,15,5.8955825053733575,7.292428837989635,7.851999789653079,53.8562660897599,120,0.47619047619047616,0.8292110996445362
X7D,pred.model_idx_9,14,6.022839267851325,7.42821430025253,8.048809127453664,76.82449155994296,133,0.5714285714285714,0.7673747276688453
X74,pred.model_idx_0,13,5.721789568154782,7.162873972618746,7.725068784120161,68.24633298293428,89,0.38095238095238093,0.827608194274861
X74,pred.model_idx_1,15,6.765568998634443,8.473913151268315,8.698787114088713,3.0681765656496545,138,0.5238095238095238,0.7769607843137254
X74,pred.model_idx_2,15,5.737998345407984,7.172239606719122,7.717996477775328,76.67497557352769,138,0.5714285714285714,0.8225662194702443
X74,pred.model_idx_3,14,5.738583804185872,7.276006212529089,7.703796919858824,-91.85768177669824,103,0.42857142857142855,0.7946516618343243
X74,pred.model_idx_4,12,5.704486290195991,7.156193196904942,7.7385376788164955,57.619347134534934,106,0.38095238095238093,0.7774707318824965
X74,pred.model_idx_5,14,5.666504911807001,7.089923629449655,7.647867770780454,41.83950770847471,123,0.5238095238095238,0.8567460317460317
X74,pred.model_idx_6,14,5.633508930866238,7.113429130876331,7.738221677575056,49.53228451027148,113,0.42857142857142855,0.8567460317460317
X74,pred.model_idx_7,13,6.612397472767989,8.14951392941409,8.442876256390688,102.43269139195768,91,0.38095238095238093,0.5115430187669611
X74,pred.model_idx_8,14,5.893818965950801,7.303957651913953,7.878282974255812,56.64316933515014,112,0.47619047619047616,0.8567460317460317
X74,pred.model_idx_9,15,6.0120116681206675,7.64736867444333,7.998679570344572,112.3663702311018,130,0.42857142857142855,0.7769607843137254
X7M,pred.model_idx_0,12,5.752350009842417,7.148735129193726,7.737012292524902,66.95439732937429,83,0.3157894736842105,0.8204840910723262
X7M,pred.model_idx_1,14,5.948803603325783,7.53784983128129,7.989023278381455,54.42598264824533,115,0.47368421052631576,0.8018557422969188
X7M,pred.model_idx_2,14,5.668689808721847,7.098828911944042,7.689497967332601,87.570208259106,107,0.631578947368421,0.8240601503759398
X7M,pred.model_idx_3,15,5.7818469431574995,7.326043315316579,7.74585190655684,28.00464213748102,90,0.42105263157894735,0.8242202729044835
X7M,pred.model_idx_4,12,5.647921948457908,7.069029712693771,7.710263144466938,81.39782199157854,94,0.42105263157894735,0.7929708635590988
X7M,pred.model_idx_5,13,5.792784629865463,7.4265323866171675,7.8093266290752945,107.16728128015248,103,0.42105263157894735,0.8442816442816443
X7M,pred.model_idx_6,14,5.564222286638507,7.013369567063362,7.740637922329033,81.16133969983251,102,0.42105263157894735,0.8442680776014109
X7M,pred.model_idx_7,14,7.15141530701104,8.695994477192842,9.090988360295926,112.97392578703985,101,0.3684210526315789,0.5424645491724955
X7M,pred.model_idx_8,14,5.819342153578488,7.212898809552377,7.816824455883586,66.33287110893767,91,0.47368421052631576,0.8240601503759398
X7M,pred.model_idx_9,14,5.82243600561429,7.376747937375856,7.929947380690891,121.33728788355411,108,0.42105263157894735,0.8018557422969188
X7P,pred.model_idx_0,13,5.661326616515273,6.996188938121579,7.647425380714814,63.21644489495901,90,0.42105263157894735,0.8893365893365893
X7P,pred.model_idx_1,14,5.558660424044069,7.04804323161662,7.63893748290484,51.169820877592095,150,0.6842105263157895,0.8895502645502646
X7P,pred.model_idx_2,14,5.705344636422949,7.127342290894899,7.719374732610496,78.29217993572374,112,0.631578947368421,0.8658574540927483
X7P,pred.model_idx_3,15,5.71666234011961,7.250432036129041,7.620756465103415,21.0574481450008,87,0.3684210526315789,0.8662309368191721
X7P,pred.model_idx_4,12,5.723517017945272,7.123869758923535,7.796367460620679,81.64100523505152,97,0.42105263157894735,0.8277472527472527
X7P,pred.model_idx_5,14,5.540874121889617,6.966509115989004,7.516334124172832,68.26340897383535,105,0.42105263157894735,0.8658574540927483
X7P,pred.model_idx_6,14,5.604185856815292,7.038815304775147,7.758299787415589,72.09345278735998,100,0.47368421052631576,0.8895502645502646
X7P,pred.model_idx_7,15,6.347335056646186,7.935190738264053,8.189852322122281,71.1511327568482,113,0.5263157894736842,0.7626633986928105
X7P,pred.model_idx_8,13,5.847376509066366,7.239540760369585,7.835227258776602,59.113339629335,97,0.47368421052631576,0.8893365893365893
X7P,pred.model_idx_9,15,5.8090543180404675,7.391234632639992,7.927210391825133,126.14600872823794,109,0.42105263157894735,0.7626633986928105
X7J,pred.model_idx_0,13,5.618405375548201,7.018646012024346,7.623041502803368,73.80790224236793,90,0.3684210526315789,0.87328720662054
X7J,pred.model_idx_1,14,5.798544010403104,7.278915605688586,7.8308083812426155,51.18797695184967,135,0.5789473684210527,0.8731922398589066
X7J,pred.model_idx_2,14,5.611528931040614,7.063293288470144,7.620353818053783,99.39812066231943,107,0.5789473684210527,0.8508075744917849
X7J,pred.model_idx_3,15,5.720371235144362,7.28728040745257,7.658000547378965,14.279372674929627,79,0.42105263157894735,0.8509015594541911
X7J,pred.model_idx_4,12,5.654994001946409,7.057164731861627,7.704563121870828,77.51723204783104,95,0.42105263157894735,0.8218104335751394
X7J,pred.model_idx_5,13,5.8007473910110345,7.448637665972708,7.8026322737640585,105.03893424601908,105,0.47368421052631576,0.87328720662054
X7J,pred.model_idx_6,14,5.595046789144366,7.05312440098638,7.7467127659400035,75.89820461581978,99,0.42105263157894735,0.8731922398589066
X7J,pred.model_idx_7,15,6.4815286581590765,8.035352826891398,8.413555297645425,104.94266730813781,89,0.42105263157894735,0.5843366586400642
X7J,pred.model_idx_8,14,5.75162368945474,7.169064054746102,7.753437805382788,70.02782643236486,86,0.42105263157894735,0.8508075744917849
X7J,pred.model_idx_9,14,5.8333910010670165,7.388183536816354,7.931272333899999,118.50548246261624,111,0.47368421052631576,0.787227668845316
YNV,pred.model_idx_0,12,6.2560597125985975,7.587088368606462,8.169600005999929,-54.48829804606727,78,0.21739130434782608,0.7721719457013574
YNV,pred.model_idx_1,15,6.542758426894822,8.209765354376033,9.236067062837133,29.58813692244942,129,0.4782608695652174,0.6712628521194053
YNV,pred.model_idx_2,16,5.451302568712561,7.458689569016566,10.049092096130959,66.78932552815246,115,0.391304347826087,0.8018336964415396
YNV,pred.model_idx_3,15,5.449687503354252,7.364834616933541,10.000737580053038,64.7725707213217,101,0.30434782608695654,0.7871187363834422
YNV,pred.model_idx_4,13,5.1038049116406246,6.963380087222759,9.493348470628401,74.99004014048715,90,0.21739130434782608,0.7694732736399402
YNV,pred.model_idx_5,14,6.151652314269084,7.835458719681068,9.198560491114666,64.54293928859231,117,0.391304347826087,0.7971781305114639
YNV,pred.model_idx_6,14,5.828318532749144,7.261448698135392,8.273384899894108,55.948125108514176,83,0.30434782608695654,0.8198179271708684
YNV,pred.model_idx_7,15,5.527310404582062,7.176942335187646,8.928576163566122,65.50804779129028,132,0.43478260869565216,0.7200220731567483
YNV,pred.model_idx_8,15,7.348789290515099,9.050470709593915,9.754769811731473,4.890655340821562,136,0.5652173913043478,0.6489316974353094
YNV,pred.model_idx_9,13,7.142254581145253,8.341746574491667,8.986576396380176,52.16564332888166,109,0.30434782608695654,0.7745448179271709
Y83,pred.model_idx_0,15,6.673098548369416,8.417227723544135,8.544131894829926,-59.4242998041876,121,0.45,0.7933006535947712
Y83,pred.model_idx_1,14,6.012632615689237,7.382432576732414,8.099948118429525,34.411999874281726,121,0.45,0.7335667600373483
Y83,pred.model_idx_2,15,5.952453606392073,7.375709250641596,7.9606148309191544,96.27892639647432,156,0.75,0.7602759622367466
Y83,pred.model_idx_3,16,6.8073922866065235,8.474981404109393,8.592680716385892,-8.461496731881104,140,0.65,0.7987018881626725
Y83,pred.model_idx_4,13,6.046715120470369,7.387449419454593,8.139040797177822,57.66782091876078,121,0.45,0.7011956634505654
Y83,pred.model_idx_5,14,6.554753636960735,8.016314268415378,8.164374739761154,-27.515829729737703,84,0.3,0.7250816993464053
Y83,pred.model_idx_6,15,6.306387581700398,7.9301583764134245,8.233616194031939,-10.144963618834657,155,0.7,0.7569444444444444
Y83,pred.model_idx_7,13,5.95407664383194,7.3970996022089635,8.011306605705776,-169.910145781003,82,0.25,0.607979302832244
Y83,pred.model_idx_8,14,6.851444806526212,8.460172679975274,8.66302434412342,55.88839088084668,112,0.5,0.7377450980392157
Y83,pred.model_idx_9,16,6.079061548103046,7.727343215814863,7.95728037746723,106.82564416412056,135,0.55,0.7769607843137255
Z9Z,pred.model_idx_0,15,7.705429733843533,9.631584488546004,9.566092012060098,84.72370643579708,125,0.4,0.8541122004357298
Z9Z,pred.model_idx_1,17,7.444760550588582,9.338509113343521,9.348826658763121,71.84369217144197,127,0.36,0.8489469862018881
Z9Z,pred.model_idx_2,16,7.458011220265091,9.319036177631247,9.243342981930294,97.53118516104833,134,0.44,0.7993349386538241
Z9Z,pred.model_idx_3,16,7.145779265776405,8.973271260805616,9.054670982161637,44.85500333549265,115,0.32,0.8008303711348086
Z9Z,pred.model_idx_4,15,7.279919589748227,9.167723236442077,9.210151366465157,76.56120227924455,105,0.24,0.8069172113289761
Z9Z,pred.model_idx_5,16,6.94876537252482,8.783890752963632,8.771968078054092,86.92192263746217,162,0.52,0.7880785842602148
Z9Z,pred.model_idx_6,16,7.452300311340117,9.346116759381943,9.398684693636659,92.22432625912002,141,0.56,0.8589324618736383
Z9Z,pred.model_idx_7,16,7.227708865138385,9.155744109574055,9.002773319327773,23.581296799198,143,0.56,0.8219862018881625
Z9Z,pred.model_idx_8,14,7.3681250755399095,9.191704529628877,9.324333941295752,98.60081198781879,126,0.4,0.8373638344226579
Z9Z,pred.model_idx_9,15,7.440813965528235,9.309805392165833,9.408764022420801,-140.89621091418178,158,0.56,0.7928921568627451
Z8Z,pred.model_idx_0,19,8.41957175070222,10.524006157934577,10.118600611881757,36.177919850455126,128,0.5,0.7273448773448774
Z8Z,pred.model_idx_1,16,7.989129397017072,9.827619796122704,9.64274794603975,47.448190004095096,130,0.4166666666666667,0.7824981844589688
Z8Z,pred.model_idx_2,16,7.647261489843549,9.540833639185427,9.415900538297196,165.55387958864839,133,0.4583333333333333,0.8513358559798188
Z8Z,pred.model_idx_3,17,7.4342214558011515,9.290747484262315,9.277373629978515,120.83499100447904,128,0.375,0.8424083083525808
Z8Z,pred.model_idx_4,16,7.334163504696313,9.212155945448671,9.107782534809141,56.80383258308443,101,0.2916666666666667,0.7585769980506822
Z8Z,pred.model_idx_5,17,7.473046080533867,9.385426318696101,9.19740291911127,101.26325457061921,142,0.4583333333333333,0.8052631578947368
Z8Z,pred.model_idx_6,18,8.363759691117517,10.445841654818965,10.088297071528734,95.55809732622225,159,0.7083333333333334,0.7895989974937344
Z8Z,pred.model_idx_7,18,7.578862090473892,9.508335552534515,9.28317284642629,87.6870572768023,146,0.625,0.8029459169810047
Z8Z,pred.model_idx_8,16,7.636506583216037,9.450899397865339,9.450467811527975,117.73123947140468,122,0.3333333333333333,0.8141363757978825
Z8Z,pred.model_idx_9,16,7.966063778222,9.888783056925599,9.631912099377212,-66.26790843895311,136,0.5,0.8513358559798188
