ligand,arm,pdb,cls,sample,lddt_pli,bisy_rmsd,confidence,valid,invalid_reason,fe_donor_dist,s_fe_donor_angle,is_coordinated,frac_proximal,max_clash,n_contacts,mapped
1RD,unsteered,4K9T,type_II_coordinated,pred.model_idx_0,0.25393419170243203,5.743808460431745,0.9325956702232361,True,,2.201057245961586,179.0345681371051,True,,0.32724249201561895,155,True
1RD,unsteered,4K9T,type_II_coordinated,pred.model_idx_1,0.24034334763948498,5.799223544559336,0.9331061244010925,True,,2.2408743829139555,178.3297937133969,True,,1.2485665113932953,139,True
1RD,unsteered,4K9T,type_II_coordinated,pred.model_idx_2,0.2478540772532189,9.651639849663855,0.9260551929473877,True,,2.1171050989499784,175.7787293167259,True,,1.0045680973987174,190,True
1RD,unsteered,4K9T,type_II_coordinated,pred.model_idx_3,0.24284692417739626,9.813876895433364,0.9263706207275391,True,,2.148771044108702,175.243194937555,True,,1.0950414121682277,176,True
1RD,unsteered,4K9T,type_II_coordinated,pred.model_idx_4,0.15450643776824036,9.311818680736465,0.9289898872375488,True,,2.202633423881514,171.7135435252521,True,,0.5333252895074914,151,True
1RD,unsteered,4K9T,type_II_coordinated,pred.model_idx_5,0.21530758226037194,9.4400942025501,0.9273545742034912,False,severe steric overlap (1.55 A into vdW),2.2483038050939648,161.99498290842251,True,,1.546807619268847,154,True
1RD,unsteered,4K9T,type_II_coordinated,pred.model_idx_6,0.1863376251788269,9.751087563457766,0.9268264770507812,True,,2.2986546065035522,163.20608544478645,True,,0.7758784326940944,166,True
1RD,unsteered,4K9T,type_II_coordinated,pred.model_idx_7,0.14771101573676682,9.073399513180524,0.9291068315505981,True,,2.2420865282142883,175.13833244763845,True,,0.8835203831404819,196,True
1RD,unsteered,4K9T,type_II_coordinated,pred.model_idx_8,0.18776824034334763,9.65929951474817,0.9278258085250854,True,,2.2542431102256915,162.85633328982792,True,,0.6029054209432516,111,True
1RD,unsteered,4K9T,type_II_coordinated,pred.model_idx_9,0.22782546494992847,6.020476311933365,0.9327734708786011,True,,2.3290903803845824,175.20102500875157,True,,0.9183117065944835,164,True
08Y,unsteered,3UA1,type_I_active_site,pred.model_idx_0,0.80143391521197,0.8782778183731983,0.9346221089363098,True,,5.307859549762032,154.4691245778424,False,,0.7571150233125934,159,True
08Y,unsteered,3UA1,type_I_active_site,pred.model_idx_1,0.7930174563591021,0.986485823211725,0.9347625970840454,True,,5.49909765325185,159.63054498689397,False,,0.6491945478371504,143,True
08Y,unsteered,3UA1,type_I_active_site,pred.model_idx_2,0.837281795511222,1.0442566169198464,0.9345155954360962,True,,5.1964439764131,166.16328532182797,False,,0.5213027251897433,173,True
08Y,unsteered,3UA1,type_I_active_site,pred.model_idx_3,0.8142144638403991,0.8849453090781365,0.9344749450683594,True,,5.205937571657962,155.85892230772743,False,,0.5391564181172019,163,True
08Y,unsteered,3UA1,type_I_active_site,pred.model_idx_4,0.8656483790523691,0.6667532509338759,0.9341602325439453,True,,5.113190882413838,153.43236848835804,False,,0.7075897415141212,168,True
08Y,unsteered,3UA1,type_I_active_site,pred.model_idx_5,0.8279301745635911,0.8539282724550978,0.9341557025909424,True,,5.002430709165296,159.57895196946833,False,,0.5775662983871515,150,True
08Y,unsteered,3UA1,type_I_active_site,pred.model_idx_6,0.7640274314214464,1.9624740152146007,0.9345226287841797,True,,5.310306300016977,146.33724379395963,False,,0.6265812381550675,197,True
08Y,unsteered,3UA1,type_I_active_site,pred.model_idx_7,0.8946384039900249,0.7711769351319324,0.9342271685600281,True,,5.1960608156564145,151.74728693503815,False,,0.321969433219659,180,True
08Y,unsteered,3UA1,type_I_active_site,pred.model_idx_8,0.8282418952618453,0.7342625129056373,0.934928297996521,True,,5.151878686459921,154.5747843458811,False,,0.5636437106738512,151,True
08Y,unsteered,3UA1,type_I_active_site,pred.model_idx_9,0.851932668329177,0.9013952935981628,0.934309720993042,True,,5.290676610793746,153.5155359481678,False,,0.7737974638572069,191,True
08J,unsteered,5TE8,type_I_active_site,pred.model_idx_0,0.15373961218836565,5.024034659375623,0.9213699102401733,True,,3.389027884216947,166.7163649328693,False,,0.3782910294105015,72,True
08J,unsteered,5TE8,type_I_active_site,pred.model_idx_1,0.1301939058171745,4.989725717340575,0.9215798377990723,True,,3.4211232073691824,164.3286636681043,False,,0.47887179329629515,88,True
08J,unsteered,5TE8,type_I_active_site,pred.model_idx_2,0.5463988919667591,0.9363432626792595,0.9214714765548706,True,,5.582340906823946,145.30125808204235,False,,0.7615096014308049,77,True
08J,unsteered,5TE8,type_I_active_site,pred.model_idx_3,0.5332409972299169,1.3166097800901568,0.9215137362480164,True,,5.617859111796949,148.16034453719948,False,,0.6741003320004602,65,True
08J,unsteered,5TE8,type_I_active_site,pred.model_idx_4,0.43282548476454286,2.9070099791332042,0.9218894243240356,True,,5.266589123901731,140.46069917515212,False,,0.38456495449643846,70,True
08J,unsteered,5TE8,type_I_active_site,pred.model_idx_5,0.5214681440443214,1.8934284439102822,0.9219619035720825,True,,5.381802021628071,147.32284644601927,False,,0.31204891688860137,60,True
08J,unsteered,5TE8,type_I_active_site,pred.model_idx_6,0.4300554016620499,2.3316450527661625,0.9217786192893982,False,severe steric overlap (1.50 A into vdW),5.685963506741843,141.37854895457397,False,,1.500423706445255,93,True
08J,unsteered,5TE8,type_I_active_site,pred.model_idx_7,0.5277008310249307,1.7004907783284002,0.9209678173065186,True,,6.088335979559603,140.4947383808188,False,,1.0917909540078483,101,True
08J,unsteered,5TE8,type_I_active_site,pred.model_idx_8,0.26246537396121883,4.847769489777872,0.9231781959533691,True,,6.426597077769851,175.2184257534081,False,,0.49082802275755144,81,True
08J,unsteered,5TE8,type_I_active_site,pred.model_idx_9,0.16412742382271467,4.953807252489007,0.9216728210449219,True,,5.498673567325124,139.98091695071972,False,,0.7115295405476187,90,True
2QH,unsteered,4NY4,type_II_coordinated,pred.model_idx_0,0.42786738351254483,4.778080274371457,0.9271512031555176,True,,2.3245793167797046,176.00815427517182,True,,0.6074575125473527,121,True
2QH,unsteered,4NY4,type_II_coordinated,pred.model_idx_1,0.5197132616487454,3.824983469737062,0.9275418519973755,True,,2.5037018592476223,161.10348855148774,False,,0.8125117436180336,204,True
2QH,unsteered,4NY4,type_II_coordinated,pred.model_idx_2,0.525089605734767,3.696913993441947,0.9268797039985657,True,,4.457103095060737,133.5901392086591,False,,0.8351476235595676,214,True
2QH,unsteered,4NY4,type_II_coordinated,pred.model_idx_3,0.510752688172043,3.912357144443205,0.9263772368431091,True,,4.791095281874489,137.94579625906698,False,,0.5984487172136732,158,True
2QH,unsteered,4NY4,type_II_coordinated,pred.model_idx_4,0.4484767025089606,4.9945728867760035,0.9264646768569946,True,,2.244450266769126,172.10250819378385,True,,0.5624952863475272,111,True
2QH,unsteered,4NY4,type_II_coordinated,pred.model_idx_5,0.7625448028673835,1.4515389708026274,0.9281915426254272,True,,2.244147054005152,172.59585475795703,True,,0.8926425811939329,161,True
2QH,unsteered,4NY4,type_II_coordinated,pred.model_idx_6,0.7419354838709677,1.5880905020454865,0.9281851649284363,True,,2.2145938679586377,177.22876942244457,True,,0.7325862713107294,158,True
2QH,unsteered,4NY4,type_II_coordinated,pred.model_idx_7,0.5622759856630825,3.317359854398018,0.9270380735397339,True,,3.435833086749122,132.8003782156048,False,,0.949680224950221,159,True
2QH,unsteered,4NY4,type_II_coordinated,pred.model_idx_8,0.43100358422939067,4.638563623654548,0.9274377226829529,True,,2.393135600002641,177.59554283798633,True,,0.7459620609902897,107,True
2QH,unsteered,4NY4,type_II_coordinated,pred.model_idx_9,0.4448924731182796,4.9966838164072644,0.9266431927680969,True,,2.268140648196227,166.86547513290355,True,,0.7957505879812516,145,True
5AW,unsteered,4K9U,type_II_coordinated,pred.model_idx_0,0.2401639344262295,10.562098330706354,0.9332292675971985,True,,2.281321108480786,174.60932483025192,True,,0.5683519992362909,119,True
5AW,unsteered,4K9U,type_II_coordinated,pred.model_idx_1,0.20327868852459016,10.968185506823591,0.933785080909729,True,,2.2357090597839426,175.10986052212456,True,,0.9549247253126438,138,True
5AW,unsteered,4K9U,type_II_coordinated,pred.model_idx_2,0.19754098360655736,10.852828263317354,0.9332086443901062,True,,2.062059165009579,178.54520890586767,True,,0.7405811164710383,143,True
5AW,unsteered,4K9U,type_II_coordinated,pred.model_idx_3,0.31475409836065577,8.652835460169168,0.928524374961853,True,,2.270267164894916,167.66011221701035,True,,1.261165142233782,182,True
5AW,unsteered,4K9U,type_II_coordinated,pred.model_idx_4,0.18770491803278688,11.016061467424903,0.9332989454269409,True,,2.3094397589025784,173.27014716329276,True,,0.9857656792538521,147,True
5AW,unsteered,4K9U,type_II_coordinated,pred.model_idx_5,0.19508196721311477,10.942192860821175,0.9336098432540894,True,,2.1851448464575527,177.51942953940306,True,,1.0174260511846596,138,True
5AW,unsteered,4K9U,type_II_coordinated,pred.model_idx_6,0.2,10.948784065682844,0.9338148236274719,True,,2.2276440469698024,177.38133454730388,True,,0.7925292998678639,167,True
5AW,unsteered,4K9U,type_II_coordinated,pred.model_idx_7,0.1959016393442623,11.092325154136674,0.9331268072128296,True,,2.14652509885163,173.23696549012257,True,,0.7007195471722483,143,True
5AW,unsteered,4K9U,type_II_coordinated,pred.model_idx_8,0.18114754098360658,10.860554806750601,0.9337305426597595,True,,2.2254001887301085,178.00979447928225,True,,0.6950372279972123,129,True
5AW,unsteered,4K9U,type_II_coordinated,pred.model_idx_9,0.20491803278688525,10.954033515146872,0.9333598017692566,True,,2.28685307792171,174.19304854136115,True,,0.7848913781927509,159,True
6AW,unsteered,4K9V,type_II_coordinated,pred.model_idx_0,0.6948529411764706,2.037992376669317,0.9349440336227417,True,,2.1592399125618256,176.7199355551131,True,,0.4798580328749389,132,True
6AW,unsteered,4K9V,type_II_coordinated,pred.model_idx_1,0.7511029411764706,1.717112086494891,0.9351924657821655,True,,2.0946794504171753,174.26733720882584,True,,0.5612606671270433,173,True
6AW,unsteered,4K9V,type_II_coordinated,pred.model_idx_2,0.7933823529411765,1.700321444084084,0.9347062110900879,True,,2.0894733786291706,175.0041275403258,True,,1.1246322518469456,169,True
6AW,unsteered,4K9V,type_II_coordinated,pred.model_idx_3,0.7852941176470588,1.4940215168996458,0.9348715543746948,True,,2.1799986238527764,174.25447117445407,True,,1.0785189704319116,164,True
6AW,unsteered,4K9V,type_II_coordinated,pred.model_idx_4,0.6959558823529411,2.0460577143236356,0.9347394704818726,True,,2.25944462202551,175.11444936386317,True,,0.6887212717679625,131,True
6AW,unsteered,4K9V,type_II_coordinated,pred.model_idx_5,0.7794117647058824,1.651866994210345,0.9347724914550781,True,,2.124092982898819,177.76572360705904,True,,1.0806968424274221,159,True
6AW,unsteered,4K9V,type_II_coordinated,pred.model_idx_6,0.7448529411764706,2.2184959767390517,0.9354305267333984,True,,2.2127415122422227,177.46705262183255,True,,0.7576307979390933,163,True
6AW,unsteered,4K9V,type_II_coordinated,pred.model_idx_7,0.7797794117647059,1.7960727325449157,0.934542715549469,True,,2.066527522197563,175.34986914193746,True,,1.05623268348928,164,True
6AW,unsteered,4K9V,type_II_coordinated,pred.model_idx_8,0.7625,1.8248097395679288,0.9351825714111328,True,,2.311393086430779,170.00522776639218,True,,0.4427013124260477,130,True
6AW,unsteered,4K9V,type_II_coordinated,pred.model_idx_9,0.7738970588235294,1.7343292682343123,0.9349244236946106,True,,2.268897088895836,174.92298096017046,True,,0.8285774108284416,181,True
7AW,unsteered,4K9W,type_II_coordinated,pred.model_idx_0,0.6680327868852459,1.7965742663491233,0.9347020983695984,True,,2.155868270558292,177.5257623171664,True,,0.6366289465119412,159,True
7AW,unsteered,4K9W,type_II_coordinated,pred.model_idx_1,0.5972429210134128,2.73930448417265,0.9346275329589844,True,,2.1533086169892135,172.4127717956055,True,,1.1656546820153344,192,True
7AW,unsteered,4K9W,type_II_coordinated,pred.model_idx_2,0.646795827123696,2.078079997748984,0.9344025254249573,True,,2.2047355850532284,178.01018647488445,True,,0.7745876514345404,201,True
7AW,unsteered,4K9W,type_II_coordinated,pred.model_idx_3,0.5573770491803278,2.723098152396442,0.9336696267127991,True,,2.0913701250615584,178.24130790655528,True,,0.4191742289103373,177,True
7AW,unsteered,4K9W,type_II_coordinated,pred.model_idx_4,0.6177347242921014,2.183272530431097,0.9344638586044312,True,,2.217904867211396,174.04141497652756,True,,1.0389620926380703,166,True
7AW,unsteered,4K9W,type_II_coordinated,pred.model_idx_5,0.649403874813711,1.8376291675785226,0.93465256690979,True,,2.078481657364337,177.70361815345163,True,,0.5893306935306364,150,True
7AW,unsteered,4K9W,type_II_coordinated,pred.model_idx_6,0.6311475409836065,2.292511061613157,0.9346104264259338,True,,2.234144355228641,177.5774447076045,True,,0.5716966216475297,174,True
7AW,unsteered,4K9W,type_II_coordinated,pred.model_idx_7,0.40909090909090906,6.217944802266968,0.9314829111099243,True,,2.1055236878268553,172.01915848845726,True,,0.9710720471780152,241,True
7AW,unsteered,4K9W,type_II_coordinated,pred.model_idx_8,0.6061847988077496,2.223251350902588,0.9344611167907715,True,,2.1905362357194638,177.25263432480605,True,,0.5457887144056848,170,True
7AW,unsteered,4K9W,type_II_coordinated,pred.model_idx_9,0.639344262295082,2.053578862427207,0.9347113966941833,True,,2.118257066552594,178.77142467218843,True,,0.8586440627098297,201,True
80K,unsteered,6BD6,type_II_coordinated,pred.model_idx_0,0.7710325047801148,1.2212040848248773,0.931099534034729,True,,2.2883537750968492,174.18458947437338,True,,0.34548776397932945,143,True
80K,unsteered,6BD6,type_II_coordinated,pred.model_idx_1,0.7308795411089867,1.6025966366146784,0.9316695928573608,True,,2.3268220817243415,173.73540287046697,True,,0.6563139817832604,169,True
80K,unsteered,6BD6,type_II_coordinated,pred.model_idx_2,0.7853728489483748,1.4291548766834345,0.9312320947647095,True,,2.261394481288039,176.97027802167597,True,,0.5173048636592399,145,True
80K,unsteered,6BD6,type_II_coordinated,pred.model_idx_3,0.8374760994263862,0.9132412003705793,0.9315118193626404,True,,2.2967703411529854,174.07407100492767,True,,0.4697209232516055,141,True
80K,unsteered,6BD6,type_II_coordinated,pred.model_idx_4,0.7729445506692161,1.4752420465281375,0.9310049414634705,True,,2.289719851859611,175.20285805411925,True,,0.7289042571591104,135,True
80K,unsteered,6BD6,type_II_coordinated,pred.model_idx_5,0.7925430210325048,1.270744838991408,0.9317610263824463,True,,2.3267320430165572,172.62117423425585,True,,1.0653629075874513,143,True
80K,unsteered,6BD6,type_II_coordinated,pred.model_idx_6,0.23422562141491396,6.402285481505294,0.9265459179878235,True,,2.468590691062413,171.61991329160801,False,,0.6535551228651131,98,True
80K,unsteered,6BD6,type_II_coordinated,pred.model_idx_7,0.22705544933078392,6.942587149622774,0.9251483678817749,True,,2.41836163548796,169.99378483071706,True,,0.5588703526509646,102,True
80K,unsteered,6BD6,type_II_coordinated,pred.model_idx_8,0.7848948374760994,1.2105177570823618,0.93168705701828,True,,2.3560980454981064,173.68319636035346,True,,0.9825545816713199,137,True
80K,unsteered,6BD6,type_II_coordinated,pred.model_idx_9,0.7848948374760994,1.3202973032531669,0.9315237402915955,True,,2.2868086933541254,179.17237369197346,True,,1.0760350691114122,151,True
8AW,unsteered,4K9X,type_II_coordinated,pred.model_idx_0,0.7043010752688172,1.4141929782285274,0.9345289468765259,True,,2.0929285702096956,174.15036375393524,True,,0.5029107486135089,132,True
8AW,unsteered,4K9X,type_II_coordinated,pred.model_idx_1,0.6844086021505377,1.7255633360951619,0.9349167346954346,True,,2.212973791078421,171.57678034101423,True,,0.3426371448842258,150,True
8AW,unsteered,4K9X,type_II_coordinated,pred.model_idx_2,0.6091397849462366,2.934609677051545,0.9341058731079102,False,severe steric overlap (1.52 A into vdW),2.0853925289978386,174.60951556561125,True,,1.5215258851929847,173,True
8AW,unsteered,4K9X,type_II_coordinated,pred.model_idx_3,0.6908602150537635,3.2037543505805086,0.9333904385566711,True,,2.0837219104285487,178.05854543372777,True,,1.0763265174005627,206,True
8AW,unsteered,4K9X,type_II_coordinated,pred.model_idx_4,0.674731182795699,1.9589264371012671,0.9338682889938354,True,,2.178684465451572,175.04202222779793,True,,1.2296867080783485,141,True
8AW,unsteered,4K9X,type_II_coordinated,pred.model_idx_5,0.6387096774193548,2.1962538243746805,0.9346247911453247,True,,2.1592825197273284,172.00574199259276,True,,0.500742748469722,157,True
8AW,unsteered,4K9X,type_II_coordinated,pred.model_idx_6,0.7150537634408602,1.6398867634118253,0.934978187084198,True,,2.2484501328693063,174.34806715159255,True,,0.8322525259148525,128,True
8AW,unsteered,4K9X,type_II_coordinated,pred.model_idx_7,0.27365591397849465,6.459003526829552,0.9285353422164917,True,,2.309595852091876,160.56295025244427,True,,0.6573290728612284,131,True
8AW,unsteered,4K9X,type_II_coordinated,pred.model_idx_8,0.6946236559139786,1.7875901039295083,0.934704601764679,True,,2.1923270741383463,172.941387113218,True,,0.9317428029174688,140,True
8AW,unsteered,4K9X,type_II_coordinated,pred.model_idx_9,0.6838709677419355,2.0285961425152657,0.9338607788085938,True,,2.1698400862736404,177.1499366300096,True,,0.6341243262677918,150,True
A1A06,unsteered,9COS,type_II_coordinated,pred.model_idx_0,0.7078431372549019,2.7729185374449186,0.9334556460380554,True,,2.3042139657592564,175.2743269750971,True,,0.9178214665235012,177,True
A1A06,unsteered,9COS,type_II_coordinated,pred.model_idx_1,0.7455882352941177,2.570582802223473,0.933851957321167,True,,2.357987701409827,175.28370201624838,True,,1.1610456537358576,187,True
A1A06,unsteered,9COS,type_II_coordinated,pred.model_idx_2,0.6906862745098039,4.638586489637452,0.9328025579452515,True,,2.1561229092980763,178.07835714592966,True,,0.6272666932366526,212,True
A1A06,unsteered,9COS,type_II_coordinated,pred.model_idx_3,0.6,4.416141177236758,0.9331467151641846,True,,2.2089920778490812,174.09581639997273,True,,0.47171022608758895,185,True
A1A06,unsteered,9COS,type_II_coordinated,pred.model_idx_4,0.6950980392156862,4.423282217470753,0.9325158596038818,True,,2.178335144095141,177.6841105501147,True,,1.063756661731603,181,True
A1A06,unsteered,9COS,type_II_coordinated,pred.model_idx_5,0.6622549019607843,4.2909388327977,0.9334458112716675,True,,2.30380511328541,178.24639964138578,True,,1.3479642097438413,227,True
A1A06,unsteered,9COS,type_II_coordinated,pred.model_idx_6,0.6774509803921569,4.250114786543953,0.9337600469589233,False,severe steric overlap (1.66 A into vdW),2.2830402974980535,179.3863811106664,True,,1.6550722789518966,188,True
A1A06,unsteered,9COS,type_II_coordinated,pred.model_idx_7,0.6357843137254902,4.070046739805696,0.9323475360870361,True,,2.2213964076679336,173.0504795878696,True,,0.8687713255548095,220,True
A1A06,unsteered,9COS,type_II_coordinated,pred.model_idx_8,0.7612745098039215,2.307752175092281,0.9333349466323853,True,,2.32543006775091,174.68348413245897,True,,0.6001276748665783,145,True
A1A06,unsteered,9COS,type_II_coordinated,pred.model_idx_9,0.6294117647058823,4.47830407906789,0.9329326748847961,True,,2.2959281347638036,175.68812290804453,True,,0.764849291794901,209,True
A1A08,unsteered,9COT,type_II_coordinated,pred.model_idx_0,0.7196969696969697,2.5439986828274974,0.934715986251831,True,,2.145572417794375,173.286643992875,True,,0.47393590752145753,142,True
A1A08,unsteered,9COT,type_II_coordinated,pred.model_idx_1,0.6646464646464647,2.5473188796266437,0.9349468946456909,True,,2.3398337547783172,175.52599699588015,True,,1.2218923952899832,186,True
A1A08,unsteered,9COT,type_II_coordinated,pred.model_idx_2,0.7075757575757575,2.794226122252599,0.9346213340759277,True,,2.2502646511021767,175.6686306102844,True,,0.6212951302619989,166,True
A1A08,unsteered,9COT,type_II_coordinated,pred.model_idx_3,0.702020202020202,2.7086027038719114,0.9346203207969666,True,,2.298702895112807,170.5130674591456,True,,0.4797230067016951,152,True
A1A08,unsteered,9COT,type_II_coordinated,pred.model_idx_4,0.7070707070707071,2.6133890632726056,0.935095489025116,True,,2.3356660720231393,173.30977960105707,True,,0.32335101124616417,138,True
A1A08,unsteered,9COT,type_II_coordinated,pred.model_idx_5,0.6772727272727272,2.385303824212746,0.9346634745597839,True,,2.180796872705021,173.47436287133723,True,,0.2859722223461141,179,True
A1A08,unsteered,9COT,type_II_coordinated,pred.model_idx_6,0.6904040404040405,2.74663127183408,0.9353530406951904,True,,2.4291051850424266,168.47348654250405,True,,0.8600262713326652,151,True
A1A08,unsteered,9COT,type_II_coordinated,pred.model_idx_7,0.24646464646464644,7.726371023003793,0.9284077286720276,True,,2.392983284521645,163.7761026164602,True,,0.4243980970102341,140,True
A1A08,unsteered,9COT,type_II_coordinated,pred.model_idx_8,0.6964646464646465,2.7167604106946692,0.9350283741950989,True,,2.3222717325928937,176.48262651675643,True,,0.6110550024962196,134,True
A1A08,unsteered,9COT,type_II_coordinated,pred.model_idx_9,0.7580808080808079,2.045996094217502,0.9346453547477722,True,,2.367403641122485,171.21917848446205,True,,1.0354849508414912,184,True
A1A07,unsteered,9COR,type_II_coordinated,pred.model_idx_0,0.5905432595573441,3.2623605602448884,0.9349733591079712,True,,2.293866168720399,174.50749827371428,True,,0.8087059490804531,171,True
A1A07,unsteered,9COR,type_II_coordinated,pred.model_idx_1,0.5804828973843058,4.757315248454293,0.9344545006752014,True,,2.282697746089044,172.4910104890306,True,,0.865919055241331,211,True
A1A07,unsteered,9COR,type_II_coordinated,pred.model_idx_2,0.6091549295774648,5.036158178229678,0.9341697096824646,True,,2.181708733997277,176.67511956288809,True,,0.8393708814685135,195,True
A1A07,unsteered,9COR,type_II_coordinated,pred.model_idx_3,0.5301810865191148,4.98462505237396,0.9336981177330017,True,,2.173177167190931,176.21491377443792,True,,0.9090526321915409,190,True
A1A07,unsteered,9COR,type_II_coordinated,pred.model_idx_4,0.5437625754527162,5.052932978074176,0.9339809417724609,True,,2.2058188955578375,178.9572827071071,True,,0.9824074876705216,185,True
A1A07,unsteered,9COR,type_II_coordinated,pred.model_idx_5,0.602112676056338,4.766842818068639,0.9346473813056946,True,,2.289220609727249,177.01691058967242,True,,1.3591512689098015,227,True
A1A07,unsteered,9COR,type_II_coordinated,pred.model_idx_6,0.5779678068410463,4.662650556228494,0.9349745512008667,True,,2.299938477438038,179.06396937054882,True,,1.4935090217958222,195,True
A1A07,unsteered,9COR,type_II_coordinated,pred.model_idx_7,0.5618712273641852,4.670956448423819,0.9335007667541504,True,,2.2279706012423057,175.10134803049252,True,,0.6671264514562467,211,True
A1A07,unsteered,9COR,type_II_coordinated,pred.model_idx_8,0.5905432595573441,2.9513830895979867,0.9345317482948303,True,,2.2406661955766634,175.02339905119072,True,,0.7211218517102513,145,True
A1A07,unsteered,9COR,type_II_coordinated,pred.model_idx_9,0.5321931589537223,5.067501385710322,0.9340006709098816,True,,2.2573065808613593,176.0569187914602,True,,0.9708596170661528,202,True
A1A4K,unsteered,9COX,type_II_coordinated,pred.model_idx_0,0.3430232558139535,6.075505076227919,0.9170284271240234,True,,2.2677464584913367,172.38705840755338,True,,0.33839617193863525,162,True
A1A4K,unsteered,9COX,type_II_coordinated,pred.model_idx_1,0.14069767441860465,9.380025768283366,0.9161736965179443,True,,2.4701388624933616,172.65062830660546,False,,1.163021233896039,224,True
A1A4K,unsteered,9COX,type_II_coordinated,pred.model_idx_2,0.32906976744186045,6.027971659589103,0.9172735214233398,True,,2.102757237533615,171.96530149047874,True,,0.7279509735036673,201,True
A1A4K,unsteered,9COX,type_II_coordinated,pred.model_idx_3,0.36860465116279073,6.3486076697225045,0.9161322712898254,True,,2.42872168022604,172.50440248572323,True,,0.9907664994442595,209,True
A1A4K,unsteered,9COX,type_II_coordinated,pred.model_idx_4,0.35872093023255813,6.463000483744544,0.9169175624847412,True,,2.369377555392977,165.22511265262358,True,,0.8973945576659514,183,True
A1A4K,unsteered,9COX,type_II_coordinated,pred.model_idx_5,0.3959302325581395,5.7576934744600035,0.917241632938385,True,,2.314248474127184,175.40999789274863,True,,0.8637774151309192,226,True
A1A4K,unsteered,9COX,type_II_coordinated,pred.model_idx_6,0.18604651162790697,8.800129443706458,0.9164326190948486,True,,2.425991962064178,174.792522081665,True,,0.2911876865915497,202,True
A1A4K,unsteered,9COX,type_II_coordinated,pred.model_idx_7,0.37965116279069766,6.509391434301179,0.916912317276001,True,,2.1913459334390812,172.25241170842398,True,,0.4586239952310258,222,True
A1A4K,unsteered,9COX,type_II_coordinated,pred.model_idx_8,0.38139534883720927,6.320808106881846,0.9170577526092529,True,,2.3681490662540647,168.48080738570894,True,,0.3564252832165735,183,True
A1A4K,unsteered,9COX,type_II_coordinated,pred.model_idx_9,0.3709302325581395,6.875371867329622,0.9164609313011169,True,,2.2972881839246897,168.32883815791843,True,,0.40994565266783134,218,True
A1A4S,unsteered,9COV,type_II_coordinated,pred.model_idx_0,0.5025879917184265,5.141027445873028,0.9244532585144043,True,,2.2083319496851015,164.8090359249756,True,,0.41142972315094006,164,True
A1A4S,unsteered,9COV,type_II_coordinated,pred.model_idx_1,0.11438923395445134,9.784460143253376,0.9168528914451599,True,,2.3814373810789147,173.01902827796033,True,,0.2971332609987902,197,True
A1A4S,unsteered,9COV,type_II_coordinated,pred.model_idx_2,0.35093167701863354,6.513922834656531,0.9208713173866272,True,,2.17221177604763,171.05488284403026,True,,0.8080924013383499,198,True
A1A4S,unsteered,9COV,type_II_coordinated,pred.model_idx_3,0.4083850931677019,7.1041391733806,0.9209108948707581,True,,2.324049052838601,170.70746308869045,True,,0.5224390646363517,194,True
A1A4S,unsteered,9COV,type_II_coordinated,pred.model_idx_4,0.4270186335403727,6.889134646232543,0.9214310646057129,True,,2.4551360451103315,168.21081141425668,False,,0.5268214465508763,186,True
A1A4S,unsteered,9COV,type_II_coordinated,pred.model_idx_5,0.4829192546583851,6.68666221224908,0.922783374786377,True,,2.2781521020335753,167.27417923172018,True,,0.7439527489142819,219,True
A1A4S,unsteered,9COV,type_II_coordinated,pred.model_idx_6,0.37888198757763975,7.609951518857583,0.9211118221282959,True,,2.257367936336476,171.6318831711835,True,,0.5769729012990328,196,True
A1A4S,unsteered,9COV,type_II_coordinated,pred.model_idx_7,0.39492753623188404,7.716239684516271,0.9200421571731567,True,,2.161019666731425,177.30794518742832,True,,0.8800037974713968,205,True
A1A4S,unsteered,9COV,type_II_coordinated,pred.model_idx_8,0.39078674948240166,7.430833926121361,0.9210585355758667,True,,2.6733523897907654,166.62235216529365,False,,0.43110980331033444,164,True
A1A4S,unsteered,9COV,type_II_coordinated,pred.model_idx_9,0.4601449275362319,7.256167438903323,0.9217284321784973,True,,2.3334476638656376,171.2628531638223,True,,0.722190559710369,230,True
A1A4T,unsteered,9COY,type_II_coordinated,pred.model_idx_0,0.747596153846154,2.9953671103119395,0.931654155254364,True,,2.237151313612917,175.00596975551932,True,,0.44489509492471635,171,True
A1A4T,unsteered,9COY,type_II_coordinated,pred.model_idx_1,0.7100961538461539,2.9228324871327427,0.9322559237480164,True,,2.31187824073847,173.5039355795237,True,,0.551237110603974,162,True
A1A4T,unsteered,9COY,type_II_coordinated,pred.model_idx_2,0.2725961538461539,7.377392370694274,0.9243342876434326,True,,2.1668022521679267,177.9640570656158,True,,0.8617941375845812,209,True
A1A4T,unsteered,9COY,type_II_coordinated,pred.model_idx_3,0.7798076923076924,2.975935791385286,0.9318298697471619,True,,2.2647785763734167,171.99373130970767,True,,0.7478632723896519,197,True
A1A4T,unsteered,9COY,type_II_coordinated,pred.model_idx_4,0.7644230769230769,2.7963747052456225,0.9320268034934998,True,,2.2884794078164648,172.7353207775315,True,,0.35055841177437896,132,True
A1A4T,unsteered,9COY,type_II_coordinated,pred.model_idx_5,0.25240384615384615,7.440486114250004,0.9239571690559387,True,,2.258746112337551,174.5808419938558,True,,0.647201787271722,165,True
A1A4T,unsteered,9COY,type_II_coordinated,pred.model_idx_6,0.4576923076923077,6.542134302914552,0.9277563095092773,True,,2.3767351556284093,175.4962649793184,True,,1.2809129324164146,218,True
A1A4T,unsteered,9COY,type_II_coordinated,pred.model_idx_7,0.24471153846153848,7.9216531626872415,0.9228631258010864,True,,2.2917918753673945,174.3722134474796,True,,1.4463726434225253,211,True
A1A4T,unsteered,9COY,type_II_coordinated,pred.model_idx_8,0.7019230769230769,3.102396365367182,0.9321903586387634,True,,2.3292681253990493,171.39323154184396,True,,0.6893066167550042,177,True
A1A4T,unsteered,9COY,type_II_coordinated,pred.model_idx_9,0.7298076923076924,3.111171313404095,0.9315402507781982,True,,2.3483926417871435,174.3553370367524,True,,0.4058454200239816,215,True
A1A4U,unsteered,9COU,type_II_coordinated,pred.model_idx_0,0.7893081761006289,2.3184980630833634,0.9303715229034424,True,,2.1266203234240004,174.91679859923195,True,,0.6722399299058583,148,True
A1A4U,unsteered,9COU,type_II_coordinated,pred.model_idx_1,0.6949685534591195,2.8891512243022994,0.9305680990219116,True,,2.3228297397786175,174.27332751449413,True,,0.7431450924071905,134,True
A1A4U,unsteered,9COU,type_II_coordinated,pred.model_idx_2,0.7190775681341719,2.77826227216988,0.9296738505363464,True,,2.1285060488521053,174.73656143263932,True,,0.6226361440876254,189,True
A1A4U,unsteered,9COU,type_II_coordinated,pred.model_idx_3,0.7940251572327044,2.660911066026781,0.9299894571304321,True,,2.3063750779090553,172.1791057866633,True,,1.04341460080244,183,True
A1A4U,unsteered,9COU,type_II_coordinated,pred.model_idx_4,0.7610062893081762,2.4103782299288476,0.9296472668647766,True,,2.316976909682097,170.87415198263707,True,,0.6396192141468728,147,True
A1A4U,unsteered,9COU,type_II_coordinated,pred.model_idx_5,0.6981132075471699,2.6158919684700637,0.9296518564224243,True,,2.2390272441397396,173.52072049985134,True,,1.1407895729388042,197,True
A1A4U,unsteered,9COU,type_II_coordinated,pred.model_idx_6,0.7206498951781971,3.495675695250364,0.9267618656158447,True,,2.427673989645232,166.21995732958354,True,,0.8904556239470343,158,True
A1A4U,unsteered,9COU,type_II_coordinated,pred.model_idx_7,0.24371069182389937,7.313550758552567,0.9227592945098877,True,,2.3199545254163927,170.3333588787649,True,,0.6008119034262802,184,True
A1A4U,unsteered,9COU,type_II_coordinated,pred.model_idx_8,0.7961215932914046,2.133820312007267,0.9304289817810059,True,,2.345198925464533,174.0830354566888,True,,0.8836894470126615,143,True
A1A4U,unsteered,9COU,type_II_coordinated,pred.model_idx_9,0.6860587002096435,3.1727412541685505,0.9280847311019897,True,,2.3429660688964318,171.75935585685022,True,,1.2952389684337082,182,True
A1A4V,unsteered,9COW,type_II_coordinated,pred.model_idx_0,0.2971082089552239,6.878211431591018,0.9163920879364014,True,,2.4549173102163744,172.6379560631257,False,,0.36483657771117706,156,True
A1A4V,unsteered,9COW,type_II_coordinated,pred.model_idx_1,0.11194029850746268,9.79801717425544,0.9151905179023743,True,,2.425645481103947,171.61550033608435,True,,1.1167998335669296,217,True
A1A4V,unsteered,9COW,type_II_coordinated,pred.model_idx_2,0.34048507462686567,6.915136052359669,0.9173101782798767,True,,2.1639341487207973,169.9324574525417,True,,0.99094105510056,207,True
A1A4V,unsteered,9COW,type_II_coordinated,pred.model_idx_3,0.3017723880597015,7.386029918482083,0.9159471392631531,True,,2.3965387541202,171.2939308577172,True,,0.706849614299268,219,True
A1A4V,unsteered,9COW,type_II_coordinated,pred.model_idx_4,0.36100746268656714,7.34717035434443,0.9168625473976135,True,,2.3713405491409283,165.6140551253432,True,,0.8776179908665696,180,True
A1A4V,unsteered,9COW,type_II_coordinated,pred.model_idx_5,0.36473880597014924,6.816837352289703,0.9172382950782776,True,,2.2850286650280784,174.76194986426339,True,,0.8090378235103466,229,True
A1A4V,unsteered,9COW,type_II_coordinated,pred.model_idx_6,0.13759328358208955,9.68854948285358,0.915218710899353,True,,2.374831572975229,176.69182962221313,True,,0.3324055026780348,211,True
A1A4V,unsteered,9COW,type_II_coordinated,pred.model_idx_7,0.35634328358208955,7.4005606342181744,0.9167241454124451,True,,2.1987337264889533,172.21917248077884,True,,0.6060941771689365,213,True
A1A4V,unsteered,9COW,type_II_coordinated,pred.model_idx_8,0.3111007462686567,6.892717600060759,0.9165448546409607,True,,2.5355737023403595,173.73875563760657,False,,0.37406923410333137,148,True
A1A4V,unsteered,9COW,type_II_coordinated,pred.model_idx_9,0.31763059701492535,7.56053348803141,0.9165048003196716,True,,2.2937735284896807,171.14602272706938,True,,0.7990592737532785,230,True
A1APA,unsteered,9BBB,type_II_coordinated,pred.model_idx_0,0.7422131147540983,2.255700683112387,0.9350430369377136,True,,2.1988838077533797,175.34474887252733,True,,0.6370007238509814,235,True
A1APA,unsteered,9BBB,type_II_coordinated,pred.model_idx_1,0.7180327868852459,2.29365098773822,0.9353679418563843,True,,2.125286098387697,171.8892657188228,True,,0.5498007564977478,216,True
A1APA,unsteered,9BBB,type_II_coordinated,pred.model_idx_2,0.7413934426229508,2.029294453753847,0.935099720954895,True,,2.18565802448599,175.51119255000793,True,,0.712759407868361,247,True
A1APA,unsteered,9BBB,type_II_coordinated,pred.model_idx_3,0.665983606557377,3.0697763507793234,0.9324895143508911,True,,2.1511378384473647,176.20985979775398,True,,0.8509072202055878,283,True
A1APA,unsteered,9BBB,type_II_coordinated,pred.model_idx_4,0.7504098360655738,1.973840800480121,0.9349626302719116,True,,2.1714628709697057,174.27423804999893,True,,0.5735969694696923,190,True
A1APA,unsteered,9BBB,type_II_coordinated,pred.model_idx_5,0.6491803278688525,3.131114569404649,0.9331350922584534,True,,2.0883261239566964,175.8468295700247,True,,0.6717441468953105,260,True
A1APA,unsteered,9BBB,type_II_coordinated,pred.model_idx_6,0.631967213114754,3.838349288103979,0.9336876273155212,True,,2.2127058096366987,178.6567708666971,True,,0.5349923650015445,216,True
A1APA,unsteered,9BBB,type_II_coordinated,pred.model_idx_7,0.6245901639344262,4.250309256623764,0.9330387115478516,True,,2.075668085219793,174.84870570881247,True,,0.7374532867947647,266,True
A1APA,unsteered,9BBB,type_II_coordinated,pred.model_idx_8,0.6307377049180328,4.030745148161915,0.933571994304657,True,,2.139881772435104,174.69085443942419,True,,0.5972508697933003,184,True
A1APA,unsteered,9BBB,type_II_coordinated,pred.model_idx_9,0.703688524590164,2.2643309525197837,0.9351533651351929,True,,2.1510439326057478,178.39787797667466,True,,0.7285951754080595,230,True
A1ASO,unsteered,9BVC,type_II_coordinated,pred.model_idx_0,0.3490384615384615,5.774695005728356,0.9293272495269775,True,,5.468270018936519,150.1808155624253,False,,0.734022693269877,149,True
A1ASO,unsteered,9BVC,type_II_coordinated,pred.model_idx_1,0.33605769230769234,5.813978803431856,0.9294559359550476,False,severe steric overlap (1.64 A into vdW),5.482927229135911,133.60063553293915,False,,1.6413908905046577,185,True
A1ASO,unsteered,9BVC,type_II_coordinated,pred.model_idx_2,0.33461538461538465,5.847344806499644,0.9291076064109802,True,,5.1853278584868665,152.27367358646262,False,,0.6049971377474406,159,True
A1ASO,unsteered,9BVC,type_II_coordinated,pred.model_idx_3,0.30817307692307694,5.878216080027963,0.9290310144424438,True,,5.315841043522653,151.70303150515966,False,,0.8549816415414755,151,True
A1ASO,unsteered,9BVC,type_II_coordinated,pred.model_idx_4,0.3961538461538462,4.60081698691935,0.9277185201644897,True,,5.91987069115534,143.29715735467437,False,,0.5181567402974694,134,True
A1ASO,unsteered,9BVC,type_II_coordinated,pred.model_idx_5,0.5240384615384615,3.3880228587854213,0.9267581105232239,True,,2.5394562410090864,172.8176247396835,False,,0.6220287978454491,140,True
A1ASO,unsteered,9BVC,type_II_coordinated,pred.model_idx_6,0.7283653846153846,2.791613888586429,0.9255098104476929,True,,2.4863833171898495,169.9258450489098,False,,0.4828474499951154,145,True
A1ASO,unsteered,9BVC,type_II_coordinated,pred.model_idx_7,0.7942307692307693,2.1035562937668124,0.925409197807312,True,,2.151384902800984,167.29049890833272,True,,0.9058073450513087,158,True
A1ASO,unsteered,9BVC,type_II_coordinated,pred.model_idx_8,0.35528846153846155,5.567721676644063,0.9294943809509277,True,,5.467082128521575,150.98004589253404,False,,0.5476914750548514,147,True
A1ASO,unsteered,9BVC,type_II_coordinated,pred.model_idx_9,0.7572115384615383,2.556346114556807,0.925396740436554,True,,2.5005299438319075,172.73416999382505,False,,0.814790143914812,147,True
A1ASQ,unsteered,9BVA,type_II_coordinated,pred.model_idx_0,0.6884965831435079,2.633605206652773,0.9251391291618347,True,,2.1548111286142926,171.09992483560424,True,,0.5926637180416026,105,True
A1ASQ,unsteered,9BVA,type_II_coordinated,pred.model_idx_1,0.7420273348519362,2.576270335229354,0.9252971410751343,True,,2.214986455940532,174.45880372789026,True,,0.2592481791774759,129,True
A1ASQ,unsteered,9BVA,type_II_coordinated,pred.model_idx_2,0.7830296127562643,2.3708018056203626,0.9251479506492615,True,,2.1476438252186973,176.6133722000611,True,,0.24320795743526968,133,True
A1ASQ,unsteered,9BVA,type_II_coordinated,pred.model_idx_3,0.6736902050113895,2.802377850276872,0.9253219366073608,True,,2.224382610973211,172.34521758426598,True,,0.4455501358120828,111,True
A1ASQ,unsteered,9BVA,type_II_coordinated,pred.model_idx_4,0.6264236902050114,2.8978313259317883,0.9253464341163635,True,,2.2606136335075036,179.21246974592472,True,,0.3483917706385955,121,True
A1ASQ,unsteered,9BVA,type_II_coordinated,pred.model_idx_5,0.7277904328018223,2.5820796868145504,0.9254725575447083,True,,2.1860606121514565,174.04353740448545,True,,0.49608729470047574,128,True
A1ASQ,unsteered,9BVA,type_II_coordinated,pred.model_idx_6,0.7294988610478359,2.637150758171938,0.9256425499916077,True,,2.3319288153800923,179.00003374437048,True,,0.2111012872780047,121,True
A1ASQ,unsteered,9BVA,type_II_coordinated,pred.model_idx_7,0.7215261958997722,2.723499280370639,0.9251210689544678,True,,2.1983332322466493,175.89054058345036,True,,0.6067341694711548,127,True
A1ASQ,unsteered,9BVA,type_II_coordinated,pred.model_idx_8,0.7021640091116172,2.6947388560936147,0.9259109497070312,True,,2.2192496479666275,179.74173001776248,True,,0.10805649954150809,100,True
A1ASQ,unsteered,9BVA,type_II_coordinated,pred.model_idx_9,0.7306378132118452,2.844956264040888,0.9253857135772705,True,,2.2406262517430258,175.91267839268153,True,,0.454492064176367,117,True
A1ASP,unsteered,9BVB,type_II_coordinated,pred.model_idx_0,0.6853448275862069,2.6370554432877396,0.9312552213668823,True,,2.1829908382766976,169.63683752916228,True,,0.6580319111995485,98,True
A1ASP,unsteered,9BVB,type_II_coordinated,pred.model_idx_1,0.8392857142857143,2.0201791476638307,0.93107008934021,True,,2.2212665306081574,172.23365842453364,True,,0.2400044303828528,132,True
A1ASP,unsteered,9BVB,type_II_coordinated,pred.model_idx_2,0.8669950738916257,1.7084067347951932,0.9310717582702637,True,,2.126574945775484,175.1195897015172,True,,0.2514168265710368,137,True
A1ASP,unsteered,9BVB,type_II_coordinated,pred.model_idx_3,0.6447044334975369,2.8981446840160294,0.9313479661941528,True,,2.159206104104006,178.90732797265417,True,,0.45795802205338987,96,True
A1ASP,unsteered,9BVB,type_II_coordinated,pred.model_idx_4,0.8417487684729064,1.687533145359073,0.9309331774711609,True,,2.2467035852555184,177.52144672573465,True,,0.5139922037527342,130,True
A1ASP,unsteered,9BVB,type_II_coordinated,pred.model_idx_5,0.8263546798029556,1.7651196900759276,0.9309841990470886,True,,2.049087845847513,172.8576669336294,True,,0.30828170752896655,128,True
A1ASP,unsteered,9BVB,type_II_coordinated,pred.model_idx_6,0.9230295566502463,1.0429893431462085,0.9306998252868652,True,,2.280684546358834,178.8235095627152,True,,0.9374240428848806,142,True
A1ASP,unsteered,9BVB,type_II_coordinated,pred.model_idx_7,0.2253694581280788,6.084311792774264,0.927230179309845,True,,2.148745680623931,168.97970531061785,True,,0.9375735543980199,116,True
A1ASP,unsteered,9BVB,type_II_coordinated,pred.model_idx_8,0.5923645320197045,3.1349776800640474,0.9317528009414673,True,,2.215118281266262,177.15961803750574,True,,0.3983171687803031,90,True
A1ASP,unsteered,9BVB,type_II_coordinated,pred.model_idx_9,0.8903940886699506,1.6025825922532664,0.9310374855995178,True,,2.2373135676520626,178.0445049946146,True,,0.297751460633755,128,True
A1ASR,unsteered,9BV9,type_II_coordinated,pred.model_idx_0,0.7278481012658228,2.503983959653719,0.9288736581802368,True,,2.1812638538241997,170.60685251721577,True,,0.6600385039201742,93,True
A1ASR,unsteered,9BV9,type_II_coordinated,pred.model_idx_1,0.7145569620253165,3.261859152063624,0.9288506507873535,True,,2.206818751053199,171.34763240115808,True,,0.43184956580701606,106,True
A1ASR,unsteered,9BV9,type_II_coordinated,pred.model_idx_2,0.9227848101265823,0.6949749507056886,0.9289161562919617,True,,2.1459349943556076,175.36144550990673,True,,0.19703543572520887,133,True
A1ASR,unsteered,9BV9,type_II_coordinated,pred.model_idx_3,0.6322784810126583,2.2184087985648526,0.9291840195655823,True,,2.1732448090355585,175.77860692013772,True,,0.1815679696536514,94,True
A1ASR,unsteered,9BV9,type_II_coordinated,pred.model_idx_4,0.7841772151898734,1.2217533105710001,0.9288601279258728,True,,2.2447948681338348,177.04858172792,True,,0.8488377597696828,111,True
A1ASR,unsteered,9BV9,type_II_coordinated,pred.model_idx_5,0.7088607594936709,3.1175357417613165,0.9293651580810547,True,,1.9793640392813043,172.2751831875073,True,,1.0281552709516357,105,True
A1ASR,unsteered,9BV9,type_II_coordinated,pred.model_idx_6,0.9246835443037975,0.8243589651573715,0.9287735819816589,True,,2.2843084292625635,178.4923230400646,True,,0.6527524242570166,140,True
A1ASR,unsteered,9BV9,type_II_coordinated,pred.model_idx_7,0.22151898734177217,5.938345343605694,0.9251905679702759,True,,2.197564561053895,172.82290904090402,True,,0.7807964951153568,103,True
A1ASR,unsteered,9BV9,type_II_coordinated,pred.model_idx_8,0.6367088607594937,2.616496366198311,0.9295495748519897,True,,2.218332256448524,177.43720324445877,True,,0.28487666357953545,92,True
A1ASR,unsteered,9BV9,type_II_coordinated,pred.model_idx_9,0.8778481012658228,1.5581853981125207,0.9291478395462036,True,,2.2936357600979282,177.06667296525956,True,,0.06274289273361466,114,True
A1ASS,unsteered,9BV8,type_II_coordinated,pred.model_idx_0,0.7588607594936709,2.4296494764877057,0.9320638179779053,True,,2.141607573763224,173.6638949619704,True,,1.0860613879495031,93,True
A1ASS,unsteered,9BV8,type_II_coordinated,pred.model_idx_1,0.8854430379746835,1.1628497252449508,0.9322295188903809,True,,2.221217233860749,173.98865051153504,True,,0.2610562695448224,109,True
A1ASS,unsteered,9BV8,type_II_coordinated,pred.model_idx_2,0.8563291139240505,1.3685525009035708,0.9321950674057007,True,,2.1232263186010103,176.60680562978084,True,,0.2559244274141723,117,True
A1ASS,unsteered,9BV8,type_II_coordinated,pred.model_idx_3,0.8215189873417722,1.3809465032949964,0.9319908022880554,True,,2.1286664839753553,174.86586687952152,True,,0.6736643976097727,120,True
A1ASS,unsteered,9BV8,type_II_coordinated,pred.model_idx_4,0.880379746835443,1.0845887262631955,0.9318497180938721,True,,2.0734331433639235,178.19494714655227,True,,0.4147954843930708,106,True
A1ASS,unsteered,9BV8,type_II_coordinated,pred.model_idx_5,0.6981012658227848,2.9581674422855233,0.9321838021278381,True,,2.189245988919472,173.9364365606372,True,,1.001830709796928,98,True
A1ASS,unsteered,9BV8,type_II_coordinated,pred.model_idx_6,0.7455696202531646,2.749030203097838,0.9325351715087891,True,,2.218333834209811,178.70902956631022,True,,0.3019470232771644,75,True
A1ASS,unsteered,9BV8,type_II_coordinated,pred.model_idx_7,0.7683544303797468,2.748348843190907,0.9317777156829834,True,,2.067622064111331,174.93422649748925,True,,0.3316196580090076,86,True
A1ASS,unsteered,9BV8,type_II_coordinated,pred.model_idx_8,0.8259493670886077,1.227448270519328,0.9325605630874634,True,,2.0800329324316,175.86878264704885,True,,0.22518819455388783,100,True
A1ASS,unsteered,9BV8,type_II_coordinated,pred.model_idx_9,0.8620253164556961,1.3690922910554737,0.9320713877677917,True,,2.132853018845884,177.4496436635355,True,,0.12225107733981533,114,True
A1AST,unsteered,9BV7,type_II_coordinated,pred.model_idx_0,0.3615485564304462,5.520757653549281,0.9234768152236938,True,,2.3668719863989263,168.98222614940937,True,,0.6211369793696329,129,True
A1AST,unsteered,9BV7,type_II_coordinated,pred.model_idx_1,0.5177165354330708,3.3757195424486444,0.9192742109298706,True,,2.439173835543502,173.49563486604362,True,,0.9948809020638913,100,True
A1AST,unsteered,9BV7,type_II_coordinated,pred.model_idx_2,0.38320209973753283,5.568499734175842,0.9231829047203064,True,,2.2024125408288064,174.38515523603323,True,,0.8209905002113698,157,True
A1AST,unsteered,9BV7,type_II_coordinated,pred.model_idx_3,0.4015748031496063,5.665152081425988,0.9234628677368164,True,,2.188277861698555,174.70288134628836,True,,0.8069654842250942,125,True
A1AST,unsteered,9BV7,type_II_coordinated,pred.model_idx_4,0.4251968503937008,5.584761359193346,0.9232155084609985,True,,2.541489720616631,172.55738027822846,False,,0.5042303268388211,149,True
A1AST,unsteered,9BV7,type_II_coordinated,pred.model_idx_5,0.4035433070866142,5.580093906660945,0.9238226413726807,True,,2.170905341096198,175.3079404356797,True,,0.39841491874709645,156,True
A1AST,unsteered,9BV7,type_II_coordinated,pred.model_idx_6,0.4074803149606299,5.473550598769711,0.9238613843917847,True,,2.4169776581507745,177.1056644982478,True,,1.3369386824430056,148,True
A1AST,unsteered,9BV7,type_II_coordinated,pred.model_idx_7,0.40223097112860895,4.757985366121278,0.9199645519256592,True,,2.286532090306191,172.31447805799098,True,,0.3931268733117457,89,True
A1AST,unsteered,9BV7,type_II_coordinated,pred.model_idx_8,0.4179790026246719,3.863602962148807,0.920716404914856,True,,2.282562814031632,172.74457149171033,True,,0.17494790739746335,79,True
A1AST,unsteered,9BV7,type_II_coordinated,pred.model_idx_9,0.4179790026246719,4.640429445068528,0.9214447140693665,True,,2.307207186188531,169.29788987680834,True,,0.25549161235019113,101,True
A1ASU,unsteered,9BV6,type_II_coordinated,pred.model_idx_0,0.37335526315789475,5.412924769658712,0.9203736782073975,True,,5.943606396793111,140.54930398413748,False,,0.47542525780976685,84,True
A1ASU,unsteered,9BV6,type_II_coordinated,pred.model_idx_1,0.21875,7.124831697545952,0.9190875291824341,True,,4.940938979586774,135.29143830447842,False,,0.38509071446585663,79,True
A1ASU,unsteered,9BV6,type_II_coordinated,pred.model_idx_2,0.34210526315789475,5.718645321266165,0.9197449684143066,True,,5.896825586703409,133.5177919812496,False,,0.47235099409590653,96,True
A1ASU,unsteered,9BV6,type_II_coordinated,pred.model_idx_3,0.3086622807017544,5.8513812660064275,0.9196690320968628,True,,5.633103673819611,131.13302439611263,False,,0.4775830039476383,77,True
A1ASU,unsteered,9BV6,type_II_coordinated,pred.model_idx_4,0.5520833333333333,3.62035345392401,0.9213365912437439,True,,4.9447258771341405,133.22297384086193,False,,0.685315119576491,110,True
A1ASU,unsteered,9BV6,type_II_coordinated,pred.model_idx_5,0.5405701754385964,3.1986089070143957,0.9217170476913452,True,,2.0148967715493518,166.09403034158012,True,,0.5778709816300029,134,True
A1ASU,unsteered,9BV6,type_II_coordinated,pred.model_idx_6,0.32401315789473684,5.529633581481192,0.9199379086494446,True,,5.660439117241701,137.67987979811747,False,,0.5794832033827562,99,True
A1ASU,unsteered,9BV6,type_II_coordinated,pred.model_idx_7,0.2922149122807018,6.274462917606995,0.9196197986602783,True,,5.460378100461543,125.16326688575273,False,,0.7864212275119771,93,True
A1ASU,unsteered,9BV6,type_II_coordinated,pred.model_idx_8,0.5603070175438596,2.8849855119597176,0.9217985272407532,True,,2.1407683200197067,174.82843848186093,True,,0.49444547545714945,96,True
A1ASU,unsteered,9BV6,type_II_coordinated,pred.model_idx_9,0.5367324561403509,3.2570934765584787,0.9219979047775269,True,,2.2076856660312854,175.26641823169984,True,,0.9205788982103096,135,True
A1ASV,unsteered,9BV5,type_II_coordinated,pred.model_idx_0,0.8123229461756374,1.5439283837686757,0.9324946403503418,True,,2.1230838419619706,173.59157526987406,True,,0.9080257354373509,118,True
A1ASV,unsteered,9BV5,type_II_coordinated,pred.model_idx_1,0.8838526912181304,1.0120813429078286,0.9323540925979614,True,,2.1838969755920266,171.4750031017751,True,,0.41066164373174807,120,True
A1ASV,unsteered,9BV5,type_II_coordinated,pred.model_idx_2,0.8937677053824362,1.0007346773890924,0.9326097965240479,True,,2.081689938487478,174.42296404809707,True,,0.2272116364308192,115,True
A1ASV,unsteered,9BV5,type_II_coordinated,pred.model_idx_3,0.7393767705382436,2.2243445732815403,0.9330323934555054,True,,2.179692868272959,177.06697636879954,True,,0.011115070155292894,77,True
A1ASV,unsteered,9BV5,type_II_coordinated,pred.model_idx_4,0.8902266288951841,1.0767701720621874,0.9322857856750488,True,,2.0798394168781393,178.8213543507921,True,,0.501616657514055,115,True
A1ASV,unsteered,9BV5,type_II_coordinated,pred.model_idx_5,0.8562322946175638,1.1283005175089302,0.9322614669799805,True,,2.0179568875474025,173.85483388410373,True,,0.6189217620379037,118,True
A1ASV,unsteered,9BV5,type_II_coordinated,pred.model_idx_6,0.8753541076487252,1.1662366713107353,0.9325733184814453,True,,2.1984280747843443,175.65740405732458,True,,0.4295868974164545,126,True
A1ASV,unsteered,9BV5,type_II_coordinated,pred.model_idx_7,0.8144475920679887,1.8208252206533768,0.9328162670135498,True,,2.066718655260072,177.75135753901657,True,,0.285238050829566,98,True
A1ASV,unsteered,9BV5,type_II_coordinated,pred.model_idx_8,0.7478753541076487,2.3576189608439018,0.9336390495300293,True,,2.2234147161517126,177.4431140033224,True,,0.0784660765244709,83,True
A1ASV,unsteered,9BV5,type_II_coordinated,pred.model_idx_9,0.8973087818696884,1.0759272117076606,0.9321399331092834,True,,2.121182924690844,176.3905641613566,True,,0.17201672866788176,119,True
A1BNX,unsteered,9MS1,type_II_coordinated,pred.model_idx_0,0.3125,5.929431484054652,0.9320923089981079,True,,2.1877207317205727,168.32771953345528,True,,0.5339759247347553,106,True
A1BNX,unsteered,9MS1,type_II_coordinated,pred.model_idx_1,0.2665929203539823,6.09989053042986,0.9323110580444336,True,,2.1995519998399673,167.19553125227105,True,,0.9172503084592045,144,True
A1BNX,unsteered,9MS1,type_II_coordinated,pred.model_idx_2,0.2704646017699115,6.297135414482571,0.9322243332862854,True,,1.9979652149124119,170.3955929018835,True,,0.45837442899338265,123,True
A1BNX,unsteered,9MS1,type_II_coordinated,pred.model_idx_3,0.3086283185840708,6.052642678599424,0.93220055103302,True,,2.1179303576841235,169.01694699288723,True,,0.569175208530206,108,True
A1BNX,unsteered,9MS1,type_II_coordinated,pred.model_idx_4,0.28042035398230086,6.254932638552397,0.9319829940795898,True,,2.0853069318448063,171.16168791460206,True,,0.8698053434567523,119,True
A1BNX,unsteered,9MS1,type_II_coordinated,pred.model_idx_5,0.27599557522123896,6.34220628999582,0.9316208362579346,True,,2.114571824270814,170.20636531694834,True,,0.27116810934176305,135,True
A1BNX,unsteered,9MS1,type_II_coordinated,pred.model_idx_6,0.26382743362831856,6.387401152334158,0.9317728281021118,True,,2.1251621114634998,173.37756468265943,True,,0.2526534985801141,135,True
A1BNX,unsteered,9MS1,type_II_coordinated,pred.model_idx_7,0.2682522123893805,6.358560831090401,0.9314919710159302,True,,2.1639004136050253,167.88785145354424,True,,0.8896117830104449,120,True
A1BNX,unsteered,9MS1,type_II_coordinated,pred.model_idx_8,0.3141592920353982,5.983008911531822,0.9327242374420166,True,,2.1589515974194513,167.12022626126353,True,,0.5618842518318599,98,True
A1BNX,unsteered,9MS1,type_II_coordinated,pred.model_idx_9,0.27710176991150437,6.3456631907031555,0.9315365552902222,True,,2.268261448775251,172.10972273194352,True,,0.8255516640369316,131,True
A1CIW,unsteered,9PLK,type_I_active_site,pred.model_idx_0,0.4479949874686717,5.214214334906278,0.9177429676055908,True,,5.091452248622195,139.48797788818683,False,,0.695498936957132,98,True
A1CIW,unsteered,9PLK,type_I_active_site,pred.model_idx_1,0.26378446115288223,6.495933538428637,0.9216091632843018,True,,3.4761835394581797,160.47285853751833,False,,0.7326811214254874,185,True
A1CIW,unsteered,9PLK,type_I_active_site,pred.model_idx_2,0.4197994987468672,5.365147308413946,0.9188967347145081,True,,3.788171722612374,145.88456544142846,False,,0.31078958308113913,97,True
A1CIW,unsteered,9PLK,type_I_active_site,pred.model_idx_3,0.306390977443609,5.693322044421982,0.9183619618415833,True,,3.63954131725414,155.36493260743066,False,,0.3848558906745434,80,True
A1CIW,unsteered,9PLK,type_I_active_site,pred.model_idx_4,0.2794486215538847,5.48523468565187,0.9209094643592834,True,,3.347931152219233,154.41375007462392,False,,0.22083076889574782,122,True
A1CIW,unsteered,9PLK,type_I_active_site,pred.model_idx_5,0.29385964912280704,6.061759814509264,0.9183322787284851,True,,7.080644179733931,175.36415633712386,False,,0.3564813126908519,106,True
A1CIW,unsteered,9PLK,type_I_active_site,pred.model_idx_6,0.3233082706766917,5.731326191252076,0.9183740615844727,True,,4.6041575776682535,154.32013046991702,False,,0.10730545550478299,93,True
A1CIW,unsteered,9PLK,type_I_active_site,pred.model_idx_7,0.2662907268170426,5.550931128673431,0.9210903644561768,True,,6.21684767386173,126.7180741150397,False,,0.4005637196299703,140,True
A1CIW,unsteered,9PLK,type_I_active_site,pred.model_idx_8,0.5244360902255639,4.10819932457328,0.9164547920227051,True,,5.632574278249689,151.2986724834011,False,,0.5949194303334173,122,True
A1CIW,unsteered,9PLK,type_I_active_site,pred.model_idx_9,0.281328320802005,5.627898883499357,0.9211855530738831,True,,6.133593726356515,128.23688056621148,False,,0.440053885625618,127,True
CFF,unsteered,8SO1,type_I_active_site,pred.model_idx_0,0.7883720930232558,0.7288501256039484,0.9229903221130371,True,,3.2396848612172144,170.18752322331423,False,,0.3071023018307004,48,True
CFF,unsteered,8SO1,type_I_active_site,pred.model_idx_1,0.8604651162790697,0.6552424712001131,0.9231190085411072,True,,3.4565714226672646,174.00524517236596,False,,0.13537538750660927,44,True
CFF,unsteered,8SO1,type_I_active_site,pred.model_idx_2,0.8825581395348838,0.436067469429265,0.9231621026992798,True,,3.4322805829360745,172.1638164309602,False,,0.21834929452616514,48,True
CFF,unsteered,8SO1,type_I_active_site,pred.model_idx_3,0.8174418604651162,0.7903341094069668,0.9228581190109253,True,,3.2982489293563035,173.30378268120714,False,,0.2611299803910323,53,True
CFF,unsteered,8SO1,type_I_active_site,pred.model_idx_4,0.8651162790697674,0.40508579887273743,0.9227635860443115,True,,3.3130386354523544,174.7022537810662,False,,0.04824323126756758,45,True
CFF,unsteered,8SO1,type_I_active_site,pred.model_idx_5,0.5244186046511627,3.4812899757867886,0.9212535619735718,True,,3.011473061476726,169.82467700696745,False,,0.6535730484864519,44,True
CFF,unsteered,8SO1,type_I_active_site,pred.model_idx_6,0.8616279069767442,0.3626550059738205,0.9230035543441772,True,,3.573688990385145,176.16990710248234,False,,-0.0973614339956348,51,True
CFF,unsteered,8SO1,type_I_active_site,pred.model_idx_7,0.8686046511627907,0.32339979242103184,0.92264723777771,True,,3.331141696175652,178.8008853936254,False,,0.16261911416033747,46,True
CFF,unsteered,8SO1,type_I_active_site,pred.model_idx_8,0.6813953488372093,0.568153522103592,0.9234539866447449,True,,3.3948338692784357,173.77190902155226,False,,0.36927104478147044,38,True
CFF,unsteered,8SO1,type_I_active_site,pred.model_idx_9,0.8244186046511628,0.5820413272638468,0.9228131771087646,True,,3.704264974323516,176.0059228203932,False,,0.3909632381321013,55,True
D0R,unsteered,3TJS,type_II_coordinated,pred.model_idx_0,0.3887665198237885,5.014548044723609,0.9188938736915588,True,,2.432786262703733,175.38984076355675,True,,0.4580063359956821,152,True
D0R,unsteered,3TJS,type_II_coordinated,pred.model_idx_1,0.5825991189427313,3.460613728430593,0.9182195663452148,True,,2.432232102411281,177.23781710754997,True,,1.3530346851985984,186,True
D0R,unsteered,3TJS,type_II_coordinated,pred.model_idx_2,0.20484581497797355,7.254876276041299,0.9135029315948486,False,severe steric overlap (1.52 A into vdW),2.8753545868292485,159.56035245924582,False,,1.5208175495256548,188,True
D0R,unsteered,3TJS,type_II_coordinated,pred.model_idx_3,0.15033039647577093,8.203573675386018,0.9141453504562378,True,,6.720064508618946,155.90885224300212,False,,0.664546615568971,182,True
D0R,unsteered,3TJS,type_II_coordinated,pred.model_idx_4,0.33920704845814975,6.188373804750135,0.9161756038665771,True,,2.8227103995982303,149.23795377206676,False,,0.9715507005498347,166,True
D0R,unsteered,3TJS,type_II_coordinated,pred.model_idx_5,0.322136563876652,6.6336297354267995,0.9156534671783447,False,severe steric overlap (1.63 A into vdW),2.322049956396287,167.21887744385407,True,,1.6278208329855581,196,True
D0R,unsteered,3TJS,type_II_coordinated,pred.model_idx_6,0.16740088105726872,7.63075148147457,0.9141420125961304,True,,6.699721934528329,156.9653981328517,False,,0.8761422824753202,163,True
D0R,unsteered,3TJS,type_II_coordinated,pred.model_idx_7,0.30561674008810574,6.510735883646029,0.9158000946044922,True,,4.051534153873074,146.5653863349209,False,,0.6914511265254966,197,True
D0R,unsteered,3TJS,type_II_coordinated,pred.model_idx_8,0.5820484581497798,3.0974707764967873,0.9191290140151978,True,,2.5382452600172423,170.906790868549,False,,0.42552867253929394,135,True
D0R,unsteered,3TJS,type_II_coordinated,pred.model_idx_9,0.5374449339207048,3.4248443076152326,0.9178429841995239,True,,2.86405621453211,155.8433934360696,False,,0.7265182531698535,173,True
CL6,unsteered,8SPD,type_II_coordinated,pred.model_idx_0,0.5700757575757576,3.6851248527997167,0.9258891344070435,True,,2.054015335872642,171.00183243585042,True,,0.5622225245801951,73,True
CL6,unsteered,8SPD,type_II_coordinated,pred.model_idx_1,0.553030303030303,3.6842598158048006,0.9259957075119019,True,,2.0819740632390213,170.2062601336947,True,,0.9706920738613642,103,True
CL6,unsteered,8SPD,type_II_coordinated,pred.model_idx_2,0.5454545454545454,3.753022962182157,0.925621747970581,True,,1.9479797226870712,173.55971674539504,True,,0.32858762130514263,87,True
CL6,unsteered,8SPD,type_II_coordinated,pred.model_idx_3,0.5833333333333333,3.653080756458103,0.9253935813903809,True,,2.003988772423638,172.00093244584258,True,,0.3965752881085898,78,True
CL6,unsteered,8SPD,type_II_coordinated,pred.model_idx_4,0.5738636363636364,3.688720749417625,0.9257549047470093,True,,2.055707664041753,174.21500402698587,True,,0.6533296521060268,73,True
CL6,unsteered,8SPD,type_II_coordinated,pred.model_idx_5,0.8456439393939394,1.2596460062009118,0.9247572422027588,True,,1.8370402826285552,173.1720494069168,False,,0.3872036245374959,83,True
CL6,unsteered,8SPD,type_II_coordinated,pred.model_idx_6,0.4829545454545454,3.978008198270165,0.925839364528656,True,,2.2413750243990855,175.90969209772467,True,,0.5313649587303724,73,True
CL6,unsteered,8SPD,type_II_coordinated,pred.model_idx_7,0.5738636363636364,3.6687446208032912,0.9257612228393555,True,,1.9780219917887667,173.65691134875456,True,,0.5996798397326066,67,True
CL6,unsteered,8SPD,type_II_coordinated,pred.model_idx_8,0.5303030303030303,3.858296294896238,0.9260238409042358,True,,2.0215145312364196,172.66839615003173,True,,0.5152128328072445,66,True
CL6,unsteered,8SPD,type_II_coordinated,pred.model_idx_9,0.47632575757575757,3.9579682561838387,0.926120400428772,True,,2.010693910071844,177.66972341419182,True,,0.38495472670807107,91,True
D7J,unsteered,6BD7,type_II_coordinated,pred.model_idx_0,0.6122754491017964,2.953775249764822,0.9326332211494446,True,,2.2809167016793928,174.90843685399906,True,,0.5312701883603097,100,True
D7J,unsteered,6BD7,type_II_coordinated,pred.model_idx_1,0.6811377245508983,2.9142986733800527,0.932043194770813,True,,2.333740559702385,173.1936159258156,True,,0.7243561522504525,111,True
D7J,unsteered,6BD7,type_II_coordinated,pred.model_idx_2,0.6077844311377245,2.9890840922021567,0.9321433901786804,True,,2.1829617495503673,177.87553051212203,True,,0.8302100510714334,123,True
D7J,unsteered,6BD7,type_II_coordinated,pred.model_idx_3,0.5209580838323353,3.66592588992471,0.9327316880226135,True,,2.288537961232018,176.45688447830372,True,,0.6836098486234414,96,True
D7J,unsteered,6BD7,type_II_coordinated,pred.model_idx_4,0.4755489021956088,4.2062471085834385,0.9315821528434753,True,,2.2429634415210606,176.40259285421808,True,,0.6795116247261781,130,True
D7J,unsteered,6BD7,type_II_coordinated,pred.model_idx_5,0.5683632734530938,3.047122018116345,0.9322766661643982,True,,2.347228578558126,173.77186681015925,True,,0.3521263149533236,95,True
D7J,unsteered,6BD7,type_II_coordinated,pred.model_idx_6,0.5923153692614771,2.999563180881769,0.9324930310249329,True,,2.2489368599407142,178.7483913571224,True,,0.32433548213885866,112,True
D7J,unsteered,6BD7,type_II_coordinated,pred.model_idx_7,0.7025948103792415,2.5181206898574096,0.9312171936035156,True,,2.2404111229861363,176.2199333570894,True,,0.6874252084043841,121,True
D7J,unsteered,6BD7,type_II_coordinated,pred.model_idx_8,0.5359281437125748,3.7654596617603833,0.9326855540275574,True,,2.358044104761402,170.0366391157552,True,,0.8148388827357116,102,True
D7J,unsteered,6BD7,type_II_coordinated,pred.model_idx_9,0.6696606786427146,2.8164289868090138,0.9324188232421875,True,,2.3432328096030073,173.49371887638634,True,,0.9645419533939452,121,True
D7M,unsteered,6BD5,type_II_coordinated,pred.model_idx_0,0.41754756871035936,4.648585494549769,0.9289811849594116,True,,2.304288610395842,175.10969491993617,True,,0.3836933179797515,129,True
D7M,unsteered,6BD5,type_II_coordinated,pred.model_idx_1,0.5602536997885835,3.640337633409093,0.9294946789741516,True,,2.320321098468917,172.3928879410201,True,,0.7102777046055473,120,True
D7M,unsteered,6BD5,type_II_coordinated,pred.model_idx_2,0.4582452431289641,4.532645970617004,0.9290552735328674,True,,2.305201292729119,175.27446093804008,True,,0.7480483418966295,135,True
D7M,unsteered,6BD5,type_II_coordinated,pred.model_idx_3,0.47780126849894294,4.472442550819619,0.9291145205497742,True,,2.265201315556743,172.96036153746948,True,,0.47517453512179664,133,True
D7M,unsteered,6BD5,type_II_coordinated,pred.model_idx_4,0.4624735729386892,4.707432124500647,0.928687572479248,True,,2.3061190342217808,176.06582780017703,True,,0.15217087887924752,129,True
D7M,unsteered,6BD5,type_II_coordinated,pred.model_idx_5,0.492600422832981,4.3102029561060995,0.9295970797538757,True,,2.3388415936099647,171.53416763116593,True,,0.6015052033658721,125,True
D7M,unsteered,6BD5,type_II_coordinated,pred.model_idx_6,0.5813953488372092,3.466143136006573,0.9299508333206177,True,,2.4215086206743104,179.24376649180368,True,,0.4014198609938373,126,True
D7M,unsteered,6BD5,type_II_coordinated,pred.model_idx_7,0.2394291754756871,5.939671648184128,0.9241626858711243,True,,2.3434107621157674,172.58616870535357,True,,0.1845533747238166,83,True
D7M,unsteered,6BD5,type_II_coordinated,pred.model_idx_8,0.4154334038054968,4.738714223103087,0.9290320873260498,True,,2.3562047873646295,175.63233246667102,True,,0.7658241709282523,130,True
D7M,unsteered,6BD5,type_II_coordinated,pred.model_idx_9,0.4439746300211416,4.738731485202037,0.929203987121582,True,,2.334463107440339,178.02134596935454,True,,0.41356466669709935,126,True
D7Y,unsteered,6BCZ,type_II_coordinated,pred.model_idx_0,0.5772626931567328,2.9085031159674313,0.9311342239379883,True,,2.2702312657524564,173.87233316099844,True,,0.2669637729512284,77,True
D7Y,unsteered,6BCZ,type_II_coordinated,pred.model_idx_1,0.7571743929359823,1.5148133877339538,0.9311129450798035,True,,2.3908109502844432,170.9217570606764,True,,0.7719301480554113,96,True
D7Y,unsteered,6BCZ,type_II_coordinated,pred.model_idx_2,0.5518763796909493,3.7258097649864133,0.9310900568962097,True,,2.375365866556139,175.05992481744235,True,,0.8457265220810828,108,True
D7Y,unsteered,6BCZ,type_II_coordinated,pred.model_idx_3,0.6423841059602649,2.28527503250085,0.9310512542724609,True,,2.176863339762053,170.09418699842368,True,,0.8647581969366316,104,True
D7Y,unsteered,6BCZ,type_II_coordinated,pred.model_idx_4,0.6616997792494481,2.6980906094206722,0.930877685546875,True,,2.4366273822642643,171.3357727586133,True,,0.6220844894415829,89,True
D7Y,unsteered,6BCZ,type_II_coordinated,pred.model_idx_5,0.7097130242825607,1.9608298744054475,0.931252121925354,True,,2.1883393246934992,169.45013200876647,True,,0.9351844713412851,100,True
D7Y,unsteered,6BCZ,type_II_coordinated,pred.model_idx_6,0.7626931567328918,1.7164200604146116,0.9313107132911682,True,,2.475110906606005,173.93509505906695,False,,1.138206302247987,103,True
D7Y,unsteered,6BCZ,type_II_coordinated,pred.model_idx_7,0.7091611479028698,2.0526699644052737,0.9309156537055969,False,severe steric overlap (1.62 A into vdW),2.353579614119735,170.12831284449277,True,,1.6183678830914612,97,True
D7Y,unsteered,6BCZ,type_II_coordinated,pred.model_idx_8,0.25055187637969095,5.278719214237168,0.9280816912651062,True,,2.260947810100888,173.8831868382092,True,,0.7184194995963051,69,True
D7Y,unsteered,6BCZ,type_II_coordinated,pred.model_idx_9,0.6363134657836644,2.993638858637371,0.9320718050003052,True,,2.35484755345224,176.77576642659994,True,,0.6412689166956547,95,True
D81,unsteered,6BD8,type_II_coordinated,pred.model_idx_0,0.7240932642487047,2.403437286860784,0.9304036498069763,True,,2.257449224235177,172.64927548659253,True,,0.4738419564781049,141,True
D81,unsteered,6BD8,type_II_coordinated,pred.model_idx_1,0.7344559585492227,2.319659500273214,0.9309263229370117,True,,2.383504562613632,172.94751821631104,True,,0.23844310505092992,136,True
D81,unsteered,6BD8,type_II_coordinated,pred.model_idx_2,0.5824697754749568,2.88375301682553,0.9296998381614685,True,,2.293625514333148,172.6900436430602,True,,0.6528139919359175,157,True
D81,unsteered,6BD8,type_II_coordinated,pred.model_idx_3,0.719775474956822,2.614885057171077,0.9302248954772949,True,,2.317057832683509,171.61181437411358,True,,0.653650786953706,157,True
D81,unsteered,6BD8,type_II_coordinated,pred.model_idx_4,0.7409326424870466,2.556941999780701,0.9300310611724854,True,,2.2648607021183444,177.38236489146618,True,,0.5171119150064678,148,True
D81,unsteered,6BD8,type_II_coordinated,pred.model_idx_5,0.6822107081174439,2.754085358159529,0.931310772895813,True,,2.1554512288613723,175.9055538862219,True,,0.6576204418548763,126,True
D81,unsteered,6BD8,type_II_coordinated,pred.model_idx_6,0.802245250431779,1.4234102833756133,0.9309538006782532,True,,2.4296818721799776,174.92838897390124,True,,0.5328479760162432,122,True
D81,unsteered,6BD8,type_II_coordinated,pred.model_idx_7,0.7189119170984456,2.6500497866523594,0.9303054809570312,True,,2.210947534429526,171.0322823019032,True,,1.100729842610905,141,True
D81,unsteered,6BD8,type_II_coordinated,pred.model_idx_8,0.7258203799654577,2.3846163506431948,0.9305809736251831,True,,2.3559925721444883,177.25692280905255,True,,0.6852846313639076,130,True
D81,unsteered,6BD8,type_II_coordinated,pred.model_idx_9,0.7689982728842832,2.7086796658971144,0.9299878478050232,True,,2.352068451384865,172.84195966419682,True,,1.157752912812684,162,True
DEJ,unsteered,6BDI,type_II_coordinated,pred.model_idx_0,0.223967684021544,6.979025737882571,0.9247021675109863,True,,2.2022504398909764,170.08484677775493,True,,0.6717286799097346,155,True
DEJ,unsteered,6BDI,type_II_coordinated,pred.model_idx_1,0.4780071813285458,5.246578530203494,0.9255309700965881,True,,2.3324343506302596,170.9024837407513,True,,0.6651667373388137,129,True
DEJ,unsteered,6BDI,type_II_coordinated,pred.model_idx_2,0.5053859964093357,4.125607072374534,0.9254796504974365,True,,2.1566318647372347,174.33895666048542,True,,1.2155218014363243,175,True
DEJ,unsteered,6BDI,type_II_coordinated,pred.model_idx_3,0.6220825852782765,2.366527138054955,0.9257920980453491,True,,2.3895482836720414,170.92794137613288,True,,0.5326044918776902,115,True
DEJ,unsteered,6BDI,type_II_coordinated,pred.model_idx_4,0.5004488330341113,5.149512537816311,0.9251708984375,True,,2.334176942735918,174.53207427734958,True,,0.6642087330926261,139,True
DEJ,unsteered,6BDI,type_II_coordinated,pred.model_idx_5,0.5798922800718134,4.27986166811461,0.9259101748466492,True,,2.3065873059565725,172.9470648595739,True,,0.7495629941243185,170,True
DEJ,unsteered,6BDI,type_II_coordinated,pred.model_idx_6,0.49910233393177733,4.861939583492839,0.9260412454605103,True,,2.330043991001028,178.37433718428375,True,,0.518683654215967,118,True
DEJ,unsteered,6BDI,type_II_coordinated,pred.model_idx_7,0.6072710951526032,3.8797227838678428,0.9255702495574951,True,,2.224639521360708,172.4228395825024,True,,0.5483292616432731,155,True
DEJ,unsteered,6BDI,type_II_coordinated,pred.model_idx_8,0.5749551166965888,3.6155634855880567,0.9262049198150635,True,,2.4374418967433873,167.7003476632795,True,,0.8985752219811212,116,True
DEJ,unsteered,6BDI,type_II_coordinated,pred.model_idx_9,0.20915619389587076,6.367490543039256,0.9222838878631592,True,,2.2438023531496705,173.37553297110213,True,,0.8441183517228343,138,True
DEV,unsteered,6BDH,type_II_coordinated,pred.model_idx_0,0.6655339805825242,2.996924702868764,0.9319344162940979,True,,2.292446945950986,175.4918412350709,True,,0.19886301449000676,151,True
DEV,unsteered,6BDH,type_II_coordinated,pred.model_idx_1,0.5135922330097087,4.989162030036771,0.9300191402435303,True,,2.3137456645016106,169.89344802917637,True,,0.6876911720724106,151,True
DEV,unsteered,6BDH,type_II_coordinated,pred.model_idx_2,0.5936893203883495,4.300792991447248,0.9298568964004517,True,,2.1880824938744885,176.2752149596717,True,,1.0315640181757075,193,True
DEV,unsteered,6BDH,type_II_coordinated,pred.model_idx_3,0.6912621359223301,2.2026754472065257,0.9318277835845947,True,,2.179691950712302,172.48544795012137,True,,0.6957666510403597,186,True
DEV,unsteered,6BDH,type_II_coordinated,pred.model_idx_4,0.7,1.967177795654437,0.9315725564956665,True,,2.189805699143191,178.65837167008033,True,,0.7251729518862429,184,True
DEV,unsteered,6BDH,type_II_coordinated,pred.model_idx_5,0.6451456310679612,3.5182625722164964,0.9321833848953247,True,,2.274456858241105,170.49594173190718,True,,0.7375250253023693,145,True
DEV,unsteered,6BDH,type_II_coordinated,pred.model_idx_6,0.7504854368932039,1.9020378104045013,0.9327343106269836,True,,2.470087852688645,175.83054037312144,False,,0.707296077927206,151,True
DEV,unsteered,6BDH,type_II_coordinated,pred.model_idx_7,0.22135922330097085,7.641977580274371,0.9276356101036072,True,,2.341394669849575,173.4047322901251,True,,1.2325883667443223,143,True
DEV,unsteered,6BDH,type_II_coordinated,pred.model_idx_8,0.6970873786407767,2.0450995055983237,0.9324573874473572,True,,2.33974656747264,168.66506139415816,True,,0.9345965345261242,140,True
DEV,unsteered,6BDH,type_II_coordinated,pred.model_idx_9,0.6495145631067961,3.4395416218942376,0.9320939779281616,True,,2.270862831612689,175.70939409686264,True,,1.1396649308344582,169,True
DJ1,unsteered,6BDK,type_II_coordinated,pred.model_idx_0,0.4056982343499197,4.70455208338576,0.9240744113922119,True,,2.2458123251954953,174.9352889917808,True,,0.5329635283457721,153,True
DJ1,unsteered,6BDK,type_II_coordinated,pred.model_idx_1,0.6512841091492777,3.176202299016602,0.9260050058364868,True,,2.3549745221551763,173.83077898904688,True,,0.7467630521925317,164,True
DJ1,unsteered,6BDK,type_II_coordinated,pred.model_idx_2,0.5064205457463884,4.112336187862798,0.9263694882392883,True,,2.204071459821573,172.37187465753567,True,,1.0478416294815518,222,True
DJ1,unsteered,6BDK,type_II_coordinated,pred.model_idx_3,0.3860353130016051,5.580642849679242,0.923683762550354,True,,2.2579878210477573,171.82541437796965,True,,0.4656556098508129,164,True
DJ1,unsteered,6BDK,type_II_coordinated,pred.model_idx_4,0.45385232744783305,4.906975012555433,0.9238298535346985,True,,2.2852875092644256,176.6630597299089,True,,0.8528569962927883,136,True
DJ1,unsteered,6BDK,type_II_coordinated,pred.model_idx_5,0.4570626003210273,4.518352368107544,0.9224388599395752,True,,2.2694241560360635,169.93965513857285,True,,1.4084536159054692,174,True
DJ1,unsteered,6BDK,type_II_coordinated,pred.model_idx_6,0.4851524879614767,4.17351470268065,0.9246748089790344,True,,2.394135125676911,178.5819062479014,True,,0.8303751340430017,155,True
DJ1,unsteered,6BDK,type_II_coordinated,pred.model_idx_7,0.2411717495987159,5.775207256354042,0.9201076030731201,True,,2.295535449519349,164.76366905018034,True,,0.6953158613402746,139,True
DJ1,unsteered,6BDK,type_II_coordinated,pred.model_idx_8,0.4486356340288924,5.24101585263986,0.9238299131393433,True,,2.278528033621707,175.91269852242436,True,,0.4423632346903239,152,True
DJ1,unsteered,6BDK,type_II_coordinated,pred.model_idx_9,0.39486356340288925,5.589031011786258,0.9238120317459106,True,,2.286467581226552,175.52337888155319,True,,0.5573423051394681,161,True
ERY,unsteered,2J0D,type_I_active_site,pred.model_idx_0,0.671578947368421,2.912206711502457,0.9350818991661072,True,,3.5513741002603485,167.10130361718043,False,,0.5719508490834184,187,True
ERY,unsteered,2J0D,type_I_active_site,pred.model_idx_1,0.7042105263157894,2.087241645893095,0.9355982542037964,False,severe steric overlap (1.60 A into vdW),3.952028846048571,171.22375343165638,False,,1.5986974157571423,155,True
ERY,unsteered,2J0D,type_I_active_site,pred.model_idx_2,0.6689473684210526,3.0630467995096535,0.9350889921188354,True,,3.3839794621126176,172.30668910066547,False,,0.9170095527770847,216,True
ERY,unsteered,2J0D,type_I_active_site,pred.model_idx_3,0.67,3.1523515986226465,0.9349879622459412,True,,3.4760730717290738,168.39417784492449,False,,0.9952114707235653,200,True
ERY,unsteered,2J0D,type_I_active_site,pred.model_idx_4,0.6973684210526316,2.2554565893390324,0.9351866245269775,True,,3.7078611085098645,163.5426511795493,False,,1.076500699376048,149,True
ERY,unsteered,2J0D,type_I_active_site,pred.model_idx_5,0.66,3.0025592167164175,0.9351736307144165,True,,3.3747454718837693,173.97259332128175,False,,1.03623856614327,180,True
ERY,unsteered,2J0D,type_I_active_site,pred.model_idx_6,0.6468421052631579,2.9928227847294515,0.9353066682815552,True,,3.641550905864148,170.46188449358053,False,,0.9016561946078832,186,True
ERY,unsteered,2J0D,type_I_active_site,pred.model_idx_7,0.7126315789473684,2.453804971393669,0.9347958564758301,True,,3.9492709453771337,169.70394653212728,False,,1.4844288058127406,196,True
ERY,unsteered,2J0D,type_I_active_site,pred.model_idx_8,0.6773684210526316,3.110362219414245,0.9356637597084045,True,,3.715086674628197,168.06476241280956,False,,0.6752012918382397,189,True
ERY,unsteered,2J0D,type_I_active_site,pred.model_idx_9,0.6189473684210526,3.141172580098523,0.935080349445343,True,,3.532494019810932,172.65670084485438,False,,1.2331703201572608,199,True
FZV,unsteered,6DAC,type_II_coordinated,pred.model_idx_0,0.6557459677419355,2.154177675609457,0.9329584240913391,True,,2.230987673654877,173.36034440461597,True,,0.8501869272029063,143,True
FZV,unsteered,6DAC,type_II_coordinated,pred.model_idx_1,0.686491935483871,2.0512107481974597,0.9326699376106262,True,,2.322503821310096,174.7930103172691,True,,1.0666301144297856,210,True
FZV,unsteered,6DAC,type_II_coordinated,pred.model_idx_2,0.6779233870967742,1.7850440711673792,0.9324448704719543,True,,2.222709157762212,177.00911923718323,True,,1.0605049690157493,174,True
FZV,unsteered,6DAC,type_II_coordinated,pred.model_idx_3,0.6673387096774193,2.1830070533891948,0.9325865507125854,True,,2.2276974659948783,174.8223913985334,True,,0.4848032977498673,156,True
FZV,unsteered,6DAC,type_II_coordinated,pred.model_idx_4,0.6784274193548386,1.9435481932072658,0.9324665069580078,True,,2.285912509261892,175.37359542697064,True,,0.5065499831516007,129,True
FZV,unsteered,6DAC,type_II_coordinated,pred.model_idx_5,0.6990927419354839,1.6230196294488621,0.9330743551254272,True,,2.3098712085308994,169.73511466900266,True,,0.7935431180422756,162,True
FZV,unsteered,6DAC,type_II_coordinated,pred.model_idx_6,0.668850806451613,1.9474010090274478,0.9332903027534485,True,,2.3816359923380395,177.6602255315578,True,,0.392951892874831,145,True
FZV,unsteered,6DAC,type_II_coordinated,pred.model_idx_7,0.6900201612903226,2.7911753103001193,0.931553065776825,True,,2.27436980282451,173.0754863316554,True,,0.5811259977028076,162,True
FZV,unsteered,6DAC,type_II_coordinated,pred.model_idx_8,0.6648185483870968,2.1260504398662015,0.9329879879951477,True,,2.2524220297271116,173.03022933632897,True,,0.8423013227071845,127,True
FZV,unsteered,6DAC,type_II_coordinated,pred.model_idx_9,0.7510080645161291,1.5894427598436331,0.932282567024231,True,,2.3342857579996497,174.1694004915129,True,,0.9688780367904202,160,True
G0D,unsteered,6DA2,type_II_coordinated,pred.model_idx_0,0.4444990176817289,5.452331304197578,0.9305608868598938,True,,2.21189692345733,175.0096432598961,True,,0.5366371844269722,131,True
G0D,unsteered,6DA2,type_II_coordinated,pred.model_idx_1,0.4390962671905697,5.2681557772801515,0.9310818910598755,True,,2.385865880555737,172.73744293884755,True,,1.0601062526133371,137,True
G0D,unsteered,6DA2,type_II_coordinated,pred.model_idx_2,0.4012770137524558,5.882628899621798,0.9305241703987122,True,,2.2523243549719925,175.85784148260456,True,,0.6629370363637892,143,True
G0D,unsteered,6DA2,type_II_coordinated,pred.model_idx_3,0.3806483300589391,6.070727057281824,0.9300497770309448,True,,2.2069981875842126,172.6713074557966,True,,0.588965032539476,164,True
G0D,unsteered,6DA2,type_II_coordinated,pred.model_idx_4,0.3845776031434185,5.895134591143389,0.92992103099823,True,,2.3022321776919026,175.42642174485997,True,,0.8349226427639702,152,True
G0D,unsteered,6DA2,type_II_coordinated,pred.model_idx_5,0.39783889980353637,5.715058523104293,0.9306766986846924,True,,2.3123570226070194,170.07549189888704,True,,0.595746980031937,139,True
G0D,unsteered,6DA2,type_II_coordinated,pred.model_idx_6,0.4130648330058939,5.97011038044047,0.9314230680465698,True,,2.4055332049256775,178.5578596176226,True,,0.6459320133298729,125,True
G0D,unsteered,6DA2,type_II_coordinated,pred.model_idx_7,0.7666994106090372,1.9198626310471032,0.9266806840896606,True,,2.2963610343323633,171.93393230823065,True,,0.43700485088457297,149,True
G0D,unsteered,6DA2,type_II_coordinated,pred.model_idx_8,0.3929273084479371,5.752797134095557,0.9312252998352051,True,,2.3334648058198777,171.69478990654073,True,,0.9857386007899605,121,True
G0D,unsteered,6DA2,type_II_coordinated,pred.model_idx_9,0.5348722986247544,4.895249498942349,0.9303090572357178,True,,2.3303703568317204,175.39827834950836,True,,0.8209645688318812,176,True
G0J,unsteered,6DA8,type_II_coordinated,pred.model_idx_0,0.775706940874036,1.980213042997569,0.9289590120315552,True,,2.223041610046919,174.87578523501983,True,,0.3938510301118239,137,True
G0J,unsteered,6DA8,type_II_coordinated,pred.model_idx_1,0.6870179948586118,3.338546816349666,0.9292188286781311,True,,2.3443662256567337,172.06004858235846,True,,1.2512801485535623,169,True
G0J,unsteered,6DA8,type_II_coordinated,pred.model_idx_2,0.6638817480719794,2.822098931829777,0.9292663335800171,True,,2.248491716684765,176.56255308915487,True,,0.889429148579949,179,True
G0J,unsteered,6DA8,type_II_coordinated,pred.model_idx_3,0.7300771208226221,3.563289027514188,0.9286929965019226,True,,2.195047607684171,172.19455045033783,True,,1.018094312028396,185,True
G0J,unsteered,6DA8,type_II_coordinated,pred.model_idx_4,0.6786632390745502,3.6067613500368267,0.9285587668418884,True,,2.287315675633776,178.520351377284,True,,0.5035211031322873,151,True
G0J,unsteered,6DA8,type_II_coordinated,pred.model_idx_5,0.6889460154241646,2.494716498571052,0.9294372797012329,True,,2.21309037321118,169.69567298659052,True,,0.5359254548807568,177,True
G0J,unsteered,6DA8,type_II_coordinated,pred.model_idx_6,0.6895886889460154,2.780394729778825,0.9296838641166687,True,,2.4525582561888313,177.3386902841181,False,,0.7502773435059553,141,True
G0J,unsteered,6DA8,type_II_coordinated,pred.model_idx_7,0.2872750642673522,6.165437056943603,0.9232186675071716,True,,2.4437473273642674,161.46853799032115,True,,0.3899611298190848,135,True
G0J,unsteered,6DA8,type_II_coordinated,pred.model_idx_8,0.7268637532133676,2.177010181578282,0.9291129112243652,True,,2.241414062595307,174.30202339223314,True,,0.6018554279795771,143,True
G0J,unsteered,6DA8,type_II_coordinated,pred.model_idx_9,0.666452442159383,3.0399263888990657,0.9288386106491089,True,,2.311564189028719,177.43408803193776,True,,0.6783578486509287,169,True
G0M,unsteered,6DAA,type_II_coordinated,pred.model_idx_0,0.7580645161290323,2.4903846126735227,0.9314467906951904,True,,2.2160349726482207,175.05013130219274,True,,0.4990218670485427,133,True
G0M,unsteered,6DAA,type_II_coordinated,pred.model_idx_1,0.665994623655914,2.8398418027701706,0.9314171075820923,True,,2.3878044308527446,172.4834728259518,True,,1.2665860653717038,144,True
G0M,unsteered,6DAA,type_II_coordinated,pred.model_idx_2,0.7473118279569892,2.6387393678714335,0.9312268495559692,True,,2.256111256121913,175.9402502097889,True,,1.2092836787936236,169,True
G0M,unsteered,6DAA,type_II_coordinated,pred.model_idx_3,0.7291666666666666,3.3919768478019563,0.9302970767021179,True,,2.2090389313002157,173.01334832646117,True,,0.5555060517989534,156,True
G0M,unsteered,6DAA,type_II_coordinated,pred.model_idx_4,0.7452956989247311,2.6803269240227907,0.9315012097358704,True,,2.26167504297147,172.14848938946287,True,,0.7303755303259081,117,True
G0M,unsteered,6DAA,type_II_coordinated,pred.model_idx_5,0.7432795698924731,2.7467762819008166,0.9314736127853394,True,,2.3290450832905742,169.7427283132347,True,,0.6545422968109671,147,True
G0M,unsteered,6DAA,type_II_coordinated,pred.model_idx_6,0.7352150537634409,2.5722840042343784,0.9319921135902405,True,,2.4291006566217055,177.01371802181265,True,,0.5922037750236413,123,True
G0M,unsteered,6DAA,type_II_coordinated,pred.model_idx_7,0.4233870967741935,5.831760105685401,0.9266443848609924,True,,2.2497984354159373,174.03293829499574,True,,0.7372756432555772,190,True
G0M,unsteered,6DAA,type_II_coordinated,pred.model_idx_8,0.7405913978494624,2.748158970518851,0.9317187666893005,True,,2.298459049015231,170.93595053966857,True,,0.9041250033734549,135,True
G0M,unsteered,6DAA,type_II_coordinated,pred.model_idx_9,0.7338709677419355,2.5536815872183705,0.9307904243469238,True,,2.3034639133270574,176.24062409857717,True,,1.0599790599227532,143,True
G0V,unsteered,6DAB,type_II_coordinated,pred.model_idx_0,0.5031725888324873,5.4599884841893,0.933330774307251,True,,2.2627607032118973,173.32696518088247,True,,0.8702763992333051,146,True
G0V,unsteered,6DAB,type_II_coordinated,pred.model_idx_1,0.4517766497461929,5.783095136223613,0.9331901669502258,True,,2.3233919170041033,174.54117820287996,True,,0.9085847496010984,208,True
G0V,unsteered,6DAB,type_II_coordinated,pred.model_idx_2,0.4993654822335025,5.5566816533675345,0.9329735040664673,True,,2.1985911397983933,174.82582827486104,True,,1.4653576557926784,179,True
G0V,unsteered,6DAB,type_II_coordinated,pred.model_idx_3,0.46383248730964466,6.0130841770257515,0.9328378438949585,True,,2.2242342502533314,174.26485749910717,True,,0.6001219494029875,157,True
G0V,unsteered,6DAB,type_II_coordinated,pred.model_idx_4,0.4593908629441624,5.898955094968935,0.9322218894958496,True,,2.292359701268542,176.79630008617107,True,,0.3133133983864034,157,True
G0V,unsteered,6DAB,type_II_coordinated,pred.model_idx_5,0.4619289340101523,5.7396506723162215,0.9332704544067383,True,,2.285507821032341,170.9100361107121,True,,0.8058871194577493,153,True
G0V,unsteered,6DAB,type_II_coordinated,pred.model_idx_6,0.49619289340101524,5.846549980593926,0.9334850907325745,True,,2.388963373515802,178.18043930545957,True,,0.4092243063524261,139,True
G0V,unsteered,6DAB,type_II_coordinated,pred.model_idx_7,0.7233502538071066,2.5845464424506277,0.9281476140022278,True,,2.3399072631196307,173.0033825712228,True,,0.593212868776829,149,True
G0V,unsteered,6DAB,type_II_coordinated,pred.model_idx_8,0.5063451776649747,5.587749613501743,0.9333091974258423,True,,2.2494817180853017,169.33950236444016,True,,0.9654326357369576,139,True
G0V,unsteered,6DAB,type_II_coordinated,pred.model_idx_9,0.5044416243654822,5.395665325422106,0.9326454997062683,True,,2.3354130255695678,175.36097328315282,True,,1.2652302231856476,164,True
G1J,unsteered,6DA5,type_II_coordinated,pred.model_idx_0,0.7664027149321267,2.1086927525548735,0.9304519295692444,True,,2.2200689178491735,174.93939898362376,True,,0.4969517081035817,131,True
G1J,unsteered,6DA5,type_II_coordinated,pred.model_idx_1,0.6747737556561086,2.6027348869417826,0.9308386445045471,True,,2.3892170265591193,172.8947185283921,True,,0.9952484535819504,130,True
G1J,unsteered,6DA5,type_II_coordinated,pred.model_idx_2,0.7697963800904978,2.196675370704166,0.9308110475540161,True,,2.271453719537336,176.18367239191156,True,,0.854742085944959,152,True
G1J,unsteered,6DA5,type_II_coordinated,pred.model_idx_3,0.7092760180995474,3.1518091029719244,0.9298955202102661,True,,2.204227529090407,172.08576424055974,True,,0.5650337101951748,163,True
G1J,unsteered,6DA5,type_II_coordinated,pred.model_idx_4,0.7160633484162896,2.89939586189674,0.9295752644538879,True,,2.2876232207249507,175.36424699400055,True,,0.7666045977054567,148,True
G1J,unsteered,6DA5,type_II_coordinated,pred.model_idx_5,0.7811085972850679,1.8116451192646075,0.9306037425994873,True,,2.330173598683154,171.35934605790465,True,,0.36319234109119547,137,True
G1J,unsteered,6DA5,type_II_coordinated,pred.model_idx_6,0.7188914027149321,2.567166916749171,0.9313299655914307,True,,2.4179414798542997,178.33132433045074,True,,0.6618145102436377,121,True
G1J,unsteered,6DA5,type_II_coordinated,pred.model_idx_7,0.800339366515837,2.5532258697539794,0.9296232461929321,True,,2.246826206007042,174.60850954372648,True,,0.7816085219965188,151,True
G1J,unsteered,6DA5,type_II_coordinated,pred.model_idx_8,0.7714932126696833,2.375728496294331,0.9308816194534302,True,,2.285068926750351,171.72036929957557,True,,0.9105868710860756,120,True
G1J,unsteered,6DA5,type_II_coordinated,pred.model_idx_9,0.7460407239819005,2.768723828547924,0.9296724796295166,True,,2.322406079909368,177.5550429311644,True,,0.6454736357924005,171,True
J9K,unsteered,4D78,type_II_coordinated,pred.model_idx_0,0.2869955156950673,5.8771750002369485,0.9315908551216125,True,,2.2356717111418662,176.12265338306756,True,,0.7742767940750119,97,True
J9K,unsteered,4D78,type_II_coordinated,pred.model_idx_1,0.2584080717488789,6.165985181760134,0.931787371635437,True,,2.3411102067181715,171.68118578662558,True,,0.4204392941240487,112,True
J9K,unsteered,4D78,type_II_coordinated,pred.model_idx_2,0.2595291479820628,5.748548069013384,0.9320557117462158,True,,2.2709403338705316,174.212062412894,True,,0.860170557010528,113,True
J9K,unsteered,4D78,type_II_coordinated,pred.model_idx_3,0.6575112107623319,2.0866169262102208,0.9268482327461243,True,,2.335824907821646,171.8726818471311,True,,0.5858919915842478,93,True
J9K,unsteered,4D78,type_II_coordinated,pred.model_idx_4,0.257847533632287,6.224907093126363,0.9315117597579956,True,,2.2278714056246605,177.84234079449044,True,,0.7884924429482028,117,True
J9K,unsteered,4D78,type_II_coordinated,pred.model_idx_5,0.6149103139013453,2.410304554658681,0.9271914958953857,True,,2.1352109965996338,174.22375291667268,True,,1.4914149219906385,110,True
J9K,unsteered,4D78,type_II_coordinated,pred.model_idx_6,0.2533632286995516,6.175372829983245,0.9305146932601929,True,,2.3998737466791873,179.4590340041554,True,,0.670747364422271,117,True
J9K,unsteered,4D78,type_II_coordinated,pred.model_idx_7,0.4372197309417041,4.95378075571152,0.9278407692909241,True,,2.288655063568995,164.5131274697618,True,,0.3972674111736154,121,True
J9K,unsteered,4D78,type_II_coordinated,pred.model_idx_8,0.33464125560538116,4.795727440602712,0.9304137229919434,True,,2.324448106540561,174.20245098290573,True,,0.9712739161916581,91,True
J9K,unsteered,4D78,type_II_coordinated,pred.model_idx_9,0.3004484304932736,6.331778277001234,0.930459201335907,True,,2.3202883441503555,170.64398539672732,True,,0.6412119125449638,109,True
MF8,unsteered,5G5J,type_I_active_site,pred.model_idx_0,0.5891472868217055,3.1355003946719124,0.917683482170105,True,,2.9783037118467286,157.6029811465323,False,,0.12153615971032794,36,True
MF8,unsteered,5G5J,type_I_active_site,pred.model_idx_1,0.6472868217054264,2.941362225197777,0.917721688747406,True,,3.3423485754780273,165.44933375074376,False,,0.079905521912635,27,True
MF8,unsteered,5G5J,type_I_active_site,pred.model_idx_2,0.6356589147286822,2.9702944361323524,0.9177496433258057,True,,2.4929584834088185,162.7497179766175,False,,0.9282368640988272,43,True
MF8,unsteered,5G5J,type_I_active_site,pred.model_idx_3,0.5368217054263565,3.1806554635901665,0.91753751039505,True,,2.9255011536487214,174.4632973389447,False,,0.16259040618190745,30,True
MF8,unsteered,5G5J,type_I_active_site,pred.model_idx_4,0.6686046511627907,2.9408279365005487,0.9174559116363525,True,,3.1873606636212353,156.70389444575352,False,,0.15171741120988091,34,True
MF8,unsteered,5G5J,type_I_active_site,pred.model_idx_5,0.5968992248062015,3.2698009041012384,0.9176042675971985,True,,2.2652342042270153,177.20582716883388,True,,0.9075092778507678,49,True
MF8,unsteered,5G5J,type_I_active_site,pred.model_idx_6,0.42054263565891475,4.144689378475905,0.917786180973053,True,,3.032084926251242,165.66987365199535,False,,0.06117294291458908,36,True
MF8,unsteered,5G5J,type_I_active_site,pred.model_idx_7,0.5775193798449613,2.707165439021867,0.9172182083129883,True,,3.3289827275010007,155.31519281597903,False,,0.5389585027152388,29,True
MF8,unsteered,5G5J,type_I_active_site,pred.model_idx_8,0.4476744186046512,3.142854862690096,0.9179955720901489,True,,2.751276249306856,173.57082632993811,False,,0.3368729859479176,25,True
MF8,unsteered,5G5J,type_I_active_site,pred.model_idx_9,0.46511627906976744,4.048643833762358,0.9175870418548584,True,,3.0143201555242936,174.77178896587017,False,,0.04221260056094067,29,True
KLN,unsteered,2V0M,type_II_coordinated,pred.model_idx_0,0.4717948717948718,3.569875443147596,0.9296884536743164,True,,2.1308460760927805,173.59962707772144,True,,0.6226333806879589,111,True
KLN,unsteered,2V0M,type_II_coordinated,pred.model_idx_1,0.4512820512820513,3.543478324242097,0.929856538772583,True,,2.171340139176725,171.63382372407688,True,,0.8207345132147648,131,True
KLN,unsteered,2V0M,type_II_coordinated,pred.model_idx_2,0.4811965811965812,3.3879493728233494,0.9296735525131226,True,,2.129384183279288,174.65514310160117,True,,0.47900218898299673,128,True
KLN,unsteered,2V0M,type_II_coordinated,pred.model_idx_3,0.20341880341880342,8.406396197580536,0.9249337315559387,True,,2.1067949591737682,171.322051654949,True,,0.9561962026381905,169,True
KLN,unsteered,2V0M,type_II_coordinated,pred.model_idx_4,0.46495726495726497,3.425650842197985,0.9293475151062012,True,,2.1413213210538955,175.48883645892536,True,,0.8390296822828494,110,True
KLN,unsteered,2V0M,type_II_coordinated,pred.model_idx_5,0.5175213675213675,3.019727118786159,0.9292721748352051,True,,1.9981353807988087,175.8400265393569,True,,0.9660547921477765,156,True
KLN,unsteered,2V0M,type_II_coordinated,pred.model_idx_6,0.46111111111111114,3.6292387414455454,0.9297617077827454,True,,2.2032187816919135,173.30461516173844,True,,0.8201566586581626,142,True
KLN,unsteered,2V0M,type_II_coordinated,pred.model_idx_7,0.4606837606837607,3.6788551259295286,0.9295511841773987,True,,2.1310114969187754,166.86193394457786,True,,0.8826525361766873,147,True
KLN,unsteered,2V0M,type_II_coordinated,pred.model_idx_8,0.4461538461538462,3.6578563663682737,0.9299439191818237,True,,2.16149693499667,175.14572966959298,True,,0.5311363512489997,103,True
KLN,unsteered,2V0M,type_II_coordinated,pred.model_idx_9,0.45,3.5293286842381058,0.9296145439147949,True,,2.208341232690274,172.83911740817598,True,,0.8591179108265079,139,True
MWS,unsteered,6OOB,type_I_active_site,pred.model_idx_0,0.7255772646536413,1.6801332438038672,0.9191264510154724,True,,4.0460979968359645,168.99269630552376,False,,0.6651868436765191,105,True
MWS,unsteered,6OOB,type_I_active_site,pred.model_idx_1,0.5626110124333925,2.331366105456145,0.9194172024726868,True,,3.970965625638177,164.20289285916954,False,,0.3287251946589369,79,True
MWS,unsteered,6OOB,type_I_active_site,pred.model_idx_2,0.7850799289520426,1.3590262112817997,0.9193065166473389,True,,4.367515311936524,161.3796858908475,False,,0.4936184008289617,105,True
MWS,unsteered,6OOB,type_I_active_site,pred.model_idx_3,0.19182948490230906,5.868368030856247,0.9204452633857727,True,,5.019906871646126,142.97161883205894,False,,0.15901666156704808,66,True
MWS,unsteered,6OOB,type_I_active_site,pred.model_idx_4,0.4511545293072824,4.454327436023235,0.9199022650718689,True,,4.798390667713499,159.63484624308015,False,,0.4023499152662695,86,True
MWS,unsteered,6OOB,type_I_active_site,pred.model_idx_5,0.4462699822380106,4.226465794183562,0.9193400144577026,True,,4.687816655971092,148.44769409650985,False,,0.7326238724310308,110,True
MWS,unsteered,6OOB,type_I_active_site,pred.model_idx_6,0.7659857904085258,1.6066612554619626,0.9189854264259338,True,,4.6446703865828844,161.7663718771075,False,,0.27425170796960296,91,True
MWS,unsteered,6OOB,type_I_active_site,pred.model_idx_7,0.23401420959147426,6.211081112681398,0.9190328121185303,True,,4.0357029127526225,143.15625795733055,False,,0.2422183419368591,110,True
MWS,unsteered,6OOB,type_I_active_site,pred.model_idx_8,0.6931616341030196,1.4523842429672145,0.9193676114082336,True,,4.636738508909037,158.32975055006594,False,,0.44689596300463297,84,True
MWS,unsteered,6OOB,type_I_active_site,pred.model_idx_9,0.7815275310834814,1.475912025268574,0.9190472364425659,True,,4.7978009546040985,146.82558898602326,False,,0.4115470557494132,113,True
MWV,unsteered,6OO9,type_I_active_site,pred.model_idx_0,0.3993161094224924,4.635052769786984,0.9268927574157715,True,,5.743455841216157,145.04950826539923,False,,0.5027057450096648,130,True
MWV,unsteered,6OO9,type_I_active_site,pred.model_idx_1,0.506838905775076,4.192008281645146,0.9264151453971863,True,,5.528531179255481,140.68140950645721,False,,0.5270918914799934,153,True
MWV,unsteered,6OO9,type_I_active_site,pred.model_idx_2,0.43123100303951367,4.650637624546896,0.9266073703765869,True,,5.17461554127454,142.95692993882744,False,,0.519764916087631,144,True
MWV,unsteered,6OO9,type_I_active_site,pred.model_idx_3,0.39741641337386013,4.484992107183586,0.9266005158424377,True,,5.688422980053434,149.19875101591376,False,,0.4890204397831992,135,True
MWV,unsteered,6OO9,type_I_active_site,pred.model_idx_4,0.4642857142857142,4.497409612967852,0.9258806705474854,True,,5.911884048253992,136.1660971170732,False,,0.5548854153127682,131,True
MWV,unsteered,6OO9,type_I_active_site,pred.model_idx_5,0.32066869300911854,5.095563588436019,0.9262424111366272,True,,8.635052750273156,150.65724938712606,False,,0.37777433006732597,132,True
MWV,unsteered,6OO9,type_I_active_site,pred.model_idx_6,0.43541033434650456,4.459605182698506,0.926716685295105,True,,5.277403244020681,137.23242151624802,False,,0.4943021492247337,143,True
MWV,unsteered,6OO9,type_I_active_site,pred.model_idx_7,0.48632218844984804,4.393665980598231,0.9259042739868164,True,,5.838243657128402,139.6133294765629,False,,0.5117501998495326,167,True
MWV,unsteered,6OO9,type_I_active_site,pred.model_idx_8,0.4213525835866261,4.375055263703014,0.9264145493507385,True,,5.447135577530634,147.97358390390622,False,,0.22772416079559665,128,True
MWV,unsteered,6OO9,type_I_active_site,pred.model_idx_9,0.46580547112462006,4.539058808049788,0.9264470934867859,True,,5.208755129587107,134.84626805866273,False,,0.8752211191670969,161,True
MWY,unsteered,6OOA,type_I_active_site,pred.model_idx_0,0.31056338028169017,6.167687618306104,0.9193626642227173,True,,2.0771961871715443,165.85844291686314,True,,0.3329237048941871,88,True
MWY,unsteered,6OOA,type_I_active_site,pred.model_idx_1,0.3288732394366197,7.152164802110496,0.9271054267883301,True,,5.82979133417312,130.95403801454088,False,,0.8746552710570383,110,True
MWY,unsteered,6OOA,type_I_active_site,pred.model_idx_2,0.3119718309859155,5.974147620337733,0.9198306202888489,True,,2.2432202299373105,177.31149334170172,True,,0.6701723587661852,100,True
MWY,unsteered,6OOA,type_I_active_site,pred.model_idx_3,0.3957746478873239,5.986346281583351,0.9196113348007202,True,,2.485054124159069,173.6959066134099,False,,0.39500499195248295,87,True
MWY,unsteered,6OOA,type_I_active_site,pred.model_idx_4,0.18873239436619715,7.055120859668032,0.9169818162918091,True,,2.2400578117539736,172.52509844567356,True,,0.3972325256313516,109,True
MWY,unsteered,6OOA,type_I_active_site,pred.model_idx_5,0.3345070422535211,7.2839764264686755,0.9264830946922302,True,,6.023653625500059,132.36672398457577,False,,0.6824897273817974,103,True
MWY,unsteered,6OOA,type_I_active_site,pred.model_idx_6,0.30140845070422534,6.570960326564039,0.9201831817626953,True,,2.574111885680186,166.89497455267673,False,,0.31095467822176426,98,True
MWY,unsteered,6OOA,type_I_active_site,pred.model_idx_7,0.12253521126760564,7.4039910111946385,0.917766809463501,True,,2.664853842145944,152.73904428977,False,,0.6456394571516242,107,True
MWY,unsteered,6OOA,type_I_active_site,pred.model_idx_8,0.3154929577464789,6.176215971986688,0.9193075299263,True,,2.2252496489158244,167.45779232127734,True,,0.3277392688770697,88,True
MWY,unsteered,6OOA,type_I_active_site,pred.model_idx_9,0.17183098591549295,7.103926162040776,0.9167228937149048,True,,2.4326253307897625,168.48753743706862,True,,0.6383926781672966,108,True
MYT,unsteered,1W0G,type_II_coordinated,pred.model_idx_0,0.43156424581005587,4.893352485035997,0.9244500994682312,True,,2.261253634601833,178.2663027976099,True,,0.2711109000157901,42,True
MYT,unsteered,1W0G,type_II_coordinated,pred.model_idx_1,0.4022346368715084,4.893818792335192,0.9240822196006775,True,,2.3449965884836597,173.61091813991695,True,,0.5192749176639575,62,True
MYT,unsteered,1W0G,type_II_coordinated,pred.model_idx_2,0.5321229050279329,3.9355546765714338,0.9240326881408691,True,,2.3218718741567117,173.68286908674548,True,,0.2522590640270286,73,True
MYT,unsteered,1W0G,type_II_coordinated,pred.model_idx_3,0.4231843575418994,4.7629045867012385,0.923835813999176,True,,2.397026699893016,174.0395487387807,True,,-0.0779000848212994,48,True
MYT,unsteered,1W0G,type_II_coordinated,pred.model_idx_4,0.34217877094972066,4.967649826084497,0.9247696995735168,True,,2.2178992312546573,166.9705374839037,True,,0.9672589533614557,64,True
MYT,unsteered,1W0G,type_II_coordinated,pred.model_idx_5,0.3365921787709497,4.970754313662373,0.9250571131706238,True,,2.1327064964499924,175.75579653204971,True,,0.828718412931015,64,True
MYT,unsteered,1W0G,type_II_coordinated,pred.model_idx_6,0.4483240223463687,4.905206938035787,0.9248743057250977,True,,2.5866298536899324,169.82632668451825,False,,0.42610877804853153,51,True
MYT,unsteered,1W0G,type_II_coordinated,pred.model_idx_7,0.5726256983240223,3.567096135653808,0.9241963624954224,True,,2.2783919768117165,167.19715649919985,True,,0.5520321279902047,47,True
MYT,unsteered,1W0G,type_II_coordinated,pred.model_idx_8,0.3435754189944134,5.215427297075281,0.9245082139968872,True,,2.2272622207544397,175.07269754144838,True,,0.17885206797328168,68,True
MYT,unsteered,1W0G,type_II_coordinated,pred.model_idx_9,0.3701117318435754,5.030976868698544,0.9245818853378296,True,,2.335876923127587,174.35014646933703,True,,1.0059570916533707,59,True
NH0,unsteered,7UF9,type_II_coordinated,pred.model_idx_0,0.6163419913419914,2.778966754611683,0.9318965673446655,True,,2.1494766804969063,175.8990008024147,True,,0.5807992267310937,129,True
NH0,unsteered,7UF9,type_II_coordinated,pred.model_idx_1,0.6066017316017316,2.8274510169131086,0.9322992563247681,True,,2.248165029529638,176.55302561378383,True,,1.2665031052284133,151,True
NH0,unsteered,7UF9,type_II_coordinated,pred.model_idx_2,0.6655844155844156,2.9082327811273876,0.931828498840332,True,,2.1890422563303793,176.62213115867164,True,,0.8210246220640265,195,True
NH0,unsteered,7UF9,type_II_coordinated,pred.model_idx_3,0.5882034632034632,3.0961169968906317,0.931330680847168,True,,2.1619465765832424,174.5381035467387,True,,0.6933454228513014,152,True
NH0,unsteered,7UF9,type_II_coordinated,pred.model_idx_4,0.6060606060606061,3.200061147784086,0.9319955706596375,True,,2.1860821119070524,177.0959874255496,True,,0.6448865722079606,120,True
NH0,unsteered,7UF9,type_II_coordinated,pred.model_idx_5,0.573051948051948,2.93989972020619,0.9322164058685303,True,,2.0806140920410976,172.5324601464973,True,,0.36922870086006343,145,True
NH0,unsteered,7UF9,type_II_coordinated,pred.model_idx_6,0.6093073593073592,3.0341916459076517,0.9323327541351318,True,,2.191624739776406,177.62446209041133,True,,0.4258449939520639,140,True
NH0,unsteered,7UF9,type_II_coordinated,pred.model_idx_7,0.32413419913419916,7.003189064679146,0.9287611842155457,True,,2.3040219182985218,173.68585676268057,True,,0.6295182729351922,133,True
NH0,unsteered,7UF9,type_II_coordinated,pred.model_idx_8,0.6174242424242424,2.679029095915498,0.9322311878204346,True,,2.233989480727248,174.61612900251998,True,,0.9165319624531358,135,True
NH0,unsteered,7UF9,type_II_coordinated,pred.model_idx_9,0.5822510822510822,2.538710486995303,0.9314846992492676,True,,2.203802849621535,174.0418093370522,True,,1.212938501093305,144,True
NI6,unsteered,7UFA,type_II_coordinated,pred.model_idx_0,0.732495511669659,1.3860629960691717,0.9339531064033508,True,,2.183896059797719,178.76403409661884,True,,0.7855459460912306,130,True
NI6,unsteered,7UFA,type_II_coordinated,pred.model_idx_1,0.6175942549371634,2.13051640091364,0.934185802936554,True,,2.2607071902393727,175.447159379773,True,,0.775260203372532,157,True
NI6,unsteered,7UFA,type_II_coordinated,pred.model_idx_2,0.7253141831238779,2.004341763156301,0.9339406490325928,True,,2.1552273661959656,179.5314808543045,True,,1.0778413060257916,182,True
NI6,unsteered,7UFA,type_II_coordinated,pred.model_idx_3,0.4241472172351885,5.178328044761944,0.9319370985031128,True,,2.2354185290455115,178.8240667672582,True,,0.5959741441990949,182,True
NI6,unsteered,7UFA,type_II_coordinated,pred.model_idx_4,0.5803411131059246,4.030923988637747,0.9324012994766235,True,,2.3671506077983295,168.9329473987364,True,,0.5936199473342882,122,True
NI6,unsteered,7UFA,type_II_coordinated,pred.model_idx_5,0.35816876122082586,7.060994635237948,0.9322388172149658,True,,2.2422832113718374,178.364774292448,True,,0.8968532116975472,155,True
NI6,unsteered,7UFA,type_II_coordinated,pred.model_idx_6,0.7396768402154398,1.5064971522159474,0.9344097971916199,True,,2.255658883785401,179.84834240609885,True,,0.478043399322301,116,True
NI6,unsteered,7UFA,type_II_coordinated,pred.model_idx_7,0.3568222621184919,7.208316767969643,0.9307506084442139,True,,2.2888245891723553,173.8684225005478,True,,0.7316092864799577,145,True
NI6,unsteered,7UFA,type_II_coordinated,pred.model_idx_8,0.7329443447037701,1.2768209451421582,0.934171736240387,True,,2.1606281494047046,177.15002210889165,True,,0.48285751192963966,125,True
NI6,unsteered,7UFA,type_II_coordinated,pred.model_idx_9,0.7118491921005387,1.7768460789880418,0.9333984851837158,True,,2.279927411125188,173.79925387743074,True,,0.625551406134905,172,True
NJ0,unsteered,7UFB,type_II_coordinated,pred.model_idx_0,0.37355907780979825,5.078844114814967,0.9225748777389526,True,,2.2164579851646184,178.34522704417492,True,,0.5394675901977983,173,True
NJ0,unsteered,7UFB,type_II_coordinated,pred.model_idx_1,0.329971181556196,6.725451293641981,0.9279688596725464,True,,2.4030565952553014,161.32798625367306,True,,0.6175436603085918,166,True
NJ0,unsteered,7UFB,type_II_coordinated,pred.model_idx_2,0.5486311239193083,3.5463828851991104,0.9232269525527954,True,,2.234664628081807,172.53237561719658,True,,0.8261604556616198,155,True
NJ0,unsteered,7UFB,type_II_coordinated,pred.model_idx_3,0.5882564841498559,3.1835731558101816,0.9226043224334717,True,,2.3310017160010843,178.96302667960444,True,,1.2842653758091491,150,True
NJ0,unsteered,7UFB,type_II_coordinated,pred.model_idx_4,0.5230547550432277,3.7401198893087786,0.9226459264755249,True,,2.284627978468267,177.73532824706632,True,,0.8933335004775613,165,True
NJ0,unsteered,7UFB,type_II_coordinated,pred.model_idx_5,0.2878242074927954,6.716741578579327,0.921148419380188,True,,2.082021613720665,168.01047958432451,True,,0.502164083320106,166,True
NJ0,unsteered,7UFB,type_II_coordinated,pred.model_idx_6,0.502521613832853,5.096217071713038,0.9191960096359253,True,,2.3801523060510226,173.50931367653436,True,,0.6617606021386662,170,True
NJ0,unsteered,7UFB,type_II_coordinated,pred.model_idx_7,0.36743515850144093,5.894150268691892,0.9191155433654785,True,,2.218803506397085,178.9484984869094,True,,0.8775202676730975,183,True
NJ0,unsteered,7UFB,type_II_coordinated,pred.model_idx_8,0.24027377521613835,7.971405029351874,0.9286019206047058,True,,2.273249656329018,174.679955735209,True,,0.6504037282094295,137,True
NJ0,unsteered,7UFB,type_II_coordinated,pred.model_idx_9,0.27521613832853026,7.448879256882794,0.9270814657211304,True,,2.2916428604824093,163.90428934376834,True,,0.9402695269603214,186,True
NJO,unsteered,7UFC,type_II_coordinated,pred.model_idx_0,0.2651851851851852,7.971991219830969,0.9218044877052307,True,,2.2352744797898985,175.4008470658593,True,,0.8714779115367035,172,True
NJO,unsteered,7UFC,type_II_coordinated,pred.model_idx_1,0.20296296296296296,8.870975933032874,0.9211844801902771,True,,2.4492486603038084,177.57673418219815,True,,0.44419165032642827,170,True
NJO,unsteered,7UFC,type_II_coordinated,pred.model_idx_2,0.2740740740740741,7.705247843017021,0.9232669472694397,True,,2.32293650365222,170.6053740966292,True,,1.2916986749991588,166,True
NJO,unsteered,7UFC,type_II_coordinated,pred.model_idx_3,0.26296296296296295,8.519103764939706,0.9223252534866333,True,,2.2529165541581864,176.3782844739488,True,,0.7458433760167891,173,True
NJO,unsteered,7UFC,type_II_coordinated,pred.model_idx_4,0.2674074074074074,8.532594580815351,0.9215187430381775,True,,2.2096988482596442,176.9983153202237,True,,0.9622325186149032,152,True
NJO,unsteered,7UFC,type_II_coordinated,pred.model_idx_5,0.09333333333333332,9.144085494775357,0.9189562797546387,True,,2.203718902219609,171.8598215626833,True,,1.0421584079644353,147,True
NJO,unsteered,7UFC,type_II_coordinated,pred.model_idx_6,0.13814814814814813,9.866991230047486,0.9186702966690063,True,,2.4013402507766366,169.1283987802917,True,,0.6704143473889714,183,True
NJO,unsteered,7UFC,type_II_coordinated,pred.model_idx_7,0.14333333333333334,9.579998385661968,0.9179413318634033,True,,2.1347564263868604,173.5593786728142,True,,0.8679615224235802,193,True
NJO,unsteered,7UFC,type_II_coordinated,pred.model_idx_8,0.6411111111111111,2.6376913792755774,0.9293313026428223,True,,2.2557584090500473,175.48139863143945,True,,0.4524406058767223,154,True
NJO,unsteered,7UFC,type_II_coordinated,pred.model_idx_9,0.2662962962962963,8.76237343847845,0.9220694303512573,True,,2.253211485857464,173.59665256992156,True,,1.0011958175629831,164,True
NXR,unsteered,7UFE,type_II_coordinated,pred.model_idx_0,0.3424956369982548,7.249658009403106,0.9191973805427551,True,,2.3331294434728647,173.06687783415583,True,,0.3487207600745559,157,True
NXR,unsteered,7UFE,type_II_coordinated,pred.model_idx_1,0.11082024432809773,10.125687579707334,0.9143815040588379,True,,2.409540620118283,170.83355059490003,True,,0.40729603869677744,181,True
NXR,unsteered,7UFE,type_II_coordinated,pred.model_idx_2,0.36038394415357766,7.38766626551716,0.9188416004180908,True,,2.1762318350764014,171.65170161070125,True,,0.37720427418589875,189,True
NXR,unsteered,7UFE,type_II_coordinated,pred.model_idx_3,0.3586387434554974,7.5952326848997105,0.9188018441200256,True,,2.4328643612005987,173.39901067180259,True,,0.5323396295934901,179,True
NXR,unsteered,7UFE,type_II_coordinated,pred.model_idx_4,0.3795811518324608,7.860880666462344,0.9188390970230103,True,,2.322543863956072,172.110042755511,True,,0.5778396572838025,172,True
NXR,unsteered,7UFE,type_II_coordinated,pred.model_idx_5,0.3804537521815009,7.553122560596071,0.9191800951957703,True,,2.208387873540335,165.0407921826771,True,,0.7566171573542899,198,True
NXR,unsteered,7UFE,type_II_coordinated,pred.model_idx_6,0.13743455497382198,9.758990046835004,0.9145222902297974,True,,2.5636056639038696,177.4744602507271,False,,0.2691207305295209,162,True
NXR,unsteered,7UFE,type_II_coordinated,pred.model_idx_7,0.3621291448516579,8.018973373987176,0.9185692071914673,True,,2.2604645540242387,168.08365810933657,True,,0.2963631011344128,183,True
NXR,unsteered,7UFE,type_II_coordinated,pred.model_idx_8,0.3647469458987783,7.781145500310803,0.9190250039100647,True,,2.4902283027867145,166.7620881240295,False,,0.37354183904683635,161,True
NXR,unsteered,7UFE,type_II_coordinated,pred.model_idx_9,0.3699825479930192,7.737483580040355,0.9186949729919434,True,,2.311209856330662,176.28809423881017,True,,0.8792546059000776,209,True
NYF,unsteered,7UFF,type_II_coordinated,pred.model_idx_0,0.5738880918220947,2.880676797793486,0.9305093288421631,True,,2.3096203151167507,173.60938625684705,True,,0.9101634256943631,185,True
NYF,unsteered,7UFF,type_II_coordinated,pred.model_idx_1,0.48457675753228124,5.074734101734644,0.9293224811553955,True,,2.283536511641537,169.64014088422633,True,,0.8473681280063694,223,True
NYF,unsteered,7UFF,type_II_coordinated,pred.model_idx_2,0.5706599713055953,3.1627706481199116,0.9298946261405945,True,,2.214064588037124,173.8203281341639,True,,0.8769711909581654,193,True
NYF,unsteered,7UFF,type_II_coordinated,pred.model_idx_3,0.5154232424677188,3.832735590808986,0.9299323558807373,True,,2.41321652571832,169.56915091036504,True,,1.037656763934692,185,True
NYF,unsteered,7UFF,type_II_coordinated,pred.model_idx_4,0.12123385939741751,10.43487344659096,0.9158732891082764,True,,2.3543837834983488,174.13250409476004,True,,0.5106035232249617,205,True
NYF,unsteered,7UFF,type_II_coordinated,pred.model_idx_5,0.41893830703012913,5.9035898731223995,0.9288768768310547,True,,2.286101703774353,167.87783508159694,True,,0.8395678963683926,232,True
NYF,unsteered,7UFF,type_II_coordinated,pred.model_idx_6,0.13593974175035867,10.117210359151134,0.9171669483184814,True,,2.249817103677541,169.26319864234858,True,,0.6784561366753614,198,True
NYF,unsteered,7UFF,type_II_coordinated,pred.model_idx_7,0.093974175035868,10.222918900657872,0.9162034392356873,True,,2.230616506708403,169.62013801420966,True,,0.8116809068540687,194,True
NYF,unsteered,7UFF,type_II_coordinated,pred.model_idx_8,0.6266140602582496,1.9977862442199397,0.9305599331855774,True,,2.3023496693595433,174.3297305175745,True,,0.5654548412204399,158,True
NYF,unsteered,7UFF,type_II_coordinated,pred.model_idx_9,0.4343615494978479,5.8450296190728865,0.9283640384674072,True,,2.328131654352906,167.55879393634106,True,,0.48147028498867606,185,True
PG0,unsteered,9BV6,type_I_active_site,pred.model_idx_0,0.4323529411764706,3.75459640695975,0.9156131148338318,True,,4.196804260386705,158.00305454774957,False,,-0.17681646160380948,33,True
PG0,unsteered,9BV6,type_I_active_site,pred.model_idx_1,0.44999999999999996,3.3662898670810826,0.9155716300010681,True,,4.406009645926799,149.73883669866967,False,,0.26164597280676416,36,True
PG0,unsteered,9BV6,type_I_active_site,pred.model_idx_2,0.4647058823529412,3.394089010644209,0.915718138217926,True,,4.009365286426269,144.96112981099427,False,,0.14280598596708538,43,True
PG0,unsteered,9BV6,type_I_active_site,pred.model_idx_3,0.0,21.482058818261436,0.9136298298835754,True,,22.42295118845867,69.42958256612572,False,,0.6029013245864934,31,True
PG0,unsteered,9BV6,type_I_active_site,pred.model_idx_4,0.20294117647058824,5.504545021662898,0.9155126810073853,True,,4.871452452811173,149.34519910096196,False,,0.0917225187013857,30,True
PG0,unsteered,9BV6,type_I_active_site,pred.model_idx_5,0.1588235294117647,5.740106262258775,0.9154215455055237,True,,4.574508170284539,170.41843429675416,False,,0.4933369648340724,44,True
PG0,unsteered,9BV6,type_I_active_site,pred.model_idx_6,0.16764705882352943,5.570701353769517,0.9157177209854126,True,,4.36993478212204,161.3641281720389,False,,0.009909293248925977,44,True
PG0,unsteered,9BV6,type_I_active_site,pred.model_idx_7,0.5647058823529412,2.7228795339757887,0.9151556491851807,True,,3.9168020118458884,159.49648856322656,False,,0.49487607837462466,31,True
PG0,unsteered,9BV6,type_I_active_site,pred.model_idx_8,0.17941176470588235,5.616485422923816,0.9158188700675964,True,,4.4906998341015845,157.93574514428437,False,,0.04812515150102925,26,True
PG0,unsteered,9BV6,type_I_active_site,pred.model_idx_9,0.19411764705882353,5.4458884551486415,0.9155824184417725,True,,4.1995296165165925,153.86718722016906,False,,-0.08000439393646941,35,True
PG4,unsteered,9YK4,type_I_active_site,pred.model_idx_0,0.5358695652173913,3.973159627877606,0.9127911925315857,True,,4.165371171936542,167.4957824972848,False,,0.30650456602890674,74,True
PG4,unsteered,9YK4,type_I_active_site,pred.model_idx_1,0.5315217391304348,4.230739144534097,0.9130793213844299,True,,4.055054746856077,157.95409309730172,False,,0.12623030742845387,80,True
PG4,unsteered,9YK4,type_I_active_site,pred.model_idx_2,0.5543478260869565,3.808220200399989,0.9128133654594421,True,,4.09629027291768,159.29397327645907,False,,0.4628535957497788,78,True
PG4,unsteered,9YK4,type_I_active_site,pred.model_idx_3,0.5902173913043478,3.460926266438339,0.9124724268913269,True,,4.214761440461369,147.21208861722627,False,,0.6189818411236501,63,True
PG4,unsteered,9YK4,type_I_active_site,pred.model_idx_4,0.5184782608695652,3.9864546665778664,0.9125990867614746,True,,3.9892832689594755,151.72077287552418,False,,-0.006821832735020017,63,True
PG4,unsteered,9YK4,type_I_active_site,pred.model_idx_5,0.5010869565217391,4.217806247937637,0.912770688533783,True,,3.510489566997743,161.01178780589547,False,,0.42427165125078714,75,True
PG4,unsteered,9YK4,type_I_active_site,pred.model_idx_6,0.5858695652173913,3.719375584436219,0.912696123123169,True,,4.227915089024377,158.80487077108018,False,,0.07274516443297774,83,True
PG4,unsteered,9YK4,type_I_active_site,pred.model_idx_7,0.5217391304347826,3.902810628057198,0.9125949740409851,True,,3.7476353878145616,154.51907482370146,False,,0.41007324504428677,67,True
PG4,unsteered,9YK4,type_I_active_site,pred.model_idx_8,0.5750000000000001,3.701698372093349,0.9129646420478821,True,,3.632628111987243,158.4865716213312,False,,0.11612339162781815,69,True
PG4,unsteered,9YK4,type_I_active_site,pred.model_idx_9,0.5706521739130435,3.74799425390989,0.9127892851829529,True,,4.027064191194373,152.29304411175227,False,,0.09794410684241539,67,True
PK9,unsteered,4D6Z,type_I_active_site,pred.model_idx_0,0.36288265306122447,5.231693352710462,0.9218353033065796,True,,2.239231341331217,175.9644893190641,True,,0.4925948229131776,81,True
PK9,unsteered,4D6Z,type_I_active_site,pred.model_idx_1,0.3252551020408163,5.317487667421892,0.9221270084381104,True,,2.344995948823793,172.6175289894164,True,,0.6405578462305099,98,True
PK9,unsteered,4D6Z,type_I_active_site,pred.model_idx_2,0.34183673469387754,5.1946033955100095,0.9219331741333008,True,,2.279057261237637,175.80960736735426,True,,0.7927659774961953,95,True
PK9,unsteered,4D6Z,type_I_active_site,pred.model_idx_3,0.3450255102040816,5.202314963365266,0.9212532043457031,True,,2.3065786351217255,171.1806012162592,True,,0.6732999784034241,99,True
PK9,unsteered,4D6Z,type_I_active_site,pred.model_idx_4,0.3565051020408163,5.2541146977209,0.9219160676002502,True,,2.2358278109013674,177.47427927704283,True,,0.7127213956163545,91,True
PK9,unsteered,4D6Z,type_I_active_site,pred.model_idx_5,0.17665816326530612,6.256967316644762,0.9194191694259644,True,,2.1310549030937707,174.459498370253,True,,0.6822835067722792,93,True
PK9,unsteered,4D6Z,type_I_active_site,pred.model_idx_6,0.18622448979591838,6.126093476216337,0.9191552400588989,True,,2.4085717759701497,175.7281329532887,True,,0.3376014302511172,84,True
PK9,unsteered,4D6Z,type_I_active_site,pred.model_idx_7,0.17857142857142855,6.285268180520019,0.9187045693397522,True,,2.2001661300910893,173.42502792498368,True,,0.6702445215276032,88,True
PK9,unsteered,4D6Z,type_I_active_site,pred.model_idx_8,0.3042091836734694,5.374260527026881,0.9218593835830688,True,,2.2830957053965126,176.75413818973598,True,,0.850620756400529,75,True
PK9,unsteered,4D6Z,type_I_active_site,pred.model_idx_9,0.336734693877551,5.3741257698331175,0.9217310547828674,True,,2.3331339438617746,172.5816437690824,True,,0.5990677231183557,78,True
PKT,unsteered,4D7D,type_II_coordinated,pred.model_idx_0,0.2658371040723982,5.898470201247205,0.928592324256897,True,,2.2240692435263782,175.44447089146544,True,,0.7792204114258898,103,True
PKT,unsteered,4D7D,type_II_coordinated,pred.model_idx_1,0.21889140271493213,6.266291285529622,0.9295145869255066,True,,2.344222898958203,170.70570691021254,True,,0.603574002575268,114,True
PKT,unsteered,4D7D,type_II_coordinated,pred.model_idx_2,0.2748868778280543,5.806299864690711,0.9286117553710938,True,,2.2568245390370962,173.72326788242864,True,,0.813601030585327,119,True
PKT,unsteered,4D7D,type_II_coordinated,pred.model_idx_3,0.6459276018099548,2.013193734855689,0.9224461317062378,True,,2.331102314356879,172.86265259588882,True,,0.6106725004323423,94,True
PKT,unsteered,4D7D,type_II_coordinated,pred.model_idx_4,0.36821266968325794,5.709368273253174,0.9262452721595764,True,,2.2396763158992417,177.4539740867328,True,,0.417415717871497,120,True
PKT,unsteered,4D7D,type_II_coordinated,pred.model_idx_5,0.5808823529411764,2.5858061093308535,0.9233941435813904,True,,2.0793145505189923,174.73904932514287,True,,0.8340621597552293,119,True
PKT,unsteered,4D7D,type_II_coordinated,pred.model_idx_6,0.4513574660633485,4.373068043130091,0.9257534742355347,True,,2.3885210905495478,175.55557531458552,True,,0.7367483011180682,116,True
PKT,unsteered,4D7D,type_II_coordinated,pred.model_idx_7,0.41402714932126694,4.30529335927567,0.9226187467575073,True,,2.349604434793227,159.62379723979996,True,,0.5613406333270632,111,True
PKT,unsteered,4D7D,type_II_coordinated,pred.model_idx_8,0.3569004524886878,5.755619705903725,0.9262681007385254,True,,2.296451610637594,176.16798588921384,True,,0.8579997883149968,112,True
PKT,unsteered,4D7D,type_II_coordinated,pred.model_idx_9,0.30203619909502266,5.89969288561457,0.9268990159034729,True,,2.2885429862687747,174.66234174162224,True,,0.4454207526185159,98,True
QDJ,unsteered,6UNL,type_II_coordinated,pred.model_idx_0,0.628747795414462,3.090389837486686,0.9275534749031067,True,,2.243743746509392,174.46291578945414,True,,0.6489618828185368,167,True
QDJ,unsteered,6UNL,type_II_coordinated,pred.model_idx_1,0.6018518518518519,3.032359739862526,0.927912175655365,True,,2.3024363183375995,170.3065070364331,True,,0.8149690524096234,218,True
QDJ,unsteered,6UNL,type_II_coordinated,pred.model_idx_2,0.6150793650793651,3.1498795930536025,0.9281488656997681,True,,2.2130253048711395,172.15685263578908,True,,1.0071101153625976,197,True
QDJ,unsteered,6UNL,type_II_coordinated,pred.model_idx_3,0.6428571428571429,2.9361776896549925,0.9279670715332031,True,,2.2902565358492044,176.33217549381268,True,,0.8436580633250608,192,True
QDJ,unsteered,6UNL,type_II_coordinated,pred.model_idx_4,0.5723104056437389,3.2686095009244283,0.9282339811325073,True,,2.312274637667421,177.8470516822287,True,,0.688194912715435,157,True
QDJ,unsteered,6UNL,type_II_coordinated,pred.model_idx_5,0.6547619047619048,2.7348742926920084,0.9279888272285461,True,,2.299152452535499,172.91582081644725,True,,0.793106100382631,186,True
QDJ,unsteered,6UNL,type_II_coordinated,pred.model_idx_6,0.6318342151675485,2.9607452682509714,0.9277713298797607,True,,2.2471125917496884,177.20598519187158,True,,0.5283590506904527,165,True
QDJ,unsteered,6UNL,type_II_coordinated,pred.model_idx_7,0.6164021164021164,3.209100525687719,0.9274798631668091,True,,2.2426042896596803,172.2947690905865,True,,0.6367938525932546,188,True
QDJ,unsteered,6UNL,type_II_coordinated,pred.model_idx_8,0.6353615520282186,2.867995299019403,0.9277568459510803,True,,2.225852870249963,173.41311489922353,True,,0.5547148370202479,148,True
QDJ,unsteered,6UNL,type_II_coordinated,pred.model_idx_9,0.6194885361552028,3.2526689638532607,0.9272826313972473,True,,2.3948066727817503,173.94979672009393,True,,1.0234224347863337,186,True
QDP,unsteered,6UNM,type_II_coordinated,pred.model_idx_0,0.5816749585406301,3.34148504695228,0.9320191144943237,True,,2.2821825080391793,172.22547585042955,True,,0.7304500406700005,175,True
QDP,unsteered,6UNM,type_II_coordinated,pred.model_idx_1,0.6799336650082919,2.6886972671767184,0.9313801527023315,True,,2.291167824494749,170.38193707083704,True,,0.5851705202623725,221,True
QDP,unsteered,6UNM,type_II_coordinated,pred.model_idx_2,0.5339966832504146,3.766668832766327,0.9316415786743164,True,,2.1709622290588113,171.13022532214248,True,,0.9428540946862753,202,True
QDP,unsteered,6UNM,type_II_coordinated,pred.model_idx_3,0.5601160862354893,3.6357830589525046,0.9321376085281372,True,,2.240209811602476,173.92661936397676,True,,0.8081457340875668,216,True
QDP,unsteered,6UNM,type_II_coordinated,pred.model_idx_4,0.5368988391376451,3.680164830946842,0.9316946864128113,True,,2.243613825951338,173.40104630116966,True,,0.8972458158470569,160,True
QDP,unsteered,6UNM,type_II_coordinated,pred.model_idx_5,0.5812603648424544,3.20463795352371,0.9322565197944641,True,,2.2846104700801835,169.57580326624617,True,,0.7361616397196848,164,True
QDP,unsteered,6UNM,type_II_coordinated,pred.model_idx_6,0.538971807628524,3.6778210931066386,0.9324753880500793,True,,2.215011738117882,174.06669624566655,True,,0.7748916179441028,193,True
QDP,unsteered,6UNM,type_II_coordinated,pred.model_idx_7,0.6488391376451078,2.7460307574292298,0.9309399127960205,True,,2.2097766855499223,172.9138546443946,True,,0.46485553917766387,200,True
QDP,unsteered,6UNM,type_II_coordinated,pred.model_idx_8,0.6575456053067994,2.713340912409849,0.9313361048698425,True,,2.2707760787889235,172.6934139209567,True,,0.909690280503499,161,True
QDP,unsteered,6UNM,type_II_coordinated,pred.model_idx_9,0.662106135986733,2.7598818397583083,0.9314547181129456,True,,2.330341391298708,172.57164959001327,True,,0.5364685580377491,194,True
QDV,unsteered,6UNI,type_II_coordinated,pred.model_idx_0,0.4974600870827286,4.52062474697284,0.9326598048210144,True,,2.2533945504504973,174.5015146138103,True,,0.6288481325865902,155,True
QDV,unsteered,6UNI,type_II_coordinated,pred.model_idx_1,0.7275036284470247,1.8899146117418095,0.9317019581794739,True,,2.3125088107940264,173.14459404134118,True,,0.954383922198744,200,True
QDV,unsteered,6UNI,type_II_coordinated,pred.model_idx_2,0.49129172714078373,4.616806929068827,0.9317302107810974,True,,2.162973416387728,176.90554621379886,True,,0.4774069732513224,198,True
QDV,unsteered,6UNI,type_II_coordinated,pred.model_idx_3,0.46698113207547165,4.637674879878648,0.9324743151664734,True,,2.198536331289524,173.9510639588687,True,,0.43855474472344813,172,True
QDV,unsteered,6UNI,type_II_coordinated,pred.model_idx_4,0.48403483309143686,4.587525886156833,0.9329330921173096,True,,2.2728328139130696,172.50803726352834,True,,0.5810345869450622,139,True
QDV,unsteered,6UNI,type_II_coordinated,pred.model_idx_5,0.4749637155297533,4.634736998869664,0.9325343370437622,True,,2.311381837775836,169.8038436172083,True,,0.7602453374370852,170,True
QDV,unsteered,6UNI,type_II_coordinated,pred.model_idx_6,0.4782293178519594,4.771647156727745,0.9330528974533081,True,,2.358639014347045,176.52362781905228,True,,0.652128460062225,156,True
QDV,unsteered,6UNI,type_II_coordinated,pred.model_idx_7,0.29499274310595064,6.96705251027736,0.9259002208709717,True,,2.4255807552007003,163.50433414909838,True,,0.696037907070441,154,True
QDV,unsteered,6UNI,type_II_coordinated,pred.model_idx_8,0.4746008708272859,4.684012576141184,0.9327150583267212,True,,2.270122463656972,172.5788679805119,True,,0.8264852204341828,148,True
QDV,unsteered,6UNI,type_II_coordinated,pred.model_idx_9,0.647677793904209,2.6510828165652986,0.9317405223846436,True,,2.311730736915526,174.5001386919886,True,,0.8444383821925388,190,True
QDY,unsteered,6UNJ,type_I_active_site,pred.model_idx_0,0.3867924528301887,6.1762077245704745,0.9329351782798767,True,,2.223082769489251,172.51820065110664,True,,0.791839997034792,158,True
QDY,unsteered,6UNJ,type_I_active_site,pred.model_idx_1,0.2959905660377358,7.109017535763591,0.9314461946487427,True,,2.2855997024851047,172.38815309669687,True,,0.9455051436191595,219,True
QDY,unsteered,6UNJ,type_I_active_site,pred.model_idx_2,0.3761792452830188,6.425937400752146,0.9321753978729248,True,,2.166839864872344,174.88935709538282,True,,0.4880722923181149,198,True
QDY,unsteered,6UNJ,type_I_active_site,pred.model_idx_3,0.31839622641509435,6.5654586843805856,0.9318410754203796,True,,2.1846951732449997,173.6590391503047,True,,0.25420852566480434,160,True
QDY,unsteered,6UNJ,type_I_active_site,pred.model_idx_4,0.3474842767295597,6.422923291928462,0.9320580363273621,True,,2.2844539829026984,170.105588170111,True,,0.6294131938883027,155,True
QDY,unsteered,6UNJ,type_I_active_site,pred.model_idx_5,0.3447327044025157,6.4749198510146355,0.9325519800186157,True,,2.2953860241798116,169.39483680767566,True,,0.8335794586871321,182,True
QDY,unsteered,6UNJ,type_I_active_site,pred.model_idx_6,0.3596698113207547,6.468256890261756,0.9334543943405151,True,,2.3637855232655944,175.70264117073347,True,,0.6094565045496974,159,True
QDY,unsteered,6UNJ,type_I_active_site,pred.model_idx_7,0.3738207547169812,6.089409988197609,0.9321168065071106,True,,2.243234272206093,171.21058012278206,True,,1.0769685753309317,193,True
QDY,unsteered,6UNJ,type_I_active_site,pred.model_idx_8,0.3411949685534591,6.3766791866120025,0.9330786466598511,True,,2.2509664591015124,172.87058443823054,True,,0.8238779246457413,147,True
QDY,unsteered,6UNJ,type_I_active_site,pred.model_idx_9,0.4005503144654088,6.2387122923820115,0.9320117235183716,True,,2.30667509632371,172.33312629203215,True,,0.8615721338145614,172,True
QE4,unsteered,6UNK,type_II_coordinated,pred.model_idx_0,0.5722402597402598,3.6239128936249423,0.9320175051689148,True,,2.2410026773745724,173.05925615291923,True,,0.8029129101333563,162,True
QE4,unsteered,6UNK,type_II_coordinated,pred.model_idx_1,0.8096590909090909,1.175710252044946,0.9313105940818787,True,,2.3018475188422016,173.27829689588802,True,,0.4497088279290127,193,True
QE4,unsteered,6UNK,type_II_coordinated,pred.model_idx_2,0.5925324675324675,3.687779929902913,0.9315088987350464,True,,2.174395318243672,174.5473581796979,True,,0.8029738160734694,203,True
QE4,unsteered,6UNK,type_II_coordinated,pred.model_idx_3,0.6075487012987013,3.5713399218051105,0.9320458769798279,True,,2.2484859350238335,173.42017465795485,True,,0.7084534644964262,156,True
QE4,unsteered,6UNK,type_II_coordinated,pred.model_idx_4,0.658685064935065,3.24159693996513,0.9313544034957886,True,,2.2668226662004245,170.84529925183162,True,,0.8686582609216904,191,True
QE4,unsteered,6UNK,type_II_coordinated,pred.model_idx_5,0.5957792207792207,3.5937991066383694,0.9317741990089417,True,,2.286373985156409,169.89547960060648,True,,0.872425081067699,183,True
QE4,unsteered,6UNK,type_II_coordinated,pred.model_idx_6,0.6103896103896104,3.5911701164671226,0.9322782158851624,True,,2.367267200803492,175.99102758253525,True,,0.5177013488513147,165,True
QE4,unsteered,6UNK,type_II_coordinated,pred.model_idx_7,0.3234577922077922,6.789493557099446,0.9261012077331543,True,,2.417072195860107,162.87198231129784,True,,0.6777615828146133,165,True
QE4,unsteered,6UNK,type_II_coordinated,pred.model_idx_8,0.5393668831168831,4.030760354003,0.9319959878921509,True,,2.262977684379588,171.26295438774247,True,,0.9234954822600501,145,True
QE4,unsteered,6UNK,type_II_coordinated,pred.model_idx_9,0.6700487012987013,2.4359344600702597,0.9308831691741943,True,,2.3108738606856067,172.6181269316295,True,,1.0134628940350914,185,True
QEA,unsteered,6UNH,type_II_coordinated,pred.model_idx_0,0.7074829931972789,2.3408687567461035,0.9330145716667175,True,,2.21905520436063,173.25809724443013,True,,0.8297328601179319,165,True
QEA,unsteered,6UNH,type_II_coordinated,pred.model_idx_1,0.5727040816326531,4.3655264379372465,0.9326440095901489,True,,2.2957920201969513,173.21195168854368,True,,0.9781949237277558,201,True
QEA,unsteered,6UNH,type_II_coordinated,pred.model_idx_2,0.7755102040816326,1.7982037863639975,0.9321106672286987,True,,2.19007168832438,176.84340728229242,True,,0.44348499073655967,190,True
QEA,unsteered,6UNH,type_II_coordinated,pred.model_idx_3,0.7623299319727891,2.0130842735909114,0.9326878190040588,True,,2.20656973603827,173.79760864651828,True,,0.44531335102502023,149,True
QEA,unsteered,6UNH,type_II_coordinated,pred.model_idx_4,0.6743197278911565,2.125005485550158,0.9332605004310608,True,,2.284559038414197,170.54191572994273,True,,0.692612811617499,135,True
QEA,unsteered,6UNH,type_II_coordinated,pred.model_idx_5,0.6960034013605442,2.264454673945775,0.9328591227531433,True,,2.3128793742865192,170.24048959159617,True,,0.7240582939499567,177,True
QEA,unsteered,6UNH,type_II_coordinated,pred.model_idx_6,0.7304421768707483,1.9921752235743846,0.9331533908843994,True,,2.366849382618167,175.93786343730469,True,,0.6053631720740524,147,True
QEA,unsteered,6UNH,type_II_coordinated,pred.model_idx_7,0.17687074829931973,7.7169049738083455,0.9256242513656616,True,,2.3673717494301565,164.83706797491422,True,,0.5988159646320983,152,True
QEA,unsteered,6UNH,type_II_coordinated,pred.model_idx_8,0.729591836734694,2.0109943501268632,0.9329604506492615,True,,2.277049186996188,168.86824785768377,True,,0.866593532769997,151,True
QEA,unsteered,6UNH,type_II_coordinated,pred.model_idx_9,0.6343537414965987,4.288780127539128,0.931830883026123,True,,2.318787614250171,173.42769427836586,True,,0.7219061266637712,191,True
QEP,unsteered,6UNG,type_II_coordinated,pred.model_idx_0,0.655373831775701,2.4911899605969636,0.9280703663825989,True,,2.2836245313098216,174.87736293524205,True,,0.24717808939356667,169,True
QEP,unsteered,6UNG,type_II_coordinated,pred.model_idx_1,0.567367601246106,4.401554551366667,0.9280799627304077,True,,2.2767944571260714,171.93340104522363,True,,0.5739577143998713,189,True
QEP,unsteered,6UNG,type_II_coordinated,pred.model_idx_2,0.7231308411214954,2.0784541946839106,0.9280655384063721,True,,2.264950551336607,173.3426862848599,True,,0.6384082429632687,203,True
QEP,unsteered,6UNG,type_II_coordinated,pred.model_idx_3,0.5537383177570093,5.0245981057300835,0.9298998713493347,True,,2.2459376660985044,172.87372047143742,True,,0.7690410040149596,208,True
QEP,unsteered,6UNG,type_II_coordinated,pred.model_idx_4,0.6985981308411215,2.4688399866719757,0.9281426668167114,True,,2.345679432488591,170.79341091782234,True,,1.4110135747069565,163,True
QEP,unsteered,6UNG,type_II_coordinated,pred.model_idx_5,0.5950155763239875,4.39037307398998,0.9306449890136719,True,,2.2594027972010653,170.29277724580263,True,,1.0031145721981929,174,True
QEP,unsteered,6UNG,type_II_coordinated,pred.model_idx_6,0.7721962616822431,1.8764795993929033,0.9283361434936523,True,,2.366159335294223,176.84964094365313,True,,0.8451395830491428,164,True
QEP,unsteered,6UNG,type_II_coordinated,pred.model_idx_7,0.24649532710280375,7.227897881722759,0.9231919646263123,True,,2.4003060221563413,171.86851772182706,True,,0.6181412413430278,137,True
QEP,unsteered,6UNG,type_II_coordinated,pred.model_idx_8,0.5825545171339563,4.403965243723341,0.9284713864326477,True,,2.3396576672667306,172.40604643780378,True,,1.0391345754494612,153,True
QEP,unsteered,6UNG,type_II_coordinated,pred.model_idx_9,0.572429906542056,4.897195915697831,0.9279971122741699,True,,2.3196357472672298,178.06712901648217,True,,1.1816614325130614,194,True
RIT,unsteered,3NXU,type_II_coordinated,pred.model_idx_0,0.5557953144266338,2.851545590181637,0.9368029832839966,True,,2.224139384121418,173.78148993563926,True,,0.35297029879917297,187,True
RIT,unsteered,3NXU,type_II_coordinated,pred.model_idx_1,0.5998766954377313,2.408981763104283,0.936785101890564,True,,2.103278868814119,172.6798682693488,True,,0.6118916807268762,191,True
RIT,unsteered,3NXU,type_II_coordinated,pred.model_idx_2,0.533292231812577,2.8662556222016917,0.937301754951477,True,,2.121862153863913,174.77002619406952,True,,0.6346428802051625,222,True
RIT,unsteered,3NXU,type_II_coordinated,pred.model_idx_3,0.6051171393341553,2.3076747787142873,0.936335027217865,True,,2.063854888309738,175.01930431996644,True,,0.9710246777698961,215,True
RIT,unsteered,3NXU,type_II_coordinated,pred.model_idx_4,0.39241676942046855,5.263476021016957,0.9314903616905212,True,,2.1999565904808214,177.0021164534527,True,,0.4114087160998303,148,True
RIT,unsteered,3NXU,type_II_coordinated,pred.model_idx_5,0.5468557336621456,2.5890000958378865,0.936488151550293,True,,2.126344515829926,176.00892056834675,True,,0.5619941685541767,227,True
RIT,unsteered,3NXU,type_II_coordinated,pred.model_idx_6,0.6319358816276203,2.5173469062727825,0.9369933605194092,True,,2.1807315286389564,179.20854864518742,True,,0.4583707707224711,237,True
RIT,unsteered,3NXU,type_II_coordinated,pred.model_idx_7,0.5576448828606659,2.87799859425638,0.9363763332366943,False,severe steric overlap (1.86 A into vdW),2.116649238773397,172.13869963305373,True,,1.8633250180991427,246,True
RIT,unsteered,3NXU,type_II_coordinated,pred.model_idx_8,0.4855117139334155,3.029437068224276,0.9369563460350037,True,,2.1532814493233348,176.85915709904003,True,,0.33346482729150795,177,True
RIT,unsteered,3NXU,type_II_coordinated,pred.model_idx_9,0.6374845869297163,2.0673124027103933,0.9367019534111023,True,,2.1021821995250556,178.11894934836607,True,,0.7250326655444961,234,True
QES,unsteered,6UNE,type_II_coordinated,pred.model_idx_0,0.5876168224299065,4.4811226136702755,0.9293801784515381,True,,2.182312534904201,174.09307826360265,True,,0.8492522664912552,197,True
QES,unsteered,6UNE,type_II_coordinated,pred.model_idx_1,0.5564641744548287,4.345650782481861,0.9318243265151978,True,,2.2989495427259814,170.85337276301985,True,,0.8828237122544644,177,True
QES,unsteered,6UNE,type_II_coordinated,pred.model_idx_2,0.6082554517133956,4.039836798948539,0.9308839440345764,True,,2.1778195517535424,175.97976400272472,True,,0.8181403038478705,210,True
QES,unsteered,6UNE,type_II_coordinated,pred.model_idx_3,0.5868380062305296,4.638672350236796,0.9302140474319458,True,,2.2283673395560255,174.3297704588514,True,,0.8422867635327065,200,True
QES,unsteered,6UNE,type_II_coordinated,pred.model_idx_4,0.588006230529595,4.410037331783558,0.9313694834709167,True,,2.2811823688604997,172.35124185905354,True,,0.6084399298503591,163,True
QES,unsteered,6UNE,type_II_coordinated,pred.model_idx_5,0.37149532710280375,5.528648028989454,0.9264740943908691,True,,2.3158456338884075,170.7121142819924,True,,1.0800735993964654,177,True
QES,unsteered,6UNE,type_II_coordinated,pred.model_idx_6,0.6074766355140188,4.165301187598614,0.9311801195144653,True,,2.3610360014197154,176.96683741909155,True,,0.5137730357296748,196,True
QES,unsteered,6UNE,type_II_coordinated,pred.model_idx_7,0.24727414330218067,6.702297496513557,0.9239675402641296,True,,2.297254883551235,168.3808559297063,True,,0.6924252731125828,156,True
QES,unsteered,6UNE,type_II_coordinated,pred.model_idx_8,0.5771028037383178,4.4702930830543615,0.9295545220375061,True,,2.185418495391672,175.28855917805376,True,,0.7463042751664237,186,True
QES,unsteered,6UNE,type_II_coordinated,pred.model_idx_9,0.766355140186916,1.863054186763255,0.9280171394348145,True,,2.2884147351387165,175.814003444593,True,,0.7446164118907412,197,True
T0K,unsteered,7UFD,type_II_coordinated,pred.model_idx_0,0.43004587155963303,4.70156593141533,0.9216664433479309,True,,2.2497244275688515,175.903646767572,True,,0.8691237803746446,164,True
T0K,unsteered,7UFD,type_II_coordinated,pred.model_idx_1,0.6559633027522935,2.573027456072205,0.9208633899688721,True,,2.4591026818740205,176.9456441359515,False,,0.40782184063669247,159,True
T0K,unsteered,7UFD,type_II_coordinated,pred.model_idx_2,0.5286697247706422,3.9645419856299906,0.9209185838699341,True,,2.247915478838117,174.64632478836748,True,,1.1584316649696031,172,True
T0K,unsteered,7UFD,type_II_coordinated,pred.model_idx_3,0.5378440366972477,3.9596431378102706,0.9218215942382812,True,,2.274187547235276,175.76805299757353,True,,0.6559030829549357,175,True
T0K,unsteered,7UFD,type_II_coordinated,pred.model_idx_4,0.5711009174311926,3.4738636992619676,0.9210856556892395,True,,2.2216592898102085,176.16724750625264,True,,0.9049375818349947,156,True
T0K,unsteered,7UFD,type_II_coordinated,pred.model_idx_5,0.4399847094801223,4.580600424508432,0.9186131954193115,True,,2.25815610620701,173.1588272348966,True,,1.1007277192394556,148,True
T0K,unsteered,7UFD,type_II_coordinated,pred.model_idx_6,0.5019113149847095,5.172693813274639,0.9180654883384705,True,,2.4537532475780854,171.64853334545973,False,,0.7361195597399641,183,True
T0K,unsteered,7UFD,type_II_coordinated,pred.model_idx_7,0.4954128440366973,5.287717032739482,0.9170681238174438,True,,2.1630751258335894,173.4140349410639,True,,0.9985615020892431,184,True
T0K,unsteered,7UFD,type_II_coordinated,pred.model_idx_8,0.23279816513761467,9.086394498375608,0.9295847415924072,True,,2.2600064159200963,175.26984174699615,True,,0.46778743553482016,156,True
T0K,unsteered,7UFD,type_II_coordinated,pred.model_idx_9,0.5412844036697249,3.624590165451511,0.9221755266189575,True,,2.3310514794830253,174.80156899238574,True,,1.058395503335543,184,True
TCI,unsteered,9PLJ,type_I_active_site,pred.model_idx_0,0.22182254196642687,6.180141373390895,0.925316572189331,True,,6.818077368290859,172.9152819086434,False,,0.6295170096172762,84,True
TCI,unsteered,9PLJ,type_I_active_site,pred.model_idx_1,0.5029976019184652,5.137051886381139,0.9267949461936951,True,,6.937804263598101,151.4929348028429,False,,0.43671044276803794,110,True
TCI,unsteered,9PLJ,type_I_active_site,pred.model_idx_2,0.3165467625899281,6.474045438478284,0.9250534176826477,True,,6.091337209513195,169.14927234565624,False,,0.45789955983824404,103,True
TCI,unsteered,9PLJ,type_I_active_site,pred.model_idx_3,0.26318944844124703,5.9583791157967045,0.9276431202888489,True,,6.544938273200137,145.3854863382236,False,,0.2663056945515567,103,True
TCI,unsteered,9PLJ,type_I_active_site,pred.model_idx_4,0.2871702637889688,5.27244305273511,0.9268958568572998,True,,6.85516950920982,146.58643221460966,False,,0.26358150113859846,84,True
TCI,unsteered,9PLJ,type_I_active_site,pred.model_idx_5,0.25479616306954433,6.002782050979761,0.9276078343391418,True,,6.525821404237171,146.5904928354561,False,,0.2076228293010236,94,True
TCI,unsteered,9PLJ,type_I_active_site,pred.model_idx_6,0.3872901678657074,5.683700368499496,0.9272207617759705,True,,6.766956627613332,145.75214664221795,False,,0.3621109302675318,94,True
TCI,unsteered,9PLJ,type_I_active_site,pred.model_idx_7,0.36930455635491605,5.237926278452547,0.9264909029006958,True,,6.32417781217448,143.88824055981019,False,,0.4038322810630248,92,True
TCI,unsteered,9PLJ,type_I_active_site,pred.model_idx_8,0.2260191846522782,6.103900207279467,0.9259248375892639,True,,6.396360605844546,164.81263651014964,False,,0.4047574388707682,98,True
TCI,unsteered,9PLJ,type_I_active_site,pred.model_idx_9,0.24820143884892087,7.218979266509358,0.9219478368759155,True,,6.648935929906379,141.87870232303678,False,,0.4558106378834941,97,True
X5Y,unsteered,7KVH,type_II_coordinated,pred.model_idx_0,0.6810344827586208,2.128825246691343,0.9339844584465027,True,,2.273846080982616,174.96018158657944,True,,0.8908729102945014,141,True
X5Y,unsteered,7KVH,type_II_coordinated,pred.model_idx_1,0.678639846743295,2.0804723437980237,0.9338718056678772,True,,2.337484545403455,174.09132979079791,True,,0.4694340582345604,172,True
X5Y,unsteered,7KVH,type_II_coordinated,pred.model_idx_2,0.6618773946360152,2.5750156151649817,0.9334329962730408,True,,2.188359431172128,175.58172169871602,True,,0.8033972192352339,160,True
X5Y,unsteered,7KVH,type_II_coordinated,pred.model_idx_3,0.6297892720306514,2.7217787136867715,0.9339215755462646,True,,2.236428179039068,177.2706166698341,True,,0.17755000038790314,147,True
X5Y,unsteered,7KVH,type_II_coordinated,pred.model_idx_4,0.678639846743295,2.2133713860925353,0.9341414570808411,True,,2.28394527079788,173.88856700420598,True,,0.3798627514631061,142,True
X5Y,unsteered,7KVH,type_II_coordinated,pred.model_idx_5,0.6695402298850575,2.2896018606096105,0.9339499473571777,True,,2.1949366733461813,173.8605198371629,True,,0.9546168094558487,162,True
X5Y,unsteered,7KVH,type_II_coordinated,pred.model_idx_6,0.685344827586207,2.2159661837479785,0.9344539046287537,True,,2.3792076412116705,177.0170080098432,True,,0.40080127367325025,155,True
X5Y,unsteered,7KVH,type_II_coordinated,pred.model_idx_7,0.20306513409961685,7.293158058756772,0.9275487661361694,True,,2.407578243796035,167.20555303008325,True,,0.8225636768292408,154,True
X5Y,unsteered,7KVH,type_II_coordinated,pred.model_idx_8,0.6594827586206897,2.413881475476043,0.9340507984161377,True,,2.247815383878311,173.38176710701782,True,,0.711387235940947,132,True
X5Y,unsteered,7KVH,type_II_coordinated,pred.model_idx_9,0.678639846743295,2.0245960084202426,0.9332805871963501,True,,2.345422136844453,174.40370363283105,True,,1.0497163779819005,173,True
X6J,unsteered,7KVP,type_II_coordinated,pred.model_idx_0,0.47631578947368425,4.070184181359138,0.9340091347694397,True,,2.27019911021038,174.92489425947556,True,,0.7013602877743708,152,True
X6J,unsteered,7KVP,type_II_coordinated,pred.model_idx_1,0.75,1.577338129363731,0.9332120418548584,True,,2.2939670878197007,171.12934699326658,True,,0.8451606704138901,153,True
X6J,unsteered,7KVP,type_II_coordinated,pred.model_idx_2,0.5302631578947368,3.954848136096036,0.9333701729774475,True,,2.186886828347549,174.08980272046622,True,,0.5600244362024682,202,True
X6J,unsteered,7KVP,type_II_coordinated,pred.model_idx_3,0.5271929824561403,4.025755360329869,0.9338415861129761,True,,2.184395797468947,173.95614695602407,True,,0.4010748592203899,160,True
X6J,unsteered,7KVP,type_II_coordinated,pred.model_idx_4,0.5758771929824562,3.708418609941388,0.9340211153030396,True,,2.317381712191584,171.03780022225789,True,,0.22365949558300668,163,True
X6J,unsteered,7KVP,type_II_coordinated,pred.model_idx_5,0.5491228070175438,3.910749395226418,0.9339898228645325,True,,2.243584631789048,172.96044882128373,True,,0.9068543063611401,191,True
X6J,unsteered,7KVP,type_II_coordinated,pred.model_idx_6,0.55,3.740096246942975,0.9343729019165039,True,,2.36643402612454,175.2097426721193,True,,0.4212629634065288,167,True
X6J,unsteered,7KVP,type_II_coordinated,pred.model_idx_7,0.36666666666666664,6.428418376610872,0.926432192325592,True,,2.349535486005691,168.79375009527888,True,,0.7910697594607861,160,True
X6J,unsteered,7KVP,type_II_coordinated,pred.model_idx_8,0.5526315789473684,3.8983562380021652,0.9340351223945618,True,,2.2725021452135086,169.74860316344308,True,,0.8273636090578211,170,True
X6J,unsteered,7KVP,type_II_coordinated,pred.model_idx_9,0.6486842105263158,2.3646781113608535,0.9330800771713257,True,,2.3263329512346256,172.3243748419815,True,,0.7349772636855008,181,True
X6S,unsteered,7KVO,type_II_coordinated,pred.model_idx_0,0.5467075038284839,3.6032135524228015,0.9339941143989563,True,,2.2626316536281377,175.7529025424057,True,,0.6632618436765956,154,True
X6S,unsteered,7KVO,type_II_coordinated,pred.model_idx_1,0.636676875957121,2.5092625253631735,0.9335954189300537,True,,2.330071887303051,174.1441366760738,True,,0.5461405080137531,170,True
X6S,unsteered,7KVO,type_II_coordinated,pred.model_idx_2,0.5333078101071975,3.8886922445725562,0.9331415891647339,True,,2.1932728968370534,174.53211478713877,True,,0.5433332295558349,183,True
X6S,unsteered,7KVO,type_II_coordinated,pred.model_idx_3,0.5084226646248086,4.22750023856434,0.9326937794685364,True,,2.184313622170589,174.67003804580645,True,,0.8580422898875755,170,True
X6S,unsteered,7KVO,type_II_coordinated,pred.model_idx_4,0.5899693721286371,3.35858123240166,0.933738648891449,True,,2.3225203981881406,168.64217873677705,True,,0.8195914930995598,170,True
X6S,unsteered,7KVO,type_II_coordinated,pred.model_idx_5,0.5903522205206738,3.2457792738549984,0.9334578514099121,True,,2.2127812815549577,173.18041446272176,True,,0.938014461044943,193,True
X6S,unsteered,7KVO,type_II_coordinated,pred.model_idx_6,0.5256508422664625,3.872221540255027,0.9342686533927917,True,,2.351787405357891,174.98230496895468,True,,0.4809785886362534,158,True
X6S,unsteered,7KVO,type_II_coordinated,pred.model_idx_7,0.26033690658499237,7.083360429195307,0.928433358669281,True,,2.3035005969176567,172.04800102604034,True,,0.8051333367588995,177,True
X6S,unsteered,7KVO,type_II_coordinated,pred.model_idx_8,0.5911179173047473,3.368635847614319,0.9335074424743652,True,,2.266809652352839,171.7629236680917,True,,0.8060050115699915,164,True
X6S,unsteered,7KVO,type_II_coordinated,pred.model_idx_9,0.6071975497702911,3.156708501296227,0.9336775541305542,True,,2.3316474862208483,170.22278977685653,True,,0.9449516488654575,191,True
X6V,unsteered,7KVN,type_II_coordinated,pred.model_idx_0,0.622093023255814,2.485168053942411,0.9297142624855042,True,,2.234040957547556,175.959666998708,True,,0.434649573213453,160,True
X6V,unsteered,7KVN,type_II_coordinated,pred.model_idx_1,0.6386404293381038,3.6589004580390756,0.9288882613182068,True,,2.287503879778131,171.74348819950995,True,,1.081498328661374,223,True
X6V,unsteered,7KVN,type_II_coordinated,pred.model_idx_2,0.5889982110912343,3.0782735303605846,0.9288178086280823,True,,2.1478670815485765,175.11460428449197,True,,0.7531424848605464,187,True
X6V,unsteered,7KVN,type_II_coordinated,pred.model_idx_3,0.5474060822898033,4.310284563336093,0.9275370240211487,False,severe steric overlap (1.62 A into vdW),2.184326440805037,174.2365036136889,True,,1.6245490713624324,201,True
X6V,unsteered,7KVN,type_II_coordinated,pred.model_idx_4,0.6399821109123434,2.453842167632057,0.9296662211418152,True,,2.2385032946145063,174.28385802178013,True,,0.5795805276519586,142,True
X6V,unsteered,7KVN,type_II_coordinated,pred.model_idx_5,0.5974955277280859,2.6573995875049334,0.9292569756507874,True,,2.2296549060336672,168.34029376266759,True,,1.0137642918309928,200,True
X6V,unsteered,7KVN,type_II_coordinated,pred.model_idx_6,0.575134168157424,3.071361633283814,0.9298065900802612,True,,2.2902849167734565,175.82865090795372,True,,0.552745181758401,181,True
X6V,unsteered,7KVN,type_II_coordinated,pred.model_idx_7,0.3135062611806798,6.633210076791856,0.9238580465316772,True,,2.294231897607563,171.67245436682643,True,,0.8699671938885851,166,True
X6V,unsteered,7KVN,type_II_coordinated,pred.model_idx_8,0.6225402504472272,2.5968592353146214,0.9296612739562988,True,,2.215393870172977,173.06384883757582,True,,0.5005305664523454,157,True
X6V,unsteered,7KVN,type_II_coordinated,pred.model_idx_9,0.6457960644007155,2.7878210347410435,0.9286571145057678,True,,2.324635240204364,170.11115962085609,True,,1.0758896950016767,192,True
X71,unsteered,7KVM,type_II_coordinated,pred.model_idx_0,0.648014440433213,3.2347641730328216,0.9312358498573303,True,,2.273567241143309,175.1155160706317,True,,0.9602365168009284,148,True
X71,unsteered,7KVM,type_II_coordinated,pred.model_idx_1,0.7120938628158845,2.0433943418693,0.931251585483551,True,,2.364296301227915,169.70262591384974,True,,0.6202273176294812,134,True
X71,unsteered,7KVM,type_II_coordinated,pred.model_idx_2,0.631768953068592,3.5174168973244337,0.9307087659835815,True,,2.2319516123787273,172.07330352910517,True,,0.9082091357564375,164,True
X71,unsteered,7KVM,type_II_coordinated,pred.model_idx_3,0.6128158844765343,3.5527682031879584,0.9311486482620239,True,,2.1902789776647174,173.7741585862589,True,,0.8905901092089401,195,True
X71,unsteered,7KVM,type_II_coordinated,pred.model_idx_4,0.6299638989169675,3.4976669306672257,0.9314994215965271,True,,2.2673270606597535,173.7870199358014,True,,0.6405214260661496,115,True
X71,unsteered,7KVM,type_II_coordinated,pred.model_idx_5,0.5974729241877257,3.576586538004155,0.9314891695976257,True,,2.252899909006168,172.970707828435,True,,0.7441556995642875,160,True
X71,unsteered,7KVM,type_II_coordinated,pred.model_idx_6,0.6597472924187725,3.4504435632079318,0.9315518140792847,True,,2.3569338132412625,174.71704989514043,True,,0.7548213046515264,163,True
X71,unsteered,7KVM,type_II_coordinated,pred.model_idx_7,0.7224729241877257,2.2879125505475573,0.9296660423278809,True,,2.2380178730296145,173.34825432400132,True,,0.10680155471918207,147,True
X71,unsteered,7KVM,type_II_coordinated,pred.model_idx_8,0.6326714801444043,3.5609963104160602,0.9313881397247314,True,,2.2522260099732443,172.0777607941483,True,,0.9659678351895682,143,True
X71,unsteered,7KVM,type_II_coordinated,pred.model_idx_9,0.7057761732851986,2.2327609911005535,0.930493950843811,True,,2.3522901606732107,174.46826337597898,True,,0.9097675441635746,172,True
X74,unsteered,7KVS,type_II_coordinated,pred.model_idx_0,0.5535993740219092,3.4655823620175785,0.9339102506637573,True,,2.2692388591772357,175.2623745631859,True,,0.6706383151855451,152,True
X74,unsteered,7KVS,type_II_coordinated,pred.model_idx_1,0.6373239436619718,2.3806896466693104,0.9333993196487427,True,,2.355289578799176,173.2466925309677,True,,0.6134923290972258,200,True
X74,unsteered,7KVS,type_II_coordinated,pred.model_idx_2,0.5989827856025038,3.311108208169183,0.9331624507904053,True,,2.1942848493301867,174.35431658615445,True,,0.837332167506347,194,True
X74,unsteered,7KVS,type_II_coordinated,pred.model_idx_3,0.5093896713615024,4.137001251077171,0.9326204061508179,True,,2.1921062930432917,174.29237857240267,True,,0.8688826577971538,173,True
X74,unsteered,7KVS,type_II_coordinated,pred.model_idx_4,0.596244131455399,3.2432348125735637,0.9340105652809143,True,,2.3178528857544,171.34644538027158,True,,0.24273361909388358,163,True
X74,unsteered,7KVS,type_II_coordinated,pred.model_idx_5,0.600547730829421,3.153909643482652,0.9337402582168579,True,,2.223664543046005,172.72153598634407,True,,0.9141561197687298,190,True
X74,unsteered,7KVS,type_II_coordinated,pred.model_idx_6,0.593114241001565,3.209376211866244,0.9341027140617371,True,,2.368777954980162,175.19061771190388,True,,0.395733533788988,170,True
X74,unsteered,7KVS,type_II_coordinated,pred.model_idx_7,0.27503912363067295,7.115743755680313,0.9274039268493652,True,,2.277536827364159,167.34080263874483,True,,0.759840535119138,162,True
X74,unsteered,7KVS,type_II_coordinated,pred.model_idx_8,0.6056338028169015,3.2168800793020442,0.933734118938446,True,,2.2778827889072786,171.34245057266796,True,,0.7953961913565433,162,True
X74,unsteered,7KVS,type_II_coordinated,pred.model_idx_9,0.7222222222222222,1.755502879536983,0.9331310391426086,True,,2.353829433072838,174.34979954689794,True,,0.4074451116467075,185,True
X7D,unsteered,7KVQ,type_II_coordinated,pred.model_idx_0,0.4918639053254438,3.9473786898213854,0.9338741302490234,True,,2.2591179694739267,175.4131814294575,True,,0.6913400782232499,151,True
X7D,unsteered,7KVQ,type_II_coordinated,pred.model_idx_1,0.6338757396449703,2.326573163969011,0.9334246516227722,True,,2.339767082425086,174.69869630116895,True,,0.7058318537997668,202,True
X7D,unsteered,7KVQ,type_II_coordinated,pred.model_idx_2,0.46671597633136097,4.178144260588947,0.9333280920982361,True,,2.193960346040922,174.45050785504023,True,,0.5897574256354221,185,True
X7D,unsteered,7KVQ,type_II_coordinated,pred.model_idx_3,0.5355029585798817,3.568636326651237,0.933556079864502,True,,2.2233924529871016,176.56428529416465,True,,0.2542630434189199,160,True
X7D,unsteered,7KVQ,type_II_coordinated,pred.model_idx_4,0.5650887573964497,3.566744306224649,0.9338073134422302,True,,2.295900259157614,171.68666308315613,True,,0.25671748008550743,159,True
X7D,unsteered,7KVQ,type_II_coordinated,pred.model_idx_5,0.5491863905325444,3.6332506303507737,0.9336383938789368,True,,2.2360476291886093,173.13240403899243,True,,0.9423567004467088,191,True
X7D,unsteered,7KVQ,type_II_coordinated,pred.model_idx_6,0.47152366863905326,4.131579924125008,0.9341790676116943,True,,2.3536894442555503,175.0157824745583,True,,0.46455761425982,162,True
X7D,unsteered,7KVQ,type_II_coordinated,pred.model_idx_7,0.3047337278106509,7.101700204441068,0.926242470741272,True,,2.3623433281383974,167.35675060680697,True,,0.5640059943645861,171,True
X7D,unsteered,7KVQ,type_II_coordinated,pred.model_idx_8,0.5373520710059172,3.672468656171639,0.9336345791816711,True,,2.2690621410618084,170.32433924701277,True,,0.8146663658243254,173,True
X7D,unsteered,7KVQ,type_II_coordinated,pred.model_idx_9,0.6013313609467456,2.8520303289296103,0.9335675239562988,True,,2.3534782769339513,170.96147930867673,True,,0.9819305193984702,196,True
X7J,unsteered,7KVK,type_II_coordinated,pred.model_idx_0,0.65,2.120769955416608,0.9341447949409485,True,,2.2819581503612203,175.73032317871468,True,,0.5902830950841875,147,True
X7J,unsteered,7KVK,type_II_coordinated,pred.model_idx_1,0.6309278350515464,2.1249363204416203,0.9339752197265625,True,,2.3523560529817757,173.46947024898955,True,,1.2175180400313215,206,True
X7J,unsteered,7KVK,type_II_coordinated,pred.model_idx_2,0.6448453608247423,2.5285928618057603,0.9332466125488281,True,,2.1874978857132645,176.3054602039106,True,,0.6825410348145531,160,True
X7J,unsteered,7KVK,type_II_coordinated,pred.model_idx_3,0.5896907216494846,2.934936744633779,0.9336205124855042,True,,2.2277984648526896,175.327019019738,True,,0.3824102333153365,134,True
X7J,unsteered,7KVK,type_II_coordinated,pred.model_idx_4,0.6355670103092783,2.3325154525261826,0.9342672824859619,True,,2.278453203381628,174.6340492780534,True,,0.6031456956072954,143,True
X7J,unsteered,7KVK,type_II_coordinated,pred.model_idx_5,0.6298969072164948,2.108234989592709,0.9338334798812866,True,,2.2412121720176335,175.02343344399623,True,,0.7553495176800427,160,True
X7J,unsteered,7KVK,type_II_coordinated,pred.model_idx_6,0.6577319587628866,2.278462333499615,0.9344061017036438,True,,2.375140206387825,176.30831661879375,True,,0.347662862657534,147,True
X7J,unsteered,7KVK,type_II_coordinated,pred.model_idx_7,0.26082474226804125,6.9577790112350355,0.9296318292617798,True,,2.3540352588693314,165.00938994166225,True,,0.7263791386820646,143,True
X7J,unsteered,7KVK,type_II_coordinated,pred.model_idx_8,0.6618556701030928,2.250277818302972,0.9341906309127808,True,,2.262014367770461,173.7084759907788,True,,0.646608852117502,132,True
X7J,unsteered,7KVK,type_II_coordinated,pred.model_idx_9,0.6561855670103094,2.102152287252117,0.9335143566131592,True,,2.3673085983876287,174.77092946242115,True,,0.9381703958234637,172,True
X7M,unsteered,7KVJ,type_II_coordinated,pred.model_idx_0,0.6668660287081339,2.525946054943773,0.9338189363479614,True,,2.2863046603635313,174.95550994241722,True,,0.6021793415132501,142,True
X7M,unsteered,7KVJ,type_II_coordinated,pred.model_idx_1,0.7494019138755981,1.6289655440624478,0.9339727759361267,True,,2.3606757507120713,174.14107871032473,True,,0.49779703181412227,172,True
X7M,unsteered,7KVJ,type_II_coordinated,pred.model_idx_2,0.6561004784688995,3.0905480141253716,0.9332473278045654,True,,2.2071182569132994,175.56876259786043,True,,0.7319383046234562,156,True
X7M,unsteered,7KVJ,type_II_coordinated,pred.model_idx_3,0.6519138755980861,2.874539307783363,0.9331727027893066,True,,2.2323355482543388,175.27026919072753,True,,0.5859703270931917,143,True
X7M,unsteered,7KVJ,type_II_coordinated,pred.model_idx_4,0.6842105263157895,2.808837800615092,0.9339778423309326,True,,2.2982693488797175,174.02254499887277,True,,0.6201120526179476,140,True
X7M,unsteered,7KVJ,type_II_coordinated,pred.model_idx_5,0.7051435406698564,2.05445750742455,0.9338391423225403,True,,2.2548827020490445,174.97591657675048,True,,0.8060932080960534,158,True
X7M,unsteered,7KVJ,type_II_coordinated,pred.model_idx_6,0.6764354066985645,2.904840093658063,0.9341849684715271,True,,2.392173279676871,176.55600578285225,True,,0.2797790142363308,152,True
X7M,unsteered,7KVJ,type_II_coordinated,pred.model_idx_7,0.2799043062200957,7.346816859927295,0.9279783964157104,True,,2.4416883503018973,165.40665258764471,True,,0.6047374005292454,160,True
X7M,unsteered,7KVJ,type_II_coordinated,pred.model_idx_8,0.6794258373205742,2.9448985413070736,0.9340072870254517,True,,2.2549257193974266,173.03113888935252,True,,0.6642361220175284,135,True
X7M,unsteered,7KVJ,type_II_coordinated,pred.model_idx_9,0.7541866028708134,1.6273705069024613,0.9330238103866577,True,,2.3765321373800097,174.9046352805626,True,,0.8761228239076293,169,True
X7P,unsteered,7KVI,type_II_coordinated,pred.model_idx_0,0.5031806615776082,5.431415126544677,0.9344403743743896,True,,2.286116794916656,174.63690614930493,True,,0.8328288708180129,144,True
X7P,unsteered,7KVI,type_II_coordinated,pred.model_idx_1,0.46055979643765904,5.71283642076591,0.9345980286598206,True,,2.3591426408761293,174.15043532966754,True,,1.1734145190859637,214,True
X7P,unsteered,7KVI,type_II_coordinated,pred.model_idx_2,0.4930025445292621,5.76697259458053,0.9337468147277832,True,,2.2089386591754874,174.58021458969674,True,,0.80879863968187,161,True
X7P,unsteered,7KVI,type_II_coordinated,pred.model_idx_3,0.47837150127226463,5.930192310787189,0.9343476891517639,True,,2.2287938442126043,173.2730070595305,True,,0.582806605498944,144,True
X7P,unsteered,7KVI,type_II_coordinated,pred.model_idx_4,0.4662849872773537,5.6814493853192065,0.9346264004707336,True,,2.2975843836516647,173.63276979023402,True,,0.5533377439534566,145,True
X7P,unsteered,7KVI,type_II_coordinated,pred.model_idx_5,0.4796437659033079,5.608550179430306,0.9341094493865967,True,,2.2035945634349345,173.90410415445248,True,,0.9761539714142593,166,True
X7P,unsteered,7KVI,type_II_coordinated,pred.model_idx_6,0.48473282442748095,5.706505899825511,0.9347743988037109,True,,2.3901886954799196,175.46104132616455,True,,0.4200982160082831,147,True
X7P,unsteered,7KVI,type_II_coordinated,pred.model_idx_7,0.47264631043257,5.375394084954097,0.9331652522087097,True,,2.2825761761658687,173.85165637299667,True,,0.4640997840995764,164,True
X7P,unsteered,7KVI,type_II_coordinated,pred.model_idx_8,0.4872773536895674,5.697363426618199,0.9344341158866882,True,,2.278685805458927,171.07777202772454,True,,0.8032439097004427,140,True
X7P,unsteered,7KVI,type_II_coordinated,pred.model_idx_9,0.4879134860050891,5.279301809827885,0.9338769912719727,True,,2.376891036627468,174.90646193680877,True,,0.9993404133005885,171,True
Y83,unsteered,6BDM,type_II_coordinated,pred.model_idx_0,0.531198003327787,4.549231870378685,0.9308200478553772,True,,2.2699464751398875,172.26942871621193,True,,0.8605996770890965,181,True
Y83,unsteered,6BDM,type_II_coordinated,pred.model_idx_1,0.5349417637271214,3.9931585748866683,0.932203471660614,True,,2.298449259827155,170.59030211905264,True,,0.9215394282259268,176,True
Y83,unsteered,6BDM,type_II_coordinated,pred.model_idx_2,0.5811148086522462,3.664691794582601,0.9313225746154785,True,,2.1790458921280202,175.0247643271013,True,,0.8241433682292252,208,True
Y83,unsteered,6BDM,type_II_coordinated,pred.model_idx_3,0.5445091514143094,4.55734730496157,0.930854320526123,True,,2.237439161184053,173.62369852843406,True,,0.8027333598569442,196,True
Y83,unsteered,6BDM,type_II_coordinated,pred.model_idx_4,0.5644758735440931,4.128898746654714,0.9318503737449646,True,,2.263635350492654,171.6496645860041,True,,0.7512837344076981,163,True
Y83,unsteered,6BDM,type_II_coordinated,pred.model_idx_5,0.30282861896838603,6.38258314481978,0.9265977740287781,True,,2.293192970510768,172.6614509164341,True,,1.2898098539263023,168,True
Y83,unsteered,6BDM,type_II_coordinated,pred.model_idx_6,0.571963394342762,4.23918632077293,0.9308279752731323,True,,2.3556090507552394,176.92439007693213,True,,1.2584563775804456,211,True
Y83,unsteered,6BDM,type_II_coordinated,pred.model_idx_7,0.32487520798668884,6.503262210506853,0.9236484169960022,True,,2.388224863784815,174.69277056615664,True,,0.478894201239215,146,True
Y83,unsteered,6BDM,type_II_coordinated,pred.model_idx_8,0.5303660565723793,4.494670509370156,0.931392252445221,True,,2.261810557938043,171.13432436427684,True,,0.6439619568026562,154,True
Y83,unsteered,6BDM,type_II_coordinated,pred.model_idx_9,0.6813643926788686,2.491990647071908,0.9285492897033691,True,,2.2901174642362783,175.00604120105402,True,,0.7908227350369619,192,True
YNV,unsteered,7LXL,type_I_active_site,pred.model_idx_0,0.32802874743326493,4.596641898435571,0.9082931876182556,True,,6.45663449484327,142.216556027329,False,,0.30986505149046906,157,True
YNV,unsteered,7LXL,type_I_active_site,pred.model_idx_1,0.5015400410677618,4.496923239311695,0.9098559617996216,True,,4.96504994939628,147.5893838390418,False,,0.807973572665587,179,True
YNV,unsteered,7LXL,type_I_active_site,pred.model_idx_2,0.2330595482546201,7.019611799211653,0.9106058478355408,True,,7.136457244319481,137.0397954807073,False,,1.1473298066516704,190,True
YNV,unsteered,7LXL,type_I_active_site,pred.model_idx_3,0.2679671457905544,6.710941697885805,0.909999430179596,True,,6.349648809186221,137.48314520012596,False,,1.167732473579529,154,True
YNV,unsteered,7LXL,type_I_active_site,pred.model_idx_4,0.2535934291581109,6.721834292068344,0.9114887714385986,True,,9.090620935887713,139.58662586233643,False,,0.7162945460777537,158,True
YNV,unsteered,7LXL,type_I_active_site,pred.model_idx_5,0.2304928131416838,6.902468843374678,0.911170482635498,True,,6.934042615963648,135.45860365276297,False,,0.7561042002378398,183,True
YNV,unsteered,7LXL,type_I_active_site,pred.model_idx_6,0.34394250513347024,5.700907035630249,0.9107335209846497,True,,7.531230045616718,138.36134198399415,False,,0.8850760183680504,148,True
YNV,unsteered,7LXL,type_I_active_site,pred.model_idx_7,0.2438398357289528,6.498213691555014,0.9110829830169678,False,severe steric overlap (1.70 A into vdW),7.625785271039305,136.52616000302953,False,,1.697852175378489,216,True
YNV,unsteered,7LXL,type_I_active_site,pred.model_idx_8,0.33572895277207393,6.248543204228009,0.9109839200973511,True,,3.058125733190184,167.3672331139755,False,,0.7780488181508796,176,True
YNV,unsteered,7LXL,type_I_active_site,pred.model_idx_9,0.2351129363449692,5.7749839755515735,0.9098126292228699,True,,6.0540543439913055,132.29136679314757,False,,0.8235734048880801,174,True
Z8Z,unsteered,4I4G,type_II_coordinated,pred.model_idx_0,0.6138888888888889,2.3983994171283363,0.9342505931854248,True,,2.135301383880037,173.6407067159757,True,,0.4787123463598344,199,True
Z8Z,unsteered,4I4G,type_II_coordinated,pred.model_idx_1,0.5399305555555556,2.5338658566601646,0.9347636699676514,True,,2.1358295812166284,170.82467761700812,True,,1.0047918833662601,215,True
Z8Z,unsteered,4I4G,type_II_coordinated,pred.model_idx_2,0.6243055555555556,2.037243367338455,0.935072660446167,True,,2.0613767244247234,177.6739834234363,True,,0.600200580197026,197,True
Z8Z,unsteered,4I4G,type_II_coordinated,pred.model_idx_3,0.6423611111111112,2.0990284022032624,0.9340260028839111,True,,2.1535723809521707,175.49356099481406,True,,1.0140942903197332,214,True
Z8Z,unsteered,4I4G,type_II_coordinated,pred.model_idx_4,0.6753472222222222,2.092359450852758,0.934697151184082,True,,2.140330114725296,175.26401974042105,True,,0.649830161253929,159,True
Z8Z,unsteered,4I4G,type_II_coordinated,pred.model_idx_5,0.64375,2.2387652024310394,0.9339326620101929,True,,2.0820465892962146,174.42031044703404,True,,0.8958147664181322,235,True
Z8Z,unsteered,4I4G,type_II_coordinated,pred.model_idx_6,0.6427083333333333,2.372819263175607,0.9344836473464966,True,,2.13765291850665,177.0057582182196,True,,0.527680728052677,242,True
Z8Z,unsteered,4I4G,type_II_coordinated,pred.model_idx_7,0.6454861111111111,2.135195054540921,0.9342857599258423,True,,2.0741268042238885,174.80547804378674,True,,0.6280699864534816,214,True
Z8Z,unsteered,4I4G,type_II_coordinated,pred.model_idx_8,0.6083333333333334,2.0194745300161516,0.9350802898406982,True,,2.208603631256636,176.00521385659536,True,,0.6327356145921228,182,True
Z8Z,unsteered,4I4G,type_II_coordinated,pred.model_idx_9,0.6284722222222222,2.2002107737384042,0.9347100853919983,True,,2.1358169397211926,176.59803796588827,True,,1.1080807169535833,216,True
Z9Z,unsteered,4I4H,type_II_coordinated,pred.model_idx_0,0.6639819587628866,1.8239998243384694,0.9375540018081665,True,,2.246277587476668,175.08233854867308,True,,0.49043373408887536,187,True
Z9Z,unsteered,4I4H,type_II_coordinated,pred.model_idx_1,0.6736469072164948,1.9349493480380195,0.9378504157066345,True,,2.2509278087046685,171.9691868703608,True,,0.6224311366202429,180,True
Z9Z,unsteered,4I4H,type_II_coordinated,pred.model_idx_2,0.6510953608247423,1.952397038477677,0.9373656511306763,True,,2.1576406095547984,174.6895638502436,True,,0.6428143256645242,194,True
Z9Z,unsteered,4I4H,type_II_coordinated,pred.model_idx_3,0.6417525773195876,2.055810657686522,0.9373972415924072,True,,2.277784449854727,176.62812840940342,True,,0.7349356145161949,169,True
Z9Z,unsteered,4I4H,type_II_coordinated,pred.model_idx_4,0.6662371134020618,1.9515196324376893,0.9372079372406006,True,,2.261098405642709,174.70975519866872,True,,0.875446950909406,173,True
Z9Z,unsteered,4I4H,type_II_coordinated,pred.model_idx_5,0.6407860824742267,2.0353801795934654,0.9371906518936157,True,,2.166759331351777,174.01481452469412,True,,0.9552470721230137,240,True
Z9Z,unsteered,4I4H,type_II_coordinated,pred.model_idx_6,0.6607603092783505,2.0146814870500105,0.9380702972412109,True,,2.3066915701931197,176.0987750858598,True,,0.5057096691768579,192,True
Z9Z,unsteered,4I4H,type_II_coordinated,pred.model_idx_7,0.6307989690721649,2.120131918411721,0.9369878768920898,True,,2.1849661324606386,176.49543170825078,True,,0.5976434916306599,224,True
Z9Z,unsteered,4I4H,type_II_coordinated,pred.model_idx_8,0.6166237113402062,1.9467058337531138,0.9379175901412964,True,,2.327927404366382,173.78588562981324,True,,0.7640508962928396,184,True
Z9Z,unsteered,4I4H,type_II_coordinated,pred.model_idx_9,0.5866623711340206,2.3304845058185824,0.9374396800994873,True,,2.3053023662851695,178.7499928047086,True,,1.0842549794936405,258,True
