ligand,sample,lddt_pli,bisy_rmsd
08J,08J__r0s0,0.1952908587257618,4.819779351544812
08J,08J__r0s1,0.15512465373961218,5.09402123269161
08J,08J__r0s10,0.10872576177285319,8.655386384784075
08J,08J__r0s11,0.06994459833795014,10.391482333802708
08J,08J__r0s12,0.07479224376731303,8.247265573275568
08J,08J__r0s13,0.08864265927977841,8.870746850831534
08J,08J__r0s14,0.10249307479224376,6.714848499642457
08J,08J__r0s15,0.09833795013850416,9.264942495334157
08J,08J__r0s16,0.13850415512465375,8.036870374035574
08J,08J__r0s17,0.15927977839335178,6.170194801321716
08J,08J__r0s18,0.1378116343490305,8.016146292612863
08J,08J__r0s19,0.17867036011080334,6.420786382073053
08J,08J__r0s2,0.09141274238227148,8.962696018173832
08J,08J__r0s3,0.09487534626038781,6.720480718666557
08J,08J__r0s4,0.07132963988919667,9.072719867333294
08J,08J__r0s5,0.12534626038781166,7.757948337315992
08J,08J__r0s6,0.0886426592797784,9.452348206207992
08J,08J__r0s7,0.1059556786703601,8.297742853600711
08J,08J__r0s8,0.10318559556786705,7.107405396060844
08J,08J__r0s9,0.15997229916897507,5.6610925789792805
08J,08J__r1s0,0.18074792243767313,5.302084104148825
08J,08J__r1s1,0.09556786703601108,5.840865541017647
08J,08J__r1s2,0.09279778393351801,7.206385193977221
08J,08J__r1s3,0.12257617728531855,8.395833885497256
08J,08J__r1s4,0.10664819944598339,5.89983469306207
08Y,08Y__r0s0,0.8132793017456359,1.1045345734450602
08Y,08Y__r0s1,0.09258104738154613,16.773759260276282
08Y,08Y__r0s10,0.14962593516209477,9.950655521196493
08Y,08Y__r0s11,0.17175810473815462,10.527489769629948
08Y,08Y__r0s12,0.06359102244389028,13.558035439714837
08Y,08Y__r0s13,0.15430174563591023,10.652574500078728
08Y,08Y__r0s14,0.22630922693266833,7.614245387481317
08Y,08Y__r0s15,0.05579800498753117,15.59787799951174
08Y,08Y__r0s16,0.07668329177057356,13.339763024677904
08Y,08Y__r0s17,0.1561720698254364,15.35481693311858
08Y,08Y__r0s18,0.05205735660847881,17.31276463790794
08Y,08Y__r0s19,0.09756857855361595,15.496695268218083
08Y,08Y__r0s2,0.064214463840399,16.882730420975093
08Y,08Y__r0s3,0.10910224438902744,11.304988348740917
08Y,08Y__r0s4,0.02244389027431421,18.06433434328146
08Y,08Y__r0s5,0.044576059850374064,15.195039398031371
08Y,08Y__r0s6,0.09102244389027431,11.956861005176165
08Y,08Y__r0s7,0.08946384039900249,15.408762581608302
08Y,08Y__r0s8,0.09850374064837905,11.649732136375299
08Y,08Y__r0s9,0.31982543640897754,5.7355913252752435
08Y,08Y__r1s0,0.8413341645885287,1.011728431573544
08Y,08Y__r1s1,0.04894014962593516,13.610705054408067
08Y,08Y__r1s2,0.270573566084788,6.895285640362949
08Y,08Y__r1s3,0.3279301745635911,6.216728351277908
08Y,08Y__r1s4,0.1726932668329177,9.249837427629531
1RD,1RD__r0s0,0.20779685264663805,6.419970006207992
1RD,1RD__r0s1,0.0332618025751073,15.110381277569592
1RD,1RD__r0s10,0.17560801144492133,7.776936694610213
1RD,1RD__r0s11,0.060801144492131615,12.97600211047223
1RD,1RD__r0s12,0.08941344778254649,10.050716699117078
1RD,1RD__r0s13,0.07689556509298999,14.946103655720988
1RD,1RD__r0s14,0.05507868383404864,11.568636213554958
1RD,1RD__r0s15,0.057939914163090134,13.027163812936696
1RD,1RD__r0s16,0.1967095851216023,7.452673979141695
1RD,1RD__r0s17,0.0844062947067239,12.480674100780549
1RD,1RD__r0s18,0.047567954220314734,17.342256271137494
1RD,1RD__r0s19,0.22317596566523606,7.380509983026073
1RD,1RD__r0s2,0.0947782546494993,13.074225216156446
1RD,1RD__r0s3,0.12982832618025753,9.495604115427135
1RD,1RD__r0s4,0.07689556509298999,17.872583947768746
1RD,1RD__r0s5,0.1427038626609442,9.955737225796312
1RD,1RD__r0s6,0.06759656652360516,17.049246940824425
1RD,1RD__r0s7,0.025035765379113017,13.243039569525761
1RD,1RD__r0s8,0.19527896995708155,7.276110572730985
1RD,1RD__r0s9,0.05650929899856939,18.35720772470774
1RD,1RD__r1s0,0.21101573676680974,6.536066102007319
1RD,1RD__r1s1,0.06759656652360516,19.015322994144274
1RD,1RD__r1s2,0.23032904148783978,7.928783374508992
1RD,1RD__r1s3,0.27968526466380544,5.474206589628748
1RD,1RD__r1s4,0.04220314735336195,13.893014419409813
2QH,2QH__r0s0,0.6675627240143369,1.5265219467369797
2QH,2QH__r0s1,0.17831541218637995,8.444925148282067
2QH,2QH__r0s10,0.12365591397849462,10.0344950662636
2QH,2QH__r0s11,0.19444444444444445,8.14903715171799
2QH,2QH__r0s12,0.1635304659498208,7.52784954665524
2QH,2QH__r0s13,0.08691756272401432,10.954294969700427
2QH,2QH__r0s14,0.15905017921146952,8.221351096231926
2QH,2QH__r0s15,0.15143369175627241,11.331566035711955
2QH,2QH__r0s16,0.06317204301075269,9.814993590484532
2QH,2QH__r0s17,0.14919354838709678,7.776848806643043
2QH,2QH__r0s18,0.08870967741935484,11.254503116831309
2QH,2QH__r0s19,0.2114695340501792,6.200784364267023
2QH,2QH__r0s2,0.09094982078853046,10.508541487167449
2QH,2QH__r0s3,0.12141577060931899,11.297229949189031
2QH,2QH__r0s4,0.2661290322580645,6.989152913710464
2QH,2QH__r0s5,0.08378136200716846,11.119758754185398
2QH,2QH__r0s6,0.2818100358422939,5.829950588771574
2QH,2QH__r0s7,0.1792114695340502,8.637577470814932
2QH,2QH__r0s8,0.0667562724014337,12.493564071617897
2QH,2QH__r0s9,0.08915770609318996,12.859736311017658
2QH,2QH__r1s0,0.7302867383512545,1.4812810688866793
2QH,2QH__r1s1,0.14381720430107525,8.659229483658487
2QH,2QH__r1s2,0.13620071684587814,9.012700697582877
2QH,2QH__r1s3,0.10080645161290322,13.335406174678027
2QH,2QH__r1s4,0.21012544802867383,7.126785947114007
5AW,5AW__r0s0,0.18442622950819673,11.2688603216366
5AW,5AW__r0s1,0.060655737704918035,19.105128811512564
5AW,5AW__r0s10,0.1377049180327869,9.430433071550377
5AW,5AW__r0s11,0.08688524590163935,12.439480967066821
5AW,5AW__r0s12,0.08360655737704918,20.609335116229186
5AW,5AW__r0s13,0.0942622950819672,16.217408950315175
5AW,5AW__r0s14,0.23934426229508193,9.349832814953492
5AW,5AW__r0s15,0.0942622950819672,18.06587335812608
5AW,5AW__r0s16,0.09918032786885246,14.839842002786337
5AW,5AW__r0s17,0.08852459016393444,14.993672355814658
5AW,5AW__r0s18,0.04754098360655738,12.078767109728965
5AW,5AW__r0s19,0.05655737704918033,15.829360599546545
5AW,5AW__r0s2,0.13934426229508196,14.5457973594583
5AW,5AW__r0s3,0.0721311475409836,18.239764253457906
5AW,5AW__r0s4,0.03114754098360656,20.176024107172154
5AW,5AW__r0s5,0.08278688524590164,13.361017299283766
5AW,5AW__r0s6,0.04918032786885246,17.031841964550054
5AW,5AW__r0s7,0.0598360655737705,13.623002622574123
5AW,5AW__r0s8,0.09508196721311475,11.275417670713525
5AW,5AW__r0s9,0.13278688524590165,16.039403535485615
6AW,6AW__r0s0,0.7908088235294117,1.3887848086540973
6AW,6AW__r0s1,0.14926470588235294,9.15218614331976
6AW,6AW__r0s10,0.2555147058823529,8.015277264653125
6AW,6AW__r0s11,0.11727941176470588,9.055471427207081
6AW,6AW__r0s12,0.43529411764705883,4.577660071271931
6AW,6AW__r0s13,0.35220588235294115,6.328444296892905
6AW,6AW__r0s14,0.2974264705882353,5.390655336284022
6AW,6AW__r0s15,0.08198529411764706,12.338555631197199
6AW,6AW__r0s16,0.10588235294117648,13.734963676682218
6AW,6AW__r0s17,0.19411764705882353,10.492090999972765
6AW,6AW__r0s18,0.24044117647058824,7.0644395051081155
6AW,6AW__r0s19,0.1213235294117647,12.079453132454798
6AW,6AW__r0s2,0.09227941176470589,9.978431414736205
6AW,6AW__r0s3,0.37941176470588234,4.920990602619528
6AW,6AW__r0s4,0.09080882352941178,11.61176962112564
6AW,6AW__r0s5,0.039705882352941174,14.028561741538748
6AW,6AW__r0s6,0.3636029411764706,5.449333831634095
6AW,6AW__r0s7,0.04301470588235294,13.846976589753583
6AW,6AW__r0s8,0.11433823529411766,10.119129337281874
6AW,6AW__r0s9,0.07830882352941176,13.107775900506114
7AW,7AW__r0s0,0.6840536512667661,1.2694985840074233
7AW,7AW__r0s1,0.29098360655737704,8.006142581710511
7AW,7AW__r0s10,0.09575260804769001,14.2233939628423
7AW,7AW__r0s11,0.27123695976154993,7.592936023111565
7AW,7AW__r0s12,0.0804769001490313,12.143685614839669
7AW,7AW__r0s13,0.27943368107302535,7.725304016736063
7AW,7AW__r0s14,0.2440387481371088,10.95019975796956
7AW,7AW__r0s15,0.04694485842026826,13.208017944533077
7AW,7AW__r0s16,0.29135618479880776,9.413713077495274
7AW,7AW__r0s17,0.0871833084947839,12.782402321661742
7AW,7AW__r0s18,0.06631892697466468,12.637084120419452
7AW,7AW__r0s19,0.29321907600596125,7.187791405588637
7AW,7AW__r0s2,0.11289120715350223,11.094177018887896
7AW,7AW__r0s3,0.1557377049180328,13.621361438350034
7AW,7AW__r0s4,0.3125931445603577,5.484125744110668
7AW,7AW__r0s5,0.20081967213114754,10.470756822144812
7AW,7AW__r0s6,0.05663189269746647,12.768789092321974
7AW,7AW__r0s7,0.19560357675111772,9.470799808738077
7AW,7AW__r0s8,0.21423248882265278,9.461371550649245
7AW,7AW__r0s9,0.30886736214605065,6.80360809969172
80K,80K__r0s0,0.6472275334608031,3.2041085375520035
80K,80K__r0s1,0.2390057361376673,6.7500015673881855
80K,80K__r0s10,0.14531548757170173,10.634166336930797
80K,80K__r0s11,0.03824091778202677,11.504847497060164
80K,80K__r0s12,0.15009560229445507,8.461897346337969
80K,80K__r0s13,0.06022944550669217,11.982096485063401
80K,80K__r0s14,0.21940726577437858,7.445592550262812
80K,80K__r0s15,0.1161567877629063,10.293547417288096
80K,80K__r0s16,0.06883365200764818,13.236553846829585
80K,80K__r0s17,0.09225621414913958,8.44448703964284
80K,80K__r0s18,0.1888145315487572,9.22000552250471
80K,80K__r0s19,0.125717017208413,9.914159090058616
80K,80K__r0s2,0.09034416826003824,12.72482101470497
80K,80K__r0s3,0.12667304015296366,10.404799421853324
80K,80K__r0s4,0.11185468451242829,8.927009712447926
80K,80K__r0s5,0.16634799235181646,9.632625394158964
80K,80K__r0s6,0.3331739961759082,5.47756195077131
80K,80K__r0s7,0.1601338432122371,9.572664406589748
80K,80K__r0s8,0.21462715105162522,6.06655560815558
80K,80K__r0s9,0.10946462715105162,10.44758058192554
8AW,8AW__r0s0,0.6946236559139785,1.7897172617400938
8AW,8AW__r0s1,0.2537634408602151,6.682003388941774
8AW,8AW__r0s10,0.26505376344086023,5.931085854984291
8AW,8AW__r0s11,0.20591397849462367,10.234922906550784
8AW,8AW__r0s12,0.17795698924731185,8.044208089488478
8AW,8AW__r0s13,0.17795698924731182,7.65949735444083
8AW,8AW__r0s14,0.12688172043010754,10.054367528125383
8AW,8AW__r0s15,0.2290322580645161,6.785287705129655
8AW,8AW__r0s16,0.12526881720430108,12.428541318434002
8AW,8AW__r0s17,0.25,7.867717864388188
8AW,8AW__r0s18,0.22741935483870968,8.049960528219527
8AW,8AW__r0s19,0.20806451612903226,6.435644979741688
8AW,8AW__r0s2,0.23118279569892475,11.056274344423569
8AW,8AW__r0s3,0.1456989247311828,9.192021075201188
8AW,8AW__r0s4,0.20967741935483872,7.977038518247343
8AW,8AW__r0s5,0.23548387096774193,7.537054787357575
8AW,8AW__r0s6,0.2182795698924731,8.981807792172217
8AW,8AW__r0s7,0.12150537634408602,10.781867944647306
8AW,8AW__r0s8,0.05268817204301075,12.616691951075136
8AW,8AW__r0s9,0.1010752688172043,9.777779398735253
A1A06,A1A06__r0s0,0.8308823529411764,2.1983040197707178
A1A06,A1A06__r0s1,0.037745098039215684,13.669269875830736
A1A06,A1A06__r0s10,0.09362745098039216,9.925888632013182
A1A06,A1A06__r0s11,0.12009803921568628,12.372320029479901
A1A06,A1A06__r0s12,0.20294117647058824,12.12483503160435
A1A06,A1A06__r0s13,0.18627450980392157,11.126430895289095
A1A06,A1A06__r0s14,0.13970588235294118,10.953306026814953
A1A06,A1A06__r0s15,0.09166666666666666,9.167989539517654
A1A06,A1A06__r0s16,0.10980392156862745,8.25997830855578
A1A06,A1A06__r0s17,0.4117647058823529,4.515054497086228
A1A06,A1A06__r0s18,0.22205882352941175,11.296032621355508
A1A06,A1A06__r0s19,0.09607843137254901,14.39418814473252
A1A06,A1A06__r0s2,0.25882352941176473,7.38131762806887
A1A06,A1A06__r0s3,0.1519607843137255,12.16632467573244
A1A06,A1A06__r0s4,0.06323529411764706,14.685842162169788
A1A06,A1A06__r0s5,0.16911764705882354,9.080227130053117
A1A06,A1A06__r0s6,0.07107843137254902,10.522597438511356
A1A06,A1A06__r0s7,0.1784313725490196,8.078627360126891
A1A06,A1A06__r0s8,0.14558823529411766,10.549001454133
A1A06,A1A06__r0s9,0.1843137254901961,7.843081591458999
A1A07,A1A07__r0s0,0.6237424547283702,2.5366816136476986
A1A07,A1A07__r0s1,0.12072434607645875,10.673392544221581
A1A07,A1A07__r0s10,0.1096579476861167,9.309175308347541
A1A07,A1A07__r0s11,0.10261569416498995,11.694291889712396
A1A07,A1A07__r0s12,0.0694164989939638,14.93428414628889
A1A07,A1A07__r0s13,0.061871227364185113,14.829344626171222
A1A07,A1A07__r0s14,0.10764587525150907,11.657112814007164
A1A07,A1A07__r0s15,0.25553319919517103,6.790515928085626
A1A07,A1A07__r0s16,0.27414486921529174,10.449634305730665
A1A07,A1A07__r0s17,0.10865191146881288,11.182217305579197
A1A07,A1A07__r0s18,0.15593561368209255,8.314231522127354
A1A07,A1A07__r0s19,0.11116700201207244,12.85920353455773
A1A07,A1A07__r0s2,0.1710261569416499,11.353711001694265
A1A07,A1A07__r0s3,0.10211267605633803,12.661233919981388
A1A07,A1A07__r0s4,0.17655935613682094,9.253120251287609
A1A07,A1A07__r0s5,0.08601609657947686,14.377989138070049
A1A07,A1A07__r0s6,0.13832997987927564,11.220939507548453
A1A07,A1A07__r0s7,0.09205231388329979,10.450248002673025
A1A07,A1A07__r0s8,0.12072434607645874,10.089085431359274
A1A07,A1A07__r0s9,0.14185110663983902,9.966433625415114
A1A08,A1A08__r0s0,0.8621212121212122,1.328367862087518
A1A08,A1A08__r0s1,0.048484848484848485,11.929882492836713
A1A08,A1A08__r0s10,0.21464646464646464,8.695653362785357
A1A08,A1A08__r0s11,0.24595959595959593,8.103955986629968
A1A08,A1A08__r0s12,0.11717171717171718,14.094524833021097
A1A08,A1A08__r0s13,0.1106060606060606,8.553102718705679
A1A08,A1A08__r0s14,0.1106060606060606,12.823611600704334
A1A08,A1A08__r0s15,0.09595959595959595,12.301389556514904
A1A08,A1A08__r0s16,0.06262626262626263,12.408048663812657
A1A08,A1A08__r0s17,0.25151515151515147,8.985937608486966
A1A08,A1A08__r0s18,0.1313131313131313,10.781793653512418
A1A08,A1A08__r0s19,0.10808080808080808,11.097233162169466
A1A08,A1A08__r0s2,0.08787878787878788,13.463282229824456
A1A08,A1A08__r0s3,0.18282828282828284,8.090140115728664
A1A08,A1A08__r0s4,0.12878787878787878,12.227839062481504
A1A08,A1A08__r0s5,0.1782828282828283,11.671464061954708
A1A08,A1A08__r0s6,0.06464646464646465,10.020183491650778
A1A08,A1A08__r0s7,0.06111111111111111,8.705493024752524
A1A08,A1A08__r0s8,0.07626262626262625,9.922004353292717
A1A08,A1A08__r0s9,0.05606060606060606,10.4529205179337
A1A4K,A1A4K__r0s0,0.5947674418604652,4.901475137376908
A1A4K,A1A4K__r0s1,0.16686046511627906,8.795493400370889
A1A4K,A1A4K__r0s10,0.1366279069767442,9.739778641290057
A1A4K,A1A4K__r0s11,0.12616279069767442,9.150282144227496
A1A4K,A1A4K__r0s12,0.15406976744186046,8.97475441849406
A1A4K,A1A4K__r0s13,0.1255813953488372,9.848661119148296
A1A4K,A1A4K__r0s14,0.18720930232558142,8.720137301500213
A1A4K,A1A4K__r0s15,0.275,6.829387573092664
A1A4K,A1A4K__r0s16,0.1744186046511628,7.315850362934093
A1A4K,A1A4K__r0s17,0.15406976744186046,10.808974310446931
A1A4K,A1A4K__r0s18,0.11511627906976746,10.1940362588809
A1A4K,A1A4K__r0s19,0.10058139534883721,9.267652638861312
A1A4K,A1A4K__r0s2,0.07325581395348837,11.364274170499522
A1A4K,A1A4K__r0s3,0.062209302325581396,10.791350646550676
A1A4K,A1A4K__r0s4,0.09709302325581395,13.068437440736504
A1A4K,A1A4K__r0s5,0.1691860465116279,9.801313158375605
A1A4K,A1A4K__r0s6,0.20930232558139533,6.40504719701857
A1A4K,A1A4K__r0s7,0.09651162790697675,9.677531597613045
A1A4K,A1A4K__r0s8,0.38313953488372093,7.699627901699558
A1A4K,A1A4K__r0s9,0.17674418604651163,9.083707070643593
A1A4K,A1A4K__r1s0,0.5953488372093023,4.928468772164115
A1A4K,A1A4K__r1s1,0.1058139534883721,12.098088912143279
A1A4K,A1A4K__r1s2,0.06627906976744186,15.501639255505646
A1A4K,A1A4K__r1s3,0.05988372093023256,13.380565618037064
A1A4K,A1A4K__r1s4,0.2930232558139535,8.410757028710043
A1A4S,A1A4S__r0s0,0.8115942028985507,1.9487297334119784
A1A4S,A1A4S__r0s1,0.1997929606625259,9.862657302040684
A1A4S,A1A4S__r0s10,0.12163561076604555,12.562485783423293
A1A4S,A1A4S__r0s11,0.3969979296066253,5.430620845930863
A1A4S,A1A4S__r0s12,0.14026915113871635,10.900824986977765
A1A4S,A1A4S__r0s13,0.10662525879917184,11.584865964796132
A1A4S,A1A4S__r0s14,0.07712215320910973,13.68324945105906
A1A4S,A1A4S__r0s15,0.2960662525879917,7.1272101059397235
A1A4S,A1A4S__r0s16,0.24637681159420288,9.385629428344021
A1A4S,A1A4S__r0s17,0.09523809523809525,14.733257034818347
A1A4S,A1A4S__r0s18,0.09006211180124224,14.50376869992479
A1A4S,A1A4S__r0s19,0.07349896480331262,13.4690044381475
A1A4S,A1A4S__r0s2,0.33333333333333337,6.107208142207541
A1A4S,A1A4S__r0s3,0.13819875776397517,8.217380963340933
A1A4S,A1A4S__r0s4,0.06677018633540373,11.680727017772291
A1A4S,A1A4S__r0s5,0.2629399585921325,7.7182291829111485
A1A4S,A1A4S__r0s6,0.2468944099378882,7.389606322931107
A1A4S,A1A4S__r0s7,0.22929606625258797,9.483691008298715
A1A4S,A1A4S__r0s8,0.07194616977225674,14.465259167372894
A1A4S,A1A4S__r0s9,0.13716356107660455,11.127289443204761
A1A4S,A1A4S__r1s0,0.822463768115942,1.7052607830634468
A1A4S,A1A4S__r1s1,0.2261904761904762,6.71873662506812
A1A4S,A1A4S__r1s2,0.2562111801242236,7.322990275339346
A1A4S,A1A4S__r1s3,0.38716356107660455,5.630910096364669
A1A4S,A1A4S__r1s4,0.18581780538302278,10.381159301120167
A1A4T,A1A4T__r0s0,0.5168269230769231,4.97442294089991
A1A4T,A1A4T__r0s1,0.11201923076923077,14.390666584731955
A1A4T,A1A4T__r0s10,0.06971153846153846,12.756543835757961
A1A4T,A1A4T__r0s11,0.07548076923076924,11.573911901886937
A1A4T,A1A4T__r0s12,0.08221153846153846,8.526079088841346
A1A4T,A1A4T__r0s13,0.13365384615384615,12.540394761983649
A1A4T,A1A4T__r0s14,0.056249999999999994,12.913821019242544
A1A4T,A1A4T__r0s15,0.0375,14.357529732228434
A1A4T,A1A4T__r0s16,0.08028846153846153,13.748609023045004
A1A4T,A1A4T__r0s17,0.28221153846153846,10.635637665233844
A1A4T,A1A4T__r0s18,0.07596153846153847,14.178082251218438
A1A4T,A1A4T__r0s19,0.08221153846153846,15.212199270290677
A1A4T,A1A4T__r0s2,0.10192307692307692,9.928957000751447
A1A4T,A1A4T__r0s3,0.2360576923076923,11.03088335272668
A1A4T,A1A4T__r0s4,0.27163461538461536,7.708082095282039
A1A4T,A1A4T__r0s5,0.03413461538461539,15.101384914500262
A1A4T,A1A4T__r0s6,0.14182692307692307,8.762916403892326
A1A4T,A1A4T__r0s7,0.07884615384615384,10.834950846493532
A1A4T,A1A4T__r0s8,0.20576923076923076,9.195079205131233
A1A4T,A1A4T__r0s9,0.21826923076923077,10.936878335012116
A1A4T,A1A4T__r1s0,0.6985576923076924,3.0402099286456306
A1A4T,A1A4T__r1s1,0.046153846153846156,14.577577502917034
A1A4T,A1A4T__r1s2,0.14951923076923077,8.190800126920784
A1A4T,A1A4T__r1s3,0.24567307692307694,12.446529537344627
A1A4T,A1A4T__r1s4,0.3153846153846154,10.027033873449788
A1A4U,A1A4U__r0s0,0.8684486373165619,1.7959210914319548
A1A4U,A1A4U__r0s1,0.10639412997903563,13.514507425177635
A1A4U,A1A4U__r0s10,0.20178197064989517,8.408094191654813
A1A4U,A1A4U__r0s11,0.19129979035639413,11.090566688739337
A1A4U,A1A4U__r0s12,0.13784067085953877,8.360426497345584
A1A4U,A1A4U__r0s13,0.040880503144654086,14.371022369808308
A1A4U,A1A4U__r0s14,0.41037735849056606,7.167357364695431
A1A4U,A1A4U__r0s15,0.21331236897274633,11.179393702942315
A1A4U,A1A4U__r0s16,0.20230607966457023,13.106652162793539
A1A4U,A1A4U__r0s17,0.053983228511530396,14.602252200698377
A1A4U,A1A4U__r0s18,0.08438155136268344,12.22139167502754
A1A4U,A1A4U__r0s19,0.07651991614255765,13.438322392185233
A1A4U,A1A4U__r0s2,0.07966457023060797,11.660929236135404
A1A4U,A1A4U__r0s3,0.2887840670859539,9.510522960948503
A1A4U,A1A4U__r0s4,0.19968553459119498,11.30538586146281
A1A4U,A1A4U__r0s5,0.19968553459119498,9.468304459672652
A1A4U,A1A4U__r0s6,0.09643605870020965,12.86462827313347
A1A4U,A1A4U__r0s7,0.07075471698113207,13.127127179214291
A1A4U,A1A4U__r0s8,0.06761006289308176,12.616811884357576
A1A4U,A1A4U__r0s9,0.03563941299790357,13.44187332799027
A1A4U,A1A4U__r1s0,0.8422431865828092,1.7598304300495116
A1A4U,A1A4U__r1s1,0.05293501048218029,13.07609377686238
A1A4U,A1A4U__r1s2,0.07337526205450734,15.024729039627147
A1A4U,A1A4U__r1s3,0.3238993710691824,7.5601155243879825
A1A4U,A1A4U__r1s4,0.15880503144654087,11.660969456648672
A1A4V,A1A4V__r0s0,0.7611940298507462,1.4474956428525627
A1A4V,A1A4V__r0s1,0.23880597014925373,7.673408899850363
A1A4V,A1A4V__r0s10,0.24906716417910446,10.792675859404905
A1A4V,A1A4V__r0s11,0.06949626865671642,14.494850630476481
A1A4V,A1A4V__r0s12,0.35074626865671643,6.142513204744191
A1A4V,A1A4V__r0s13,0.31529850746268656,5.936667268013184
A1A4V,A1A4V__r0s14,0.1310634328358209,10.266916186532837
A1A4V,A1A4V__r0s15,0.1044776119402985,13.527590715529042
A1A4V,A1A4V__r0s16,0.15298507462686567,11.220885971446933
A1A4V,A1A4V__r0s17,0.11007462686567164,10.19036299159172
A1A4V,A1A4V__r0s18,0.0662313432835821,11.218768979087029
A1A4V,A1A4V__r0s19,0.27285447761194026,6.618826724222675
A1A4V,A1A4V__r0s2,0.061567164179104475,11.496444058541288
A1A4V,A1A4V__r0s3,0.0708955223880597,9.239442384336584
A1A4V,A1A4V__r0s4,0.14738805970149255,9.953958048577883
A1A4V,A1A4V__r0s5,0.07276119402985075,13.447964864782902
A1A4V,A1A4V__r0s6,0.13526119402985073,12.620188354792127
A1A4V,A1A4V__r0s7,0.13339552238805968,11.634336383679353
A1A4V,A1A4V__r0s8,0.09701492537313433,12.205466911921322
A1A4V,A1A4V__r0s9,0.12406716417910446,11.310201529656362
A1A4V,A1A4V__r1s0,0.7985074626865672,1.0053854255834314
A1A4V,A1A4V__r1s1,0.2607276119402985,8.180399565166013
A1A4V,A1A4V__r1s2,0.37453358208955223,6.679732402103061
A1A4V,A1A4V__r1s3,0.06949626865671642,15.361362395992114
A1A4V,A1A4V__r1s4,0.20242537313432835,9.767907734111771
A1APA,A1APA__r0s0,0.6327868852459015,3.1605929935101176
A1APA,A1APA__r0s1,0.08401639344262296,14.88314870837981
A1APA,A1APA__r0s10,0.01639344262295082,16.78638724437036
A1APA,A1APA__r0s11,0.12459016393442623,13.66446099686181
A1APA,A1APA__r0s12,0.1319672131147541,9.287688560197507
A1APA,A1APA__r0s13,0.01721311475409836,13.462413724410823
A1APA,A1APA__r0s14,0.06147540983606557,14.687470067462364
A1APA,A1APA__r0s15,0.0057377049180327875,13.840535035033113
A1APA,A1APA__r0s16,0.12950819672131147,10.614804405096626
A1APA,A1APA__r0s17,0.09549180327868853,10.16403126127063
A1APA,A1APA__r0s18,0.0860655737704918,10.596324456947276
A1APA,A1APA__r0s19,0.10614754098360656,9.839661732161483
A1APA,A1APA__r0s2,0.14508196721311475,13.251406519316896
A1APA,A1APA__r0s3,0.18934426229508194,9.754307410946906
A1APA,A1APA__r0s4,0.20901639344262296,10.791090456206177
A1APA,A1APA__r0s5,0.19262295081967212,7.560834564364966
A1APA,A1APA__r0s6,0.19672131147540983,8.50461233656308
A1APA,A1APA__r0s7,0.14754098360655737,10.171957916192152
A1APA,A1APA__r0s8,0.020491803278688523,13.953374855316087
A1APA,A1APA__r0s9,0.11598360655737705,15.44385516219554
A1APA,A1APA__r1s0,0.5872950819672131,3.191187057979177
A1APA,A1APA__r1s1,0.19467213114754098,14.28177181482538
A1APA,A1APA__r1s2,0.05327868852459017,13.2332419571346
A1APA,A1APA__r1s3,0.06967213114754098,14.620144584377838
A1APA,A1APA__r1s4,0.07459016393442622,14.920993389479182
A1ASO,A1ASO__r0s0,0.6221153846153846,2.65512284050915
A1ASO,A1ASO__r0s1,0.15913461538461537,8.32285747930348
A1ASO,A1ASO__r0s10,0.2264423076923077,8.924122485216522
A1ASO,A1ASO__r0s11,0.15432692307692308,9.04852990340692
A1ASO,A1ASO__r0s12,0.14615384615384616,10.2935135027121
A1ASO,A1ASO__r0s13,0.23221153846153847,9.040382234749552
A1ASO,A1ASO__r0s14,0.1456730769230769,11.39708994077118
A1ASO,A1ASO__r0s15,0.2745192307692308,7.028411310875725
A1ASO,A1ASO__r0s16,0.06875,13.33881153364436
A1ASO,A1ASO__r0s17,0.06971153846153846,9.026309252244909
A1ASO,A1ASO__r0s18,0.13798076923076924,7.987834264903478
A1ASO,A1ASO__r0s19,0.19230769230769232,11.499860612954452
A1ASO,A1ASO__r0s2,0.11730769230769231,10.544548642147365
A1ASO,A1ASO__r0s3,0.24759615384615385,8.980237622384733
A1ASO,A1ASO__r0s4,0.11586538461538462,14.105069639444311
A1ASO,A1ASO__r0s5,0.2567307692307692,8.8148787820233
A1ASO,A1ASO__r0s6,0.1375,8.983974775820686
A1ASO,A1ASO__r0s7,0.11394230769230769,11.886228033895447
A1ASO,A1ASO__r0s8,0.08461538461538462,11.243073192431131
A1ASO,A1ASO__r0s9,0.1668269230769231,8.36970695606696
A1ASO,A1ASO__r1s0,0.5125,3.49030372586516
A1ASO,A1ASO__r1s1,0.1923076923076923,9.582243842712487
A1ASO,A1ASO__r1s2,0.27019230769230773,7.512456647460213
A1ASO,A1ASO__r1s3,0.12163461538461537,9.609199310531631
A1ASO,A1ASO__r1s4,0.17692307692307693,10.34745203564096
A1ASP,A1ASP__r0s0,0.8171182266009852,1.7821856591600496
A1ASP,A1ASP__r0s1,0.14285714285714285,9.806575730882921
A1ASP,A1ASP__r0s10,0.20935960591133007,9.283309454339204
A1ASP,A1ASP__r0s11,0.27955665024630544,8.640562074635433
A1ASP,A1ASP__r0s12,0.11083743842364532,9.254666182406936
A1ASP,A1ASP__r0s13,0.22352216748768472,8.953988423320752
A1ASP,A1ASP__r0s14,0.11822660098522167,6.478686840720772
A1ASP,A1ASP__r0s15,0.23583743842364532,9.371038202231578
A1ASP,A1ASP__r0s16,0.2247536945812808,6.571787464134093
A1ASP,A1ASP__r0s17,0.3041871921182266,6.344467306603895
A1ASP,A1ASP__r0s18,0.20689655172413793,6.6483860535165755
A1ASP,A1ASP__r0s19,0.10960591133004927,9.918083794020236
A1ASP,A1ASP__r0s2,0.20997536945812809,6.9230379967590245
A1ASP,A1ASP__r0s3,0.2456896551724138,7.393037542915215
A1ASP,A1ASP__r0s4,0.3035714285714286,7.325170576077169
A1ASP,A1ASP__r0s5,0.2204433497536946,6.4812488873806355
A1ASP,A1ASP__r0s6,0.16379310344827586,9.574090629634748
A1ASP,A1ASP__r0s7,0.25307881773399016,7.7784197532139245
A1ASP,A1ASP__r0s8,0.39408866995073893,5.932091718109566
A1ASP,A1ASP__r0s9,0.2647783251231527,6.047879211984376
A1ASP,A1ASP__r1s0,0.814039408866995,1.695989137967848
A1ASP,A1ASP__r1s1,0.20874384236453203,8.431830866276849
A1ASP,A1ASP__r1s2,0.20197044334975367,8.105921062932884
A1ASP,A1ASP__r1s3,0.18226600985221675,8.02770997824688
A1ASP,A1ASP__r1s4,0.2315270935960591,9.527702703157063
A1ASQ,A1ASQ__r0s0,0.7317767653758542,2.4715430148558974
A1ASQ,A1ASQ__r0s1,0.21810933940774488,7.2612575321783615
A1ASQ,A1ASQ__r0s10,0.1958997722095672,9.105353202103904
A1ASQ,A1ASQ__r0s11,0.19020501138952164,6.570485893956028
A1ASQ,A1ASQ__r0s12,0.1560364464692483,9.642571795333192
A1ASQ,A1ASQ__r0s13,0.15261958997722097,9.638199034188846
A1ASQ,A1ASQ__r0s14,0.35820045558086555,6.0524459398646835
A1ASQ,A1ASQ__r0s15,0.1435079726651481,12.039725007938488
A1ASQ,A1ASQ__r0s16,0.1674259681093394,10.795418214654383
A1ASQ,A1ASQ__r0s17,0.21241457858769933,10.302286484460527
A1ASQ,A1ASQ__r0s18,0.25740318906605925,9.4563102662276
A1ASQ,A1ASQ__r0s19,0.18223234624145784,7.802761305275172
A1ASQ,A1ASQ__r0s2,0.2255125284738041,8.645440268299392
A1ASQ,A1ASQ__r0s3,0.19134396355353075,8.809423387116192
A1ASQ,A1ASQ__r0s4,0.14863325740318906,11.732518185420053
A1ASQ,A1ASQ__r0s5,0.2853075170842825,6.041720048497335
A1ASQ,A1ASQ__r0s6,0.19020501138952162,11.109132757218678
A1ASQ,A1ASQ__r0s7,0.224373576309795,9.42476235737297
A1ASQ,A1ASQ__r0s8,0.3342824601366743,7.697984332670345
A1ASQ,A1ASQ__r0s9,0.24658314350797267,8.557934146912476
A1ASQ,A1ASQ__r1s0,0.75,2.428664243057395
A1ASQ,A1ASQ__r1s1,0.11788154897494305,9.20923812249732
A1ASQ,A1ASQ__r1s2,0.306378132118451,7.899450243068803
A1ASQ,A1ASQ__r1s3,0.42482915717539865,5.692705960176477
A1ASQ,A1ASQ__r1s4,0.2966970387243736,7.994242408194078
A1ASR,A1ASR__r0s0,0.7575949367088607,2.0198888326623208
A1ASR,A1ASR__r0s1,0.5063291139240507,3.037101992850484
A1ASR,A1ASR__r0s10,0.1778481012658228,7.810725686152738
A1ASR,A1ASR__r0s11,0.19177215189873417,6.440406145254321
A1ASR,A1ASR__r0s12,0.43354430379746833,5.044869915112475
A1ASR,A1ASR__r0s13,0.4772151898734177,3.719541107034203
A1ASR,A1ASR__r0s14,0.4582278481012658,3.79403195549484
A1ASR,A1ASR__r0s15,0.14936708860759493,9.647771270596053
A1ASR,A1ASR__r0s16,0.20189873417721518,10.161156775737272
A1ASR,A1ASR__r0s17,0.15063291139240506,9.24958132995757
A1ASR,A1ASR__r0s18,0.18670886075949367,8.26715458115824
A1ASR,A1ASR__r0s19,0.16645569620253164,7.539283322706771
A1ASR,A1ASR__r0s2,0.189873417721519,7.887294068537749
A1ASR,A1ASR__r0s3,0.3531645569620253,6.495813883894659
A1ASR,A1ASR__r0s4,0.22594936708860758,8.074037660222686
A1ASR,A1ASR__r0s5,0.270253164556962,8.255496787925535
A1ASR,A1ASR__r0s6,0.15126582278481013,9.64055712321068
A1ASR,A1ASR__r0s7,0.21518987341772153,7.514097475800885
A1ASR,A1ASR__r0s8,0.37531645569620253,6.251109653354925
A1ASR,A1ASR__r0s9,0.18860759493670887,9.238725538025113
A1ASR,A1ASR__r1s0,0.7860759493670886,1.686424216044257
A1ASR,A1ASR__r1s1,0.16772151898734178,10.681729259085547
A1ASR,A1ASR__r1s2,0.35443037974683544,4.759390375877298
A1ASR,A1ASR__r1s3,0.18101265822784812,9.520987553473516
A1ASR,A1ASR__r1s4,0.17848101265822786,9.836616698949062
A1ASS,A1ASS__r0s0,0.5924050632911393,3.348490667696716
A1ASS,A1ASS__r0s1,0.3759493670886076,7.296308967276649
A1ASS,A1ASS__r0s10,0.39746835443037976,4.887682103597995
A1ASS,A1ASS__r0s11,0.31835443037974687,6.061471164242847
A1ASS,A1ASS__r0s12,0.270253164556962,6.114026024137269
A1ASS,A1ASS__r0s13,0.379746835443038,7.706572578907987
A1ASS,A1ASS__r0s14,0.34367088607594937,5.862700926676445
A1ASS,A1ASS__r0s15,0.419620253164557,4.60768861913544
A1ASS,A1ASS__r0s16,0.20063291139240505,8.581661737227167
A1ASS,A1ASS__r0s17,0.10632911392405064,7.9444393395106765
A1ASS,A1ASS__r0s18,0.2240506329113924,9.603562040688901
A1ASS,A1ASS__r0s19,0.2727848101265823,6.885638463689152
A1ASS,A1ASS__r0s2,0.2778481012658228,8.849984127840813
A1ASS,A1ASS__r0s3,0.29620253164556964,7.330113879576653
A1ASS,A1ASS__r0s4,0.31772151898734174,6.341448080442834
A1ASS,A1ASS__r0s5,0.3639240506329114,5.035754727062056
A1ASS,A1ASS__r0s6,0.21645569620253163,7.704638873941536
A1ASS,A1ASS__r0s7,0.359493670886076,4.403127693407692
A1ASS,A1ASS__r0s8,0.2803797468354431,5.362477148743615
A1ASS,A1ASS__r0s9,0.2689873417721519,8.900868013399897
A1ASS,A1ASS__r1s0,0.7924050632911392,1.6312380873689567
A1ASS,A1ASS__r1s1,0.3310126582278481,7.993245298618251
A1ASS,A1ASS__r1s2,0.299367088607595,7.417935792008546
A1ASS,A1ASS__r1s3,0.260126582278481,9.56784274821674
A1ASS,A1ASS__r1s4,0.4208860759493671,4.252763243011978
A1AST,A1AST__r0s0,0.22769028871391078,5.39466183782345
A1AST,A1AST__r0s1,0.10958005249343832,9.257281730815578
A1AST,A1AST__r0s10,0.11023622047244094,8.830515281879338
A1AST,A1AST__r0s11,0.17454068241469817,6.904163808046811
A1AST,A1AST__r0s12,0.29986876640419946,5.7391140242328955
A1AST,A1AST__r0s13,0.1889763779527559,6.65250823962689
A1AST,A1AST__r0s14,0.16994750656167978,8.826872272994926
A1AST,A1AST__r0s15,0.18963254593175854,7.941529079865969
A1AST,A1AST__r0s16,0.28805774278215224,4.857876049191687
A1AST,A1AST__r0s17,0.17191601049868765,9.680082838683097
A1AST,A1AST__r0s18,0.19422572178477693,7.584727057018221
A1AST,A1AST__r0s19,0.22703412073490814,6.079653606025912
A1AST,A1AST__r0s2,0.16994750656167978,7.357151335306583
A1AST,A1AST__r0s3,0.3261154855643045,5.784662377335541
A1AST,A1AST__r0s4,0.17716535433070868,7.641075567406271
A1AST,A1AST__r0s5,0.20931758530183728,7.667874376902854
A1AST,A1AST__r0s6,0.17388451443569553,8.497387337320609
A1AST,A1AST__r0s7,0.14829396325459318,7.646178212311738
A1AST,A1AST__r0s8,0.21719160104986876,7.883323026383567
A1AST,A1AST__r0s9,0.15091863517060367,9.421661130977531
A1AST,A1AST__r1s0,0.2368766404199475,5.338951791697445
A1AST,A1AST__r1s1,0.1725721784776903,7.4894793754197035
A1AST,A1AST__r1s2,0.1620734908136483,6.6471525081052585
A1AST,A1AST__r1s3,0.2047244094488189,6.280213101880982
A1AST,A1AST__r1s4,0.15551181102362205,8.153182558816747
A1ASU,A1ASU__r0s0,0.8410087719298245,1.1757046648245786
A1ASU,A1ASU__r0s1,0.1924342105263158,8.975219832908252
A1ASU,A1ASU__r0s10,0.29166666666666663,9.98577299157094
A1ASU,A1ASU__r0s11,0.09265350877192982,9.290875382879333
A1ASU,A1ASU__r0s12,0.5849780701754386,4.023084293339219
A1ASU,A1ASU__r0s13,0.24232456140350878,9.849063030098984
A1ASU,A1ASU__r0s14,0.10690789473684209,8.170484570217774
A1ASU,A1ASU__r0s15,0.32730263157894735,5.392170187322324
A1ASU,A1ASU__r0s16,0.14912280701754385,11.47267019720325
A1ASU,A1ASU__r0s17,0.0537280701754386,9.692060837116774
A1ASU,A1ASU__r0s18,0.1387061403508772,13.75700268091676
A1ASU,A1ASU__r0s19,0.22478070175438597,9.700145576651781
A1ASU,A1ASU__r0s2,0.15789473684210525,11.32700676665291
A1ASU,A1ASU__r0s3,0.42817982456140347,4.196313313679344
A1ASU,A1ASU__r0s4,0.08717105263157895,11.366642872334715
A1ASU,A1ASU__r0s5,0.2330043859649123,7.006880431689253
A1ASU,A1ASU__r0s6,0.24890350877192985,10.932456971408632
A1ASU,A1ASU__r0s7,0.21765350877192985,8.74374880469215
A1ASU,A1ASU__r0s8,0.3092105263157895,9.734874400273332
A1ASU,A1ASU__r0s9,0.08114035087719298,10.740530860869061
A1ASV,A1ASV__r0s0,0.7528328611898016,1.9348229871087204
A1ASV,A1ASV__r0s1,0.11968838526912182,10.004389248255029
A1ASV,A1ASV__r0s10,0.17705382436260625,6.569190772826595
A1ASV,A1ASV__r0s11,0.13243626062322947,7.3544459690435335
A1ASV,A1ASV__r0s12,0.22592067988668554,9.066679135071205
A1ASV,A1ASV__r0s13,0.3590651558073654,4.386397106782172
A1ASV,A1ASV__r0s14,0.47733711048158645,4.484811050480275
A1ASV,A1ASV__r0s15,0.4851274787535411,4.6404895371892
A1ASV,A1ASV__r0s16,0.31940509915014165,6.414728386399242
A1ASV,A1ASV__r0s17,0.2613314447592068,8.703749339496788
A1ASV,A1ASV__r0s18,0.4178470254957507,5.218702885739119
A1ASV,A1ASV__r0s19,0.2769121813031162,5.986975595494731
A1ASV,A1ASV__r0s2,0.10977337110481586,8.917957854399859
A1ASV,A1ASV__r0s3,0.25920679886685555,7.180651113509975
A1ASV,A1ASV__r0s4,0.29036827195467424,8.646780840439
A1ASV,A1ASV__r0s5,0.13243626062322947,10.22532201324477
A1ASV,A1ASV__r0s6,0.24929178470254956,9.021085811151258
A1ASV,A1ASV__r0s7,0.14447592067988668,8.891414153288105
A1ASV,A1ASV__r0s8,0.05028328611898017,9.272546310110119
A1ASV,A1ASV__r0s9,0.29461756373937675,5.29782097362887
A1BNX,A1BNX__r0s0,0.6493362831858407,2.5757736052635987
A1BNX,A1BNX__r0s1,0.21128318584070796,7.647380971207877
A1BNX,A1BNX__r0s10,0.23396017699115043,8.180658831364873
A1BNX,A1BNX__r0s11,0.252212389380531,7.661641295760359
A1BNX,A1BNX__r0s12,0.16426991150442477,9.187018936524062
A1BNX,A1BNX__r0s13,0.18694690265486724,6.960195703037432
A1BNX,A1BNX__r0s14,0.2245575221238938,8.34875260267839
A1BNX,A1BNX__r0s15,0.36559734513274333,4.200183214794353
A1BNX,A1BNX__r0s16,0.15265486725663718,7.155476553219967
A1BNX,A1BNX__r0s17,0.19026548672566373,5.971748494187492
A1BNX,A1BNX__r0s18,0.21404867256637167,7.312184639416984
A1BNX,A1BNX__r0s19,0.08960176991150443,8.461522505097271
A1BNX,A1BNX__r0s2,0.07688053097345132,8.086580288565274
A1BNX,A1BNX__r0s3,0.05918141592920354,10.826684266527693
A1BNX,A1BNX__r0s4,0.1913716814159292,8.942475080454708
A1BNX,A1BNX__r0s5,0.10011061946902655,7.974913755281281
A1BNX,A1BNX__r0s6,0.16869469026548672,6.607857166723041
A1BNX,A1BNX__r0s7,0.1493362831858407,10.461548622783134
A1BNX,A1BNX__r0s8,0.1913716814159292,9.436338546219364
A1BNX,A1BNX__r0s9,0.17035398230088494,8.614386024781883
A1CIW,A1CIW__r0s0,0.2098997493734336,6.657281402895013
A1CIW,A1CIW__r0s1,0.05137844611528822,10.244815330716355
A1CIW,A1CIW__r0s10,0.15789473684210525,8.225395938188143
A1CIW,A1CIW__r0s11,0.16604010025062654,7.675254569305395
A1CIW,A1CIW__r0s12,0.14348370927318294,8.147941205560452
A1CIW,A1CIW__r0s13,0.11466165413533834,9.375036581121241
A1CIW,A1CIW__r0s14,0.08395989974937343,8.558274927350652
A1CIW,A1CIW__r0s15,0.12343358395989974,8.656864164612513
A1CIW,A1CIW__r0s16,0.14473684210526316,7.5849364189667945
A1CIW,A1CIW__r0s17,0.12030075187969924,9.075075873273455
A1CIW,A1CIW__r0s18,0.11967418546365914,8.876360624888513
A1CIW,A1CIW__r0s19,0.20426065162907267,8.253952353781983
A1CIW,A1CIW__r0s2,0.03822055137844611,11.024889124728581
A1CIW,A1CIW__r0s3,0.14223057644110276,8.795760853654812
A1CIW,A1CIW__r0s4,0.09022556390977443,9.210180604450558
A1CIW,A1CIW__r0s5,0.13408521303258145,9.217800637964384
A1CIW,A1CIW__r0s6,0.12155388471177944,9.042230250693493
A1CIW,A1CIW__r0s7,0.023182957393483708,9.473287151425982
A1CIW,A1CIW__r0s8,0.19799498746867167,7.947586128329664
A1CIW,A1CIW__r0s9,0.22556390977443608,6.662499110349454
CFF,CFF__r0s0,0.8162790697674418,0.49905459908091887
CFF,CFF__r0s1,0.3697674418604651,5.721289724708992
CFF,CFF__r0s10,0.26627906976744187,6.363690133505679
CFF,CFF__r0s11,0.46744186046511627,7.466119285861094
CFF,CFF__r0s12,0.3511627906976744,5.854234503869357
CFF,CFF__r0s13,0.3430232558139535,7.919489121512933
CFF,CFF__r0s14,0.3988372093023256,5.71759570542628
CFF,CFF__r0s15,0.5104651162790698,4.6869401047948465
CFF,CFF__r0s16,0.5395348837209302,2.688824817382705
CFF,CFF__r0s17,0.4162790697674419,6.239320159984542
CFF,CFF__r0s18,0.43837209302325586,3.725109524112233
CFF,CFF__r0s19,0.436046511627907,5.230820891148923
CFF,CFF__r0s2,0.27674418604651163,5.123924517010981
CFF,CFF__r0s3,0.5267441860465116,3.240790694153077
CFF,CFF__r0s4,0.33488372093023255,4.533094325770256
CFF,CFF__r0s5,0.47325581395348837,5.240725299811489
CFF,CFF__r0s6,0.30930232558139537,7.0941815721067965
CFF,CFF__r0s7,0.3593023255813954,6.235339476931754
CFF,CFF__r0s8,0.44069767441860463,4.959088054711461
CFF,CFF__r0s9,0.3372093023255814,8.653362144865383
CL6,CL6__r0s0,0.5170454545454546,3.6958757829436593
CL6,CL6__r0s1,0.34375,3.674387751954675
CL6,CL6__r0s10,0.17803030303030304,7.520066985588125
CL6,CL6__r0s11,0.19886363636363635,7.945378599344607
CL6,CL6__r0s12,0.2774621212121212,4.790039909377433
CL6,CL6__r0s13,0.41761363636363635,6.439409851652603
CL6,CL6__r0s14,0.39867424242424243,6.043278700808182
CL6,CL6__r0s15,0.3058712121212121,5.649463779915175
CL6,CL6__r0s16,0.26136363636363635,7.72760156197177
CL6,CL6__r0s17,0.3409090909090909,5.257227046199502
CL6,CL6__r0s18,0.3532196969696969,6.418412661701367
CL6,CL6__r0s19,0.44696969696969696,4.300026866785476
CL6,CL6__r0s2,0.1571969696969697,6.974213418546026
CL6,CL6__r0s3,0.23674242424242423,7.194823876950682
CL6,CL6__r0s4,0.5767045454545454,3.6358591535355718
CL6,CL6__r0s5,0.32954545454545453,6.964058765613426
CL6,CL6__r0s6,0.42708333333333337,5.7520365215226406
CL6,CL6__r0s7,0.30681818181818177,4.124353310698829
CL6,CL6__r0s8,0.37784090909090906,5.231908927718521
CL6,CL6__r0s9,0.2689393939393939,6.579894362942042
D0R,D0R__r0s0,0.7301762114537445,2.655326489742502
D0R,D0R__r0s1,0.30781938325991187,8.287123700239121
D0R,D0R__r0s10,0.21861233480176212,10.322561816227863
D0R,D0R__r0s11,0.15198237885462557,8.647764749361867
D0R,D0R__r0s12,0.17070484581497797,7.932769450698146
D0R,D0R__r0s13,0.3133259911894273,9.360211632066303
D0R,D0R__r0s14,0.20594713656387664,8.804339356242686
D0R,D0R__r0s15,0.1420704845814978,11.43663895635948
D0R,D0R__r0s16,0.14922907488986786,10.884428763696654
D0R,D0R__r0s17,0.30066079295154186,7.840576276272373
D0R,D0R__r0s18,0.13876651982378854,7.5923560144943565
D0R,D0R__r0s19,0.07984581497797356,12.549083293385516
D0R,D0R__r0s2,0.12279735682819382,10.638856249561574
D0R,D0R__r0s3,0.20319383259911894,9.09339645456528
D0R,D0R__r0s4,0.13986784140969163,10.827498565773242
D0R,D0R__r0s5,0.20814977973568283,9.433099812588688
D0R,D0R__r0s6,0.1751101321585903,8.227934134253857
D0R,D0R__r0s7,0.07929515418502203,10.710919122451019
D0R,D0R__r0s8,0.20099118942731276,11.32785141994115
D0R,D0R__r0s9,0.18116740088105726,9.686314486438718
D7J,D7J__r0s0,0.5523952095808383,3.2724208655750875
D7J,D7J__r0s1,0.1407185628742515,12.013454617318871
D7J,D7J__r0s10,0.07135728542914171,15.49433886708565
D7J,D7J__r0s11,0.18712574850299402,10.432516760637341
D7J,D7J__r0s12,0.12974051896207586,10.580870810528161
D7J,D7J__r0s13,0.08183632734530938,12.05612546306916
D7J,D7J__r0s14,0.14820359281437126,11.813063113572005
D7J,D7J__r0s15,0.11626746506986027,11.976988713780077
D7J,D7J__r0s16,0.18463073852295409,11.31561442957221
D7J,D7J__r0s17,0.17614770459081835,8.495228060950884
D7J,D7J__r0s18,0.11926147704590817,11.03446625981812
D7J,D7J__r0s19,0.218562874251497,9.386630791968814
D7J,D7J__r0s2,0.07235528942115768,10.696986061237745
D7J,D7J__r0s3,0.16117764471057883,10.81063867246955
D7J,D7J__r0s4,0.26047904191616766,6.1057746954389955
D7J,D7J__r0s5,0.1467065868263473,6.873636801736907
D7J,D7J__r0s6,0.14570858283433136,11.51098331530028
D7J,D7J__r0s7,0.23952095808383234,8.620479259034003
D7J,D7J__r0s8,0.19560878243512975,10.613408394447836
D7J,D7J__r0s9,0.08832335329341318,13.293619057673649
D7M,D7M__r0s0,0.7526427061310783,1.6939627170571352
D7M,D7M__r0s1,0.23414376321353064,8.762290594308027
D7M,D7M__r0s10,0.1686046511627907,9.833124748721382
D7M,D7M__r0s11,0.24735729386892175,6.7803449535860425
D7M,D7M__r0s12,0.11522198731501057,9.612251708889962
D7M,D7M__r0s13,0.22938689217758984,8.729982780134154
D7M,D7M__r0s14,0.36205073995771675,5.16159293765358
D7M,D7M__r0s15,0.2996828752642706,7.782164270022405
D7M,D7M__r0s16,0.328752642706131,7.374194115685641
D7M,D7M__r0s17,0.3239957716701902,6.718719378171853
D7M,D7M__r0s18,0.19186046511627908,7.490125600676208
D7M,D7M__r0s19,0.13742071881606766,10.867972306859388
D7M,D7M__r0s2,0.14957716701902748,9.325377425435793
D7M,D7M__r0s3,0.22198731501057084,6.5565223379020265
D7M,D7M__r0s4,0.19608879492600423,9.91234059019859
D7M,D7M__r0s5,0.2309725158562368,8.977395032490191
D7M,D7M__r0s6,0.20031712473572938,8.828714751651201
D7M,D7M__r0s7,0.23044397463002114,8.900016315384203
D7M,D7M__r0s8,0.1464059196617336,11.364341041107584
D7M,D7M__r0s9,0.20190274841437633,8.151906079855953
D7M,D7M__r1s0,0.622093023255814,3.229903608586992
D7M,D7M__r1s1,0.1485200845665962,7.932210778114054
D7M,D7M__r1s2,0.19344608879492603,6.719969606022718
D7M,D7M__r1s3,0.21617336152219874,7.575112560903286
D7M,D7M__r1s4,0.10570824524312897,9.542245019457413
D7Y,D7Y__r0s0,0.7560706401766004,1.4071192413897087
D7Y,D7Y__r0s1,0.108719646799117,12.78893509525147
D7Y,D7Y__r0s10,0.2693156732891832,7.8838884568891
D7Y,D7Y__r0s11,0.08388520971302428,9.857545709792511
D7Y,D7Y__r0s12,0.16501103752759383,8.780288263373036
D7Y,D7Y__r0s13,0.26379690949227375,7.712641123320306
D7Y,D7Y__r0s14,0.10596026490066227,10.013845244274037
D7Y,D7Y__r0s15,0.25938189845474613,9.26188836467897
D7Y,D7Y__r0s16,0.22240618101545254,10.962845118452872
D7Y,D7Y__r0s17,0.2306843267108168,7.947067488876746
D7Y,D7Y__r0s18,0.1401766004415011,8.719258218841084
D7Y,D7Y__r0s19,0.20198675496688742,9.702408814245429
D7Y,D7Y__r0s2,0.1705298013245033,11.185179740015412
D7Y,D7Y__r0s3,0.206401766004415,11.567100221702903
D7Y,D7Y__r0s4,0.19646799116997793,11.972585093205902
D7Y,D7Y__r0s5,0.10099337748344371,12.057577271679781
D7Y,D7Y__r0s6,0.2477924944812362,7.274632229118772
D7Y,D7Y__r0s7,0.2527593818984547,10.729898214428399
D7Y,D7Y__r0s8,0.2019867549668874,11.889302831413762
D7Y,D7Y__r0s9,0.11810154525386313,9.28630612268335
D7Y,D7Y__r1s0,0.6583885209713024,2.523979046668855
D7Y,D7Y__r1s1,0.22571743929359825,7.78325549273308
D7Y,D7Y__r1s2,0.108719646799117,11.231402474269965
D7Y,D7Y__r1s3,0.12196467991169978,7.764581454772724
D7Y,D7Y__r1s4,0.09768211920529801,10.461173748298126
D81,D81__r0s0,0.6964594127806563,2.5933613842907253
D81,D81__r0s1,0.11658031088082901,10.454538849237977
D81,D81__r0s10,0.08290155440414507,11.942997231653186
D81,D81__r0s11,0.19041450777202074,9.004853574167653
D81,D81__r0s12,0.06260794473229707,12.236763688245283
D81,D81__r0s13,0.1886873920552677,7.586343768220157
D81,D81__r0s14,0.20682210708117443,6.824629227195994
D81,D81__r0s15,0.3337651122625216,5.758478214820076
D81,D81__r0s16,0.07728842832469776,10.359743922318248
D81,D81__r0s17,0.24784110535405873,8.620048478017456
D81,D81__r0s18,0.15284974093264247,8.610604002830565
D81,D81__r0s19,0.348013816925734,6.54868841381714
D81,D81__r0s2,0.22884283246977546,7.110504369976131
D81,D81__r0s3,0.09153713298791019,11.870309130363795
D81,D81__r0s4,0.18609671848013817,7.52205705587979
D81,D81__r0s5,0.13773747841105355,11.247472442444144
D81,D81__r0s6,0.19905008635578583,10.111483151392967
D81,D81__r0s7,0.10362694300518135,10.790410727888878
D81,D81__r0s8,0.10146804835924006,12.180681393163395
D81,D81__r0s9,0.1623488773747841,7.22169889576739
D81,D81__r1s0,0.7396373056994819,2.690540820575436
D81,D81__r1s1,0.1234887737478411,9.160752569045378
D81,D81__r1s2,0.1498272884283247,9.102461868628055
D81,D81__r1s3,0.10751295336787564,10.243591298784493
D81,D81__r1s4,0.3285837651122625,5.704729965620814
DEJ,DEJ__r0s0,0.4986535008976661,3.693691299171046
DEJ,DEJ__r0s1,0.23563734290843807,6.30151249833203
DEJ,DEJ__r0s10,0.2158886894075404,7.463463943102682
DEJ,DEJ__r0s11,0.18581687612208259,8.623194885631213
DEJ,DEJ__r0s12,0.18536804308797128,6.647521002193753
DEJ,DEJ__r0s13,0.23025134649910234,6.505875888357856
DEJ,DEJ__r0s14,0.2751346499102334,8.191175166550078
DEJ,DEJ__r0s15,0.11445242369838421,8.102863519518591
DEJ,DEJ__r0s16,0.1871633752244165,7.507794312912364
DEJ,DEJ__r0s17,0.3043087971274686,7.253334774285598
DEJ,DEJ__r0s18,0.10771992818671455,8.614141577827604
DEJ,DEJ__r0s19,0.19120287253141832,7.733026106892694
DEJ,DEJ__r0s2,0.19389587073608616,7.986146804516215
DEJ,DEJ__r0s3,0.28545780969479356,5.39683737902593
DEJ,DEJ__r0s4,0.3240574506283662,6.7958545370562895
DEJ,DEJ__r0s5,0.1395870736086176,9.354031045134409
DEJ,DEJ__r0s6,0.2064631956912029,10.121989411508778
DEJ,DEJ__r0s7,0.22621184919210052,8.71844325372952
DEJ,DEJ__r0s8,0.14497307001795331,8.263002227550297
DEJ,DEJ__r0s9,0.17818671454219032,8.381174662305522
DEJ,DEJ__r1s0,0.4730700179533213,4.726238653177065
DEJ,DEJ__r1s1,0.2643626570915619,5.8894586631930705
DEJ,DEJ__r1s2,0.16831238779174146,7.505825773832909
DEJ,DEJ__r1s3,0.12073608617594253,11.822597722421897
DEJ,DEJ__r1s4,0.15350089766606823,8.610266105233125
DEV,DEV__r0s0,0.6184466019417476,3.911273784656305
DEV,DEV__r0s1,0.055825242718446605,13.95728771491251
DEV,DEV__r0s10,0.24902912621359224,6.584590697034978
DEV,DEV__r0s11,0.1296116504854369,9.81712395014716
DEV,DEV__r0s12,0.06019417475728156,14.359055064196543
DEV,DEV__r0s13,0.06747572815533981,10.651082027672707
DEV,DEV__r0s14,0.2058252427184466,9.862851832834869
DEV,DEV__r0s15,0.23058252427184467,8.274221006065808
DEV,DEV__r0s16,0.05728155339805825,12.614052011652245
DEV,DEV__r0s17,0.2621359223300971,7.842230107397415
DEV,DEV__r0s18,0.030097087378640773,14.840882071273638
DEV,DEV__r0s19,0.0703883495145631,13.92131609017952
DEV,DEV__r0s2,0.1679611650485437,11.032115845272173
DEV,DEV__r0s3,0.23592233009708738,10.497914071073051
DEV,DEV__r0s4,0.059223300970873784,13.79545233963033
DEV,DEV__r0s5,0.03737864077669903,14.255470075626151
DEV,DEV__r0s6,0.032038834951456305,12.112983463999864
DEV,DEV__r0s7,0.1029126213592233,12.142488963849397
DEV,DEV__r0s8,0.12378640776699029,9.22920585941971
DEV,DEV__r0s9,0.041747572815533984,14.231443227037458
DJ1,DJ1__r0s0,0.42375601926163725,5.313050097072182
DJ1,DJ1__r0s1,0.08707865168539325,10.328501893661796
DJ1,DJ1__r0s10,0.06500802568218297,14.844751211716975
DJ1,DJ1__r0s11,0.09028892455858747,10.40700712175439
DJ1,DJ1__r0s12,0.0682182985553772,12.338210138691634
DJ1,DJ1__r0s13,0.09069020866773675,10.571260103960604
DJ1,DJ1__r0s14,0.1059390048154093,9.10682936683841
DJ1,DJ1__r0s15,0.03531300160513644,13.772360285827965
DJ1,DJ1__r0s16,0.09510433386837883,10.397855626515074
DJ1,DJ1__r0s17,0.1528892455858748,10.391847739824101
DJ1,DJ1__r0s18,0.22552166934189405,6.456696002150305
DJ1,DJ1__r0s19,0.04735152487961477,12.91565105722579
DJ1,DJ1__r0s2,0.04012841091492777,11.319461327249746
DJ1,DJ1__r0s3,0.03130016051364366,13.193309560158864
DJ1,DJ1__r0s4,0.21910112359550563,7.298529055240435
DJ1,DJ1__r0s5,0.040930979133226325,13.724225486519636
DJ1,DJ1__r0s6,0.11115569823434993,10.89630456004009
DJ1,DJ1__r0s7,0.09831460674157302,12.027397321880398
DJ1,DJ1__r0s8,0.09069020866773675,14.110811311772864
DJ1,DJ1__r0s9,0.08426966292134833,10.701935503183092
ERY,ERY__r0s0,0.7036842105263158,3.0025666530640485
ERY,ERY__r0s1,0.14473684210526316,12.771787307637188
ERY,ERY__r0s10,0.37,5.599224306817623
ERY,ERY__r0s11,0.10052631578947369,13.090943445093105
ERY,ERY__r0s12,0.0863157894736842,12.697041077784267
ERY,ERY__r0s13,0.12052631578947368,13.36937719855509
ERY,ERY__r0s14,0.22526315789473683,7.665849774836302
ERY,ERY__r0s15,0.19684210526315787,10.821992320033239
ERY,ERY__r0s16,0.18578947368421053,10.386107558429003
ERY,ERY__r0s17,0.14789473684210525,12.727539492173337
ERY,ERY__r0s18,0.1957894736842105,12.56744994153925
ERY,ERY__r0s19,0.2784210526315789,5.5796803010251885
ERY,ERY__r0s2,0.2763157894736842,7.05543760306698
ERY,ERY__r0s3,0.25526315789473686,8.584711972454949
ERY,ERY__r0s4,0.1694736842105263,11.811555395695256
ERY,ERY__r0s5,0.15210526315789474,12.875705083409308
ERY,ERY__r0s6,0.11736842105263158,13.714364038601618
ERY,ERY__r0s7,0.17368421052631577,8.630794538343043
ERY,ERY__r0s8,0.06263157894736843,16.26147909983164
ERY,ERY__r0s9,0.07105263157894737,15.66863537327985
FZV,FZV__r0s0,0.6522177419354839,2.8945167032091104
FZV,FZV__r0s1,0.028729838709677418,15.33013099267405
FZV,FZV__r0s10,0.05695564516129033,14.346544643469457
FZV,FZV__r0s11,0.09475806451612903,10.946527560419966
FZV,FZV__r0s12,0.10383064516129031,12.851814025649288
FZV,FZV__r0s13,0.31955645161290325,7.088152777123372
FZV,FZV__r0s14,0.07258064516129031,10.38593530527121
FZV,FZV__r0s15,0.08770161290322581,12.1485970941146
FZV,FZV__r0s16,0.07157258064516128,11.920083761554254
FZV,FZV__r0s17,0.03377016129032258,12.807285533266038
FZV,FZV__r0s18,0.03024193548387097,13.31429587628052
FZV,FZV__r0s19,0.32106854838709675,6.574737882318929
FZV,FZV__r0s2,0.06048387096774194,13.47298861653706
FZV,FZV__r0s3,0.07258064516129031,12.936828453416156
FZV,FZV__r0s4,0.22127016129032256,10.041161796583834
FZV,FZV__r0s5,0.05796370967741935,11.368825443116616
FZV,FZV__r0s6,0.08971774193548387,12.4359638444353
FZV,FZV__r0s7,0.04233870967741935,12.523622593629085
FZV,FZV__r0s8,0.14768145161290322,12.778108694018146
FZV,FZV__r0s9,0.047379032258064516,12.533302859857882
G0D,G0D__r0s0,0.49754420432220037,5.010868314736777
G0D,G0D__r0s1,0.21218074656188604,7.786275983449075
G0D,G0D__r0s10,0.03585461689587426,11.622880032622362
G0D,G0D__r0s11,0.1286836935166994,9.46616786990602
G0D,G0D__r0s12,0.18958742632612965,9.624033732698239
G0D,G0D__r0s13,0.10412573673870335,13.273924788462248
G0D,G0D__r0s14,0.20481335952848723,6.847300227789141
G0D,G0D__r0s15,0.11001964636542239,10.71933145889309
G0D,G0D__r0s16,0.10216110019646366,9.200600107368107
G0D,G0D__r0s17,0.2829076620825147,6.253511710694663
G0D,G0D__r0s18,0.2603143418467584,6.226157200034776
G0D,G0D__r0s19,0.08202357563850687,11.652414324230959
G0D,G0D__r0s2,0.09921414538310414,11.42935153868688
G0D,G0D__r0s3,0.27603143418467585,7.5893280719564435
G0D,G0D__r0s4,0.23673870333988212,7.599574045555823
G0D,G0D__r0s5,0.22298624754420432,7.112492050542883
G0D,G0D__r0s6,0.05795677799607073,11.448832621735807
G0D,G0D__r0s7,0.11296660117878192,10.659768552491045
G0D,G0D__r0s8,0.17092337917485265,9.07724401852377
G0D,G0D__r0s9,0.11886051080550097,10.014876503459922
G0J,G0J__r0s0,0.731362467866324,2.3237005341429877
G0J,G0J__r0s1,0.08997429305912596,13.895175024253824
G0J,G0J__r0s10,0.11568123393316196,10.82808818061616
G0J,G0J__r0s11,0.05848329048843187,11.21120005335086
G0J,G0J__r0s12,0.12917737789203085,12.182391456037028
G0J,G0J__r0s13,0.06812339331619538,13.491510488396683
G0J,G0J__r0s14,0.051413881748071974,14.623580026815356
G0J,G0J__r0s15,0.07583547557840617,13.762133515901809
G0J,G0J__r0s16,0.10475578406169667,10.170256934227066
G0J,G0J__r0s17,0.14588688946015427,6.807026983516557
G0J,G0J__r0s18,0.055269922879177376,10.779392485087662
G0J,G0J__r0s19,0.06362467866323908,13.2556014135196
G0J,G0J__r0s2,0.15295629820051415,11.824719632460829
G0J,G0J__r0s3,0.09447300771208227,14.105156333974895
G0J,G0J__r0s4,0.09511568123393316,13.0150326154235
G0J,G0J__r0s5,0.11053984575835477,14.390478947538323
G0J,G0J__r0s6,0.2577120822622108,8.146382467124546
G0J,G0J__r0s7,0.10025706940874037,15.590261134213453
G0J,G0J__r0s8,0.15359897172236503,10.652974550805181
G0J,G0J__r0s9,0.10668380462724936,11.126997665939815
G0M,G0M__r0s0,0.793010752688172,1.6020799516859217
G0M,G0M__r0s1,0.3629032258064516,8.926449837398556
G0M,G0M__r0s10,0.07795698924731183,12.932143916811107
G0M,G0M__r0s11,0.2620967741935484,10.74676695812769
G0M,G0M__r0s12,0.04435483870967742,12.129603170759323
G0M,G0M__r0s13,0.023521505376344086,16.1853084174074
G0M,G0M__r0s14,0.08669354838709678,11.442830953902819
G0M,G0M__r0s15,0.0510752688172043,12.439060699084077
G0M,G0M__r0s16,0.2096774193548387,9.166864407634808
G0M,G0M__r0s17,0.24126344086021506,11.271427102097745
G0M,G0M__r0s18,0.051747311827956985,14.270563039073734
G0M,G0M__r0s19,0.1821236559139785,7.137376548548368
G0M,G0M__r0s2,0.07258064516129033,16.11550912522577
G0M,G0M__r0s3,0.4899193548387097,6.784919761483422
G0M,G0M__r0s4,0.135752688172043,10.687692190078566
G0M,G0M__r0s5,0.031586021505376344,16.7420615146672
G0M,G0M__r0s6,0.040994623655913984,16.148060136898163
G0M,G0M__r0s7,0.07056451612903225,14.208093256868796
G0M,G0M__r0s8,0.1196236559139785,9.477225489648959
G0M,G0M__r0s9,0.05779569892473119,10.466447754826849
G0V,G0V__r0s0,0.5272842639593909,5.122251047711811
G0V,G0V__r0s1,0.22779187817258884,10.641867670572346
G0V,G0V__r0s10,0.18147208121827413,9.591470144026783
G0V,G0V__r0s11,0.2893401015228426,8.609428461412516
G0V,G0V__r0s12,0.1313451776649746,10.093088259359876
G0V,G0V__r0s13,0.22144670050761422,7.317367458449267
G0V,G0V__r0s14,0.324238578680203,6.476028368493263
G0V,G0V__r0s15,0.23096446700507617,9.67042358843483
G0V,G0V__r0s16,0.15418781725888325,9.293894398771158
G0V,G0V__r0s17,0.21446700507614214,11.233156143529888
G0V,G0V__r0s18,0.21510152284263961,11.13898383249228
G0V,G0V__r0s19,0.11104060913705584,12.370684003970865
G0V,G0V__r0s2,0.3350253807106599,5.960212205826659
G0V,G0V__r0s3,0.19225888324873097,8.928089655340356
G0V,G0V__r0s4,0.20812182741116753,6.403340775709699
G0V,G0V__r0s5,0.2265228426395939,9.345831070164335
G0V,G0V__r0s6,0.05456852791878172,12.98022977847738
G0V,G0V__r0s7,0.08629441624365482,9.243535151097984
G0V,G0V__r0s8,0.14213197969543145,9.710502864045441
G0V,G0V__r0s9,0.11802030456852793,9.518782053149382
G1J,G1J__r0s0,0.8059954751131222,1.9646876060207341
G1J,G1J__r0s1,0.17816742081447962,7.741463599694514
G1J,G1J__r0s10,0.10124434389140272,13.209608319986394
G1J,G1J__r0s11,0.1001131221719457,11.502921828400206
G1J,G1J__r0s12,0.13914027149321267,12.885469226789432
G1J,G1J__r0s13,0.0661764705882353,14.653175342597944
G1J,G1J__r0s14,0.28959276018099545,10.353189901115696
G1J,G1J__r0s15,0.14479638009049772,12.405892676773668
G1J,G1J__r0s16,0.17420814479638008,8.939454673780032
G1J,G1J__r0s17,0.0661764705882353,13.170493109626129
G1J,G1J__r0s18,0.10294117647058823,13.658091518766597
G1J,G1J__r0s19,0.2686651583710407,9.209645833903917
G1J,G1J__r0s2,0.23925339366515835,10.873413292532423
G1J,G1J__r0s3,0.33540723981900455,5.849558165392456
G1J,G1J__r0s4,0.20192307692307693,11.937629795938212
G1J,G1J__r0s5,0.12330316742081447,9.170376057379656
G1J,G1J__r0s6,0.1170814479638009,9.327427289616436
G1J,G1J__r0s7,0.09332579185520362,11.268044306272527
G1J,G1J__r0s8,0.27941176470588236,7.421177771045696
G1J,G1J__r0s9,0.1419683257918552,11.888732660566433
G1J,G1J__r1s0,0.576923076923077,5.250960236666545
G1J,G1J__r1s1,0.2256787330316742,9.372343170996958
G1J,G1J__r1s2,0.31108597285067874,6.337965966872769
G1J,G1J__r1s3,0.09162895927601811,8.540127242871513
G1J,G1J__r1s4,0.12047511312217195,10.34548864970597
J9K,J9K__r0s0,0.304372197309417,6.10115050949656
J9K,J9K__r0s1,0.13452914798206278,10.801355352348969
J9K,J9K__r0s10,0.13845291479820626,11.081351154573388
J9K,J9K__r0s11,0.30773542600896864,5.557994474663857
J9K,J9K__r0s12,0.11547085201793722,9.326608651964873
J9K,J9K__r0s13,0.27242152466367714,5.8833767821691625
J9K,J9K__r0s14,0.11491031390134529,11.127049109850555
J9K,J9K__r0s15,0.1132286995515695,10.92306924914677
J9K,J9K__r0s16,0.1743273542600897,7.726291690630753
J9K,J9K__r0s17,0.09024663677130046,11.142721094237434
J9K,J9K__r0s18,0.13452914798206278,11.484396451625555
J9K,J9K__r0s19,0.13789237668161436,8.266902950920715
J9K,J9K__r0s2,0.15807174887892378,10.428150391674592
J9K,J9K__r0s3,0.22421524663677128,7.229253256434438
J9K,J9K__r0s4,0.11939461883408072,9.682958698685335
J9K,J9K__r0s5,0.10201793721973093,11.368221602418604
J9K,J9K__r0s6,0.12051569506726457,8.018217140111112
J9K,J9K__r0s7,0.26905829596412556,7.234982590698408
J9K,J9K__r0s8,0.13621076233183857,9.644351974441802
J9K,J9K__r0s9,0.21917040358744394,8.581114926415493
J9K,J9K__r1s0,0.2914798206278027,5.997886338732041
J9K,J9K__r1s1,0.17040358744394618,8.734690952507792
J9K,J9K__r1s2,0.09248878923766816,10.906980978167255
J9K,J9K__r1s3,0.18834080717488788,8.970402986683428
J9K,J9K__r1s4,0.17320627802690583,8.301405339452922
KLN,KLN__r0s0,0.5072649572649572,2.915636716555638
KLN,KLN__r0s1,0.1111111111111111,10.917765661318919
KLN,KLN__r0s10,0.12863247863247865,9.95578380312564
KLN,KLN__r0s11,0.22307692307692306,5.6794468456254465
KLN,KLN__r0s12,0.2568376068376068,7.496509121499572
KLN,KLN__r0s13,0.20683760683760682,6.539414242470229
KLN,KLN__r0s14,0.16025641025641024,8.528557808460983
KLN,KLN__r0s15,0.10299145299145299,9.020898695046986
KLN,KLN__r0s16,0.15341880341880343,8.873954086351894
KLN,KLN__r0s17,0.18547008547008548,6.9038953136478804
KLN,KLN__r0s18,0.2730769230769231,6.512251019727313
KLN,KLN__r0s19,0.12179487179487179,8.000032686123964
KLN,KLN__r0s2,0.08034188034188035,8.951333776644907
KLN,KLN__r0s3,0.1405982905982906,8.371514623622062
KLN,KLN__r0s4,0.17307692307692307,9.004449301007163
KLN,KLN__r0s5,0.22264957264957266,8.218773235977782
KLN,KLN__r0s6,0.15341880341880343,9.179417080272458
KLN,KLN__r0s7,0.252991452991453,9.05192169685417
KLN,KLN__r0s8,0.08846153846153845,11.015396347249892
KLN,KLN__r0s9,0.26324786324786326,7.894296355557858
KLN,KLN__r1s0,0.6346153846153846,1.8581037486602492
KLN,KLN__r1s1,0.32136752136752134,4.584037066510274
KLN,KLN__r1s2,0.055982905982905985,11.12820943280881
KLN,KLN__r1s3,0.05726495726495727,10.267260974091887
KLN,KLN__r1s4,0.25897435897435894,7.665291959786269
MF8,MF8__r0s0,0.35465116279069764,4.205139189020089
MF8,MF8__r0s1,0.40697674418604646,4.615128841417288
MF8,MF8__r0s10,0.06976744186046512,11.865096055750229
MF8,MF8__r0s11,0.31589147286821706,3.7944733017612466
MF8,MF8__r0s12,0.31007751937984496,6.16235139001158
MF8,MF8__r0s13,0.19961240310077522,5.432628347975969
MF8,MF8__r0s14,0.16279069767441862,9.903524507833396
MF8,MF8__r0s15,0.1356589147286822,9.340117419060933
MF8,MF8__r0s16,0.20348837209302323,8.242056384594525
MF8,MF8__r0s17,0.06201550387596899,12.1810281335528
MF8,MF8__r0s18,0.22868217054263568,8.418380735081913
MF8,MF8__r0s19,0.06395348837209303,10.451959623063265
MF8,MF8__r0s2,0.17441860465116277,7.500763755839787
MF8,MF8__r0s3,0.1375968992248062,7.42225712220637
MF8,MF8__r0s4,0.11434108527131784,13.5534580466583
MF8,MF8__r0s5,0.18023255813953487,11.70279233164761
MF8,MF8__r0s6,0.14922480620155038,11.190208775019954
MF8,MF8__r0s7,0.19186046511627908,9.38739924993339
MF8,MF8__r0s8,0.01937984496124031,11.598566430631628
MF8,MF8__r0s9,0.13372093023255816,10.129314338973737
MF8,MF8__r1s0,0.437984496124031,3.225769152036901
MF8,MF8__r1s1,0.1821705426356589,7.447353811002008
MF8,MF8__r1s2,0.21511627906976744,9.299352780975251
MF8,MF8__r1s3,0.2054263565891473,8.535379850413985
MF8,MF8__r1s4,0.24031007751937986,8.603712681385542
MWS,MWS__r0s0,0.8068383658969804,1.3258205872291993
MWS,MWS__r0s1,0.23490230905861456,7.813918691286093
MWS,MWS__r0s10,0.19271758436944939,12.871193784455008
MWS,MWS__r0s11,0.25044404973357015,7.93359083154904
MWS,MWS__r0s12,0.1758436944937833,13.629216131088866
MWS,MWS__r0s13,0.21047957371225579,9.4736875895596
MWS,MWS__r0s14,0.227797513321492,10.068813258898984
MWS,MWS__r0s15,0.24289520426287742,7.615596819005158
MWS,MWS__r0s16,0.24289520426287745,9.19414814344606
MWS,MWS__r0s17,0.13410301953818826,11.473708115079436
MWS,MWS__r0s18,0.16119005328596803,10.700109682362635
MWS,MWS__r0s19,0.3503552397868561,7.769318024932725
MWS,MWS__r0s2,0.1736234458259325,9.790719226807218
MWS,MWS__r0s3,0.2433392539964476,7.90958137367925
MWS,MWS__r0s4,0.23312611012433393,8.006291425512867
MWS,MWS__r0s5,0.18694493783303728,10.307736960126231
MWS,MWS__r0s6,0.15097690941385436,10.16541026643449
MWS,MWS__r0s7,0.15408525754884547,12.315432970170962
MWS,MWS__r0s8,0.21625222024866786,9.978859442737637
MWS,MWS__r0s9,0.3974245115452931,5.593077734139532
MWS,MWS__r1s0,0.7770870337477797,1.5997630276474082
MWS,MWS__r1s1,0.21403197158081705,7.318557278080952
MWS,MWS__r1s2,0.34458259325044405,6.330306881884375
MWS,MWS__r1s3,0.291740674955595,9.619401314179948
MWS,MWS__r1s4,0.2588809946714032,7.082631168602135
MWV,MWV__r0s0,0.3620820668693009,4.755239092560154
MWV,MWV__r0s1,0.04293313069908815,15.45734859335383
MWV,MWV__r0s10,0.07104863221884498,11.740654357912133
MWV,MWV__r0s11,0.08966565349544073,14.759381450081976
MWV,MWV__r0s12,0.08624620060790272,12.908758813725827
MWV,MWV__r0s13,0.21010638297872342,8.006928968160086
MWV,MWV__r0s14,0.16945288753799392,7.3787796369659295
MWV,MWV__r0s15,0.06648936170212766,12.632628032236148
MWV,MWV__r0s16,0.1797112462006079,7.821081515591137
MWV,MWV__r0s17,0.10258358662613981,11.070270540836358
MWV,MWV__r0s18,0.0729483282674772,11.606738225733395
MWV,MWV__r0s19,0.14171732522796351,9.078011103908985
MWV,MWV__r0s2,0.135258358662614,12.122203796050812
MWV,MWV__r0s3,0.07940729483282674,14.176946669248135
MWV,MWV__r0s4,0.13031914893617022,13.408379296356426
MWV,MWV__r0s5,0.27925531914893614,5.730662543016029
MWV,MWV__r0s6,0.16299392097264437,8.2347721538141
MWV,MWV__r0s7,0.07256838905775076,11.796800124876832
MWV,MWV__r0s8,0.07674772036474165,13.361427646190387
MWV,MWV__r0s9,0.3294072948328267,5.519195974886572
MWV,MWV__r1s0,0.503419452887538,4.1422218433068325
MWV,MWV__r1s1,0.06914893617021277,15.409627188576723
MWV,MWV__r1s2,0.05661094224924012,16.999173478967265
MWV,MWV__r1s3,0.13069908814589665,9.476156483222256
MWV,MWV__r1s4,0.15729483282674772,11.241134408215924
MWY,MWY__r0s0,0.3436619718309859,7.575556532928248
MWY,MWY__r0s1,0.2661971830985915,10.358224239734803
MWY,MWY__r0s10,0.08732394366197183,13.628885351556335
MWY,MWY__r0s11,0.061971830985915494,13.055050339455025
MWY,MWY__r0s12,0.2323943661971831,9.512402157983551
MWY,MWY__r0s13,0.22464788732394367,6.797318984888683
MWY,MWY__r0s14,0.1204225352112676,11.342307450822798
MWY,MWY__r0s15,0.09929577464788733,10.593701110350011
MWY,MWY__r0s16,0.1908450704225352,10.758048346204763
MWY,MWY__r0s17,0.27676056338028165,5.385142626135143
MWY,MWY__r0s18,0.21338028169014084,11.283996370197528
MWY,MWY__r0s19,0.0767605633802817,10.124762479232425
MWY,MWY__r0s2,0.25704225352112675,8.710610895088614
MWY,MWY__r0s3,0.10774647887323943,9.703757894145483
MWY,MWY__r0s4,0.2176056338028169,9.203505249154738
MWY,MWY__r0s5,0.10845070422535211,13.281802428208165
MWY,MWY__r0s6,0.0647887323943662,10.43974863537132
MWY,MWY__r0s7,0.2697183098591549,8.112333838046341
MWY,MWY__r0s8,0.2683098591549296,10.779701412744243
MWY,MWY__r0s9,0.2091549295774648,8.556535559481313
MWY,MWY__r1s0,0.34225352112676055,6.843535391379306
MWY,MWY__r1s1,0.09366197183098592,8.753535592753092
MWY,MWY__r1s2,0.10422535211267606,11.268066221071663
MWY,MWY__r1s3,0.20985915492957746,10.104081409768565
MWY,MWY__r1s4,0.10704225352112676,9.96736161740327
MYT,MYT__r0s0,0.7639664804469274,1.8113665452099903
MYT,MYT__r0s1,0.30865921787709494,5.276124525359504
MYT,MYT__r0s10,0.15223463687150837,8.375807414636181
MYT,MYT__r0s11,0.1717877094972067,5.952421199625507
MYT,MYT__r0s12,0.4762569832402235,4.049542743792289
MYT,MYT__r0s13,0.15363128491620112,7.62152156899535
MYT,MYT__r0s14,0.21927374301675978,5.2200090292396535
MYT,MYT__r0s15,0.24441340782122903,6.585766947743269
MYT,MYT__r0s16,0.08798882681564246,7.237622372753517
MYT,MYT__r0s17,0.111731843575419,8.370792232795276
MYT,MYT__r0s18,0.38407821229050276,5.869669174906075
MYT,MYT__r0s19,0.15363128491620112,8.876095779245468
MYT,MYT__r0s2,0.23882681564245808,5.152002908146895
MYT,MYT__r0s3,0.3254189944134078,6.020211121475843
MYT,MYT__r0s4,0.24720670391061453,7.081887369625735
MYT,MYT__r0s5,0.2583798882681564,5.019889644595403
MYT,MYT__r0s6,0.21648044692737428,6.253519155763523
MYT,MYT__r0s7,0.5754189944134078,2.7671580662703894
MYT,MYT__r0s8,0.2667597765363129,7.604289240882955
MYT,MYT__r0s9,0.5460893854748603,4.074107197408426
MYT,MYT__r1s0,0.829608938547486,1.3489596907727557
MYT,MYT__r1s1,0.1983240223463687,8.096457156265789
MYT,MYT__r1s2,0.2053072625698324,6.307815805272734
MYT,MYT__r1s3,0.3254189944134078,5.659925245486806
MYT,MYT__r1s4,0.17458100558659218,8.263086662898164
NH0,NH0__r0s0,0.711038961038961,1.86862003233332
NH0,NH0__r0s1,0.10281385281385282,10.776547121381727
NH0,NH0__r0s10,0.11904761904761905,11.914945821713747
NH0,NH0__r0s11,0.10010822510822512,14.923216084819016
NH0,NH0__r0s12,0.43019480519480524,4.258178038783879
NH0,NH0__r0s13,0.04329004329004329,11.951560059555254
NH0,NH0__r0s14,0.06277056277056277,11.879375846878489
NH0,NH0__r0s15,0.14015151515151514,10.596925738752633
NH0,NH0__r0s16,0.10497835497835498,7.535346691541213
NH0,NH0__r0s17,0.041666666666666664,13.245485769513742
NH0,NH0__r0s18,0.10984848484848485,10.615544921098309
NH0,NH0__r0s19,0.1617965367965368,9.141659238263488
NH0,NH0__r0s2,0.21320346320346317,8.957565462965096
NH0,NH0__r0s3,0.030844155844155844,15.794129432278142
NH0,NH0__r0s4,0.07792207792207792,12.951912117903152
NH0,NH0__r0s5,0.24025974025974026,6.629205635639466
NH0,NH0__r0s6,0.0670995670995671,12.90116881609314
NH0,NH0__r0s7,0.20562770562770563,8.485210357850866
NH0,NH0__r0s8,0.048701298701298704,9.257309728762733
NH0,NH0__r0s9,0.06277056277056277,13.273035584164111
NI6,NI6__r0s0,0.7387791741472173,1.3987041548855057
NI6,NI6__r0s1,0.07540394973070018,12.479865454414234
NI6,NI6__r0s10,0.0888689407540395,10.907276192049164
NI6,NI6__r0s11,0.07091561938958707,12.120153996227229
NI6,NI6__r0s12,0.10457809694793536,11.816322158869628
NI6,NI6__r0s13,0.47666068222621183,3.8070307177091736
NI6,NI6__r0s14,0.20960502692998206,12.314772780068761
NI6,NI6__r0s15,0.1490125673249551,10.017568719909628
NI6,NI6__r0s16,0.061490125673249546,15.600071959958967
NI6,NI6__r0s17,0.09290843806104129,9.838218006801807
NI6,NI6__r0s18,0.0938061041292639,12.452772295018265
NI6,NI6__r0s19,0.06687612208258528,10.878504314702731
NI6,NI6__r0s2,0.26795332136445243,7.648963522262641
NI6,NI6__r0s3,0.14721723518850988,8.478783847570881
NI6,NI6__r0s4,0.11490125673249552,10.735187991465239
NI6,NI6__r0s5,0.32091561938958707,6.883853069739253
NI6,NI6__r0s6,0.34066427289048473,5.789007727458637
NI6,NI6__r0s7,0.08931777378815081,12.451822083887194
NI6,NI6__r0s8,0.03949730700179534,13.465807046847567
NI6,NI6__r0s9,0.14317773788150806,11.548798574284616
NJ0,NJ0__r0s0,0.12788184438040345,8.981584878536307
NJ0,NJ0__r0s1,0.10482708933717579,9.0948344022671
NJ0,NJ0__r0s10,0.028097982708933718,12.286262774843943
NJ0,NJ0__r0s11,0.0702449567723343,11.557593041107618
NJ0,NJ0__r0s12,0.043948126801152745,14.821008186245916
NJ0,NJ0__r0s13,0.07997118155619595,11.784981071201402
NJ0,NJ0__r0s14,0.014769452449567724,13.484655902066592
NJ0,NJ0__r0s15,0.10230547550432276,9.766203313452397
NJ0,NJ0__r0s16,0.032780979827089336,14.647031486377136
NJ0,NJ0__r0s17,0.03494236311239193,12.99033157060048
NJ0,NJ0__r0s18,0.025576368876080693,12.73759823088031
NJ0,NJ0__r0s19,0.08105187319884727,12.135106623976828
NJ0,NJ0__r0s2,0.04178674351585014,14.822322874750736
NJ0,NJ0__r0s3,0.028458213256484153,13.536713135738323
NJ0,NJ0__r0s4,0.08321325648414986,13.753242822174016
NJ0,NJ0__r0s5,0.03746397694524496,13.901112693191727
NJ0,NJ0__r0s6,0.04214697406340058,11.471068118070516
NJ0,NJ0__r0s7,0.07384726224783862,10.861630010280468
NJ0,NJ0__r0s8,0.11023054755043227,10.861084967058629
NJ0,NJ0__r0s9,0.07240634005763688,11.513687153406801
NJO,NJO__r0s0,0.6737037037037037,2.548851318882718
NJO,NJO__r0s1,0.06925925925925926,13.831282700485584
NJO,NJO__r0s10,0.12074074074074075,15.323195717505183
NJO,NJO__r0s11,0.07,13.072369469527786
NJO,NJO__r0s12,0.11148148148148149,13.418665478485144
NJO,NJO__r0s13,0.11037037037037037,11.405911615063381
NJO,NJO__r0s14,0.13777777777777778,14.857238474193508
NJO,NJO__r0s15,0.12592592592592594,12.527024609955212
NJO,NJO__r0s16,0.057777777777777775,13.614704286408548
NJO,NJO__r0s17,0.05814814814814815,15.840880707387118
NJO,NJO__r0s18,0.03333333333333333,16.188734747612
NJO,NJO__r0s19,0.13703703703703704,15.042179252539837
NJO,NJO__r0s2,0.15296296296296297,13.502588902732137
NJO,NJO__r0s3,0.2362962962962963,6.804151068503744
NJO,NJO__r0s4,0.10740740740740741,16.620818897906318
NJO,NJO__r0s5,0.09222222222222222,13.348296896461731
NJO,NJO__r0s6,0.1562962962962963,10.707238970260548
NJO,NJO__r0s7,0.19407407407407407,8.241406397027303
NJO,NJO__r0s8,0.28481481481481485,6.750022626337885
NJO,NJO__r0s9,0.2711111111111111,7.223497604462307
NXR,NXR__r0s0,0.75,1.059461074460858
NXR,NXR__r0s1,0.356457242582897,4.720374594779917
NXR,NXR__r0s10,0.06849912739965096,11.934677913930617
NXR,NXR__r0s11,0.03228621291448516,15.43235303523375
NXR,NXR__r0s12,0.11038394415357766,14.15914605034476
NXR,NXR__r0s13,0.05410122164048865,15.735337066651798
NXR,NXR__r0s14,0.36082024432809773,6.352056082484361
NXR,NXR__r0s15,0.06806282722513089,15.899298195704562
NXR,NXR__r0s16,0.33507853403141363,6.252443511296302
NXR,NXR__r0s17,0.23472949389179756,8.111656471033168
NXR,NXR__r0s18,0.0506108202443281,15.3558047937586
NXR,NXR__r0s19,0.19240837696335078,9.818824224899338
NXR,NXR__r0s2,0.39834205933682376,4.423039261734822
NXR,NXR__r0s3,0.11823734729493891,14.31234245189637
NXR,NXR__r0s4,0.11169284467713786,14.612749122518494
NXR,NXR__r0s5,0.10078534031413612,10.317218829270825
NXR,NXR__r0s6,0.40445026178010474,5.138141260818212
NXR,NXR__r0s7,0.05410122164048866,14.599415114628256
NXR,NXR__r0s8,0.043193717277486915,10.806207345092288
NXR,NXR__r0s9,0.18324607329842932,14.226628667596625
NYF,NYF__r0s0,0.7708034433285509,0.5448712949791155
NYF,NYF__r0s1,0.21700143472022956,9.512451461231892
NYF,NYF__r0s10,0.04913916786226686,14.764632530191923
NYF,NYF__r0s11,0.1323529411764706,12.710781711867034
NYF,NYF__r0s12,0.47740315638450503,3.4905337002517056
NYF,NYF__r0s13,0.15136298421807748,11.133211249716584
NYF,NYF__r0s14,0.17324246771879484,9.332836101541947
NYF,NYF__r0s15,0.06563845050215208,9.77533303578627
NYF,NYF__r0s16,0.0667144906743185,13.376081973002151
NYF,NYF__r0s17,0.04160688665710187,15.3788428756131
NYF,NYF__r0s18,0.09325681492109039,8.464805257863945
NYF,NYF__r0s19,0.14598278335724535,14.831957326264153
NYF,NYF__r0s2,0.12374461979913916,15.34047141292347
NYF,NYF__r0s3,0.11011477761836443,15.0392064465247
NYF,NYF__r0s4,0.07532281205164992,11.567990275823131
NYF,NYF__r0s5,0.04160688665710187,14.499827185935512
NYF,NYF__r0s6,0.08751793400286945,10.475748052671571
NYF,NYF__r0s7,0.06456241032998565,15.379981153082264
NYF,NYF__r0s8,0.2431850789096126,5.812110375534114
NYF,NYF__r0s9,0.0821377331420373,11.87812738799069
PG0,PG0__r0s0,0.4647058823529412,4.511791202120306
PG0,PG0__r0s1,0.023529411764705882,7.067610106668157
PG0,PG0__r0s10,0.06176470588235294,9.467048143034797
PG0,PG0__r0s11,0.09411764705882353,6.187339698001879
PG0,PG0__r0s12,0.24705882352941178,4.927955733352891
PG0,PG0__r0s13,0.03823529411764706,10.083694903842305
PG0,PG0__r0s14,0.052941176470588235,9.0336669178748
PG0,PG0__r0s15,0.20588235294117646,6.102728217620282
PG0,PG0__r0s16,0.008823529411764706,9.218317268101625
PG0,PG0__r0s17,0.020588235294117647,8.455372905574308
PG0,PG0__r0s18,0.10882352941176471,6.74293927652581
PG0,PG0__r0s19,0.0058823529411764705,9.470800206002826
PG0,PG0__r0s2,0.052941176470588235,9.440401377886486
PG0,PG0__r0s3,0.08235294117647059,8.334914990651814
PG0,PG0__r0s4,0.2529411764705882,6.0146232646367
PG0,PG0__r0s5,0.07352941176470588,8.702333434120883
PG0,PG0__r0s6,0.12058823529411763,6.436559892836001
PG0,PG0__r0s7,0.008823529411764706,9.831240228817467
PG0,PG0__r0s8,0.020588235294117647,7.875991234543813
PG0,PG0__r0s9,0.2823529411764706,4.749786197580304
PG4,PG4__r0s0,0.5652173913043479,3.0227320431322564
PG4,PG4__r0s1,0.1793478260869565,9.678305767410883
PG4,PG4__r0s10,0.27065217391304347,8.080676569790446
PG4,PG4__r0s11,0.2847826086956522,6.657432687492069
PG4,PG4__r0s12,0.28043478260869564,7.868315396761646
PG4,PG4__r0s13,0.24021739130434783,8.652392321512124
PG4,PG4__r0s14,0.2793478260869565,6.464079142860677
PG4,PG4__r0s15,0.2282608695652174,7.599144554831968
PG4,PG4__r0s16,0.275,5.609910449590379
PG4,PG4__r0s17,0.21195652173913043,8.956820970357441
PG4,PG4__r0s18,0.2739130434782609,7.348061947973765
PG4,PG4__r0s19,0.15760869565217392,10.284050510864068
PG4,PG4__r0s2,0.1423913043478261,10.042928106124677
PG4,PG4__r0s3,0.21956521739130436,8.062410802851637
PG4,PG4__r0s4,0.3543478260869565,6.671668276946549
PG4,PG4__r0s5,0.21195652173913043,6.401285143801964
PG4,PG4__r0s6,0.48043478260869565,4.170241666767073
PG4,PG4__r0s7,0.4108695652173913,4.649183929506575
PG4,PG4__r0s8,0.24130434782608695,8.671467686087901
PG4,PG4__r0s9,0.22608695652173913,7.2845945988569145
PK9,PK9__r0s0,0.3647959183673469,4.984455488498228
PK9,PK9__r0s1,0.21938775510204084,8.315013607001886
PK9,PK9__r0s10,0.3303571428571429,6.808195455109343
PK9,PK9__r0s11,0.24043367346938777,8.312270179830932
PK9,PK9__r0s12,0.1128826530612245,11.75499776511675
PK9,PK9__r0s13,0.06632653061224489,10.398414446134698
PK9,PK9__r0s14,0.20918367346938777,6.462164629699687
PK9,PK9__r0s15,0.15306122448979592,11.109039261270189
PK9,PK9__r0s16,0.19005102040816324,9.468865662003056
PK9,PK9__r0s17,0.1607142857142857,9.188944403880226
PK9,PK9__r0s18,0.22767857142857145,6.560813693920055
PK9,PK9__r0s19,0.12181122448979592,10.459786755725606
PK9,PK9__r0s2,0.04400510204081633,10.422789432922437
PK9,PK9__r0s3,0.17665816326530612,7.574957920885688
PK9,PK9__r0s4,0.33609693877551017,6.951366337906734
PK9,PK9__r0s5,0.09630102040816327,13.37892004821229
PK9,PK9__r0s6,0.12627551020408162,11.20682882188976
PK9,PK9__r0s7,0.16581632653061223,7.224680537860661
PK9,PK9__r0s8,0.07525510204081633,10.889444508468912
PK9,PK9__r0s9,0.09438775510204081,8.906156252234009
PK9,PK9__r1s0,0.14987244897959184,6.276070179891235
PK9,PK9__r1s1,0.13775510204081634,7.57583872869968
PK9,PK9__r1s2,0.21875,6.283325448518476
PK9,PK9__r1s3,0.19706632653061223,6.739849973140778
PK9,PK9__r1s4,0.13903061224489793,9.05067278557891
PKT,PKT__r0s0,0.33371040723981904,5.130836769162476
PKT,PKT__r0s1,0.209841628959276,7.792023086708298
PKT,PKT__r0s10,0.13744343891402716,11.143496704123779
PKT,PKT__r0s11,0.13122171945701358,10.470747176734694
PKT,PKT__r0s12,0.07183257918552036,13.595408916411065
PKT,PKT__r0s13,0.18721719457013575,9.998371163564665
PKT,PKT__r0s14,0.11538461538461539,10.890339258855304
PKT,PKT__r0s15,0.06900452488687783,13.071142119566089
PKT,PKT__r0s16,0.07861990950226244,11.483721835863903
PKT,PKT__r0s17,0.12895927601809953,11.239984426463227
PKT,PKT__r0s18,0.2166289592760181,7.08648250994864
PKT,PKT__r0s19,0.22002262443438914,10.613592976679703
PKT,PKT__r0s2,0.12839366515837103,8.9149711830621
PKT,PKT__r0s3,0.1815610859728507,8.75411031836906
PKT,PKT__r0s4,0.20531674208144796,8.354120066274701
PKT,PKT__r0s5,0.06957013574660634,9.48448382042769
PKT,PKT__r0s6,0.10746606334841628,9.110673844859237
PKT,PKT__r0s7,0.06843891402714931,10.273368245477503
PKT,PKT__r0s8,0.08710407239819004,11.790926070145073
PKT,PKT__r0s9,0.09785067873303167,10.659417718209315
PKT,PKT__r1s0,0.30090497737556565,6.103623414555221
PKT,PKT__r1s1,0.18665158371040724,8.749160537459984
PKT,PKT__r1s2,0.21832579185520362,7.731913081247524
PKT,PKT__r1s3,0.1165158371040724,11.376270228466279
PKT,PKT__r1s4,0.13122171945701358,11.57836200528482
QDJ,QDJ__r0s0,0.644620811287478,2.7881285343226687
QDJ,QDJ__r0s1,0.04144620811287478,13.195971242130975
QDJ,QDJ__r0s10,0.07539682539682539,11.805568798529015
QDJ,QDJ__r0s11,0.09656084656084656,9.079660151671641
QDJ,QDJ__r0s12,0.24338624338624337,7.3294588249953785
QDJ,QDJ__r0s13,0.1247795414462081,10.842628998817249
QDJ,QDJ__r0s14,0.1318342151675485,7.718921186621661
QDJ,QDJ__r0s15,0.09126984126984126,10.367921282214287
QDJ,QDJ__r0s16,0.12786596119929453,9.147925445734812
QDJ,QDJ__r0s17,0.32186948853615516,4.78059182620236
QDJ,QDJ__r0s18,0.09479717813051146,8.323806465867062
QDJ,QDJ__r0s19,0.14947089947089948,8.721669554821624
QDJ,QDJ__r0s2,0.08597883597883597,13.145267767737383
QDJ,QDJ__r0s3,0.19576719576719576,7.916324817933096
QDJ,QDJ__r0s4,0.08774250440917107,9.858619510002624
QDJ,QDJ__r0s5,0.314373897707231,4.959821625922339
QDJ,QDJ__r0s6,0.10890652557319223,12.623658019988106
QDJ,QDJ__r0s7,0.15696649029982362,11.20929449757679
QDJ,QDJ__r0s8,0.2120811287477954,7.7477385608308085
QDJ,QDJ__r0s9,0.10317460317460317,11.86671336676694
QDJ,QDJ__r1s0,0.6190476190476191,3.1353097347624126
QDJ,QDJ__r1s1,0.036155202821869487,12.972511222426753
QDJ,QDJ__r1s2,0.1353615520282187,10.181651551848036
QDJ,QDJ__r1s3,0.0855379188712522,13.382046188601725
QDJ,QDJ__r1s4,0.14638447971781304,10.786177773940283
QDP,QDP__r0s0,0.6533996683250415,2.859370146120017
QDP,QDP__r0s1,0.08374792703150913,10.620470142887697
QDP,QDP__r0s10,0.12769485903814262,14.061153244446208
QDP,QDP__r0s11,0.06840796019900497,11.74659008980798
QDP,QDP__r0s12,0.051824212271973466,14.7046223734254
QDP,QDP__r0s13,0.10240464344941957,11.545767185178354
QDP,QDP__r0s14,0.1969320066334992,8.853350805557428
QDP,QDP__r0s15,0.10530679933665008,11.884565103067722
QDP,QDP__r0s16,0.23756218905472637,7.66638235133424
QDP,QDP__r0s17,0.17081260364842454,9.9096401570813
QDP,QDP__r0s18,0.06260364842454394,13.52990957911888
QDP,QDP__r0s19,0.10406301824212272,11.225917926335148
QDP,QDP__r0s2,0.053482587064676616,13.891787829078579
QDP,QDP__r0s3,0.17039800995024876,11.1974422099825
QDP,QDP__r0s4,0.07172470978441128,13.790556370723152
QDP,QDP__r0s5,0.16003316749585406,9.552197887688726
QDP,QDP__r0s6,0.12106135986733002,10.97588024197454
QDP,QDP__r0s7,0.1388888888888889,9.805924183456915
QDP,QDP__r0s8,0.07048092868988391,13.946465967204475
QDP,QDP__r0s9,0.23590381426202323,6.4905817911177275
QDP,QDP__r1s0,0.6944444444444444,2.5875242044898425
QDP,QDP__r1s1,0.5058043117744611,5.094218693248155
QDP,QDP__r1s2,0.10033167495854063,12.2491484559919
QDP,QDP__r1s3,0.33789386401326704,5.761718848825922
QDP,QDP__r1s4,0.12935323383084577,7.763141656294048
QDV,QDV__r0s0,0.5700290275761974,3.4279864166077623
QDV,QDV__r0s1,0.29753265602322204,6.652816599487139
QDV,QDV__r0s10,0.06059506531204645,14.258300453314781
QDV,QDV__r0s11,0.045355587808417995,15.614162264771073
QDV,QDV__r0s12,0.0809143686502177,14.24817127863169
QDV,QDV__r0s13,0.04499274310595065,15.952066379182526
QDV,QDV__r0s14,0.04862119013062409,16.665925876200628
QDV,QDV__r0s15,0.04390420899854862,13.76180768308414
QDV,QDV__r0s16,0.1378809869375907,12.168876440137097
QDV,QDV__r0s17,0.03701015965166909,13.979583099004298
QDV,QDV__r0s18,0.06204644412191582,13.5145285421359
QDV,QDV__r0s19,0.06095791001451378,12.447908739761106
QDV,QDV__r0s2,0.026487663280116112,14.005383935000921
QDV,QDV__r0s3,0.12010159651669085,7.302119643252358
QDV,QDV__r0s4,0.04862119013062409,16.846588548595438
QDV,QDV__r0s5,0.11973875181422351,10.127410670659575
QDV,QDV__r0s6,0.0874455732946299,14.64384551765334
QDV,QDV__r0s7,0.10595065312046445,10.530706321420206
QDV,QDV__r0s8,0.11683599419448476,9.539011573563021
QDV,QDV__r0s9,0.06059506531204645,14.66538700318948
QDY,QDY__r0s0,0.35220125786163525,6.292759276296281
QDY,QDY__r0s1,0.18632075471698115,7.3610525741955986
QDY,QDY__r0s10,0.1470125786163522,9.646442792245102
QDY,QDY__r0s11,0.09316037735849056,11.094775568261747
QDY,QDY__r0s12,0.14897798742138366,7.706995740949188
QDY,QDY__r0s13,0.1800314465408805,9.304880277519002
QDY,QDY__r0s14,0.12735849056603774,8.051798491416427
QDY,QDY__r0s15,0.18199685534591195,9.326836665427297
QDY,QDY__r0s16,0.04874213836477988,11.914005460120356
QDY,QDY__r0s17,0.04834905660377359,12.33160604170679
QDY,QDY__r0s18,0.1179245283018868,9.44132763427296
QDY,QDY__r0s19,0.17924528301886794,9.1461835635023
QDY,QDY__r0s2,0.16470125786163523,8.376930236050237
QDY,QDY__r0s3,0.10731132075471699,8.216039795046779
QDY,QDY__r0s4,0.02358490566037736,14.162651648250916
QDY,QDY__r0s5,0.10141509433962265,9.529800091022349
QDY,QDY__r0s6,0.03773584905660378,10.967428544263079
QDY,QDY__r0s7,0.04756289308176101,11.80867726514693
QDY,QDY__r0s8,0.07861635220125787,10.370962157861445
QDY,QDY__r0s9,0.10455974842767296,8.947420010224652
QE4,QE4__r0s0,0.7333603896103896,1.6421267701868854
QE4,QE4__r0s1,0.08969155844155845,11.31094955233906
QE4,QE4__r0s10,0.15137987012987014,7.876497925386599
QE4,QE4__r0s11,0.12094155844155843,11.23328306590174
QE4,QE4__r0s12,0.1278409090909091,10.93385969061273
QE4,QE4__r0s13,0.07670454545454546,13.72432460906843
QE4,QE4__r0s14,0.2597402597402597,7.172224961233614
QE4,QE4__r0s15,0.13027597402597405,13.938299884103236
QE4,QE4__r0s16,0.27962662337662336,6.423235117087753
QE4,QE4__r0s17,0.37256493506493504,5.883594206255241
QE4,QE4__r0s18,0.16680194805194803,12.437288507289235
QE4,QE4__r0s19,0.1185064935064935,8.787175891739198
QE4,QE4__r0s2,0.07873376623376624,14.981407845041373
QE4,QE4__r0s3,0.056006493506493504,13.14066781187341
QE4,QE4__r0s4,0.06858766233766234,14.809376229391633
QE4,QE4__r0s5,0.39163961038961037,4.49122365241363
QE4,QE4__r0s6,0.06858766233766234,12.622366697694476
QE4,QE4__r0s7,0.1663961038961039,9.127989961255766
QE4,QE4__r0s8,0.10957792207792208,11.692207168416138
QE4,QE4__r0s9,0.461038961038961,4.675579735167488
QEA,QEA__r0s0,0.5595238095238095,4.385261214740372
QEA,QEA__r0s1,0.07738095238095238,10.893423528154733
QEA,QEA__r0s10,0.1173469387755102,11.047071638259188
QEA,QEA__r0s11,0.11224489795918367,10.665483024644747
QEA,QEA__r0s12,0.2457482993197279,6.9529123085653906
QEA,QEA__r0s13,0.3784013605442177,5.663299497580236
QEA,QEA__r0s14,0.3605442176870748,5.5532740806220575
QEA,QEA__r0s15,0.4285714285714286,5.58651455878645
QEA,QEA__r0s16,0.17814625850340138,9.400295075583372
QEA,QEA__r0s17,0.06292517006802721,12.496376091963482
QEA,QEA__r0s18,0.16921768707482993,9.82519405537224
QEA,QEA__r0s19,0.17644557823129253,8.281742971809921
QEA,QEA__r0s2,0.17049319727891155,9.900016464784107
QEA,QEA__r0s3,0.06462585034013606,12.709811619006757
QEA,QEA__r0s4,0.05229591836734694,12.83468533556794
QEA,QEA__r0s5,0.09693877551020408,9.40323461602732
QEA,QEA__r0s6,0.15433673469387754,9.087169819953907
QEA,QEA__r0s7,0.09481292517006804,11.506384627895034
QEA,QEA__r0s8,0.14795918367346939,9.79876937324774
QEA,QEA__r0s9,0.08801020408163265,12.000123344614444
QEP,QEP__r0s0,0.5646417445482866,3.8861336986011974
QEP,QEP__r0s1,0.16471962616822428,7.024240216356237
QEP,QEP__r0s10,0.2087227414330218,9.022357441358448
QEP,QEP__r0s11,0.07710280373831775,13.022552604144941
QEP,QEP__r0s12,0.1810747663551402,8.666450982391899
QEP,QEP__r0s13,0.28582554517133957,9.269857535153383
QEP,QEP__r0s14,0.08216510903426791,8.77951485835142
QEP,QEP__r0s15,0.3679906542056075,5.412011578247059
QEP,QEP__r0s16,0.38668224299065423,6.046945928859788
QEP,QEP__r0s17,0.049454828660436136,12.915845086077502
QEP,QEP__r0s18,0.1690031152647975,9.231076881671699
QEP,QEP__r0s19,0.19003115264797507,7.845517342352688
QEP,QEP__r0s2,0.08450155763239875,8.209230613962967
QEP,QEP__r0s3,0.045171339563862926,12.921836753982841
QEP,QEP__r0s4,0.5237538940809969,4.243698774818637
QEP,QEP__r0s5,0.11214953271028036,12.011343803936708
QEP,QEP__r0s6,0.05957943925233644,10.536804925452069
QEP,QEP__r0s7,0.0689252336448598,12.51018152326182
QEP,QEP__r0s8,0.025311526479750775,14.035470333031908
QEP,QEP__r0s9,0.06853582554517133,11.322173646161511
QES,QES__r0s0,0.7757009345794392,1.6820340922447707
QES,QES__r0s1,0.22118380062305296,8.410968170158084
QES,QES__r0s10,0.07320872274143302,14.314647940611536
QES,QES__r0s11,0.10202492211838006,10.520477248014094
QES,QES__r0s12,0.2877725856697819,6.3384439997569855
QES,QES__r0s13,0.07242990654205607,11.30325024153877
QES,QES__r0s14,0.06853582554517133,11.594953304247852
QES,QES__r0s15,0.09501557632398754,10.853545596269282
QES,QES__r0s16,0.1588785046728972,12.384312076022532
QES,QES__r0s17,0.17523364485981308,8.839168858197805
QES,QES__r0s18,0.3613707165109034,5.252191078540192
QES,QES__r0s19,0.47975077881619943,3.096955510843773
QES,QES__r0s2,0.08255451713395637,11.884280756982353
QES,QES__r0s3,0.07749221183800623,10.915175074093112
QES,QES__r0s4,0.11799065420560748,13.352546379528059
QES,QES__r0s5,0.05334890965732087,12.425039425086485
QES,QES__r0s6,0.18730529595015577,8.82763621919717
QES,QES__r0s7,0.07710280373831775,11.128464373213813
QES,QES__r0s8,0.12733644859813084,7.543910657936538
QES,QES__r0s9,0.08177570093457943,11.914567301054635
RIT,RIT__r0s0,0.6741676942046856,1.5549395612066754
RIT,RIT__r0s1,0.1596794081381011,9.376864154359307
RIT,RIT__r0s10,0.14180024660912455,7.247372635378526
RIT,RIT__r0s11,0.14919852034525277,9.676808681717052
RIT,RIT__r0s12,0.05209617755856967,14.091376487489308
RIT,RIT__r0s13,0.32552404438964244,7.030139383110438
RIT,RIT__r0s14,0.06442663378545006,13.033568934087079
RIT,RIT__r0s15,0.08353884093711467,11.11669213601715
RIT,RIT__r0s16,0.11159062885326756,9.274367233549857
RIT,RIT__r0s17,0.11775585696670776,11.73002824172279
RIT,RIT__r0s18,0.1186806411837238,12.091129479831222
RIT,RIT__r0s19,0.18588162762022195,7.548803450040472
RIT,RIT__r0s2,0.1843403205918619,11.129918667429058
RIT,RIT__r0s3,0.5382244143033292,2.1366084632651714
RIT,RIT__r0s4,0.09155363748458693,11.464107980023474
RIT,RIT__r0s5,0.25400739827373614,7.622252984641862
RIT,RIT__r0s6,0.3205918618988902,6.090396628733148
RIT,RIT__r0s7,0.19358816276202218,7.1163093853386
RIT,RIT__r0s8,0.20869297163995068,7.807014092934358
RIT,RIT__r0s9,0.12114673242909987,8.079950458901163
T0K,T0K__r0s0,0.202217125382263,8.981261575238584
T0K,T0K__r0s1,0.052752293577981654,11.673598339442972
T0K,T0K__r0s10,0.04396024464831805,11.759077582041112
T0K,T0K__r0s11,0.03172782874617737,12.285559357035712
T0K,T0K__r0s12,0.18807339449541283,8.351172646509252
T0K,T0K__r0s13,0.0672782874617737,10.482693550423216
T0K,T0K__r0s14,0.1735474006116208,8.337208555967548
T0K,T0K__r0s15,0.05695718654434251,12.25581711343771
T0K,T0K__r0s16,0.035168195718654434,13.801009277948532
T0K,T0K__r0s17,0.18922018348623854,9.646736956423553
T0K,T0K__r0s18,0.04931192660550458,11.610182754628937
T0K,T0K__r0s19,0.13035168195718655,9.40020834829409
T0K,T0K__r0s2,0.12538226299694188,10.798506951377444
T0K,T0K__r0s3,0.13340978593272174,9.980573239677845
T0K,T0K__r0s4,0.077217125382263,11.746959464089578
T0K,T0K__r0s5,0.1636085626911315,10.375162225444706
T0K,T0K__r0s6,0.04548929663608563,12.814489555170594
T0K,T0K__r0s7,0.035550458715596325,13.350375634631401
T0K,T0K__r0s8,0.08906727828746178,10.999803470935458
T0K,T0K__r0s9,0.04969418960244648,12.566032867256752
TCI,TCI__r0s0,0.3824940047961631,5.534532341222402
TCI,TCI__r0s1,0.2422062350119904,10.952274854688978
TCI,TCI__r0s10,0.2709832134292566,6.3781350064919025
TCI,TCI__r0s11,0.14628297362110312,7.796114156065716
TCI,TCI__r0s12,0.20083932853717026,13.536859951121826
TCI,TCI__r0s13,0.19004796163069546,13.812833911337897
TCI,TCI__r0s14,0.22302158273381295,9.349273728921597
TCI,TCI__r0s15,0.17925659472422062,10.874149948389613
TCI,TCI__r0s16,0.18585131894484413,13.036869681083223
TCI,TCI__r0s17,0.11630695443645084,15.896539000598358
TCI,TCI__r0s18,0.36390887290167867,5.449792517946273
TCI,TCI__r0s19,0.4064748201438849,5.06168840207131
TCI,TCI__r0s2,0.25239808153477217,8.672603320542581
TCI,TCI__r0s3,0.19244604316546762,10.800900669945898
TCI,TCI__r0s4,0.1013189448441247,14.943086599543468
TCI,TCI__r0s5,0.14628297362110312,13.635914296167305
TCI,TCI__r0s6,0.32194244604316546,5.441321416477969
TCI,TCI__r0s7,0.3405275779376499,6.911779697028019
TCI,TCI__r0s8,0.3752997601918465,5.150748139483727
TCI,TCI__r0s9,0.21282973621103118,10.138810362855073
X5Y,X5Y__r0s0,0.75,1.3415108940554572
X5Y,X5Y__r0s1,0.18295019157088122,8.54397206854759
X5Y,X5Y__r0s10,0.18726053639846743,8.611833488170861
X5Y,X5Y__r0s11,0.10440613026819923,13.145981800834816
X5Y,X5Y__r0s12,0.19348659003831417,8.945947304628417
X5Y,X5Y__r0s13,0.16618773946360155,7.638644164988071
X5Y,X5Y__r0s14,0.25526819923371646,5.8872685913467135
X5Y,X5Y__r0s15,0.08524904214559387,13.00459938995997
X5Y,X5Y__r0s16,0.3194444444444444,7.535587026142698
X5Y,X5Y__r0s17,0.17480842911877395,9.321358109016158
X5Y,X5Y__r0s18,0.11685823754789272,8.577749802759971
X5Y,X5Y__r0s19,0.16283524904214558,10.625966947634678
X5Y,X5Y__r0s2,0.1293103448275862,10.805594312681217
X5Y,X5Y__r0s3,0.19444444444444445,9.196459545238577
X5Y,X5Y__r0s4,0.1781609195402299,7.279176828510657
X5Y,X5Y__r0s5,0.10871647509578544,11.670719460909881
X5Y,X5Y__r0s6,0.06944444444444445,13.117155675240907
X5Y,X5Y__r0s7,0.15996168582375478,11.640132180156922
X5Y,X5Y__r0s8,0.07279693486590039,7.958342387924025
X5Y,X5Y__r0s9,0.11590038314176246,11.754428435697132
X6J,X6J__r0s0,0.6938596491228071,1.631190099423446
X6J,X6J__r0s1,0.18026315789473685,11.479312722230103
X6J,X6J__r0s10,0.13684210526315788,8.77412483248738
X6J,X6J__r0s11,0.1350877192982456,8.774107103494108
X6J,X6J__r0s12,0.09912280701754386,10.13892417258651
X6J,X6J__r0s13,0.14342105263157895,11.416577197982779
X6J,X6J__r0s14,0.2149122807017544,7.236717047728403
X6J,X6J__r0s15,0.07149122807017544,12.148871785455205
X6J,X6J__r0s16,0.1267543859649123,9.596607852604457
X6J,X6J__r0s17,0.037719298245614034,15.433156660088402
X6J,X6J__r0s18,0.17105263157894737,10.193459286206224
X6J,X6J__r0s19,0.39473684210526316,4.6708511840866835
X6J,X6J__r0s2,0.13771929824561402,10.002914931389633
X6J,X6J__r0s3,0.11008771929824561,12.541180657497803
X6J,X6J__r0s4,0.06271929824561404,9.505653604561038
X6J,X6J__r0s5,0.06973684210526315,12.206598971692975
X6J,X6J__r0s6,0.3035087719298246,5.909735152391414
X6J,X6J__r0s7,0.14649122807017545,9.168202311338206
X6J,X6J__r0s8,0.1280701754385965,12.192750068877142
X6J,X6J__r0s9,0.06798245614035088,13.06897452105479
X6S,X6S__r0s0,0.7572741194486984,1.2900328019065403
X6S,X6S__r0s1,0.19563552833078102,8.180651844676671
X6S,X6S__r0s10,0.14280245022970905,8.426691920936198
X6S,X6S__r0s11,0.15735068912710568,10.414647886702053
X6S,X6S__r0s12,0.09150076569678407,12.782632638039134
X6S,X6S__r0s13,0.16462480857580397,9.810356583990584
X6S,X6S__r0s14,0.11370597243491577,8.531995161519761
X6S,X6S__r0s15,0.18108728943338437,8.54956031734105
X6S,X6S__r0s16,0.23774885145482388,6.966120465361933
X6S,X6S__r0s17,0.06431852986217458,8.276080875371704
X6S,X6S__r0s18,0.15505359877488514,11.702472003530925
X6S,X6S__r0s19,0.3847626339969372,4.540280757542613
X6S,X6S__r0s2,0.08537519142419603,13.22449071188989
X6S,X6S__r0s3,0.30359877488514553,6.3343378444104665
X6S,X6S__r0s4,0.2986217457886677,5.6049679617790105
X6S,X6S__r0s5,0.04938744257274119,10.357985389813296
X6S,X6S__r0s6,0.17151607963246554,8.059531578039364
X6S,X6S__r0s7,0.08920367534456355,11.405989640104412
X6S,X6S__r0s8,0.23238897396630936,6.528043536529496
X6S,X6S__r0s9,0.21745788667687593,7.433121958572928
X6V,X6V__r0s0,0.7057245080500893,1.8292850350404073
X6V,X6V__r0s1,0.1453488372093023,10.321252716664427
X6V,X6V__r0s10,0.18291592128801432,10.556344626566116
X6V,X6V__r0s11,0.18202146690518783,8.91944136603472
X6V,X6V__r0s12,0.13595706618962433,9.734173119016395
X6V,X6V__r0s13,0.10465116279069767,10.445394180683094
X6V,X6V__r0s14,0.11851520572450805,10.165727964969614
X6V,X6V__r0s15,0.11359570661896243,12.424826817430821
X6V,X6V__r0s16,0.27415026833631484,7.803133938032108
X6V,X6V__r0s17,0.07692307692307693,10.623740804899109
X6V,X6V__r0s18,0.08363148479427548,9.928184150462858
X6V,X6V__r0s19,0.11046511627906977,10.384713270553272
X6V,X6V__r0s2,0.0907871198568873,11.17877374437179
X6V,X6V__r0s3,0.13282647584973167,8.71881123181797
X6V,X6V__r0s4,0.1569767441860465,8.160294236406987
X6V,X6V__r0s5,0.09391771019677997,10.80967203260318
X6V,X6V__r0s6,0.040697674418604654,13.93248761174684
X6V,X6V__r0s7,0.10778175313059034,9.310809182314962
X6V,X6V__r0s8,0.2052772808586762,8.014596625168368
X6V,X6V__r0s9,0.5049194991055457,3.3173509646534702
X71,X71__r0s0,0.7044223826714802,2.104678112813638
X71,X71__r0s1,0.1430505415162455,7.727443891354234
X71,X71__r0s10,0.1466606498194946,7.8595814594424835
X71,X71__r0s11,0.21886281588447654,7.541531052113032
X71,X71__r0s12,0.4634476534296029,4.028726884770804
X71,X71__r0s13,0.20577617328519854,8.763002387868397
X71,X71__r0s14,0.12409747292418773,9.008562213841259
X71,X71__r0s15,0.41064981949458484,6.0700162595702265
X71,X71__r0s16,0.10875451263537905,13.819516925169708
X71,X71__r0s17,0.06362815884476535,11.899914755215091
X71,X71__r0s18,0.32445848375451264,6.211643066416194
X71,X71__r0s19,0.1832129963898917,8.876659382679204
X71,X71__r0s2,0.23510830324909748,7.798039198078327
X71,X71__r0s3,0.13628158844765342,11.24652634846771
X71,X71__r0s4,0.3100180505415162,7.502839400115255
X71,X71__r0s5,0.22382671480144406,9.838167111879685
X71,X71__r0s6,0.18772563176895307,10.584369534260684
X71,X71__r0s7,0.12048736462093862,13.080097834440906
X71,X71__r0s8,0.08935018050541516,13.528337614487967
X71,X71__r0s9,0.18546931407942238,12.675282143482994
X74,X74__r0s0,0.7456964006259781,1.4868502119488884
X74,X74__r0s1,0.07589984350547732,14.195389075738335
X74,X74__r0s10,0.07003129890453834,13.747346159407027
X74,X74__r0s11,0.04812206572769953,11.980779043414065
X74,X74__r0s12,0.16549295774647887,10.907718161931001
X74,X74__r0s13,0.1134585289514867,8.200376720185822
X74,X74__r0s14,0.08215962441314553,13.207831713060807
X74,X74__r0s15,0.08294209702660407,11.592074710653327
X74,X74__r0s16,0.0594679186228482,13.802833207238962
X74,X74__r0s17,0.17879499217527386,7.263249192652379
X74,X74__r0s18,0.09428794992175274,13.111875309808275
X74,X74__r0s19,0.24452269170579027,6.210837692572066
X74,X74__r0s2,0.09389671361502347,13.582231323411019
X74,X74__r0s3,0.06885758998435054,13.242934945394062
X74,X74__r0s4,0.06142410015649452,13.80158452048996
X74,X74__r0s5,0.16353677621283255,13.24324206365301
X74,X74__r0s6,0.05985915492957747,14.460046277534396
X74,X74__r0s7,0.14280125195618154,9.477271583124379
X74,X74__r0s8,0.1651017214397496,7.471694711792806
X74,X74__r0s9,0.17566510172143976,9.42976765721991
X7D,X7D__r0s0,0.7777366863905326,1.2651756307108457
X7D,X7D__r0s1,0.10281065088757396,11.751686111388386
X7D,X7D__r0s10,0.061020710059171604,12.784093990589119
X7D,X7D__r0s11,0.271819526627219,5.729856067309773
X7D,X7D__r0s12,0.28661242603550297,6.08736490583909
X7D,X7D__r0s13,0.09652366863905325,9.804772497181792
X7D,X7D__r0s14,0.04955621301775148,13.557718808372703
X7D,X7D__r0s15,0.23520710059171598,6.522246156469002
X7D,X7D__r0s16,0.05806213017751479,13.631641536292594
X7D,X7D__r0s17,0.15051775147928992,13.013486269525556
X7D,X7D__r0s18,0.11649408284023668,10.203287260626883
X7D,X7D__r0s19,0.07433431952662722,9.926268083312547
X7D,X7D__r0s2,0.13683431952662722,10.023336407601695
X7D,X7D__r0s3,0.10428994082840237,12.949658283815312
X7D,X7D__r0s4,0.0625,10.531272759765478
X7D,X7D__r0s5,0.09763313609467456,10.911190952417567
X7D,X7D__r0s6,0.13942307692307693,12.745165192750047
X7D,X7D__r0s7,0.08542899408284024,10.497962954337696
X7D,X7D__r0s8,0.09578402366863906,12.224794493328087
X7D,X7D__r0s9,0.12463017751479291,11.741239524045765
X7J,X7J__r0s0,0.3876288659793814,5.4127170604215005
X7J,X7J__r0s1,0.08865979381443298,13.53098419906974
X7J,X7J__r0s10,0.1154639175257732,10.253392153115884
X7J,X7J__r0s11,0.11546391752577319,7.629503483559836
X7J,X7J__r0s12,0.14690721649484537,8.888856936808661
X7J,X7J__r0s13,0.16701030927835053,8.034673991088011
X7J,X7J__r0s14,0.22319587628865978,6.587469139969179
X7J,X7J__r0s15,0.20309278350515464,9.623245168404164
X7J,X7J__r0s16,0.10463917525773196,11.011000816369476
X7J,X7J__r0s17,0.14793814432989694,8.195107056098575
X7J,X7J__r0s18,0.0979381443298969,12.057925570454882
X7J,X7J__r0s19,0.22422680412371135,9.64614108686177
X7J,X7J__r0s2,0.2639175257731958,8.385997706578408
X7J,X7J__r0s3,0.20257731958762887,8.50838624908635
X7J,X7J__r0s4,0.17783505154639173,10.661435340046582
X7J,X7J__r0s5,0.05515463917525773,12.326883448266221
X7J,X7J__r0s6,0.08556701030927835,8.446368577083673
X7J,X7J__r0s7,0.2056701030927835,10.16843984794428
X7J,X7J__r0s8,0.17422680412371133,10.387849478700238
X7J,X7J__r0s9,0.17577319587628865,10.782812484515137
X7M,X7M__r0s0,0.7075358851674641,2.281490295215537
X7M,X7M__r0s1,0.0514354066985646,12.67851911482202
X7M,X7M__r0s10,0.2159090909090909,7.2292132753603715
X7M,X7M__r0s11,0.18660287081339713,7.945130709846622
X7M,X7M__r0s12,0.3050239234449761,6.601524270056595
X7M,X7M__r0s13,0.08732057416267944,12.981275188737536
X7M,X7M__r0s14,0.07057416267942583,11.001233916601333
X7M,X7M__r0s15,0.14892344497607657,9.801615055423152
X7M,X7M__r0s16,0.0861244019138756,13.472100597203909
X7M,X7M__r0s17,0.4688995215311005,4.976041018487581
X7M,X7M__r0s18,0.15251196172248804,11.04754816407538
X7M,X7M__r0s19,0.16746411483253587,10.467483410124391
X7M,X7M__r0s2,0.06399521531100479,12.254298119941856
X7M,X7M__r0s3,0.1381578947368421,10.067856905423456
X7M,X7M__r0s4,0.1291866028708134,8.789891455528323
X7M,X7M__r0s5,0.2595693779904306,6.811284908681074
X7M,X7M__r0s6,0.03110047846889952,13.671384898756104
X7M,X7M__r0s7,0.17464114832535885,9.777639908524394
X7M,X7M__r0s8,0.17942583732057416,11.398026820869717
X7M,X7M__r0s9,0.34748803827751196,5.577178612676518
X7P,X7P__r0s0,0.5178117048346056,4.790716461310992
X7P,X7P__r0s1,0.09796437659033079,12.368682724114672
X7P,X7P__r0s10,0.33460559796437656,8.984437659833874
X7P,X7P__r0s11,0.1743002544529262,13.085399899000944
X7P,X7P__r0s12,0.044529262086514,11.413090024950964
X7P,X7P__r0s13,0.13994910941475827,9.113433171592051
X7P,X7P__r0s14,0.12849872773536897,13.726010032531871
X7P,X7P__r0s15,0.1895674300254453,9.975933210284872
X7P,X7P__r0s16,0.13486005089058523,11.649296460001727
X7P,X7P__r0s17,0.30343511450381677,10.704742258556525
X7P,X7P__r0s18,0.05916030534351145,15.549618414176669
X7P,X7P__r0s19,0.10559796437659033,13.306601925333817
X7P,X7P__r0s2,0.10114503816793893,12.865165724548142
X7P,X7P__r0s3,0.09096692111959287,12.972617946419879
X7P,X7P__r0s4,0.031806615776081425,14.26849326031812
X7P,X7P__r0s5,0.1272264631043257,14.807604277327917
X7P,X7P__r0s6,0.05725190839694656,8.672255180375181
X7P,X7P__r0s7,0.06997455470737914,14.81209465764836
X7P,X7P__r0s8,0.11259541984732824,15.114098449661805
X7P,X7P__r0s9,0.11259541984732825,14.346030692931352
Y83,Y83__r0s0,0.5960898502495839,3.1063785549664966
Y83,Y83__r0s1,0.06572379367720466,10.595068343907679
Y83,Y83__r0s10,0.08444259567387688,13.785957293214867
Y83,Y83__r0s11,0.11397670549084858,9.932086378816637
Y83,Y83__r0s12,0.05449251247920133,11.498243660931596
Y83,Y83__r0s13,0.1605657237936772,10.377303410693491
Y83,Y83__r0s14,0.16056572379367723,7.4954321170407034
Y83,Y83__r0s15,0.057404326123128124,13.616624563420942
Y83,Y83__r0s16,0.06281198003327787,9.952740357240602
Y83,Y83__r0s17,0.04866888519134775,13.135509493135057
Y83,Y83__r0s18,0.24459234608985025,8.768426861859245
Y83,Y83__r0s19,0.07445923460898501,12.313605094327817
Y83,Y83__r0s2,0.04908485856905158,14.500973742520962
Y83,Y83__r0s3,0.24875207986688852,6.071732546422797
Y83,Y83__r0s4,0.19550748752079866,7.253535236491728
Y83,Y83__r0s5,0.15099833610648916,8.922280456214475
Y83,Y83__r0s6,0.030366056572379365,14.034632052908357
Y83,Y83__r0s7,0.13560732113144758,9.368781116730652
Y83,Y83__r0s8,0.09650582362728785,11.67813177770241
Y83,Y83__r0s9,0.06697171381031614,13.771613902112215
YNV,YNV__r0s0,0.7972279260780287,1.4514440082911135
YNV,YNV__r0s1,0.1540041067761807,8.059981474921518
YNV,YNV__r0s10,0.14887063655030802,9.34277029771814
YNV,YNV__r0s11,0.276694045174538,5.641267923921021
YNV,YNV__r0s12,0.14630390143737165,10.954790303053075
YNV,YNV__r0s13,0.23100616016427106,10.09060310791211
YNV,YNV__r0s14,0.13141683778234087,11.302987515626368
YNV,YNV__r0s15,0.4009240246406571,5.526377529655384
YNV,YNV__r0s16,0.1750513347022587,10.05717974208212
YNV,YNV__r0s17,0.18326488706365504,9.246444345893815
YNV,YNV__r0s18,0.2017453798767967,10.553959746819357
YNV,YNV__r0s19,0.14271047227926079,9.8579825836175
YNV,YNV__r0s2,0.11806981519507187,10.560070847644658
YNV,YNV__r0s3,0.12217659137577003,7.357678523747239
YNV,YNV__r0s4,0.16170431211498973,11.760090753283817
YNV,YNV__r0s5,0.027207392197125254,11.653134094975746
YNV,YNV__r0s6,0.10985626283367556,10.10610159136174
YNV,YNV__r0s7,0.2546201232032854,7.465149172918217
YNV,YNV__r0s8,0.19250513347022588,9.937234387733705
YNV,YNV__r0s9,0.11704312114989733,9.50331628208276
Z8Z,Z8Z__r0s0,0.6572916666666666,1.510846943080848
Z8Z,Z8Z__r0s1,0.1375,12.409156570984472
Z8Z,Z8Z__r0s10,0.20972222222222223,7.303052536792471
Z8Z,Z8Z__r0s11,0.1267361111111111,10.78990015889873
Z8Z,Z8Z__r0s12,0.08993055555555556,9.085087581210978
Z8Z,Z8Z__r0s13,0.34097222222222223,6.03258509310865
Z8Z,Z8Z__r0s14,0.03854166666666667,14.00807752437439
Z8Z,Z8Z__r0s15,0.02361111111111111,15.740397148059772
Z8Z,Z8Z__r0s16,0.024305555555555556,16.009444778364184
Z8Z,Z8Z__r0s17,0.040625,14.709988136300774
Z8Z,Z8Z__r0s18,0.06770833333333333,9.814849801989912
Z8Z,Z8Z__r0s19,0.04409722222222222,13.548593546826222
Z8Z,Z8Z__r0s2,0.033680555555555554,14.872587782881354
Z8Z,Z8Z__r0s3,0.10034722222222223,10.568759998811585
Z8Z,Z8Z__r0s4,0.13958333333333334,13.733146345690132
Z8Z,Z8Z__r0s5,0.03229166666666666,15.463244189971032
Z8Z,Z8Z__r0s6,0.03576388888888889,11.43084973544443
Z8Z,Z8Z__r0s7,0.050694444444444445,16.777223782053177
Z8Z,Z8Z__r0s8,0.1611111111111111,10.052307084776901
Z8Z,Z8Z__r0s9,0.016319444444444442,17.958006720866372
Z9Z,Z9Z__r0s0,0.6591494845360825,1.5825562069823722
Z9Z,Z9Z__r0s1,0.14658505154639173,11.358664727639066
Z9Z,Z9Z__r0s10,0.2454896907216495,6.3448376854916235
Z9Z,Z9Z__r0s11,0.1923324742268041,8.707882156717746
Z9Z,Z9Z__r0s12,0.049613402061855674,14.021326961712823
Z9Z,Z9Z__r0s13,0.05670103092783505,14.974963568544053
Z9Z,Z9Z__r0s14,0.053479381443298966,13.122569352110933
Z9Z,Z9Z__r0s15,0.24323453608247422,6.097472315093205
Z9Z,Z9Z__r0s16,0.16849226804123713,7.763341283359467
Z9Z,Z9Z__r0s17,0.1646262886597938,12.540133451813096
Z9Z,Z9Z__r0s18,0.30573453608247425,7.832243072057046
Z9Z,Z9Z__r0s19,0.09085051546391752,8.76738216887689
Z9Z,Z9Z__r0s2,0.15463917525773196,13.559057736908047
Z9Z,Z9Z__r0s3,0.17815721649484534,11.17649680432898
Z9Z,Z9Z__r0s4,0.09600515463917525,10.368784880029516
Z9Z,Z9Z__r0s5,0.16043814432989692,11.144693673442376
Z9Z,Z9Z__r0s6,0.08891752577319587,12.294827611635803
Z9Z,Z9Z__r0s7,0.43588917525773196,4.2172921462638016
Z9Z,Z9Z__r0s8,0.08698453608247422,10.710341896870833
Z9Z,Z9Z__r0s9,0.12693298969072164,15.004945621903468
