a,b,stratum,core_fit,rms,max,same_sg,same_res
1W0G,3NXU,holo-holo different ligand,1.0913991177383964,4.4846922090058365,5.574994949395772,False,False
1W0G,3UA1,holo-holo different ligand,0.565993474267134,0.6139680343211913,1.0415606480721888,True,False
1W0G,4D6Z,holo-holo different ligand,0.5267069762547203,0.4605918967266857,0.8223773984790202,True,False
1W0G,4D75,holo-holo different ligand,0.5281223963034375,0.5304074186918727,1.0660068490832617,True,False
1W0G,4D78,holo-holo different ligand,0.7664633678276926,4.541030317929764,6.2983533293223894,True,False
1W0G,4D7D,holo-holo different ligand,0.7619125461374631,4.207837915081496,6.802444827593759,True,True
1W0G,4I4G,holo-holo different ligand,0.8186988796717941,5.145577514275344,7.0890661842018154,True,True
1W0G,4I4H,holo-holo different ligand,0.8139831146094751,4.463575464822171,5.924329155030318,True,False
1W0G,4K9T,holo-holo different ligand,0.8291689681421655,4.374967483250204,6.194961414326428,True,False
1W0G,4K9V,holo-holo different ligand,0.5568166623450111,0.8205814528801217,1.69257699777626,True,False
1W0G,4K9W,holo-holo different ligand,1.0917631639773417,4.53666368762105,5.816280249414056,False,False
1W0G,4NY4,holo-holo different ligand,0.6052357624968703,0.7137112501569519,1.366598953396743,True,False
1W0G,5TE8,holo-holo different ligand,0.6435914458394663,7.019399885753251,11.75796449997255,False,True
1W0G,5VC0,holo-holo different ligand,0.9906960089905708,4.9372299598981195,6.366922655389999,True,True
1W0G,5VCE,holo-holo different ligand,0.699920655165333,0.8492511675180174,0.9721804743757836,True,False
1W0G,5VCG,holo-holo different ligand,0.6321030418298669,0.4326523278389975,0.8003131318121252,True,False
1W0G,6BCZ,holo-holo different ligand,0.5543321400047786,0.5259929176082083,0.7572718256675768,True,False
1W0G,6BD5,holo-holo different ligand,0.5609546848987784,0.5337777642429943,0.7770540975473014,True,False
1W0G,6BD6,holo-holo different ligand,0.6258279083009884,0.9169560529778746,1.398904750199242,True,False
1W0G,6BD7,holo-holo different ligand,0.5280442988320121,0.5505471458609095,0.8397610671908196,True,False
1W0G,6BD8,holo-holo different ligand,0.6251634451211623,0.7584010561463661,1.1070667529433078,True,False
1W0G,6BDI,holo-holo different ligand,0.5176153516695209,0.47696003338680665,0.7314410918184864,True,False
1W0G,6BDK,holo-holo different ligand,0.5077200697294721,0.5818151116260272,0.8477460174352125,True,False
1W0G,6MA6,holo-holo same ligand,0.5159231527871979,0.451030075396499,0.5575201934037818,True,False
1W0G,6MA7,holo-holo different ligand,0.5462434280398726,0.8047502118902262,1.1994723737971373,True,False
1W0G,6OO9,holo-holo different ligand,0.5318046051382309,0.5196794797291001,0.8869942987948356,True,False
1W0G,6OOB,holo-holo different ligand,0.5673909535146263,0.6956581543334123,1.0876010829432794,True,False
1W0G,6UNJ,holo-holo different ligand,0.9858969715356531,4.207484116167148,6.335683855169539,False,False
1W0G,7KVH,holo-holo different ligand,0.8940904402908412,4.7654752398997955,6.50034579518846,False,False
1W0G,7KVK,holo-holo different ligand,1.0140921517334476,4.450454642757609,5.913919843053293,False,False
1W0G,7KVN,holo-holo different ligand,0.9445440470083778,4.550948954808604,6.0475220752055945,False,True
1W0G,7KVO,holo-holo different ligand,0.9152003947950876,4.3353544542028235,5.771974001553831,False,False
1W0G,7KVQ,holo-holo different ligand,0.9187753121147567,4.310473504707484,5.856256098589869,False,True
1W0G,7KVS,holo-holo different ligand,0.9284221764323126,4.389673725327847,5.956189585607969,False,False
1W0G,7UFA,holo-holo different ligand,0.6089290217671027,6.843105789187153,8.347319249417328,True,False
1W0G,7UFB,holo-holo different ligand,0.5186116690565755,0.387903697325811,0.6378234017317338,True,False
1W0G,7UFC,holo-holo different ligand,0.5998264390523772,0.517872543339331,0.7454358638139557,True,False
1W0G,7UFD,holo-holo different ligand,0.5763937308104533,0.5061820062522087,0.7961783438096601,True,False
1W0G,7UFE,holo-holo different ligand,0.9803536416448947,4.446567790867339,5.789039529359336,False,False
1W0G,7UFF,holo-holo different ligand,0.9804399732106568,4.468505434321503,5.832530238662218,False,True
1W0G,8EWS,holo-holo different ligand,0.750259757260595,7.101886107504918,9.266583343249255,True,False
1W0G,8EXB,holo-holo different ligand,0.81583958012329,6.904654245104169,8.803764650068656,True,False
1W0G,8SO1,holo-holo different ligand,0.5522614026804903,0.614332881952576,0.9542452321478684,True,False
1W0G,8SO2,holo-holo different ligand,0.5403939288121904,0.3318579940555675,0.4702587441161346,True,False
1W0G,8SPD,holo-holo different ligand,0.5136925009979546,7.1290759913863635,8.839015953078246,True,False
1W0G,9BV5,holo-holo different ligand,0.5317414566217666,0.40735374835428884,0.685324076810128,True,True
1W0G,9BV8,holo-holo different ligand,0.48766426503431637,0.2524291963716915,0.36049137094100314,True,False
1W0G,9BV9,holo-holo different ligand,0.4690671306200831,0.7606834497550455,1.0710929326886696,True,False
1W0G,9BVA,holo-holo different ligand,0.4723280493688708,0.7284814871786236,1.0329756963525956,True,False
1W0G,9BVB,holo-holo different ligand,0.4745517824880902,0.7505581173760367,1.0502742366658935,True,False
1W0G,9BVC,holo-holo different ligand,0.48167272221355206,0.7865351619032455,1.1157308821836485,True,False
1W0G,9PLJ,holo-holo different ligand,0.5501899717570683,0.7118084709587312,1.092528958079009,True,True
1W0G,9YK4,holo-holo different ligand,0.5231394844059254,0.4628521056863099,0.8088587638628757,True,False
3NXU,3UA1,holo-holo different ligand,0.9949245582264439,4.566799288258498,5.854529393767488,False,False
3NXU,4D6Z,holo-holo different ligand,0.9934328967476385,4.556210472680193,5.695007702001864,False,False
3NXU,4D75,holo-holo different ligand,0.9144965060430482,4.425294046924106,5.637658120144746,False,False
3NXU,4D78,holo-holo different ligand,0.5359226347508762,0.7412462764675692,1.1651008293414018,False,False
3NXU,4D7D,holo-holo different ligand,0.5945771514589783,1.5806709553522962,2.4575414053027593,False,False
3NXU,4I4G,holo-holo different ligand,0.4615957360249991,1.069755713024387,1.724622024682912,False,False
3NXU,4I4H,holo-holo different ligand,0.4984946644497151,0.5746884185281982,0.8852025360865299,False,False
3NXU,4K9T,holo-holo different ligand,0.5225193218844786,6.14615281592371,7.87072950765015,False,False
3NXU,4K9V,holo-holo different ligand,0.7404593930785258,4.505498580798231,5.741057318772514,False,False
3NXU,4K9W,holo-holo different ligand,0.3272261978411371,0.5515776509463336,0.7487689900654443,False,False
3NXU,4NY4,holo-holo different ligand,0.8070822848620505,4.2183531751734975,5.51055522460557,False,False
3NXU,5TE8,holo-holo different ligand,1.2635331272548735,9.419501255120212,16.206440101809672,False,False
3NXU,5VC0,holo-holo same ligand,0.3862078971428631,0.9291583986899179,1.1591075024437567,False,False
3NXU,5VCE,holo-holo same ligand,0.6570344962003305,4.324356169307314,5.576289713242813,False,False
3NXU,5VCG,holo-holo different ligand,0.9242040058290594,4.496693555121868,5.718573417975319,False,False
3NXU,6BCZ,holo-holo different ligand,0.9346763729845985,4.4049079647977125,5.439096759605087,False,False
3NXU,6BD5,holo-holo different ligand,0.9410117733987345,4.4369101714629675,5.715396548906715,False,False
3NXU,6BD6,holo-holo different ligand,0.8258721912001806,3.9844704264137243,5.3307439165474735,False,False
3NXU,6BD7,holo-holo different ligand,0.9785221150509316,4.47676641593907,5.659082030156735,False,False
3NXU,6BD8,holo-holo different ligand,0.9053838905458418,4.274414475670236,5.393239416004521,False,False
3NXU,6BDI,holo-holo different ligand,0.9693183173743373,4.390724009250686,5.431658247652939,False,False
3NXU,6BDK,holo-holo different ligand,0.9874289292847218,4.402571082177369,5.493983412412731,False,False
3NXU,6MA6,holo-holo different ligand,1.0075677721724186,4.539006051281,5.657002144706247,False,False
3NXU,6MA7,holo-holo different ligand,1.0669764806921407,4.788416659136412,5.883779088164119,False,False
3NXU,6OO9,holo-holo different ligand,1.1556842060676689,4.641090640204758,5.841547897625492,False,False
3NXU,6OOB,holo-holo different ligand,1.113629914297869,4.74025767112324,6.143535889615161,False,False
3NXU,6UNJ,holo-holo different ligand,0.4449236291873151,5.809821282780035,7.291744284055846,True,False
3NXU,7KVH,holo-holo different ligand,0.4531775102523372,0.6937277647259232,0.9635277767998093,True,False
3NXU,7KVK,holo-holo different ligand,0.4330611583144073,0.6353314114734431,1.0410668606253917,True,False
3NXU,7KVN,holo-holo different ligand,0.45755966505873313,0.6119155448395982,0.7623338759189413,True,False
3NXU,7KVO,holo-holo different ligand,0.49180219097433553,0.7231951204623798,1.1933924577020283,False,False
3NXU,7KVQ,holo-holo different ligand,0.4802025259392601,0.6655937401973523,1.0567577564668955,True,False
3NXU,7KVS,holo-holo different ligand,0.3926570700013695,0.9674502433213515,1.9033941743063303,True,False
3NXU,7UFA,holo-holo different ligand,0.7551079617552742,8.491354735290983,10.312376232292632,False,False
3NXU,7UFB,holo-holo different ligand,1.0014348296798525,4.491843655472099,5.612514972728065,False,False
3NXU,7UFC,holo-holo different ligand,0.9678597405050948,4.297150420944677,5.763543766622086,False,False
3NXU,7UFD,holo-holo different ligand,0.9435045309408365,4.243390296896384,5.625894535999217,False,False
3NXU,7UFE,holo-holo different ligand,0.4236321512803282,0.43629510042641795,0.659617109933987,True,False
3NXU,7UFF,holo-holo different ligand,0.4261670451882189,0.43728214024161366,0.6790904286879584,True,False
3NXU,8EWS,holo-holo different ligand,0.6129196409907807,7.709443718498446,8.713097596654373,False,False
3NXU,8EXB,holo-holo different ligand,0.5207177791670496,8.296311617222933,9.738780474820686,False,True
3NXU,8SO1,holo-holo different ligand,1.0344707371771236,4.466749677681682,5.802587739980232,False,True
3NXU,8SO2,holo-holo different ligand,1.0532773563859457,4.201230599330446,5.267684824672847,False,False
3NXU,8SPD,holo-holo different ligand,1.2206408316651696,8.512181674624124,10.244306573535642,False,False
3NXU,9BV5,holo-holo different ligand,1.0555029964045723,4.394027446429056,5.340479978933205,False,False
3NXU,9BV8,holo-holo different ligand,0.9929307439971097,4.385199283571775,5.4818451487326305,False,False
3NXU,9BV9,holo-holo different ligand,0.9942221635010968,4.4706707749107055,5.55777448615951,False,False
3NXU,9BVA,holo-holo different ligand,0.9700420518846945,4.526622629179682,5.5545399451175115,False,False
3NXU,9BVB,holo-holo different ligand,0.9738330649393598,4.442440053399238,5.526777286663392,False,False
3NXU,9BVC,holo-holo different ligand,0.9925764598307529,4.433990326483979,5.369525845818081,False,False
3NXU,9PLJ,holo-holo different ligand,1.0760235074509434,4.662009239040462,6.055452101803665,False,False
3NXU,9YK4,holo-holo different ligand,0.9970261570623203,4.448869936369647,5.525796115561473,False,False
3UA1,4D6Z,holo-holo different ligand,0.23792739176956607,0.2939707680167982,0.4086127327077419,True,False
3UA1,4D75,holo-holo different ligand,0.45317833203912483,0.5798254635170523,1.0301703606985608,True,False
3UA1,4D78,holo-holo different ligand,0.6232733763476608,4.623228490558374,6.657872696238126,True,False
3UA1,4D7D,holo-holo different ligand,0.6633269981410104,4.336340837574137,7.12529677623965,True,False
3UA1,4I4G,holo-holo different ligand,0.7077765602541045,5.217660907055812,7.482715834375631,True,False
3UA1,4I4H,holo-holo different ligand,0.6983251230416652,4.517744487146857,5.570168087391578,True,False
3UA1,4K9T,holo-holo different ligand,0.7173791734905195,4.421538773139648,6.684733445105132,True,False
3UA1,4K9V,holo-holo different ligand,0.4019526506172562,1.128331792473077,2.18421444249119,True,False
3UA1,4K9W,holo-holo different ligand,1.0702566836117295,4.558316970089061,5.84943942206627,False,False
3UA1,4NY4,holo-holo different ligand,0.5543851759828713,1.2332680869639723,2.3560325255513184,True,False
3UA1,5TE8,holo-holo different ligand,0.5202963584497102,7.243442126051477,11.940580199464515,False,False
3UA1,5VC0,holo-holo different ligand,0.8918462089247965,4.963875730327438,6.613015491173776,True,False
3UA1,5VCE,holo-holo different ligand,0.5904704747156647,0.845546923578444,1.1129142958862581,True,False
3UA1,5VCG,holo-holo same ligand,0.3703535223963992,0.4996644837529484,0.6381572175096335,True,False
3UA1,6BCZ,holo-holo different ligand,0.46651049540206224,0.42360526391155234,0.7140604095987997,True,False
3UA1,6BD5,holo-holo different ligand,0.3905932082269819,0.3323386145631402,0.4610680400370529,True,False
3UA1,6BD6,holo-holo different ligand,0.5099303266765824,1.1418211682914758,2.1658672696480266,True,False
3UA1,6BD7,holo-holo different ligand,0.5093737353807309,0.4830163136667476,0.695478861262528,True,False
3UA1,6BD8,holo-holo different ligand,0.4668605726675468,0.6462419208383661,1.0613396945710747,True,False
3UA1,6BDI,holo-holo different ligand,0.4765353184278943,0.4090871363394891,0.703238181498096,True,False
3UA1,6BDK,holo-holo different ligand,0.4691338760113797,0.4212244079620053,0.7528335007316784,True,False
3UA1,6MA6,holo-holo different ligand,0.45814581343252864,0.5329447829956434,0.7171931530693636,True,True
3UA1,6MA7,holo-holo different ligand,0.476687436040023,0.5516135267808997,0.892162097044714,True,False
3UA1,6OO9,holo-holo different ligand,0.4055233381168197,0.3397554409784479,0.4938953127914607,True,False
3UA1,6OOB,holo-holo different ligand,0.3917273998769143,0.37022197438646515,0.48766084974490015,True,False
3UA1,6UNJ,holo-holo different ligand,0.9134483345761968,4.350180913196152,6.858440557854778,False,False
3UA1,7KVH,holo-holo different ligand,0.7964287647818309,4.838708665258678,6.155890920981251,False,False
3UA1,7KVK,holo-holo different ligand,0.9936977858778931,4.44873793059249,5.537507067547427,False,False
3UA1,7KVN,holo-holo different ligand,0.7706254725381614,4.648294041872722,5.716283602091705,False,False
3UA1,7KVO,holo-holo different ligand,0.8860460985831508,4.341380164523916,5.405103625008348,False,False
3UA1,7KVQ,holo-holo different ligand,0.7812411927019088,4.383009744014142,5.523067548872853,False,False
3UA1,7KVS,holo-holo different ligand,0.9536022998769121,4.334505256753953,5.579856996286055,False,False
3UA1,7UFA,holo-holo different ligand,0.5244611018315275,7.054649707834003,8.830686143762733,True,False
3UA1,7UFB,holo-holo different ligand,0.4354992951003649,0.2954833781609431,0.4299788772414717,True,False
3UA1,7UFC,holo-holo different ligand,0.5180531294007702,0.9237911393439807,1.4673186108495582,True,False
3UA1,7UFD,holo-holo different ligand,0.5084606670163001,0.9936842886017277,1.5805738910207099,True,False
3UA1,7UFE,holo-holo different ligand,0.9552954337248687,4.475953109356727,5.571620296942937,False,False
3UA1,7UFF,holo-holo different ligand,0.9553956120227755,4.496583675022079,5.581208155583415,False,False
3UA1,8EWS,holo-holo different ligand,0.6570429757329044,7.151276333277148,8.790263849996697,True,True
3UA1,8EXB,holo-holo different ligand,0.7384067817732087,6.977042298464968,8.587690360156504,True,False
3UA1,8SO1,holo-holo different ligand,0.3687864595859979,0.4761670759687889,0.6132251825945451,True,False
3UA1,8SO2,holo-holo different ligand,0.3915608724314874,0.7998015088737811,1.4976487460969332,True,True
3UA1,8SPD,holo-holo different ligand,0.43893360095918454,7.253756839080133,8.987298963859708,True,False
3UA1,9BV5,holo-holo different ligand,0.6283444489866383,0.5600318948964055,0.9574095847771082,True,False
3UA1,9BV8,holo-holo different ligand,0.42843891980280785,0.5452295241580897,0.8362892149262682,True,False
3UA1,9BV9,holo-holo different ligand,0.48213311119311425,0.6365178518196388,0.8752513935798861,True,False
3UA1,9BVA,holo-holo different ligand,0.3999603506076604,0.5698746490387052,0.8453161824224643,True,False
3UA1,9BVB,holo-holo different ligand,0.4686616962323514,0.6237674542548971,0.8736180284991458,True,False
3UA1,9BVC,holo-holo different ligand,0.4571010117113846,0.7461009825086865,1.1175459012779294,True,False
3UA1,9PLJ,holo-holo different ligand,0.40395742276779134,0.28926973208145956,0.5042855484908403,True,False
3UA1,9YK4,holo-holo different ligand,0.33919573267411596,0.3121285936137391,0.419459985531222,True,False
4D6Z,4D75,holo-holo same ligand,0.367333401925994,0.4616184948778824,0.9961974402047375,True,False
4D6Z,4D78,holo-holo different ligand,0.6189294717645676,4.608826344417627,6.485925423199406,True,False
4D6Z,4D7D,holo-holo different ligand,0.65474404263199,4.310428164968375,7.014583875651605,True,False
4D6Z,4I4G,holo-holo different ligand,0.689417146534382,5.2217929569999235,7.336941527773231,True,False
4D6Z,4I4H,holo-holo different ligand,0.6857937133696757,4.514995348174352,5.8124520809559135,True,False
4D6Z,4K9T,holo-holo different ligand,0.7221198016500491,4.481336490884092,6.52456225903897,True,False
4D6Z,4K9V,holo-holo different ligand,0.3787429652524216,1.015876241670301,2.1026953179828847,True,False
4D6Z,4K9W,holo-holo different ligand,0.9867911756752535,4.615613655270952,5.749215470102571,False,False
4D6Z,4NY4,holo-holo different ligand,0.47694327360280975,1.0517813434963985,2.115415135650292,True,False
4D6Z,5TE8,holo-holo different ligand,0.4691604032223987,7.207654865897129,11.875773149738567,False,False
4D6Z,5VC0,holo-holo different ligand,0.865039699446941,5.00069611596369,6.469273534447209,True,False
4D6Z,5VCE,holo-holo different ligand,0.5290540496285976,0.7273480879494512,0.9439285894274174,True,False
4D6Z,5VCG,holo-holo different ligand,0.42308994277471257,0.3748343777532261,0.5363490468121941,True,False
4D6Z,6BCZ,holo-holo different ligand,0.25098653703048074,0.2987250938061183,0.44587248818301634,True,False
4D6Z,6BD5,holo-holo different ligand,0.29237825435121645,0.23728628045463898,0.30966510835278976,True,False
4D6Z,6BD6,holo-holo different ligand,0.4164355433423102,1.0719899594086781,1.9866612160937764,True,False
4D6Z,6BD7,holo-holo different ligand,0.26690708337976254,0.3878697478000819,0.45964160856411407,True,False
4D6Z,6BD8,holo-holo different ligand,0.37815972667745207,0.6634438692649212,0.7876062681832243,True,False
4D6Z,6BDI,holo-holo different ligand,0.23492527898570478,0.2615869788329054,0.43317040129360407,True,False
4D6Z,6BDK,holo-holo different ligand,0.22407878826412445,0.30913235752115525,0.4848142579441626,True,False
4D6Z,6MA6,holo-holo different ligand,0.24665394065043436,0.40420535610552477,0.516673357113845,True,False
4D6Z,6MA7,holo-holo different ligand,0.26915958383286676,0.5519592381978902,0.7159367367758975,True,False
4D6Z,6OO9,holo-holo different ligand,0.30060155553735707,0.28741829562448906,0.43773950648215604,True,False
4D6Z,6OOB,holo-holo different ligand,0.297470696932193,0.44289068137018645,0.5771252540161662,True,False
4D6Z,6UNJ,holo-holo different ligand,0.8922236903559786,4.381435036095656,6.8123710135061275,False,False
4D6Z,7KVH,holo-holo different ligand,0.7771809616119064,4.8372556430927425,6.380968293237377,False,False
4D6Z,7KVK,holo-holo different ligand,0.8663929238175597,4.515401139665146,5.788724148263355,False,False
4D6Z,7KVN,holo-holo different ligand,0.7553300566472937,4.637160606313939,5.925031088999058,False,False
4D6Z,7KVO,holo-holo different ligand,0.7613803193639603,4.398335903176856,5.644126294760956,False,False
4D6Z,7KVQ,holo-holo different ligand,0.7749293700501739,4.376687632919839,5.729001712133383,False,False
4D6Z,7KVS,holo-holo different ligand,0.8112744034844096,4.412327746748195,5.831428338371103,False,False
4D6Z,7UFA,holo-holo different ligand,0.39187762536217113,7.077453982334065,8.801709431339543,True,False
4D6Z,7UFB,holo-holo different ligand,0.20575373871759267,0.21935424755025706,0.40079693105319003,True,False
4D6Z,7UFC,holo-holo different ligand,0.36979706894694436,0.7467246544209513,1.2511195249426377,True,False
4D6Z,7UFD,holo-holo different ligand,0.3636575459013085,0.8030010370082916,1.362949037095234,True,False
4D6Z,7UFE,holo-holo different ligand,0.8330145567884221,4.526193675596939,5.661554020362177,False,False
4D6Z,7UFF,holo-holo different ligand,0.8331034245073102,4.547868038963738,5.705248796596889,False,False
4D6Z,8EWS,holo-holo different ligand,0.5752233290705252,7.219735079237983,9.10242874803386,True,False
4D6Z,8EXB,holo-holo different ligand,0.6487936490657001,7.038182797539351,8.660966306810902,True,False
4D6Z,8SO1,holo-holo different ligand,0.23705329928770752,0.38767804986017035,0.5657907235183244,True,False
4D6Z,8SO2,holo-holo different ligand,0.2489706677802894,0.667471000690848,1.289150419029324,True,False
4D6Z,8SPD,holo-holo different ligand,0.4135118441329178,7.29503672256194,8.92319109589062,True,False
4D6Z,9BV5,holo-holo different ligand,0.23064203858983773,0.3337875900488464,0.5946522529857168,True,False
4D6Z,9BV8,holo-holo different ligand,0.28381687071000294,0.34572044968152754,0.6171112272255047,True,False
4D6Z,9BV9,holo-holo different ligand,0.3246412428413673,0.5037189125010053,0.6366676108808712,True,False
4D6Z,9BVA,holo-holo different ligand,0.3481861425404241,0.46298376493808496,0.555939229668379,True,False
4D6Z,9BVB,holo-holo different ligand,0.32891895181944564,0.49488124832754427,0.5888516966423419,True,False
4D6Z,9BVC,holo-holo different ligand,0.32008047812865253,0.6211648956982041,0.8656066387800274,True,False
4D6Z,9PLJ,holo-holo different ligand,0.2868467381644525,0.4321780753758564,0.5531207528947579,True,False
4D6Z,9YK4,holo-holo different ligand,0.15005983366532835,0.0910277972774964,0.10778454988316886,True,False
4D75,4D78,holo-holo different ligand,0.4899328812100447,4.514643516018812,6.361877001449478,True,False
4D75,4D7D,holo-holo different ligand,0.6164454810776144,4.134766277777492,6.853954020859513,True,False
4D75,4I4G,holo-holo different ligand,0.6623775673983201,5.073916434828339,7.135446157134111,True,False
4D75,4I4H,holo-holo different ligand,0.6502620868640367,4.414104187605691,6.01634769420056,True,False
4D75,4K9T,holo-holo different ligand,0.5636647228875503,4.488491077321781,6.3623608995164975,True,False
4D75,4K9V,holo-holo different ligand,0.30985560989086036,0.9002658688359312,1.9138649475203313,True,False
4D75,4K9W,holo-holo different ligand,0.9889273426393369,4.4480019282874546,5.859570018540838,False,False
4D75,4NY4,holo-holo different ligand,0.4126533024966989,0.9056001761739809,1.759614038463217,True,False
4D75,5TE8,holo-holo different ligand,0.6360556699230767,7.134853830471057,11.720466310326719,False,False
4D75,5VC0,holo-holo different ligand,0.9045176247515839,4.7838670539393755,6.395518627454528,True,False
4D75,5VCE,holo-holo different ligand,0.5930594176251062,0.6127593777082174,0.8671187208445668,True,True
4D75,5VCG,holo-holo different ligand,0.4109843299016917,0.5655230439973845,0.8316946934327905,True,True
4D75,6BCZ,holo-holo different ligand,0.49853078094138925,0.43000953955552446,0.9394460562381226,True,True
4D75,6BD5,holo-holo different ligand,0.4880175488343499,0.48223081184010946,0.9042431239495277,True,False
4D75,6BD6,holo-holo different ligand,0.4879186205755137,0.862335079706812,1.5779211245303832,True,False
4D75,6BD7,holo-holo different ligand,0.48615140822601866,0.4179704974724655,0.8145835694377507,True,False
4D75,6BD8,holo-holo different ligand,0.5658202439010472,0.5798440189420297,0.7470331053256527,True,False
4D75,6BDI,holo-holo different ligand,0.47648864849087363,0.46829590293816514,0.9844536291149,True,False
4D75,6BDK,holo-holo different ligand,0.4906643508171829,0.4784814809842929,1.0112997510326946,True,False
4D75,6MA6,holo-holo different ligand,0.49431868196362744,0.41578770754841865,0.9078705791558921,True,False
4D75,6MA7,holo-holo different ligand,0.5099484795776383,0.7588419999086454,1.3366583616363663,True,False
4D75,6OO9,holo-holo different ligand,0.5198501740602436,0.5425037289409155,1.0305552664296682,True,True
4D75,6OOB,holo-holo different ligand,0.5001024444599061,0.7444058833552208,1.31121869462747,True,True
4D75,6UNJ,holo-holo different ligand,0.8118700006511348,4.447658698909961,6.616574701736187,False,False
4D75,7KVH,holo-holo different ligand,0.7224871450121914,4.7258125138216736,6.574947332533103,False,False
4D75,7KVK,holo-holo different ligand,1.033047222141314,4.300142740498212,5.942051266565518,False,False
4D75,7KVN,holo-holo different ligand,0.775378724672248,4.501785977087655,6.120099552744455,False,False
4D75,7KVO,holo-holo different ligand,0.9382878717277044,4.2008961978127966,5.806017130849232,False,False
4D75,7KVQ,holo-holo different ligand,0.7428512998288952,4.272137087630023,5.939254710952347,False,False
4D75,7KVS,holo-holo different ligand,0.917775696947461,4.233209998894188,5.997961771883218,False,False
4D75,7UFA,holo-holo different ligand,0.4687117088319257,7.170051172155935,8.631546001285082,True,False
4D75,7UFB,holo-holo different ligand,0.4776048536340348,0.48571635647876177,1.035440819506508,True,True
4D75,7UFC,holo-holo different ligand,0.5183410183240573,0.5987266830546303,1.009197177411693,True,False
4D75,7UFD,holo-holo different ligand,0.4797374606435716,0.6775727920910382,1.1049906087549202,True,False
4D75,7UFE,holo-holo different ligand,1.0057986149842721,4.327166945585979,5.830936998714106,False,False
4D75,7UFF,holo-holo different ligand,1.006760827551662,4.349642507880011,5.874850103201208,False,False
4D75,8EWS,holo-holo different ligand,0.5135317326654489,7.246228143255293,9.143213808566939,True,False
4D75,8EXB,holo-holo different ligand,0.5743651470866166,7.114190809053355,8.69451251630739,True,False
4D75,8SO1,holo-holo different ligand,0.46533846719743743,0.6477215854310956,1.0265035448437292,True,False
4D75,8SO2,holo-holo different ligand,0.4792154653482822,0.6842593718263177,1.0581733846175692,True,False
4D75,8SPD,holo-holo different ligand,0.5783753969625783,7.3274641602812585,8.732992502369619,True,False
4D75,9BV5,holo-holo different ligand,0.7066542118500079,0.46943522731589254,0.9800244097804928,True,False
4D75,9BV8,holo-holo different ligand,0.41703301287121736,0.5124515150476047,1.099381266976506,True,False
4D75,9BV9,holo-holo different ligand,0.5052811382153689,0.5945547925692308,1.2076298578452231,True,False
4D75,9BVA,holo-holo different ligand,0.4633388601422977,0.49429697576536097,0.9361082699516584,True,False
4D75,9BVB,holo-holo different ligand,0.4782221018453112,0.5804616735708883,1.181458671066926,True,False
4D75,9BVC,holo-holo different ligand,0.4457619697127256,0.588132057952346,1.0078848370385796,True,False
4D75,9PLJ,holo-holo different ligand,0.48059910481004103,0.6802013604955078,1.1272856810658223,True,False
4D75,9YK4,holo-holo different ligand,0.401162877369172,0.49228768287978203,1.0753484003448375,True,False
4D78,4D7D,holo-holo different ligand,0.2546265680733754,1.2668770425831402,1.8981714958225595,True,True
4D78,4I4G,holo-holo different ligand,0.23706784342752535,0.9557937442875457,1.602144467820317,True,False
4D78,4I4H,holo-holo different ligand,0.26997927379508746,0.9957300985942497,1.5031383712641773,True,False
4D78,4K9T,holo-holo different ligand,0.3075428004394003,6.1667715838151596,7.838656752006089,True,False
4D78,4K9V,holo-holo different ligand,0.40389098361283,4.481879671612501,5.5848520937901975,True,False
4D78,4K9W,holo-holo different ligand,0.5209510126648936,0.8959612085461217,1.310658164958898,False,False
4D78,4NY4,holo-holo different ligand,0.5156087706486938,4.2464063319704515,5.675994663325189,True,False
4D78,5TE8,holo-holo different ligand,0.8394560901074634,9.689899584820528,16.545356381664575,False,False
4D78,5VC0,holo-holo different ligand,0.41732908115382644,0.7458965249840047,1.1701500803757354,True,False
4D78,5VCE,holo-holo different ligand,0.36590099749745,4.3544545390468805,6.300641914684497,True,False
4D78,5VCG,holo-holo different ligand,0.5265641005180449,4.633762865737041,6.590468824655829,True,False
4D78,6BCZ,holo-holo different ligand,0.4935393932443752,4.478097017520942,6.265750419946769,True,False
4D78,6BD5,holo-holo different ligand,0.51379823368058,4.533622339052451,6.546385767303355,True,False
4D78,6BD6,holo-holo different ligand,0.4065223164496454,3.997414442887907,5.73834697181035,True,False
4D78,6BD7,holo-holo different ligand,0.5409772877814313,4.550509739020094,6.48750348490016,True,False
4D78,6BD8,holo-holo different ligand,0.4774503717589974,4.330025453295674,6.183466244720349,True,False
4D78,6BDI,holo-holo different ligand,0.5281853559344303,4.4814251130220475,6.260392109530475,True,False
4D78,6BDK,holo-holo different ligand,0.5422603971519182,4.484308686695637,6.3142940560503265,True,False
4D78,6MA6,holo-holo different ligand,0.5768951871107904,4.612430336921534,6.455388878232172,True,False
4D78,6MA7,holo-holo different ligand,0.613107594444256,4.877342729039882,6.716189105493385,True,False
4D78,6OO9,holo-holo different ligand,0.7294184444136849,4.746637279538899,6.703335425739525,True,False
4D78,6OOB,holo-holo different ligand,0.6660717484893126,4.8539120575000645,7.019825682551755,True,False
4D78,6UNJ,holo-holo different ligand,0.4721934124072732,5.831935877206304,6.962551990914546,False,False
4D78,7KVH,holo-holo different ligand,0.34106918181196905,1.100785900595746,1.7500786083670226,False,True
4D78,7KVK,holo-holo different ligand,0.41924377836185117,1.128398119030246,1.7130649822687332,False,False
4D78,7KVN,holo-holo different ligand,0.36551719330115473,1.1566728192897764,1.8143566126568524,False,False
4D78,7KVO,holo-holo different ligand,0.3686588132329077,1.1928757136416501,1.75221881246908,False,False
4D78,7KVQ,holo-holo different ligand,0.367377423940264,1.217890583653238,1.8837027453799682,False,True
4D78,7KVS,holo-holo different ligand,0.3575581549317349,1.1637927668495613,1.72215255804071,False,False
4D78,7UFA,holo-holo different ligand,0.39073583177118665,8.616719634190925,10.38118211973562,True,False
4D78,7UFB,holo-holo different ligand,0.5628371166318821,4.590955343048195,6.487838738894719,True,False
4D78,7UFC,holo-holo different ligand,0.5548329577268541,4.357178862403281,5.8307489367711405,True,False
4D78,7UFD,holo-holo different ligand,0.543017612872782,4.3364788770854314,5.7232555058870105,True,False
4D78,7UFE,holo-holo different ligand,0.3891087913446813,1.0616047447715733,1.8280174737810888,False,False
4D78,7UFF,holo-holo different ligand,0.39080702624461583,1.0639621796992031,1.8447235919682878,False,False
4D78,8EWS,holo-holo different ligand,0.34148754845242035,7.872036175257657,8.832671217575111,True,False
4D78,8EXB,holo-holo different ligand,0.3077293105140848,8.414770339882418,9.652310119226161,True,False
4D78,8SO1,holo-holo different ligand,0.6107756634911067,4.5996075782281975,6.673458994737283,True,False
4D78,8SO2,holo-holo different ligand,0.6287516197550024,4.346937721321183,5.943879668903739,True,False
4D78,8SPD,holo-holo different ligand,0.7631176572609821,8.775602810438201,10.398310380979549,True,False
4D78,9BV5,holo-holo different ligand,0.6454681203907146,4.476559895824557,6.098588743702356,True,False
4D78,9BV8,holo-holo different ligand,0.5671791846641895,4.503873902448916,6.056739140626114,True,False
4D78,9BV9,holo-holo different ligand,0.5931903315509703,4.509956016411032,6.360773680406181,True,False
4D78,9BVA,holo-holo different ligand,0.575332474947243,4.573264410449821,6.367114716791662,True,False
4D78,9BVB,holo-holo different ligand,0.5776049253818433,4.481763089146439,6.330344837853392,True,False
4D78,9BVC,holo-holo different ligand,0.5812939363171196,4.461639016959083,6.165723218097729,True,True
4D78,9PLJ,holo-holo different ligand,0.6471586292335355,4.7595678981212135,6.9120841630751695,True,False
4D78,9YK4,holo-holo different ligand,0.5764411588817627,4.557493806857709,6.379948974431482,True,False
4D7D,4I4G,holo-holo different ligand,0.3105163252354601,1.8984293927119626,3.2488661886488495,True,True
4D7D,4I4H,holo-holo different ligand,0.2999832247980993,1.8159697737926526,2.940745410691739,True,False
4D7D,4K9T,holo-holo different ligand,0.3250032601979096,6.267233602204533,7.609378863576981,True,False
4D7D,4K9V,holo-holo different ligand,0.4338917812168325,4.080775182728755,5.396994883289623,True,False
4D7D,4K9W,holo-holo different ligand,0.5603598458221254,1.8109675933165175,2.7258525228017443,False,False
4D7D,4NY4,holo-holo different ligand,0.49748418293956825,3.8685508820277383,6.2585574577875525,True,False
4D7D,5TE8,holo-holo different ligand,0.9254920882465806,9.253838474169141,15.443982914775491,False,False
4D7D,5VC0,holo-holo different ligand,0.4942928972134275,1.8858270314917365,2.916223585923626,True,False
4D7D,5VCE,holo-holo different ligand,0.45260599755839614,3.9796874574379952,6.815507775792464,True,False
4D7D,5VCG,holo-holo different ligand,0.6137110592938275,4.248625329472204,6.969536918321284,True,False
4D7D,6BCZ,holo-holo different ligand,0.6029783423349638,4.1498798233005845,6.8600474132512055,True,False
4D7D,6BD5,holo-holo different ligand,0.5941885320440736,4.2147553813862855,7.08969863935975,True,False
4D7D,6BD6,holo-holo different ligand,0.49974815038208487,3.62736919112729,6.327582994847148,True,False
4D7D,6BD7,holo-holo different ligand,0.6115754523487229,4.209626763317719,7.082619501936929,True,False
4D7D,6BD8,holo-holo different ligand,0.5846681930031569,4.042741290391268,6.848674323300762,True,False
4D7D,6BDI,holo-holo different ligand,0.6224665488601561,4.153656617094725,6.851904244321588,True,False
4D7D,6BDK,holo-holo different ligand,0.6279092574286624,4.166655838892292,6.913811524557931,True,False
4D7D,6MA6,holo-holo different ligand,0.6635075123059095,4.230650040418965,6.991787348380942,True,False
4D7D,6MA7,holo-holo different ligand,0.7134834697870038,4.556879862328636,7.344798879265111,True,False
4D7D,6OO9,holo-holo different ligand,0.8043658082295171,4.384467168441371,7.198062869677356,True,False
4D7D,6OOB,holo-holo different ligand,0.7651205664951808,4.484319329895925,7.449244579492347,True,False
4D7D,6UNJ,holo-holo different ligand,0.497680009630481,5.828694015532047,6.884963988616848,False,False
4D7D,7KVH,holo-holo different ligand,0.3886540186672918,2.1386048667340507,3.3370194879372264,False,True
4D7D,7KVK,holo-holo different ligand,0.4746204642948639,1.9808180032893032,3.012582538664146,False,False
4D7D,7KVN,holo-holo different ligand,0.43383667654904773,2.0010676957086555,3.1490951942159424,False,False
4D7D,7KVO,holo-holo different ligand,0.4203716574976632,1.9919061712952886,2.944275345812214,False,False
4D7D,7KVQ,holo-holo different ligand,0.4446051419512863,1.9839224389655132,3.0945956422737066,False,True
4D7D,7KVS,holo-holo different ligand,0.4012785168261549,2.0290946200102824,3.038960281580313,False,False
4D7D,7UFA,holo-holo different ligand,0.4185574220239247,8.661697273921853,10.286996739260353,True,False
4D7D,7UFB,holo-holo different ligand,0.6638703294861213,4.225328290938701,6.918900475488275,True,False
4D7D,7UFC,holo-holo different ligand,0.6200937845321838,3.9548743079395496,6.4343385517655305,True,False
4D7D,7UFD,holo-holo different ligand,0.6145946695364628,3.9389400964246857,6.314462545983819,True,False
4D7D,7UFE,holo-holo different ligand,0.4445831531565362,1.789775064191609,3.0137567323117818,False,False
4D7D,7UFF,holo-holo different ligand,0.4452229785950089,1.80946606186034,3.049673626948197,False,False
4D7D,8EWS,holo-holo different ligand,0.3805859373328487,8.22475963743212,9.185120803915513,True,False
4D7D,8EXB,holo-holo different ligand,0.34223763903781423,8.688012928369384,10.287334140103605,True,False
4D7D,8SO1,holo-holo different ligand,0.7024304248699255,4.214012396399369,7.037415639283226,True,False
4D7D,8SO2,holo-holo different ligand,0.7210511791722172,3.968441523881233,6.393727164570052,True,False
4D7D,8SPD,holo-holo different ligand,0.8537837659439661,8.758374316657914,10.40568596052246,True,False
4D7D,9BV5,holo-holo different ligand,0.7053522125177231,4.164535421080345,6.717707745851465,True,True
4D7D,9BV8,holo-holo different ligand,0.6792673706613441,4.133376535973136,6.57286806374152,True,False
4D7D,9BV9,holo-holo different ligand,0.6543067594362055,4.201636279084968,6.981903561033442,True,False
4D7D,9BVA,holo-holo different ligand,0.6384570046290432,4.229113947703482,6.972769512204225,True,False
4D7D,9BVB,holo-holo different ligand,0.6366301162551096,4.174720176638098,6.951095077004887,True,False
4D7D,9BVC,holo-holo different ligand,0.6402483354065466,4.153323660367506,6.843182625533486,True,True
4D7D,9PLJ,holo-holo different ligand,0.7458916396157681,4.435832884230088,7.403524889117178,True,True
4D7D,9YK4,holo-holo different ligand,0.6631465898728856,4.221303187559909,6.880639143337725,True,False
4I4G,4I4H,holo-holo different ligand,0.30301135031670984,1.3045058577294841,2.5055907510166633,True,False
4I4G,4K9T,holo-holo different ligand,0.31550789663670403,6.304805759656167,8.294644342062531,True,False
4I4G,4K9V,holo-holo different ligand,0.460066189919295,5.063371925512139,6.523209253393866,True,False
4I4G,4K9W,holo-holo different ligand,0.46218796545581786,0.9413075309539374,1.7083706975665276,False,False
4I4G,4NY4,holo-holo different ligand,0.5448111015878386,4.88170700421708,6.472616147542057,True,False
4I4G,5TE8,holo-holo different ligand,1.00852659203356,9.758672022978043,16.650415043589824,False,True
4I4G,5VC0,holo-holo different ligand,0.35824498444578984,0.6123683889986817,1.2446267456038402,True,True
4I4G,5VCE,holo-holo different ligand,0.41989240871098105,5.025927854357547,7.1919706833717285,True,False
4I4G,5VCG,holo-holo different ligand,0.6747487315685535,5.19573441631739,7.3506187563090695,True,False
4I4G,6BCZ,holo-holo different ligand,0.6621562561689979,5.058114541205517,7.107545097407665,True,False
4I4G,6BD5,holo-holo different ligand,0.661958330969179,5.11405766081069,7.379922563777847,True,False
4I4G,6BD6,holo-holo different ligand,0.5526569929414972,4.614253796089026,6.579210360654109,True,False
4I4G,6BD7,holo-holo different ligand,0.6890163196960913,5.128969820255793,7.3281948931661915,True,False
4I4G,6BD8,holo-holo different ligand,0.6339246892417633,4.910712590225896,7.0758371321252005,True,False
4I4G,6BDI,holo-holo different ligand,0.6868798771391074,5.054819710697694,7.0980998930426535,True,False
4I4G,6BDK,holo-holo different ligand,0.7008925386522404,5.058863186629147,7.1679766800447,True,True
4I4G,6MA6,holo-holo different ligand,0.7346201816601513,5.188551458905595,7.242008877140487,True,False
4I4G,6MA7,holo-holo different ligand,0.7813723776236162,5.4151727224614055,7.545363164884168,True,False
4I4G,6OO9,holo-holo different ligand,0.8807279239938012,5.3108118629686505,7.489774760318731,True,False
4I4G,6OOB,holo-holo different ligand,0.8370173629430623,5.4081210016294055,7.783687847534883,True,False
4I4G,6UNJ,holo-holo different ligand,0.42339957757581853,5.934393220571107,7.032958530956994,False,False
4I4G,7KVH,holo-holo different ligand,0.3187028776783842,1.0479478435272696,2.1174376822671332,False,False
4I4G,7KVK,holo-holo different ligand,0.38375888990202506,1.2711968256506232,2.3612142128478464,False,False
4I4G,7KVN,holo-holo different ligand,0.3314122826900257,1.3060005687018956,2.475046624826,False,True
4I4G,7KVO,holo-holo different ligand,0.3401900344740212,1.3691794291341193,2.4169434009424173,False,False
4I4G,7KVQ,holo-holo different ligand,0.34097606909651224,1.4621388125250154,2.77976958691627,False,True
4I4G,7KVS,holo-holo different ligand,0.29761736947393824,1.2580332844026432,2.095287322162897,False,False
4I4G,7UFA,holo-holo different ligand,0.4580182777363439,8.629379055347796,10.486131770130855,True,False
4I4G,7UFB,holo-holo different ligand,0.7168043074401357,5.149065899638391,7.234795529664503,True,False
4I4G,7UFC,holo-holo different ligand,0.6950184058522987,4.952237452959924,6.636694271570337,True,False
4I4G,7UFD,holo-holo different ligand,0.6808600705023914,4.906727354482521,6.509094210913445,True,False
4I4G,7UFE,holo-holo different ligand,0.34770434677576123,1.2207251150455267,1.9059511579966277,False,False
4I4G,7UFF,holo-holo different ligand,0.3491332375046047,1.2008468601120015,1.8842747154725348,False,True
4I4G,8EWS,holo-holo different ligand,0.35485739249536746,7.6934100722201775,8.713357071393002,True,False
4I4G,8EXB,holo-holo different ligand,0.2923540938511422,8.377597699313588,9.544841948996442,True,False
4I4G,8SO1,holo-holo different ligand,0.759254885256989,5.1739327062080545,7.444049285259927,True,False
4I4G,8SO2,holo-holo different ligand,0.7860648070261832,4.87204087799046,6.636612029937132,True,False
4I4G,8SPD,holo-holo different ligand,0.9409318956319223,8.613803281023651,10.377559569949517,True,False
4I4G,9BV5,holo-holo different ligand,0.7756648264573971,5.041620998199841,6.917485391758268,True,True
4I4G,9BV8,holo-holo different ligand,0.73238145477402,5.055151731492701,6.815549165199761,True,False
4I4G,9BV9,holo-holo different ligand,0.7023005985915728,5.113606996257178,7.235622643103785,True,False
4I4G,9BVA,holo-holo different ligand,0.6963469817139715,5.171492733648891,7.235676376197576,True,False
4I4G,9BVB,holo-holo different ligand,0.6856693199272227,5.085496948077609,7.2049597371327785,True,False
4I4G,9BVC,holo-holo different ligand,0.7050918030980291,5.043578369598323,7.031524770604396,True,False
4I4G,9PLJ,holo-holo different ligand,0.8021771652000879,5.315382550208698,7.702511861733743,True,True
4I4G,9YK4,holo-holo different ligand,0.7144989630596806,5.118954210964677,7.178036858453912,True,False
4I4H,4K9T,holo-holo different ligand,0.31236446173653015,6.192472845145108,7.842437549872603,True,False
4I4H,4K9V,holo-holo different ligand,0.4664020847833365,4.5236654285889335,6.108812919235583,True,False
4I4H,4K9W,holo-holo different ligand,0.5067881541896734,0.9073053118783496,1.5163726968068432,False,False
4I4H,4NY4,holo-holo different ligand,0.5467410082407127,4.2119113597282825,5.901835290139146,True,False
4I4H,5TE8,holo-holo different ligand,0.966592130174077,9.516845102943556,16.311795212290022,False,False
4I4H,5VC0,holo-holo different ligand,0.44019472930213216,1.131012728780228,1.7339294705011532,True,False
4I4H,5VCE,holo-holo different ligand,0.4455371087262294,4.313238433830707,6.0062588167727595,True,False
4I4H,5VCG,holo-holo different ligand,0.6768288113623678,4.4803368272377275,5.943750269091678,True,False
4I4H,6BCZ,holo-holo different ligand,0.6538610860662933,4.3920440108789895,5.770839075662079,True,False
4I4H,6BD5,holo-holo different ligand,0.6587094271931154,4.41362733603449,5.682898348627963,True,False
4I4H,6BD6,holo-holo different ligand,0.5560675238928121,3.9877893453925575,5.712183992195363,True,False
4I4H,6BD7,holo-holo different ligand,0.6800081643962994,4.45860993655536,5.782785805503941,True,False
4I4H,6BD8,holo-holo different ligand,0.638262999274941,4.255278794329011,5.646031880278588,True,False
4I4H,6BDI,holo-holo different ligand,0.6794794754812203,4.382324458516768,5.7337266455968745,True,False
4I4H,6BDK,holo-holo different ligand,0.6909207141800278,4.386025875026844,5.643505813051501,True,False
4I4H,6MA6,holo-holo different ligand,0.7160402039742775,4.527488473579004,6.036847334030575,True,False
4I4H,6MA7,holo-holo different ligand,0.7716170908684328,4.773188544772401,6.0663428828717825,True,False
4I4H,6OO9,holo-holo different ligand,0.8617461956062237,4.620802179255944,6.017616467059432,True,False
4I4H,6OOB,holo-holo different ligand,0.8245319507058329,4.715112845726659,5.87499651391737,True,False
4I4H,6UNJ,holo-holo different ligand,0.464552993020234,5.899098891067901,7.230019396280835,False,False
4I4H,7KVH,holo-holo different ligand,0.38072242695081226,0.8005353679749888,1.306497720601756,False,False
4I4H,7KVK,holo-holo different ligand,0.4413545667469923,0.7108334615697292,1.1035041555828276,False,False
4I4H,7KVN,holo-holo different ligand,0.42679744879435333,0.6169110443247188,0.8002742368451119,False,False
4I4H,7KVO,holo-holo different ligand,0.39703333312288625,0.7877797573812152,1.205959805516229,False,False
4I4H,7KVQ,holo-holo different ligand,0.4281080697036691,0.58559013805248,0.714505489099427,False,False
4I4H,7KVS,holo-holo different ligand,0.36784701694628025,1.003185260383108,1.7418375572443288,False,False
4I4H,7UFA,holo-holo different ligand,0.4658197550716016,8.58750733370025,10.347524652439853,True,False
4I4H,7UFB,holo-holo different ligand,0.7140381989159617,4.480077466676814,5.821874507219065,True,False
4I4H,7UFC,holo-holo different ligand,0.6802462982389161,4.299059915550341,6.157429465916585,True,False
4I4H,7UFD,holo-holo different ligand,0.6686756926136966,4.248604179445714,6.015094086594219,True,True
4I4H,7UFE,holo-holo different ligand,0.412183820063899,0.6341482065838084,0.8622650409356944,False,False
4I4H,7UFF,holo-holo different ligand,0.4141267458063075,0.6463620169509037,0.8948093104717445,False,False
4I4H,8EWS,holo-holo different ligand,0.37215468941426083,7.712257025643408,8.611550910922587,True,False
4I4H,8EXB,holo-holo different ligand,0.3035330150203388,8.3095287890279,10.304998148153068,True,False
4I4H,8SO1,holo-holo different ligand,0.7468254647429333,4.443244043319792,5.84603244371368,True,False
4I4H,8SO2,holo-holo different ligand,0.7658792837447326,4.206188694448047,5.637444168553589,True,False
4I4H,8SPD,holo-holo different ligand,0.9349252157546374,8.596487357529487,10.08885997791303,True,True
4I4H,9BV5,holo-holo different ligand,0.7541927663121901,4.378817682725983,5.702334583143652,True,False
4I4H,9BV8,holo-holo different ligand,0.7291423234153229,4.384743335933911,5.864403049675427,True,False
4I4H,9BV9,holo-holo different ligand,0.7100725989320826,4.442998219437657,5.736569573012163,True,False
4I4H,9BVA,holo-holo different ligand,0.6895382941621973,4.496966608897704,5.9164937651113565,True,False
4I4H,9BVB,holo-holo different ligand,0.6965506438161777,4.415211027004644,5.697449251179226,True,False
4I4H,9BVC,holo-holo different ligand,0.7016952016795208,4.414625649414226,5.75432031093143,True,False
4I4H,9PLJ,holo-holo different ligand,0.8006574066712807,4.630081561734938,5.717475096768439,True,False
4I4H,9YK4,holo-holo different ligand,0.6931892051017742,4.436893035761321,5.786326987158623,True,False
4K9T,4K9V,holo-holo different ligand,0.4802298267372209,4.2196292873970105,5.185110551320877,True,False
4K9T,4K9W,holo-holo different ligand,0.4946477051618676,5.929191128592838,7.947243681812509,False,False
4K9T,4NY4,holo-holo different ligand,0.5623475034685056,4.530605530586249,5.724804854877606,True,False
4K9T,5TE8,holo-holo different ligand,0.9028317939369851,5.817011989134727,11.26059531877885,False,False
4K9T,5VC0,holo-holo different ligand,0.4016764170305896,6.207006902269979,8.196897067600062,True,False
4K9T,5VCE,holo-holo different ligand,0.4787855652439967,4.997742927821157,6.827646725301237,True,False
4K9T,5VCG,holo-holo different ligand,0.5759194180235698,4.603620390762192,6.797255550939165,True,False
4K9T,6BCZ,holo-holo different ligand,0.5940389696426199,4.445469731771793,6.304707145777306,True,False
4K9T,6BD5,holo-holo different ligand,0.6210659178023475,4.494665195921124,6.5582329979299745,True,True
4K9T,6BD6,holo-holo different ligand,0.5395447587808889,4.553401200656215,6.100858617827955,True,True
4K9T,6BD7,holo-holo different ligand,0.6347230218481453,4.480233651504521,6.405365953425223,True,False
4K9T,6BD8,holo-holo different ligand,0.6139787359908501,4.225355095935458,6.295918017738957,True,False
4K9T,6BDI,holo-holo different ligand,0.6320162446494887,4.410927249557171,6.289760252000236,True,False
4K9T,6BDK,holo-holo different ligand,0.6455538996290252,4.458673573308596,6.374225610918449,True,False
4K9T,6MA6,holo-holo different ligand,0.666595156762397,4.538096964082332,6.318122236646015,True,False
4K9T,6MA7,holo-holo different ligand,0.7194627022929693,4.275204582683791,6.346338736826634,True,False
4K9T,6OO9,holo-holo different ligand,0.8145025944260539,4.509367450237321,6.572864643081557,True,False
4K9T,6OOB,holo-holo different ligand,0.7601323704270533,4.554460592451596,6.862706940552418,True,False
4K9T,6UNJ,holo-holo different ligand,0.4313861788799043,2.330762519128311,3.571991026405543,False,False
4K9T,7KVH,holo-holo different ligand,0.3258195246442477,6.117111299702763,8.140876541852881,False,False
4K9T,7KVK,holo-holo different ligand,0.36729984283860206,5.9098512058059,7.43076800467386,False,True
4K9T,7KVN,holo-holo different ligand,0.34904875550830133,6.056758089683435,7.702651586858562,False,False
4K9T,7KVO,holo-holo different ligand,0.33385958654584624,5.774499719175896,7.156381964635939,False,False
4K9T,7KVQ,holo-holo different ligand,0.3470402520420529,5.931321526982095,7.4487530364412855,False,False
4K9T,7KVS,holo-holo different ligand,0.3146081779115407,5.823173580933751,7.463922546197704,False,True
4K9T,7UFA,holo-holo different ligand,0.5043078331921502,3.9893494907016316,6.77322604448767,True,True
4K9T,7UFB,holo-holo different ligand,0.6648507469165376,4.47423657796919,6.48966390559359,True,False
4K9T,7UFC,holo-holo different ligand,0.62250208336254,4.477399186610259,5.9260134519618965,True,False
4K9T,7UFD,holo-holo different ligand,0.6063679817190365,4.414518894517215,5.829635490347065,True,False
4K9T,7UFE,holo-holo different ligand,0.35382377721172426,6.066484325040008,7.752497437171675,False,False
4K9T,7UFF,holo-holo different ligand,0.3552303351774372,6.066723876157978,7.779873233650228,False,False
4K9T,8EWS,holo-holo different ligand,0.3774528637748574,4.121117856284913,6.1554182393728425,True,False
4K9T,8EXB,holo-holo different ligand,0.3673645581459107,3.6761846416363255,5.0787401995855,True,False
4K9T,8SO1,holo-holo different ligand,0.6892120306072923,4.769656823565113,6.960565082709706,True,False
4K9T,8SO2,holo-holo different ligand,0.6909096691513771,4.326748590656111,5.951611694658671,True,False
4K9T,8SPD,holo-holo different ligand,0.853506579054749,3.8440781771276886,4.560279944737765,True,False
4K9T,9BV5,holo-holo different ligand,0.7511071805452763,4.332639814966301,6.028125140940915,True,False
4K9T,9BV8,holo-holo different ligand,0.6519649520126894,4.424466713697765,6.063640343541767,True,False
4K9T,9BV9,holo-holo different ligand,0.6911187450815102,4.62275461985632,6.416998894938359,True,False
4K9T,9BVA,holo-holo different ligand,0.6794777443912711,4.602147447633004,6.464270157131991,True,False
4K9T,9BVB,holo-holo different ligand,0.6735263425091043,4.611786448228302,6.403924366696155,True,False
4K9T,9BVC,holo-holo different ligand,0.6790812161611263,4.457996514393024,6.112988231219222,True,False
4K9T,9PLJ,holo-holo different ligand,0.7365764456039581,4.461636719808957,6.701403239107848,True,False
4K9T,9YK4,holo-holo different ligand,0.6811318230776773,4.496848502359665,6.463316365146572,True,False
4K9V,4K9W,holo-holo different ligand,0.7245423294251555,4.533368950289425,5.989508781716477,False,False
4K9V,4NY4,holo-holo different ligand,0.3788269122538691,0.9168983935599027,1.853733571475697,True,False
4K9V,5TE8,holo-holo different ligand,0.6221182582441399,6.8752619989273525,11.747992224872753,False,False
4K9V,5VC0,holo-holo different ligand,0.6082011760019154,4.888057657461016,6.536756246066101,True,False
4K9V,5VCE,holo-holo different ligand,0.3976841873335809,1.2151848063466375,2.2703147233156806,True,False
4K9V,5VCG,holo-holo different ligand,0.36152097804220434,1.0474397979108356,2.134958137380891,True,False
4K9V,6BCZ,holo-holo different ligand,0.28354034624475327,0.9720338769354933,2.0645631256301504,True,False
4K9V,6BD5,holo-holo different ligand,0.3374298724482545,1.0766398627780431,2.2524736125301703,True,False
4K9V,6BD6,holo-holo different ligand,0.3383504861682831,1.1613488761763073,1.9181700858726904,True,False
4K9V,6BD7,holo-holo different ligand,0.3359081412609964,1.0004381489515666,2.2616813716808144,True,False
4K9V,6BD8,holo-holo different ligand,0.3854871978275176,1.1535024450662101,2.222274587339912,True,False
4K9V,6BDI,holo-holo different ligand,0.3311591792803292,0.9843304824055825,2.042892507336158,True,True
4K9V,6BDK,holo-holo different ligand,0.3381418402102401,1.0386734103247104,2.1621788523662384,True,False
4K9V,6MA6,holo-holo different ligand,0.3425590485585619,0.8823694554055991,2.0414854427388223,True,False
4K9V,6MA7,holo-holo different ligand,0.4100082651773219,1.1738259238578526,2.4530180697694637,True,False
4K9V,6OO9,holo-holo different ligand,0.49217894141728485,1.051471147262372,2.2558703339684927,True,False
4K9V,6OOB,holo-holo different ligand,0.44658780545781057,1.2048805426885543,2.5111086657603328,True,False
4K9V,6UNJ,holo-holo different ligand,0.6371777315108633,3.91966022082898,4.877351377696771,False,True
4K9V,7KVH,holo-holo different ligand,0.5369660303588136,4.807290916907657,6.674450171901869,False,False
4K9V,7KVK,holo-holo different ligand,0.6233886827824332,4.503218979211491,6.08698716642761,False,False
4K9V,7KVN,holo-holo different ligand,0.5809629421027175,4.607870402214281,6.214529256701983,False,False
4K9V,7KVO,holo-holo different ligand,0.5441804111717033,4.386664326846542,5.943073188130256,False,True
4K9V,7KVQ,holo-holo different ligand,0.5600671578384557,4.387405440447035,6.030028299366679,False,False
4K9V,7KVS,holo-holo different ligand,0.5673823150343793,4.3807247779677425,6.129150352769569,False,False
4K9V,7UFA,holo-holo different ligand,0.32214524112070575,6.724781184304236,8.083265488656904,True,False
4K9V,7UFB,holo-holo different ligand,0.3366287800336243,0.9247114358815266,1.9379292149481455,True,False
4K9V,7UFC,holo-holo different ligand,0.370754668500292,0.7976175504498357,1.5985115065938222,True,False
4K9V,7UFD,holo-holo different ligand,0.33418485709909734,0.791031789868047,1.4287987542052532,True,False
4K9V,7UFE,holo-holo different ligand,0.6088223884840887,4.481651352555488,5.961712258687472,False,False
4K9V,7UFF,holo-holo different ligand,0.6085569498709407,4.503093040814162,6.005508409989527,False,False
4K9V,8EWS,holo-holo different ligand,0.4043947482232395,7.01647906607846,9.363028751777744,True,False
4K9V,8EXB,holo-holo different ligand,0.44516096190877086,6.840091233581395,8.890057021190612,True,False
4K9V,8SO1,holo-holo different ligand,0.38281702477159313,1.1927490474910998,2.2913738501824743,True,False
4K9V,8SO2,holo-holo different ligand,0.38652260561020346,0.8332522356812877,1.285994296210424,True,False
4K9V,8SPD,holo-holo different ligand,0.5523650386076938,6.986572581105507,8.897717349528977,True,False
4K9V,9BV5,holo-holo different ligand,0.42069979907589494,0.8606750860425362,1.825510900425464,True,False
4K9V,9BV8,holo-holo different ligand,0.3692791898162616,0.8069075320035525,1.5729677996470295,True,False
4K9V,9BV9,holo-holo different ligand,0.3834212774800463,1.0814971828079616,2.2549320330219818,True,False
4K9V,9BVA,holo-holo different ligand,0.3764376034779446,1.0582398701073394,2.2784207361449207,True,False
4K9V,9BVB,holo-holo different ligand,0.36942146852391944,1.0741648957420191,2.229527047799034,True,False
4K9V,9BVC,holo-holo different ligand,0.3685777632555182,0.9934554508433764,2.1199614935062985,True,False
4K9V,9PLJ,holo-holo different ligand,0.42557440162935156,1.1884435117553644,2.444430227116115,True,False
4K9V,9YK4,holo-holo different ligand,0.3333505074597686,1.0101205884544056,2.007127304522617,True,False
4K9W,4NY4,holo-holo different ligand,0.8973798963612122,4.230365140528026,5.730603010711833,False,False
4K9W,5TE8,holo-holo different ligand,1.3114658357606388,9.33989828448344,16.2617074823756,False,False
4K9W,5VC0,holo-holo different ligand,0.4811017844557508,0.8047149321477397,0.9301507127170615,False,False
4K9W,5VCE,holo-holo different ligand,0.71534960497162,4.407737077828907,5.8326693458885925,False,False
4K9W,5VCG,holo-holo different ligand,0.9913708435883352,4.532754740516618,5.789244842603472,False,False
4K9W,6BCZ,holo-holo different ligand,0.9265914532652139,4.438925110341933,5.6311606431050345,False,False
4K9W,6BD5,holo-holo different ligand,0.9531059109779969,4.4776058220129284,5.748609127234388,False,False
4K9W,6BD6,holo-holo different ligand,0.820856693353673,4.028192325406163,5.57281687879923,False,False
4K9W,6BD7,holo-holo different ligand,0.9768020915210974,4.511975060196652,5.679641545461986,False,True
4K9W,6BD8,holo-holo different ligand,0.9038827623173277,4.292350617915355,5.53077446020243,False,True
4K9W,6BDI,holo-holo different ligand,0.969418847945099,4.422136429743534,5.591197695721558,False,False
4K9W,6BDK,holo-holo different ligand,0.9799209468122376,4.437051262151272,5.522909088442574,False,False
4K9W,6MA6,holo-holo different ligand,1.0085137846164423,4.580383837281436,5.896830162678583,False,False
4K9W,6MA7,holo-holo different ligand,1.0554425615428717,4.794164329261552,5.940065340261518,False,False
4K9W,6OO9,holo-holo different ligand,1.157353913268153,4.681367873305121,5.887132810041057,False,False
4K9W,6OOB,holo-holo different ligand,1.117291901530431,4.781932897809816,6.1824146724604745,False,False
4K9W,6UNJ,holo-holo different ligand,0.4550195028950076,5.605203516180408,6.669785314679398,False,False
4K9W,7KVH,holo-holo different ligand,0.40969597890998755,0.5223658105420859,0.8479073107086262,False,False
4K9W,7KVK,holo-holo different ligand,0.446843213155477,0.6004646156500865,0.8503390680271092,False,False
4K9W,7KVN,holo-holo different ligand,0.42754062691821865,0.7042044302850011,1.056000542962281,False,False
4K9W,7KVO,holo-holo different ligand,0.5107186425396444,0.6860297777120181,0.9507087985371185,False,False
4K9W,7KVQ,holo-holo different ligand,0.46048481464914814,0.792736410802673,1.3076408513695317,False,False
4K9W,7KVS,holo-holo different ligand,0.40486676859398696,0.7958332069996437,1.4189330449851483,False,False
4K9W,7UFA,holo-holo different ligand,0.7704347138829339,8.173972761017888,9.79226986215688,False,False
4K9W,7UFB,holo-holo different ligand,1.0017789932835088,4.5296653146572785,5.684846626701676,False,False
4K9W,7UFC,holo-holo different ligand,0.9704768411719373,4.335221982840144,6.006477931970461,False,True
4K9W,7UFD,holo-holo different ligand,0.9523056538668765,4.277483220862309,5.862127289756112,False,False
4K9W,7UFE,holo-holo different ligand,0.40332321348788375,0.6170816535923667,0.8941730997892599,False,True
4K9W,7UFF,holo-holo different ligand,0.40489263392998653,0.5964087592380093,0.8460945583276792,False,False
4K9W,8EWS,holo-holo different ligand,0.6427286498182453,7.336992725964358,8.462632786206065,False,False
4K9W,8EXB,holo-holo different ligand,0.5573294448887242,7.961876539075426,9.477163880627726,False,False
4K9W,8SO1,holo-holo different ligand,1.0281009666116792,4.542079999455336,5.880075072655234,False,False
4K9W,8SO2,holo-holo different ligand,1.0473272150077346,4.237267999844189,5.496343194226143,False,False
4K9W,8SPD,holo-holo different ligand,1.2323172369991031,8.255677244742554,10.230588336663953,False,False
4K9W,9BV5,holo-holo different ligand,1.1373051706446888,4.3765695020590885,5.539109013811329,False,False
4K9W,9BV8,holo-holo different ligand,1.003547436665067,4.415360039467248,5.71086259192673,False,False
4K9W,9BV9,holo-holo different ligand,1.0273322128446636,4.489093697864166,5.571276641225952,False,False
4K9W,9BVA,holo-holo different ligand,1.0132652679400695,4.55688079287013,5.760935711984756,False,False
4K9W,9BVB,holo-holo different ligand,1.0040226917167294,4.464600242362619,5.539978241786743,False,False
4K9W,9BVC,holo-holo different ligand,1.0231933730238227,4.439197316904856,5.597582997813711,False,False
4K9W,9PLJ,holo-holo different ligand,1.0805173880661605,4.69344724147919,6.079414701125031,False,False
4K9W,9YK4,holo-holo different ligand,1.000671658585233,4.486761181472337,5.640445646644396,False,False
4NY4,5TE8,holo-holo different ligand,0.725292987023759,7.104738225535371,12.065015823604767,False,False
4NY4,5VC0,holo-holo different ligand,0.6935733527370359,4.645982041875857,6.2855938315788835,True,False
4NY4,5VCE,holo-holo different ligand,0.5312662680771577,1.0042620820857588,1.8932316129072626,True,False
4NY4,5VCG,holo-holo different ligand,0.4878682838024523,0.9851525295407684,2.0733612097666287,True,False
4NY4,6BCZ,holo-holo different ligand,0.6921017616477328,1.0098254395499875,1.9412915241109485,True,False
4NY4,6BD5,holo-holo different ligand,0.48498753894385166,1.0826837967954224,2.085370950740996,True,False
4NY4,6BD6,holo-holo different ligand,0.51532232883092,0.700094006497009,0.9139260208729645,True,False
4NY4,6BD7,holo-holo different ligand,0.6647648513900156,0.9993237442841589,1.8135830131260935,True,False
4NY4,6BD8,holo-holo different ligand,0.5194720779450261,1.1104644229496374,1.6915955370296971,True,False
4NY4,6BDI,holo-holo different ligand,0.682826407803264,1.0172259113584203,1.958192439278882,True,False
4NY4,6BDK,holo-holo different ligand,0.6742792387899391,1.073651176146438,1.9869904915171603,True,False
4NY4,6MA6,holo-holo different ligand,0.5179910032483159,0.8966696519547565,1.7137375450298975,True,False
4NY4,6MA7,holo-holo different ligand,0.5707970784061887,1.3955975828345997,2.52259357569643,True,False
4NY4,6OO9,holo-holo different ligand,0.6254261292620098,1.1380572173370773,2.234730066928797,True,False
4NY4,6OOB,holo-holo different ligand,0.5810870292417766,1.3204290597251211,2.4328238181371926,True,False
4NY4,6UNJ,holo-holo different ligand,0.6579505127305406,4.249197965627227,5.89687873018757,False,False
4NY4,7KVH,holo-holo different ligand,0.5699669220126137,4.523569495260283,6.453217278945682,False,False
4NY4,7KVK,holo-holo different ligand,0.8431761966447767,4.14445744814615,5.827329169079953,False,False
4NY4,7KVN,holo-holo different ligand,0.6321771309854859,4.2858743511104915,5.996547057377202,False,False
4NY4,7KVO,holo-holo different ligand,0.757767707634739,4.043124510605173,5.689745032737141,False,False
4NY4,7KVQ,holo-holo different ligand,0.5991087246285747,4.070188958078537,5.815351614287289,False,False
4NY4,7KVS,holo-holo different ligand,0.7907785546647422,4.1298630327004195,5.871027568163688,False,False
4NY4,7UFA,holo-holo different ligand,0.4803193514480075,6.965853624063071,8.049608479982368,True,False
4NY4,7UFB,holo-holo different ligand,0.5089048630286956,1.0163028076773353,1.9550849378757247,True,False
4NY4,7UFC,holo-holo different ligand,0.5977704883660967,0.46478309325285744,0.9370427155130372,True,False
4NY4,7UFD,holo-holo different ligand,0.5941956306573846,0.4094091539858253,0.8255940863607222,True,False
4NY4,7UFE,holo-holo different ligand,0.7977551168482933,4.142866074760137,5.718820689198076,False,False
4NY4,7UFF,holo-holo different ligand,0.7962693725735851,4.166684109732992,5.762897221896232,False,False
4NY4,8EWS,holo-holo different ligand,0.5058661656288388,7.236283241379449,9.486094413732635,True,False
4NY4,8EXB,holo-holo different ligand,0.5530377151629516,7.076001277402028,9.109836868597043,True,False
4NY4,8SO1,holo-holo different ligand,0.5428054840423743,1.1444207152768375,2.1945411567951885,True,False
4NY4,8SO2,holo-holo different ligand,0.516584351364527,0.6167428007941967,1.0022711789906347,True,False
4NY4,8SPD,holo-holo different ligand,0.6249484399622552,7.257181576168723,9.190161194350297,True,False
4NY4,9BV5,holo-holo different ligand,0.7653254942023427,0.8636244902425148,1.6254506444199404,True,False
4NY4,9BV8,holo-holo different ligand,0.4556112349206177,0.8033895568217695,1.5935088366325294,True,True
4NY4,9BV9,holo-holo different ligand,0.4912512733932037,1.1546300734965722,2.193818767573683,True,True
4NY4,9BVA,holo-holo different ligand,0.47144923977773273,1.1170465389530269,2.1104816963892077,True,False
4NY4,9BVB,holo-holo different ligand,0.4665711362565674,1.1351545782935584,2.1620179903962518,True,True
4NY4,9BVC,holo-holo different ligand,0.455205759950328,1.0981967507244885,2.0215074417029837,True,False
4NY4,9PLJ,holo-holo different ligand,0.5583018400031016,1.3279318901276382,2.4376849927326396,True,False
4NY4,9YK4,holo-holo different ligand,0.48930626308754205,1.0614093849458777,2.136450889996765,True,False
5TE8,5VC0,holo-holo different ligand,1.2402963771337137,9.69577319504759,16.881580395959123,False,True
5TE8,5VCE,holo-holo different ligand,0.8656491349469301,7.53436890202276,12.251101997171672,False,False
5TE8,5VCG,holo-holo different ligand,0.6704330449007198,7.030137573866035,11.600254305195245,False,False
5TE8,6BCZ,holo-holo different ligand,0.6946027837200757,7.202968369658453,11.858502774362787,False,False
5TE8,6BD5,holo-holo different ligand,0.6876202934047518,7.20010717811716,11.817612075154507,False,False
5TE8,6BD6,holo-holo different ligand,0.719477296499972,7.397316710349166,12.254749786772884,False,False
5TE8,6BD7,holo-holo different ligand,0.6727682607189394,7.2615623620031595,11.87827689113698,False,False
5TE8,6BD8,holo-holo different ligand,0.7603457901893222,7.148599563796668,11.841712578251125,False,False
5TE8,6BDI,holo-holo different ligand,0.6309445396200657,7.211206914136244,11.929316543610112,False,False
5TE8,6BDK,holo-holo different ligand,0.6210417148188624,7.284441192108541,11.946147080540165,False,True
5TE8,6MA6,holo-holo different ligand,0.6270902924428704,7.2033113094249535,11.799354814607945,False,False
5TE8,6MA7,holo-holo different ligand,0.61831259032822,7.119784211466648,11.514610318290886,False,False
5TE8,6OO9,holo-holo different ligand,0.47699985869427064,7.1743912995988905,11.713791895611926,False,False
5TE8,6OOB,holo-holo different ligand,0.5395487162399863,7.225274712343934,11.741733901412235,False,False
5TE8,6UNJ,holo-holo different ligand,1.1932541642506262,6.1496701280294594,11.83063507987149,False,False
5TE8,7KVH,holo-holo different ligand,1.0946807699316488,9.637102071482937,16.90013660424244,False,False
5TE8,7KVK,holo-holo different ligand,1.3864670107269603,9.156955026679919,16.06454075623595,False,False
5TE8,7KVN,holo-holo different ligand,1.0942238336257135,9.471293177019442,16.40338377134781,False,True
5TE8,7KVO,holo-holo different ligand,1.2746468985346662,9.047569385335464,15.939739966994393,False,False
5TE8,7KVQ,holo-holo different ligand,1.0751691834839272,9.287380028117644,16.14840807095631,False,True
5TE8,7KVS,holo-holo different ligand,1.2788395517278566,9.306893570155177,16.220320637598466,False,False
5TE8,7UFA,holo-holo different ligand,0.6811316859900902,6.248382455087326,10.639440468241007,False,False
5TE8,7UFB,holo-holo different ligand,0.6535636090806565,7.105192721198613,11.75380136512638,False,False
5TE8,7UFC,holo-holo different ligand,0.7156329731509008,7.081221341426225,11.866358002963176,False,False
5TE8,7UFD,holo-holo different ligand,0.7021481065134104,6.951484717696515,11.7472136922915,False,False
5TE8,7UFE,holo-holo different ligand,1.3122385237975063,9.137983094672949,15.899315610278283,False,False
5TE8,7UFF,holo-holo different ligand,1.312931231690056,9.15307532165288,15.932848299093184,False,True
5TE8,8EWS,holo-holo different ligand,0.8062341782785423,7.47311711472516,11.78584079979793,False,False
5TE8,8EXB,holo-holo different ligand,0.9199830056898114,6.798167055666508,11.456674656336935,False,False
5TE8,8SO1,holo-holo different ligand,0.5953426369236388,7.239187101162857,11.787130571000349,False,False
5TE8,8SO2,holo-holo different ligand,0.5737269966404418,6.921884151824643,11.83327081394053,False,False
5TE8,8SPD,holo-holo different ligand,0.5303579077122735,4.890432203474485,8.382969920006113,False,False
5TE8,9BV5,holo-holo different ligand,0.7834315657214925,7.142557521561591,11.86990969897033,False,True
5TE8,9BV8,holo-holo different ligand,0.6087751486497097,7.028462699756094,11.770721395434181,False,False
5TE8,9BV9,holo-holo different ligand,0.6637288742416786,7.431811736014186,12.032129146650421,False,False
5TE8,9BVA,holo-holo different ligand,0.6151321644361778,7.34694889912872,11.849819975810828,False,False
5TE8,9BVB,holo-holo different ligand,0.6567524675238006,7.430002051417588,12.062694731774151,False,False
5TE8,9BVC,holo-holo different ligand,0.5828921381240492,7.398377362534952,12.042893444573682,False,False
5TE8,9PLJ,holo-holo different ligand,0.5549438410757952,7.240019216622669,11.78469408849609,False,True
5TE8,9YK4,holo-holo different ligand,0.5842734630204603,7.156432534806746,11.825910374138642,False,False
5VC0,5VCE,holo-holo same ligand,0.5348727877671281,4.794647614678294,6.351144814261101,True,False
5VC0,5VCG,holo-holo different ligand,0.8788609717789267,4.9331518204728635,6.484717641896871,True,False
5VC0,6BCZ,holo-holo different ligand,0.8858830524747574,4.813820282775508,6.173793352630756,True,False
5VC0,6BD5,holo-holo different ligand,0.8776949339932343,4.867605259783158,6.46630748269956,True,False
5VC0,6BD6,holo-holo different ligand,0.7006170317926438,4.389012289598145,6.058945536615329,True,False
5VC0,6BD7,holo-holo different ligand,0.9585163760004392,4.836789205159524,6.353631179050943,True,False
5VC0,6BD8,holo-holo different ligand,0.834737239358768,4.658812351713719,6.103388983953291,True,False
5VC0,6BDI,holo-holo different ligand,0.8476430695624284,4.829655358859134,6.187557064680959,True,False
5VC0,6BDK,holo-holo different ligand,0.8596795119081465,4.830440007921963,6.249461188223214,True,True
5VC0,6MA6,holo-holo different ligand,1.0035487591773762,4.919299619314912,6.414508915002906,True,False
5VC0,6MA7,holo-holo different ligand,1.0452542795434898,5.131873621506689,6.551903075851678,True,False
5VC0,6OO9,holo-holo different ligand,1.0300764879037843,5.082203883215721,6.617424348572623,True,False
5VC0,6OOB,holo-holo different ligand,1.0535203614094502,5.143093273987583,6.900256600254649,True,False
5VC0,6UNJ,holo-holo different ligand,0.3640518771401653,5.930914579900661,7.028261653265283,False,False
5VC0,7KVH,holo-holo different ligand,0.3792424013361763,0.8081712966454743,1.110652264788678,False,False
5VC0,7KVK,holo-holo different ligand,0.4603894670327615,1.097273812312647,1.4746434099028458,False,False
5VC0,7KVN,holo-holo different ligand,0.384018974802426,1.147314286604507,1.6286437031637127,False,True
5VC0,7KVO,holo-holo different ligand,0.49034152916374985,1.1829453091420128,1.5053905847303812,False,False
5VC0,7KVQ,holo-holo different ligand,0.3884428355783275,1.2558760454752438,1.907572898567357,False,True
5VC0,7KVS,holo-holo different ligand,0.4288913877300069,1.0846466010623723,1.5601339736299977,False,False
5VC0,7UFA,holo-holo different ligand,0.6428820501598833,8.58957057732586,10.404566310525517,True,False
5VC0,7UFB,holo-holo different ligand,0.9362836940740622,4.916653150834964,6.384450753702541,True,False
5VC0,7UFC,holo-holo different ligand,0.9326420974889875,4.695505528251501,6.517743013546234,True,False
5VC0,7UFD,holo-holo different ligand,0.91921465517792,4.655173654089443,6.41245853798905,True,False
5VC0,7UFE,holo-holo different ligand,0.4906890451799747,1.1987014674876535,1.5090652513458913,False,False
5VC0,7UFF,holo-holo different ligand,0.4919010666949564,1.1774995790044036,1.496291698560945,False,True
5VC0,8EWS,holo-holo different ligand,0.4912897288109019,7.635523566808098,8.663690620235794,True,False
5VC0,8EXB,holo-holo different ligand,0.40613262582591647,8.281543672145059,9.472957271855199,True,False
5VC0,8SO1,holo-holo different ligand,0.971017981074323,4.933908546549679,6.606834060349563,True,False
5VC0,8SO2,holo-holo different ligand,1.0208579179757649,4.631815128501351,6.056121260561219,True,False
5VC0,8SPD,holo-holo different ligand,1.1795955604736124,8.567886507935828,10.20953159593349,True,False
5VC0,9BV5,holo-holo different ligand,1.0513112685148651,4.765738244776352,6.1027024732363975,True,True
5VC0,9BV8,holo-holo different ligand,0.9588902502843721,4.79531849920678,6.268124588401069,True,False
5VC0,9BV9,holo-holo different ligand,0.9542406409774298,4.82290710356873,6.254519129520738,True,False
5VC0,9BVA,holo-holo different ligand,0.9705015029807535,4.883939328176506,6.288712534502946,True,False
5VC0,9BVB,holo-holo different ligand,0.9296954635393458,4.799995275853555,6.227769914145034,True,False
5VC0,9BVC,holo-holo different ligand,0.8637607608569768,4.790247433485545,6.1390016232714,True,False
5VC0,9PLJ,holo-holo different ligand,1.020066624948429,5.043710653167349,6.794167353103572,True,True
5VC0,9YK4,holo-holo different ligand,0.9750716604516713,4.8537880965117886,6.257014357567577,True,False
5VCE,5VCG,holo-holo different ligand,0.5618424365334116,0.6591340619188919,0.8601722758175202,True,True
5VCE,6BCZ,holo-holo different ligand,0.5263965827542171,0.6181640507867695,0.7550078859094671,True,True
5VCE,6BD5,holo-holo different ligand,0.5120344698661073,0.6355524599759026,0.7847059067019726,True,False
5VCE,6BD6,holo-holo different ligand,0.41570983903434067,0.9448389431334675,1.605881412409047,True,False
5VCE,6BD7,holo-holo different ligand,0.5602196078286799,0.6382616822484349,0.8273176748900943,True,False
5VCE,6BD8,holo-holo different ligand,0.4618749097568877,0.8921130278519965,1.2348934096803852,True,False
5VCE,6BDI,holo-holo different ligand,0.5425092957475268,0.6556712228459032,0.7865388970436878,True,False
5VCE,6BDK,holo-holo different ligand,0.5482863601747068,0.6567388437228828,0.8187142569715397,True,False
5VCE,6MA6,holo-holo different ligand,0.5716041144310782,0.6000021460475157,0.6772269605306501,True,True
5VCE,6MA7,holo-holo different ligand,0.6540500970022682,1.021109805159478,1.2615667585692845,True,False
5VCE,6OO9,holo-holo different ligand,0.6936253199639022,0.7120782606847034,0.8215810545548441,True,True
5VCE,6OOB,holo-holo different ligand,0.6802196346321121,0.8349048470690387,0.93402688850534,True,True
5VCE,6UNJ,holo-holo different ligand,0.6073164574413087,4.888651815441164,7.10360246395831,False,False
5VCE,7KVH,holo-holo different ligand,0.5126329733442216,4.669656112299691,6.531945080465021,False,False
5VCE,7KVK,holo-holo different ligand,0.6588376339046857,4.345540271040396,5.961760400986878,False,False
5VCE,7KVN,holo-holo different ligand,0.501240298148082,4.443518032556769,6.097917484785039,False,False
5VCE,7KVO,holo-holo different ligand,0.5873458872896482,4.248477893210913,5.823798282395124,False,False
5VCE,7KVQ,holo-holo different ligand,0.5247438871528604,4.210959491797448,5.928640773879693,False,False
5VCE,7KVS,holo-holo different ligand,0.6103478010552899,4.2494957788770655,6.004510287191554,False,False
5VCE,7UFA,holo-holo different ligand,0.35453200514545047,7.62287887505579,9.213239041744709,True,False
5VCE,7UFB,holo-holo different ligand,0.5619227907015741,0.6793206245693033,0.8325994752313577,True,True
5VCE,7UFC,holo-holo different ligand,0.552516427728846,0.7438352154034722,1.0950988358380545,True,False
5VCE,7UFD,holo-holo different ligand,0.5432438076293988,0.8633382554337145,1.2325651322694893,True,False
5VCE,7UFE,holo-holo different ligand,0.6277123043491895,4.3241916962023375,5.845007925740019,False,False
5VCE,7UFF,holo-holo different ligand,0.628407700448521,4.347944165861967,5.889218892940183,False,False
5VCE,8EWS,holo-holo different ligand,0.3879364513439359,7.729654139971869,9.756645897773543,True,False
5VCE,8EXB,holo-holo different ligand,0.3865005412935642,7.58478880218804,9.466242391915085,True,False
5VCE,8SO1,holo-holo different ligand,0.613367386633013,0.5641831093479869,0.673597255383273,True,False
5VCE,8SO2,holo-holo different ligand,0.6233812066764671,0.9215936605138534,1.2720848688310087,True,False
5VCE,8SPD,holo-holo different ligand,0.7576887409621034,7.776451617013949,9.519215245709734,True,False
5VCE,9BV5,holo-holo different ligand,0.6604253146765672,0.748617451794919,0.905549063481634,True,False
5VCE,9BV8,holo-holo different ligand,0.5833858410454997,0.7175872484367033,0.8554578589149899,True,False
5VCE,9BV9,holo-holo different ligand,0.5840992174220124,0.6700711684494648,0.8742945118083623,True,False
5VCE,9BVA,holo-holo different ligand,0.561376062564369,0.6124978462677649,0.7800390971349098,True,False
5VCE,9BVB,holo-holo different ligand,0.5597753536304826,0.6555924851007002,0.8433650754498516,True,False
5VCE,9BVC,holo-holo different ligand,0.5654936075135014,0.8025475019963189,0.9792065811491019,True,False
5VCE,9PLJ,holo-holo different ligand,0.646968431656026,0.8670674920662557,1.0323205314457955,True,False
5VCE,9YK4,holo-holo different ligand,0.551479042066563,0.6449196357450047,0.811936823179108,True,False
5VCG,6BCZ,holo-holo different ligand,0.44302842871631865,0.5587762815997362,0.9140474718070984,True,True
5VCG,6BD5,holo-holo different ligand,0.44071185568293697,0.4518943168502866,0.6885083986797798,True,False
5VCG,6BD6,holo-holo different ligand,0.5219452430380371,1.0953465551528492,1.904623969115947,True,False
5VCG,6BD7,holo-holo different ligand,0.48134720810350207,0.6251753072169524,0.9656338646341072,True,False
5VCG,6BD8,holo-holo different ligand,0.5620509145920071,0.8152621297863268,1.229370402534482,True,False
5VCG,6BDI,holo-holo different ligand,0.45547491515173805,0.5255230971094759,0.9109452608786184,True,False
5VCG,6BDK,holo-holo different ligand,0.4579707370776431,0.6002876514807962,0.964971154944778,True,False
5VCG,6MA6,holo-holo different ligand,0.4714927576527838,0.563415425098487,0.7569704031840552,True,True
5VCG,6MA7,holo-holo different ligand,0.5300068840230676,0.8448472609761927,1.1912169466171563,True,False
5VCG,6OO9,holo-holo different ligand,0.5143141437622636,0.4384148313833908,0.557977747715445,True,True
5VCG,6OOB,holo-holo different ligand,0.4560587622598742,0.5717426837542016,0.7438546999322415,True,True
5VCG,6UNJ,holo-holo different ligand,0.8169838326978789,4.503500610131737,6.833624046694649,False,False
5VCG,7KVH,holo-holo different ligand,0.747236165879363,4.808283578642358,6.506213685713131,False,False
5VCG,7KVK,holo-holo different ligand,0.9300897542696148,4.406764898007863,5.880805290841734,False,False
5VCG,7KVN,holo-holo different ligand,0.7341755659334434,4.581953819841643,6.047088313948376,False,False
5VCG,7KVO,holo-holo different ligand,0.83669824826468,4.304309044444333,5.740821135031044,False,False
5VCG,7KVQ,holo-holo different ligand,0.7354467704206299,4.335326195503898,5.856849686524032,False,False
5VCG,7KVS,holo-holo different ligand,0.8534553742385388,4.371028900639452,5.9374354684347574,False,False
5VCG,7UFA,holo-holo different ligand,0.47252973580593405,7.1284833862435555,8.879882253337161,True,False
5VCG,7UFB,holo-holo different ligand,0.46523270664257604,0.3659632861889882,0.4928503272747767,True,True
5VCG,7UFC,holo-holo different ligand,0.5194093222103521,0.7664376541183299,1.2856318242119433,True,False
5VCG,7UFD,holo-holo different ligand,0.4960688129953933,0.7738369545526087,1.3644294471583351,True,False
5VCG,7UFE,holo-holo different ligand,0.9416678440648707,4.379589247143196,5.746557489921036,False,False
5VCG,7UFF,holo-holo different ligand,0.9418627144938051,4.402842060962714,5.790358522745506,False,False
5VCG,8EWS,holo-holo different ligand,0.5184196906330981,7.309514287515939,9.335488020049608,True,False
5VCG,8EXB,holo-holo different ligand,0.5954961307881254,7.121604935157637,8.862175373585258,True,False
5VCG,8SO1,holo-holo different ligand,0.4265862204350775,0.31700374319936886,0.6444767229583128,True,False
5VCG,8SO2,holo-holo different ligand,0.45462332293862495,0.6188949141081506,1.2352010128347295,True,False
5VCG,8SPD,holo-holo different ligand,0.5947855486033378,7.27759478801749,9.016988659755024,True,False
5VCG,9BV5,holo-holo different ligand,0.5531331070412961,0.5953607245935345,1.07496054362248,True,False
5VCG,9BV8,holo-holo different ligand,0.4470159288837131,0.44542950566153805,0.7950827066075306,True,False
5VCG,9BV9,holo-holo different ligand,0.4963094895504595,0.7682444041253534,1.0485266893683003,True,False
5VCG,9BVA,holo-holo different ligand,0.4826514373710788,0.7250792793734918,1.0581113118177325,True,False
5VCG,9BVB,holo-holo different ligand,0.4687172365947421,0.7548875208290091,1.0392819968996865,True,False
5VCG,9BVC,holo-holo different ligand,0.45843064936053424,0.9071758854985795,1.3099084107499743,True,False
5VCG,9PLJ,holo-holo different ligand,0.4267027219207345,0.6315851650776847,0.7325875898468779,True,False
5VCG,9YK4,holo-holo different ligand,0.45143529289686335,0.3981282422486547,0.5920038967367908,True,False
6BCZ,6BD5,holo-holo different ligand,0.22178562808741092,0.23947115769322538,0.3494897026717825,True,False
6BCZ,6BD6,holo-holo different ligand,0.3127481827821456,0.8734891049914335,1.7323148555008467,True,False
6BCZ,6BD7,holo-holo different ligand,0.33951350497951815,0.2217340250394133,0.320222737760139,True,False
6BCZ,6BD8,holo-holo different ligand,0.3237820573626587,0.4620680502678875,0.58015215813607,True,False
6BCZ,6BDI,holo-holo different ligand,0.19508376306299255,0.12192999061245496,0.20933190562831414,True,False
6BCZ,6BDK,holo-holo different ligand,0.20238587854998547,0.12520390890017696,0.2128137265082508,True,False
6BCZ,6MA6,holo-holo different ligand,0.5521826271482326,0.329998343466448,0.47702788861883133,True,True
6BCZ,6MA7,holo-holo different ligand,0.5948905244506151,0.47471260677828014,0.5752247510908949,True,False
6BCZ,6OO9,holo-holo different ligand,0.5903222538623097,0.3239606093381939,0.47837515956567406,True,True
6BCZ,6OOB,holo-holo different ligand,0.329913112359983,0.5363768194286493,0.9322744477305311,True,True
6BCZ,6UNJ,holo-holo different ligand,0.8243840424043057,4.40026907926015,6.773259056392492,False,False
6BCZ,7KVH,holo-holo different ligand,0.7360215932679791,4.691197120803368,6.332152883214205,False,False
6BCZ,7KVK,holo-holo different ligand,0.9185651961159008,4.315384313360937,5.737109145172554,False,False
6BCZ,7KVN,holo-holo different ligand,0.7227333278841646,4.487157660353861,5.8937986634562005,False,False
6BCZ,7KVO,holo-holo different ligand,0.8198352814064558,4.214380273364411,5.603527924523431,False,False
6BCZ,7KVQ,holo-holo different ligand,0.724353891981088,4.246897486042954,5.714809589501421,False,False
6BCZ,7KVS,holo-holo different ligand,0.8520486672772917,4.2214744663726735,5.781525484936213,False,False
6BCZ,7UFA,holo-holo different ligand,0.3103689378784559,7.108371366253237,8.76398415520281,True,False
6BCZ,7UFB,holo-holo different ligand,0.49435130139070305,0.30463288103011904,0.7346831129788698,True,True
6BCZ,7UFC,holo-holo different ligand,0.3658147492435755,0.6469078888817253,1.0757228099893494,True,False
6BCZ,7UFD,holo-holo different ligand,0.362441750695466,0.7484558732918158,1.24603950087931,True,False
6BCZ,7UFE,holo-holo different ligand,0.8493265050397385,4.349545433807242,5.629053704866413,False,False
6BCZ,7UFF,holo-holo different ligand,0.8496946907054376,4.371101987072558,5.672827073868371,False,False
6BCZ,8EWS,holo-holo different ligand,0.45628328469068374,7.213437831045222,9.135281265931527,True,False
6BCZ,8EXB,holo-holo different ligand,0.5349175377132445,7.062054949306251,8.74744890900206,True,False
6BCZ,8SO1,holo-holo different ligand,0.5541702907962477,0.5156617028582057,0.8996307468104782,True,False
6BCZ,8SO2,holo-holo different ligand,0.5790512338863578,0.6759683313550483,1.1321368375207712,True,False
6BCZ,8SPD,holo-holo different ligand,0.5234627504870597,7.299683958632795,8.825463852619338,True,False
6BCZ,9BV5,holo-holo different ligand,0.7550389108810192,0.28157646104039713,0.3706048173101519,True,False
6BCZ,9BV8,holo-holo different ligand,0.3742392755610417,0.3839662124714936,0.5588915789789546,True,False
6BCZ,9BV9,holo-holo different ligand,0.43855307774733504,0.3763217461989999,0.552035142887029,True,False
6BCZ,9BVA,holo-holo different ligand,0.4011072611668202,0.32057705568660727,0.45170023644809393,True,False
6BCZ,9BVB,holo-holo different ligand,0.44126546047380977,0.35354562378545656,0.5261972510966931,True,False
6BCZ,9BVC,holo-holo different ligand,0.3907830371613756,0.44464735033467057,0.685736013093634,True,False
6BCZ,9PLJ,holo-holo different ligand,0.5315383481544226,0.4512250925861419,0.6666901864555889,True,False
6BCZ,9YK4,holo-holo different ligand,0.31077669620610887,0.24927985235449426,0.3687266272766483,True,False
6BD5,6BD6,holo-holo different ligand,0.28658871010080555,1.0089293498741623,1.9133509244302274,True,True
6BD5,6BD7,holo-holo different ligand,0.3546339729553372,0.345713165905042,0.47435642313698456,True,False
6BD5,6BD8,holo-holo different ligand,0.30462133995057483,0.523139717345969,0.6264026486012295,True,False
6BD5,6BDI,holo-holo different ligand,0.22205832645571513,0.21193987219819485,0.34626962126372846,True,False
6BD5,6BDK,holo-holo different ligand,0.23363050503589267,0.24234698366274868,0.34763488328499503,True,False
6BD5,6MA6,holo-holo different ligand,0.3400682971583662,0.42812206154867816,0.5704649828477066,True,False
6BD5,6MA7,holo-holo different ligand,0.38965609687708547,0.5251978410901615,0.6006391900989436,True,False
6BD5,6OO9,holo-holo different ligand,0.3955068021638982,0.29134610774132547,0.4399556931411534,True,False
6BD5,6OOB,holo-holo different ligand,0.36052489740601734,0.4306491778684822,0.5992763541281664,True,False
6BD5,6UNJ,holo-holo different ligand,0.8227561218011904,4.471204166913294,6.95639211168173,False,False
6BD5,7KVH,holo-holo different ligand,0.7344178201143136,4.722019360195851,6.246935124472623,False,False
6BD5,7KVK,holo-holo different ligand,0.8625027749447787,4.365088548374019,5.656590179885864,False,True
6BD5,7KVN,holo-holo different ligand,0.7195533236441435,4.510015722309247,5.801292797338761,False,False
6BD5,7KVO,holo-holo different ligand,0.7620296447948003,4.260278975508377,5.5202030959085,False,False
6BD5,7KVQ,holo-holo different ligand,0.7219022933403257,4.263439180668603,5.618524588272089,False,False
6BD5,7KVS,holo-holo different ligand,0.796712225159114,4.285213760483787,5.70427313745545,False,True
6BD5,7UFA,holo-holo different ligand,0.3159765472198778,7.13365210349116,8.906813857404892,True,True
6BD5,7UFB,holo-holo different ligand,0.2447730726067748,0.30693773229880905,0.6142479202353122,True,False
6BD5,7UFC,holo-holo different ligand,0.3383469023138133,0.7721214116530786,1.2480635523005643,True,False
6BD5,7UFD,holo-holo different ligand,0.35234775889862685,0.8449121606305466,1.3552863757057956,True,False
6BD5,7UFE,holo-holo different ligand,0.8545371609108465,4.368853241417735,5.5291440028202254,False,False
6BD5,7UFF,holo-holo different ligand,0.8548216002048982,4.390328627385704,5.572866497055544,False,False
6BD5,8EWS,holo-holo different ligand,0.47282752495088975,7.227345610326259,9.131370851265402,True,False
6BD5,8EXB,holo-holo different ligand,0.549327274774848,7.084376695656525,8.77659272564995,True,False
6BD5,8SO1,holo-holo different ligand,0.31999568378610727,0.4358919897309197,0.7035616503730758,True,False
6BD5,8SO2,holo-holo different ligand,0.36071863420558326,0.7248987590935005,1.2638510164890462,True,False
6BD5,8SPD,holo-holo different ligand,0.5169159186122598,7.3148325676051815,9.017807749252796,True,False
6BD5,9BV5,holo-holo different ligand,0.47613608691811515,0.37607616220741363,0.6231510298000237,True,False
6BD5,9BV8,holo-holo different ligand,0.3497390498099982,0.43321578318874343,0.689363331722184,True,False
6BD5,9BV9,holo-holo different ligand,0.38642467171771694,0.48327654866096925,0.7908591334579474,True,False
6BD5,9BVA,holo-holo different ligand,0.38111866217947393,0.44528400762291165,0.6426688325831732,True,False
6BD5,9BVB,holo-holo different ligand,0.36980652344753556,0.46576075489496305,0.7626426783542201,True,False
6BD5,9BVC,holo-holo different ligand,0.3224521523685331,0.6026224143837257,0.9526773011397228,True,False
6BD5,9PLJ,holo-holo different ligand,0.3344191092758673,0.3753486995178427,0.5708635404341129,True,False
6BD5,9YK4,holo-holo different ligand,0.350953897201908,0.23247585156484496,0.3354331975663823,True,False
6BD6,6BD7,holo-holo different ligand,0.3440866575887286,0.8455684491585094,1.5781823386024858,True,False
6BD6,6BD8,holo-holo different ligand,0.25543720625776983,0.8337647635657423,1.4937193410670782,True,False
6BD6,6BDI,holo-holo different ligand,0.34748223965406017,0.9045518591611571,1.7545240497720636,True,False
6BD6,6BDK,holo-holo different ligand,0.3472286253566376,0.9109268221165164,1.7558703362185533,True,False
6BD6,6MA6,holo-holo different ligand,0.3888652657033056,0.8488504004081173,1.5436911302240222,True,False
6BD6,6MA7,holo-holo different ligand,0.452117914982656,1.2362667617133654,2.3582258165796177,True,False
6BD6,6OO9,holo-holo different ligand,0.5219576059521441,1.1223301378889665,2.0830898398109836,True,False
6BD6,6OOB,holo-holo different ligand,0.49093945629698005,1.2571378486897682,2.237997095551125,True,False
6BD6,6UNJ,holo-holo different ligand,0.722366722112608,4.393997448084867,6.4348055963162745,False,False
6BD6,7KVH,holo-holo different ligand,0.6246652981658637,4.27903444454817,6.271617865732494,False,False
6BD6,7KVK,holo-holo different ligand,0.7458362490613056,3.9637624113620715,5.728587010374685,False,True
6BD6,7KVN,holo-holo different ligand,0.6183273179400874,4.065199515307862,5.865743441553834,False,False
6BD6,7KVO,holo-holo different ligand,0.6664078297138845,3.861457526040556,5.600493495309314,False,False
6BD6,7KVQ,holo-holo different ligand,0.6258200004307997,3.849895875044325,5.703284451733537,False,False
6BD6,7KVS,holo-holo different ligand,0.7013451162798578,3.912276612723688,5.768801276446754,False,True
6BD6,7UFA,holo-holo different ligand,0.2762610442517427,7.1285908811669145,8.608034774549127,True,True
6BD6,7UFB,holo-holo different ligand,0.3561399068397988,0.9890359610961019,1.7769461104275914,True,False
6BD6,7UFC,holo-holo different ligand,0.3570198059945917,0.5820829435494961,0.8299350208564769,True,False
6BD6,7UFD,holo-holo different ligand,0.35549875203148124,0.6833265049263578,0.801046703815811,True,False
6BD6,7UFE,holo-holo different ligand,0.7081565154473818,3.9777097378863253,5.622925787713126,False,False
6BD6,7UFF,holo-holo different ligand,0.7085782052739255,4.00027997734876,5.666410950553564,False,False
6BD6,8EWS,holo-holo different ligand,0.40642042425764,7.2119359830921255,9.08786589911988,True,False
6BD6,8EXB,holo-holo different ligand,0.44445323411582266,7.130361963030353,8.788493520138704,True,False
6BD6,8SO1,holo-holo different ligand,0.44321704031278447,1.1642723374563995,1.9517523798229213,True,False
6BD6,8SO2,holo-holo different ligand,0.45215401237926134,0.8683177314710083,1.0968770734993298,True,False
6BD6,8SPD,holo-holo different ligand,0.5729283951008686,7.43057241110123,8.865595898382196,True,False
6BD6,9BV5,holo-holo different ligand,0.5450289777771483,0.8258508371740735,1.5750720428347753,True,False
6BD6,9BV8,holo-holo different ligand,0.42695584316845236,0.9141798313378503,1.5395247069172002,True,False
6BD6,9BV9,holo-holo different ligand,0.4392930953007703,0.9355761874042157,1.9881513160000353,True,False
6BD6,9BVA,holo-holo different ligand,0.41161941317761813,0.9270294404304668,1.871940257540643,True,False
6BD6,9BVB,holo-holo different ligand,0.42075552005752836,0.9169240270251218,1.9569379969870966,True,False
6BD6,9BVC,holo-holo different ligand,0.4054086228151561,0.83810285306444,1.8446632162049645,True,False
6BD6,9PLJ,holo-holo different ligand,0.45929059750839896,1.2193028419991603,2.2578571619898136,True,False
6BD6,9YK4,holo-holo different ligand,0.4061724260141686,1.036721723468183,1.968388730030981,True,False
6BD7,6BD8,holo-holo different ligand,0.4632209005121219,0.48127070146375567,0.6552541103059325,True,True
6BD7,6BDI,holo-holo different ligand,0.17470470963993395,0.26531653173982844,0.36788883393355476,True,False
6BD7,6BDK,holo-holo different ligand,0.18697359487707152,0.22020045402631194,0.34096633672285254,True,False
6BD7,6MA6,holo-holo different ligand,0.5443051581902664,0.23875719252249566,0.3292792973586582,True,False
6BD7,6MA7,holo-holo different ligand,0.5996632269699521,0.47832581696478166,0.760772392132428,True,False
6BD7,6OO9,holo-holo different ligand,0.59989132766269,0.33275220840345043,0.5003365551323444,True,False
6BD7,6OOB,holo-holo different ligand,0.39367235180478666,0.5601485696892753,0.8707858474915215,True,False
6BD7,6UNJ,holo-holo different ligand,0.8399372442127052,4.459632509862997,6.928520951505498,False,False
6BD7,7KVH,holo-holo different ligand,0.7652962777296523,4.7591677288764265,6.342992765480729,False,False
6BD7,7KVK,holo-holo different ligand,1.0017014548350713,4.355202687241852,5.728863892751403,False,False
6BD7,7KVN,holo-holo different ligand,0.7582810820139106,4.556020799959343,5.899806795706003,False,False
6BD7,7KVO,holo-holo different ligand,0.9011652858506788,4.254529674312343,5.594323211233876,False,False
6BD7,7KVQ,holo-holo different ligand,0.7565238914986201,4.312318010797448,5.717464614524669,False,False
6BD7,7KVS,holo-holo different ligand,0.8692954726451898,4.299195253718669,5.785279494734465,False,False
6BD7,7UFA,holo-holo different ligand,0.351860947320223,7.137345834331363,8.856055026818042,True,False
6BD7,7UFB,holo-holo different ligand,0.5472573996143064,0.3950433010159826,0.8123949167147281,True,False
6BD7,7UFC,holo-holo different ligand,0.3493477333620904,0.6205932917597301,0.8793299172637928,True,False
6BD7,7UFD,holo-holo different ligand,0.3436096096920827,0.7448893264241198,1.024312565194848,True,False
6BD7,7UFE,holo-holo different ligand,0.9610492211647428,4.391873767048318,5.619733717176634,False,True
6BD7,7UFF,holo-holo different ligand,0.9608217022209077,4.413317757684995,5.663578356242281,False,False
6BD7,8EWS,holo-holo different ligand,0.5027099184846825,7.234364397591917,9.181693998273216,True,False
6BD7,8EXB,holo-holo different ligand,0.5660678686572514,7.074442863780955,8.763114041712724,True,False
6BD7,8SO1,holo-holo different ligand,0.6050945902095246,0.5882678496746324,0.924889452361131,True,False
6BD7,8SO2,holo-holo different ligand,0.5834868903728883,0.739957891291751,1.1020687856903424,True,False
6BD7,8SPD,holo-holo different ligand,0.4826393463852268,7.375726418023489,8.960056567821061,True,False
6BD7,9BV5,holo-holo different ligand,0.8435262130892901,0.3311960648583834,0.5350169391971429,True,False
6BD7,9BV8,holo-holo different ligand,0.3687675734456484,0.4830683187869586,0.7394412570855403,True,False
6BD7,9BV9,holo-holo different ligand,0.439301791976461,0.3367082713774381,0.49353102950538613,True,False
6BD7,9BVA,holo-holo different ligand,0.4164746235232904,0.26648620132548556,0.4218456269881554,True,False
6BD7,9BVB,holo-holo different ligand,0.4444418781144318,0.3264927723112257,0.4673953422036447,True,False
6BD7,9BVC,holo-holo different ligand,0.3802134192050028,0.4215729392388007,0.7007334740643307,True,False
6BD7,9PLJ,holo-holo different ligand,0.5658822670129523,0.46153081124416223,0.6880076459353612,True,False
6BD7,9YK4,holo-holo different ligand,0.31789996573813006,0.4098882408713727,0.47596308982438146,True,False
6BD8,6BDI,holo-holo different ligand,0.33505650317309593,0.47328013399026764,0.6221165660400662,True,False
6BD8,6BDK,holo-holo different ligand,0.32921180137128314,0.48224177517713557,0.7042493845041545,True,False
6BD8,6MA6,holo-holo different ligand,0.43253358670906616,0.6428510093397665,0.9080688368231234,True,False
6BD8,6MA7,holo-holo different ligand,0.46657564239053173,0.6338751567904264,0.9817846276786838,True,False
6BD8,6OO9,holo-holo different ligand,0.48259563981477527,0.6865903341078721,0.8832418268351515,True,False
6BD8,6OOB,holo-holo different ligand,0.4775061536562721,0.7964267068160453,1.2225860603109118,True,False
6BD8,6UNJ,holo-holo different ligand,0.8031831898141697,4.315182994800125,6.903855086364612,False,False
6BD8,7KVH,holo-holo different ligand,0.7046722877746209,4.540104092159194,6.231780877438896,False,False
6BD8,7KVK,holo-holo different ligand,0.830473190530981,4.187123772389009,5.674471035165608,False,False
6BD8,7KVN,holo-holo different ligand,0.6829347974016093,4.341557490711653,5.819018349925539,False,False
6BD8,7KVO,holo-holo different ligand,0.7327007877412615,4.080645214935278,5.548455253631747,False,False
6BD8,7KVQ,holo-holo different ligand,0.6879624744011369,4.09895239210651,5.645949655391442,False,False
6BD8,7KVS,holo-holo different ligand,0.7677279908979326,4.103462889376891,5.717882687078501,False,False
6BD8,7UFA,holo-holo different ligand,0.29856682245935956,6.9993134611368015,8.890242849216557,True,False
6BD8,7UFB,holo-holo different ligand,0.3269943768109468,0.662718589556535,1.1281553379116702,True,False
6BD8,7UFC,holo-holo different ligand,0.406759443143878,0.7760797228372562,0.9411852847992819,True,True
6BD8,7UFD,holo-holo different ligand,0.42780497164337133,0.8635361634134927,1.0465205127524049,True,False
6BD8,7UFE,holo-holo different ligand,0.8259780109458067,4.226014147029497,5.561460924535123,False,True
6BD8,7UFF,holo-holo different ligand,0.8261648205682359,4.246487159460739,5.604318271929112,False,False
6BD8,8EWS,holo-holo different ligand,0.47286786363733263,7.003179389165772,8.756482064401991,True,False
6BD8,8EXB,holo-holo different ligand,0.5171658249358255,6.893915314635779,8.364738873978427,True,False
6BD8,8SO1,holo-holo different ligand,0.4357699213404012,0.8731258917300705,1.2590820923695165,True,False
6BD8,8SO2,holo-holo different ligand,0.4715088594918022,0.8441778486169725,1.2327245643397235,True,False
6BD8,8SPD,holo-holo different ligand,0.5999073593443857,7.1451727483875125,8.918328859865174,True,False
6BD8,9BV5,holo-holo different ligand,0.5045459770377082,0.5177460413163344,0.6660905932414322,True,False
6BD8,9BV8,holo-holo different ligand,0.4582462250843991,0.6998146368347518,0.8408964441192709,True,False
6BD8,9BV9,holo-holo different ligand,0.4688439620480388,0.6671609084632868,0.9856066168670734,True,False
6BD8,9BVA,holo-holo different ligand,0.4459939024953017,0.6054731516454162,0.756325589283931,True,False
6BD8,9BVB,holo-holo different ligand,0.45516802057986644,0.6461700410992292,0.9571317433685507,True,False
6BD8,9BVC,holo-holo different ligand,0.40240742178209554,0.5981121940536833,0.8856541535096721,True,False
6BD8,9PLJ,holo-holo different ligand,0.44623438130668436,0.6724016871472969,1.0106072289387276,True,False
6BD8,9YK4,holo-holo different ligand,0.43540659596847914,0.6240209047837597,0.7326650370206069,True,False
6BDI,6BDK,holo-holo different ligand,0.14785840970660466,0.1548382169694237,0.21165866057911034,True,False
6BDI,6MA6,holo-holo different ligand,0.5169602137492294,0.3859775979384379,0.5371369725487044,True,False
6BDI,6MA7,holo-holo different ligand,0.5676362519448819,0.504283935545124,0.6475432794656558,True,False
6BDI,6OO9,holo-holo different ligand,0.5825673851307458,0.3352766805270695,0.46998220085924186,True,False
6BDI,6OOB,holo-holo different ligand,0.3319854265304629,0.545442181493303,0.9456867060626488,True,False
6BDI,6UNJ,holo-holo different ligand,0.8503225309112803,4.369272970144612,6.749754627506777,False,True
6BDI,7KVH,holo-holo different ligand,0.7641833875666261,4.674752518749623,6.292856554413688,False,False
6BDI,7KVK,holo-holo different ligand,0.9178038374196225,4.313592943805746,5.691663703097992,False,True
6BDI,7KVN,holo-holo different ligand,0.7564586849525995,4.46987376824062,5.848284397664557,False,False
6BDI,7KVO,holo-holo different ligand,0.8129452845308431,4.209049133757781,5.556117649488184,False,False
6BDI,7KVQ,holo-holo different ligand,0.7496874625943476,4.226855348399501,5.665666333534323,False,False
6BDI,7KVS,holo-holo different ligand,0.8675086419886531,4.209756555634993,5.733748292033074,False,False
6BDI,7UFA,holo-holo different ligand,0.32541348324205144,7.049724939138558,8.74226649512707,True,False
6BDI,7UFB,holo-holo different ligand,0.4780800912974884,0.3113231869144386,0.7169911329870516,True,False
6BDI,7UFC,holo-holo different ligand,0.33377210222303744,0.6537659565165905,1.068657917234782,True,False
6BDI,7UFD,holo-holo different ligand,0.32960319952867245,0.7325052062170865,1.2181562544263211,True,False
6BDI,7UFE,holo-holo different ligand,0.8229613753026962,4.355186191360559,5.582968777945445,False,False
6BDI,7UFF,holo-holo different ligand,0.8231647087016851,4.376526354706271,5.626765886267529,False,False
6BDI,8EWS,holo-holo different ligand,0.5012026567464066,7.169766634498939,9.131880526387496,True,False
6BDI,8EXB,holo-holo different ligand,0.569643290757751,7.016296812409804,8.731443342313296,True,False
6BDI,8SO1,holo-holo different ligand,0.5562710534990453,0.5069173290491111,0.8974547883176377,True,False
6BDI,8SO2,holo-holo different ligand,0.5597725646476471,0.6434078606226754,1.0886370613272451,True,False
6BDI,8SPD,holo-holo different ligand,0.4516416154670052,7.27309159994978,8.814587007025716,True,False
6BDI,9BV5,holo-holo different ligand,0.7371896332361816,0.3324061480638226,0.4894644448527607,True,False
6BDI,9BV8,holo-holo different ligand,0.31271366411657564,0.3547337957446904,0.5441867391175305,True,False
6BDI,9BV9,holo-holo different ligand,0.38978177660441643,0.45242373140357567,0.653608266443165,True,False
6BDI,9BVA,holo-holo different ligand,0.3575421276209378,0.4105372831685231,0.572963785529685,True,False
6BDI,9BVB,holo-holo different ligand,0.3957597972085073,0.43113786316203634,0.6321997436555736,True,False
6BDI,9BVC,holo-holo different ligand,0.36089665249707636,0.5344590322575238,0.891472366978368,True,False
6BDI,9PLJ,holo-holo different ligand,0.5272424619271213,0.4770013008944518,0.673172501832198,True,False
6BDI,9YK4,holo-holo different ligand,0.270658951590814,0.23702382426099552,0.3801016436432063,True,False
6BDK,6MA6,holo-holo different ligand,0.5085779950585917,0.3853317628241432,0.49802668256950444,True,False
6BDK,6MA7,holo-holo different ligand,0.5594913054017697,0.4663209136509178,0.5908063052475868,True,False
6BDK,6OO9,holo-holo different ligand,0.5627256355518191,0.3671889830088104,0.5065466801204674,True,False
6BDK,6OOB,holo-holo different ligand,0.32328962666256356,0.559520709311583,0.9630025187801622,True,False
6BDK,6UNJ,holo-holo different ligand,0.8651289121654726,4.424255149815185,6.873043605975418,False,False
6BDK,7KVH,holo-holo different ligand,0.7732771483859822,4.684574770984348,6.20277417975366,False,False
6BDK,7KVK,holo-holo different ligand,0.9279279729346608,4.32373351496037,5.5962529347169045,False,False
6BDK,7KVN,holo-holo different ligand,0.7674833952882528,4.479953424450863,5.753323663939463,False,True
6BDK,7KVO,holo-holo different ligand,0.8233911028186351,4.219096035944566,5.4597970336211645,False,True
6BDK,7KVQ,holo-holo different ligand,0.7598375260683606,4.236243862401444,5.568365764545362,False,False
6BDK,7KVS,holo-holo different ligand,0.8790704672594258,4.2076811070984235,5.638572347822407,False,False
6BDK,7UFA,holo-holo different ligand,0.33477258148478284,7.1299735564567746,8.85662209346323,True,False
6BDK,7UFB,holo-holo different ligand,0.47366900512841914,0.35848848308857245,0.8068963992722533,True,False
6BDK,7UFC,holo-holo different ligand,0.3381247438214141,0.7129959785247141,1.1501200912217855,True,False
6BDK,7UFD,holo-holo different ligand,0.3321204235077196,0.8049445151369253,1.3249269525730314,True,False
6BDK,7UFE,holo-holo different ligand,0.8352137853173783,4.369686361052267,5.48512953050158,False,False
6BDK,7UFF,holo-holo different ligand,0.8351289518466587,4.391055329346059,5.528931605801805,False,True
6BDK,8EWS,holo-holo different ligand,0.5107618171852452,7.209570392127372,9.121188356279768,True,False
6BDK,8EXB,holo-holo different ligand,0.5828598316154568,7.071815544152192,8.710077878437167,True,False
6BDK,8SO1,holo-holo different ligand,0.5497337962690579,0.5321543274196148,0.9278287844289782,True,False
6BDK,8SO2,holo-holo different ligand,0.5497259987204273,0.7351256234276909,1.1782546669534193,True,False
6BDK,8SPD,holo-holo different ligand,0.42723796258914015,7.354310780926564,8.929115263624002,True,False
6BDK,9BV5,holo-holo different ligand,0.7215031031531969,0.3245823165791374,0.4540771114524338,True,True
6BDK,9BV8,holo-holo different ligand,0.30661513856517764,0.4432605837024093,0.6734848543554667,True,False
6BDK,9BV9,holo-holo different ligand,0.37531024606418034,0.3506462386868995,0.5363731479432267,True,False
6BDK,9BVA,holo-holo different ligand,0.34870934102565,0.31274912041146274,0.4115154734482194,True,False
6BDK,9BVB,holo-holo different ligand,0.3814192625824244,0.33143543950333976,0.5108099066470065,True,False
6BDK,9BVC,holo-holo different ligand,0.34927546170188917,0.4486531572081326,0.7430430872253476,True,False
6BDK,9PLJ,holo-holo different ligand,0.5173017041892104,0.4568797369639928,0.6844511087102136,True,False
6BDK,9YK4,holo-holo different ligand,0.27009685850060816,0.29459066397026157,0.4531472940220772,True,False
6MA6,6MA7,holo-holo different ligand,0.3200200144407626,0.593730342820488,0.820542057425737,True,False
6MA6,6OO9,holo-holo different ligand,0.37617141404936333,0.3460462506211832,0.6380319914950284,True,False
6MA6,6OOB,holo-holo different ligand,0.3319954228614253,0.5456343208105557,0.8683789224780386,True,True
6MA6,6UNJ,holo-holo different ligand,0.8908423265040097,4.458146811688348,6.695567615664787,False,False
6MA6,7KVH,holo-holo different ligand,0.8245406889404998,4.83344968795581,6.59707398559598,False,False
6MA6,7KVK,holo-holo different ligand,1.045639048278476,4.450506277109592,6.007824188062097,False,False
6MA6,7KVN,holo-holo different ligand,0.8071386888641006,4.629225546388885,6.16329442390552,False,False
6MA6,7KVO,holo-holo different ligand,0.9448450614409616,4.35182989639488,5.87537346320618,False,False
6MA6,7KVQ,holo-holo different ligand,0.8063950102078928,4.391467373915838,5.988584343652764,False,False
6MA6,7KVS,holo-holo different ligand,0.9291155234072676,4.390000282593964,6.054837262560379,False,False
6MA6,7UFA,holo-holo different ligand,0.36490393859339526,7.119578249669186,8.634114058346025,True,False
6MA6,7UFB,holo-holo different ligand,0.273209497916365,0.38243600557934415,0.5492519934665624,True,False
6MA6,7UFC,holo-holo different ligand,0.4923511974615336,0.5140644874393632,0.7720532062376163,True,False
6MA6,7UFD,holo-holo different ligand,0.4953514609393356,0.6710026501559586,0.9247260428068511,True,False
6MA6,7UFE,holo-holo different ligand,0.9981025312651832,4.467827562516065,5.900676178172043,False,False
6MA6,7UFF,holo-holo different ligand,0.9983196589490748,4.489855315357035,5.944481208056363,False,False
6MA6,8EWS,holo-holo different ligand,0.5293598864114044,7.300907443931822,9.332663693216828,True,True
6MA6,8EXB,holo-holo different ligand,0.6009916462891682,7.108780984616329,8.911102671180144,True,False
6MA6,8SO1,holo-holo different ligand,0.31631958195935034,0.5994145994760881,0.8393255353628131,True,False
6MA6,8SO2,holo-holo different ligand,0.2732158170949659,0.6896717648368448,0.9468932990036086,True,True
6MA6,8SPD,holo-holo different ligand,0.47575174830470496,7.378500567109931,8.936379353644606,True,False
6MA6,9BV5,holo-holo different ligand,0.7518635871120791,0.36612295914364307,0.5100056472339751,True,False
6MA6,9BV8,holo-holo different ligand,0.3392470503725012,0.4098906596198742,0.47415465842803783,True,False
6MA6,9BV9,holo-holo different ligand,0.4257539370019548,0.4274748131307707,0.5465180809621895,True,False
6MA6,9BVA,holo-holo different ligand,0.36706774153297606,0.356377179439376,0.5147540016546849,True,False
6MA6,9BVB,holo-holo different ligand,0.42157741622957307,0.4211507854575592,0.518447680823428,True,False
6MA6,9BVC,holo-holo different ligand,0.33870593523009707,0.5121291786762068,0.6926093557931186,True,False
6MA6,9PLJ,holo-holo different ligand,0.32344553536916665,0.5348901020938504,0.8160844477993132,True,False
6MA6,9YK4,holo-holo different ligand,0.28554686835867793,0.4256955495911961,0.5639158810438121,True,False
6MA7,6OO9,holo-holo different ligand,0.3969529440852113,0.4904914363033495,0.6358346827574286,True,False
6MA7,6OOB,holo-holo different ligand,0.3574016168384887,0.5371104104846177,0.9569612733074352,True,False
6MA7,6UNJ,holo-holo different ligand,0.9376367313389028,4.348003028163967,7.0003343783043235,False,False
6MA7,7KVH,holo-holo different ligand,0.8564896117031149,5.046011243569085,6.6439177598561425,False,False
6MA7,7KVK,holo-holo different ligand,1.0578218950855138,4.643009379380489,6.032038718532661,False,False
6MA7,7KVN,holo-holo different ligand,0.8569954136868145,4.856345731584011,6.20499950112217,False,False
6MA7,7KVO,holo-holo different ligand,0.9421096707622717,4.537404694180391,5.900822866269306,False,False
6MA7,7KVQ,holo-holo different ligand,0.8310002684823583,4.612681017533283,6.022303947321417,False,False
6MA7,7KVS,holo-holo different ligand,0.9515319769489263,4.5512939835776836,6.0852388131125545,False,False
6MA7,7UFA,holo-holo different ligand,0.423723664830205,6.9580713976435185,8.807834811498804,True,False
6MA7,7UFB,holo-holo different ligand,0.32499411488689794,0.6136751556766343,1.063050206250505,True,False
6MA7,7UFC,holo-holo different ligand,0.6013578766411914,0.9760847098580501,1.5783211018682388,True,False
6MA7,7UFD,holo-holo different ligand,0.5992803620890055,1.092450932305919,1.7094588093192107,True,False
6MA7,7UFE,holo-holo different ligand,1.0100357379796612,4.7000260157921865,5.924824380687118,False,False
6MA7,7UFF,holo-holo different ligand,1.0104034962697583,4.719693601961184,5.968226131342028,False,False
6MA7,8EWS,holo-holo different ligand,0.5965210904868985,7.07538650212339,8.979546809332582,True,False
6MA7,8EXB,holo-holo different ligand,0.6529175010482001,6.869280826609107,8.474268282148447,True,True
6MA7,8SO1,holo-holo different ligand,0.30217748517127757,0.8529212541425373,1.2063096549559682,True,True
6MA7,8SO2,holo-holo different ligand,0.33318642935046233,1.057288806702416,1.6565423736010134,True,False
6MA7,8SPD,holo-holo different ligand,0.45103039243267384,7.197727851161079,8.942646735129463,True,False
6MA7,9BV5,holo-holo different ligand,0.7277295706436377,0.6116506086238545,0.8569902966010425,True,False
6MA7,9BV8,holo-holo different ligand,0.36432594053923806,0.7417928240196442,0.9676506969641349,True,False
6MA7,9BV9,holo-holo different ligand,0.42045513292475384,0.5612869792664568,0.6820595612638359,True,False
6MA7,9BVA,holo-holo different ligand,0.37741408523062403,0.5416075911979804,0.7138740195645847,True,False
6MA7,9BVB,holo-holo different ligand,0.4303165052372199,0.5674471416837918,0.7068120139878213,True,False
6MA7,9BVC,holo-holo different ligand,0.3625436446297918,0.6339874113260927,0.9223173693067016,True,False
6MA7,9PLJ,holo-holo different ligand,0.35053036505734775,0.4495433666842735,0.7148131267965635,True,False
6MA7,9YK4,holo-holo different ligand,0.3053455023207078,0.5860762028246975,0.7690400022545019,True,False
6OO9,6OOB,holo-holo different ligand,0.2732477736440339,0.2642032060797896,0.40356470704490705,True,True
6OO9,6UNJ,holo-holo different ligand,1.0656483301899093,4.487499080818729,6.899602358382919,False,False
6OO9,7KVH,holo-holo different ligand,0.9618387104441581,4.932271230283984,6.590595625353329,False,False
6OO9,7KVK,holo-holo different ligand,1.1318536954571534,4.568528912301064,6.000765497603405,False,False
6OO9,7KVN,holo-holo different ligand,0.9546260162477923,4.734139068853034,6.162372272116806,False,False
6OO9,7KVO,holo-holo different ligand,1.0209965044640255,4.465666344956002,5.869504477283123,False,False
6OO9,7KVQ,holo-holo different ligand,0.9435607791727477,4.480013789149946,5.981229885275231,False,False
6OO9,7KVS,holo-holo different ligand,1.0829862574424287,4.46916717447174,6.042006688195183,False,False
6OO9,7UFA,holo-holo different ligand,0.4846495063964913,7.098932399523615,8.807490173735895,True,False
6OO9,7UFB,holo-holo different ligand,0.3789598781611854,0.2677532933448785,0.45816133742798376,True,True
6OO9,7UFC,holo-holo different ligand,0.604615254123211,0.7607460169081234,1.3159627399224465,True,False
6OO9,7UFD,holo-holo different ligand,0.6012490037102111,0.8687776565326738,1.4217761576729575,True,False
6OO9,7UFE,holo-holo different ligand,1.036117404039747,4.599834096489238,5.897333055256303,False,False
6OO9,7UFF,holo-holo different ligand,1.0365768190636158,4.621269379767312,5.940794603652767,False,False
6OO9,8EWS,holo-holo different ligand,0.6654393969494253,7.278823261085936,9.21542951551915,True,False
6OO9,8EXB,holo-holo different ligand,0.7638927493002095,7.073354965862956,8.78737821828714,True,False
6OO9,8SO1,holo-holo different ligand,0.33829504607448907,0.4365038891329742,0.5937811508324367,True,False
6OO9,8SO2,holo-holo different ligand,0.3393558363743364,0.775596077741759,1.3443982290558345,True,False
6OO9,8SPD,holo-holo different ligand,0.393320013343824,7.320896163718441,8.966802272050375,True,False
6OO9,9BV5,holo-holo different ligand,0.6577439814904533,0.5190821308302473,0.8201471828198563,True,False
6OO9,9BV8,holo-holo different ligand,0.3515728503748292,0.47013029880936413,0.7058807215514485,True,False
6OO9,9BV9,holo-holo different ligand,0.4449246508418655,0.5670737284612244,0.730163114789059,True,False
6OO9,9BVA,holo-holo different ligand,0.4311236650978206,0.4932461461608581,0.6962739534581636,True,False
6OO9,9BVB,holo-holo different ligand,0.4423736604744147,0.5634892978660402,0.7116461622014957,True,False
6OO9,9BVC,holo-holo different ligand,0.416231088378006,0.7191221530222597,1.0479269082471327,True,False
6OO9,9PLJ,holo-holo different ligand,0.29029914784834976,0.2734755111344301,0.363258866363846,True,False
6OO9,9YK4,holo-holo different ligand,0.3705908381312068,0.32032772707564877,0.4376683115517273,True,False
6OOB,6UNJ,holo-holo different ligand,1.0125230202479016,4.5220111828825225,7.097064190721684,False,False
6OOB,7KVH,holo-holo different ligand,0.9207007262170672,5.028265735366001,6.450906321713451,False,False
6OOB,7KVK,holo-holo different ligand,1.0954553086736496,4.635113787376236,5.863720351767672,False,False
6OOB,7KVN,holo-holo different ligand,0.9017012866465473,4.830409325972666,6.025787257405452,False,False
6OOB,7KVO,holo-holo different ligand,0.9841771834370006,4.534738399517553,5.734161834023138,False,False
6OOB,7KVQ,holo-holo different ligand,0.897103173829699,4.5760374022153645,5.847833151341277,False,False
6OOB,7KVS,holo-holo different ligand,1.0206387306625047,4.571090044594115,5.91144929446136,False,False
6OOB,7UFA,holo-holo different ligand,0.4471553780922339,7.128192808880593,8.97101025715821,True,False
6OOB,7UFB,holo-holo different ligand,0.3130493500420462,0.39287209669313033,0.5639468677776763,True,True
6OOB,7UFC,holo-holo different ligand,0.42642995148983864,1.0021433676293514,1.567973132536659,True,False
6OOB,7UFD,holo-holo different ligand,0.4212389702214813,1.1034402002931725,1.6714796485026744,True,False
6OOB,7UFE,holo-holo different ligand,1.046478383531786,4.652474184800864,5.851618235000844,False,False
6OOB,7UFF,holo-holo different ligand,1.0467180522222612,4.67330675864463,5.861590885432793,False,False
6OOB,8EWS,holo-holo different ligand,0.5986239354060544,7.321766786995584,9.174954254479761,True,False
6OOB,8EXB,holo-holo different ligand,0.7017281051371681,7.096534235197364,8.808198967325037,True,False
6OOB,8SO1,holo-holo different ligand,0.26157616817770163,0.5067829644938192,0.6066246716666599,True,False
6OOB,8SO2,holo-holo different ligand,0.2961993922784743,0.9543417295298512,1.5600293075084757,True,False
6OOB,8SPD,holo-holo different ligand,0.4368689426642442,7.35139978356533,9.171170607848055,True,False
6OOB,9BV5,holo-holo different ligand,0.665520793843096,0.6990835493203026,1.208642882465941,True,False
6OOB,9BV8,holo-holo different ligand,0.35023942135790265,0.6680503570804089,1.0405955821261208,True,False
6OOB,9BV9,holo-holo different ligand,0.44191031539187925,0.6725937340533952,1.0289311945756212,True,False
6OOB,9BVA,holo-holo different ligand,0.42872681506816973,0.6142410625427591,1.0298157403604813,True,False
6OOB,9BVB,holo-holo different ligand,0.4400268663280836,0.6718185177032294,1.0369995144906756,True,False
6OOB,9BVC,holo-holo different ligand,0.3963930354099701,0.8596923900364404,1.3262319183002715,True,False
6OOB,9PLJ,holo-holo different ligand,0.2053084583016117,0.22426860551276692,0.2613712361789556,True,False
6OOB,9YK4,holo-holo different ligand,0.33901603921151774,0.48670449017024564,0.6786210329359003,True,False
6UNJ,7KVH,holo-holo different ligand,0.33291575275184637,5.791927463197785,6.950491361391805,True,False
6UNJ,7KVK,holo-holo different ligand,0.3046900167831156,5.596355474775954,6.92759368560992,True,False
6UNJ,7KVN,holo-holo different ligand,0.3537678365007287,5.709250094692383,6.9312421711059065,True,False
6UNJ,7KVO,holo-holo different ligand,0.3586790637385346,5.473614475095673,6.945508442701423,False,True
6UNJ,7KVQ,holo-holo different ligand,0.35619363151837,5.614899707564665,6.913535379118386,True,False
6UNJ,7KVS,holo-holo different ligand,0.2754060401111021,5.510359085122531,6.247127578144451,True,False
6UNJ,7UFA,holo-holo different ligand,0.6713107476018617,3.6198347881303334,5.266920668879551,False,False
6UNJ,7UFB,holo-holo different ligand,0.8796026783230831,4.350868803273369,6.597042728505893,False,False
6UNJ,7UFC,holo-holo different ligand,0.8239634599453506,4.340675842413087,6.3233847282580395,False,False
6UNJ,7UFD,holo-holo different ligand,0.8090844888914589,4.257296937345353,6.16643367240183,False,False
6UNJ,7UFE,holo-holo different ligand,0.3540773554538996,5.6657816192215265,6.945441126483491,True,False
6UNJ,7UFF,holo-holo different ligand,0.35442809926803304,5.670068759846749,6.969510707048311,True,False
6UNJ,8EWS,holo-holo different ligand,0.5475839612815224,4.3687494269978675,5.4170418735319945,False,False
6UNJ,8EXB,holo-holo different ligand,0.45177287462286264,4.186547561123793,5.574166396650796,False,False
6UNJ,8SO1,holo-holo different ligand,0.9243195468096651,4.66722221042372,7.013204801871373,False,False
6UNJ,8SO2,holo-holo different ligand,0.9436584226477479,4.114876488728326,5.985687153178167,False,False
6UNJ,8SPD,holo-holo different ligand,1.100569441883465,4.198110857117274,4.940436559533823,False,False
6UNJ,9BV5,holo-holo different ligand,0.9664013299189802,4.24337136755611,6.490219496553803,False,False
6UNJ,9BV8,holo-holo different ligand,0.8868635319447561,4.2766168941634515,6.296287213797593,False,False
6UNJ,9BV9,holo-holo different ligand,0.855860343982018,4.544839527908649,6.957216635954243,False,False
6UNJ,9BVA,holo-holo different ligand,0.861466126383482,4.56523054403426,6.9956421824657,False,False
6UNJ,9BVB,holo-holo different ligand,0.8341016650804791,4.530533091858539,6.93741882143193,False,False
6UNJ,9BVC,holo-holo different ligand,0.8583415341068776,4.400419075593392,6.751698667760487,False,False
6UNJ,9PLJ,holo-holo different ligand,0.9840599685497932,4.468857480058568,7.04296389160356,False,False
6UNJ,9YK4,holo-holo different ligand,0.8916066168049315,4.410625310408824,6.735739331068761,False,False
7KVH,7KVK,holo-holo different ligand,0.29605812691258526,0.498523748889401,0.7762791983633825,True,False
7KVH,7KVN,holo-holo different ligand,0.279022138838385,0.5005552390419488,0.6583187936058146,True,False
7KVH,7KVO,holo-holo different ligand,0.30540851331714713,0.6416115844033689,1.0254257954736208,False,False
7KVH,7KVQ,holo-holo different ligand,0.2822591852653884,0.6711761859235638,0.8756983131046867,True,True
7KVH,7KVS,holo-holo different ligand,0.1962625143194072,0.8915896398205809,1.9445184785664817,True,False
7KVH,7UFA,holo-holo different ligand,0.5295199419672172,8.356223427743807,9.922297110466268,False,False
7KVH,7UFB,holo-holo different ligand,0.7900315740670649,4.7850518301141145,6.387873934678772,False,False
7KVH,7UFC,holo-holo different ligand,0.7611965632937294,4.599819137511493,6.709137591177638,False,False
7KVH,7UFD,holo-holo different ligand,0.7439735085318931,4.542182882478339,6.566087040555298,False,False
7KVH,7UFE,holo-holo different ligand,0.26959273022414854,0.6391181162845989,0.9084382097232858,True,False
7KVH,7UFF,holo-holo different ligand,0.2674209301517965,0.6104257565085649,0.8752147713635778,True,False
7KVH,8EWS,holo-holo different ligand,0.39409250412090124,7.404942529336784,8.349509586636595,False,False
7KVH,8EXB,holo-holo different ligand,0.3149134852200769,8.070880596212795,9.37249680513118,False,False
7KVH,8SO1,holo-holo different ligand,0.8351059670899641,4.788920991043906,6.401792092645596,False,False
7KVH,8SO2,holo-holo different ligand,0.8632590112633207,4.49001893657928,6.199348216916042,False,False
7KVH,8SPD,holo-holo different ligand,1.0039528401871958,8.442591948254087,10.112691582436787,False,False
7KVH,9BV5,holo-holo different ligand,0.8536499391699911,4.66786445474118,6.269943956379196,False,False
7KVH,9BV8,holo-holo different ligand,0.7937061728141842,4.680014965824888,6.419180935768634,False,False
7KVH,9BV9,holo-holo different ligand,0.7708957543864542,4.751197220528479,6.288564785276219,False,False
7KVH,9BVA,holo-holo different ligand,0.773406410002509,4.821705132794916,6.476169086806618,False,False
7KVH,9BVB,holo-holo different ligand,0.7516377194346443,4.723444406757366,6.2498734225076635,False,False
7KVH,9BVC,holo-holo different ligand,0.7840785396533643,4.702581642174565,6.310544961073458,False,True
7KVH,9PLJ,holo-holo different ligand,0.8833573514057578,4.935426067847298,6.300521907267177,False,False
7KVH,9YK4,holo-holo different ligand,0.7946806327663875,4.739659888330801,6.343720344618904,False,False
7KVK,7KVN,holo-holo different ligand,0.22791830908938746,0.3085043662249018,0.4379713845528293,True,False
7KVK,7KVO,holo-holo different ligand,0.21063209919811834,0.17961517962998577,0.2549595742708477,False,False
7KVK,7KVQ,holo-holo different ligand,0.23164857044767648,0.3284676585031546,0.468600116212114,True,False
7KVK,7KVS,holo-holo different ligand,0.22941677743970273,0.7176687329323256,1.7904207414975764,True,True
7KVK,7UFA,holo-holo different ligand,0.7512543742333706,8.160889523961973,9.89220748899294,False,True
7KVK,7UFB,holo-holo different ligand,0.9638197512936131,4.407171118112818,5.792752333578453,False,False
7KVK,7UFC,holo-holo different ligand,0.9498540681075924,4.221488568847677,6.125833058159206,False,False
7KVK,7UFD,holo-holo different ligand,0.9506904329450845,4.14912625697869,5.946463686748167,False,False
7KVK,7UFE,holo-holo different ligand,0.25524549352748793,0.46896099694881216,0.7092889859556442,True,False
7KVK,7UFF,holo-holo different ligand,0.254344912711302,0.4595497783236073,0.710717742722533,True,False
7KVK,8EWS,holo-holo different ligand,0.6749910987502097,7.2268151783814965,7.821163496987564,False,False
7KVK,8EXB,holo-holo different ligand,0.6018139742974526,7.90452672748508,9.639710904232862,False,False
7KVK,8SO1,holo-holo different ligand,1.0051639669459667,4.390582490758926,5.788330907822119,False,False
7KVK,8SO2,holo-holo different ligand,1.0532674264255668,4.088741973690887,5.5741648512056505,False,False
7KVK,8SPD,holo-holo different ligand,1.189107071264221,8.176549472209143,9.56918958936793,False,False
7KVK,9BV5,holo-holo different ligand,1.2496097335537608,4.211268556468931,5.606890101348754,False,False
7KVK,9BV8,holo-holo different ligand,1.0251145231093408,4.269063007685594,5.78674900044722,False,False
7KVK,9BV9,holo-holo different ligand,1.0279352357498408,4.352992273327993,5.67277235424893,False,False
7KVK,9BVA,holo-holo different ligand,0.9795619227957846,4.444134777628102,5.881741765579326,False,False
7KVK,9BVB,holo-holo different ligand,1.0206133009218281,4.328331615855177,5.639299112576507,False,False
7KVK,9BVC,holo-holo different ligand,0.9972821727699913,4.341375643938525,5.704490921470618,False,False
7KVK,9PLJ,holo-holo different ligand,1.0754314194987797,4.542081100939634,5.712241546929965,False,False
7KVK,9YK4,holo-holo different ligand,0.9728872146206238,4.360183935186025,5.739147181515219,False,False
7KVN,7KVO,holo-holo different ligand,0.2689325990671253,0.44106348830168923,0.5523683331810821,False,False
7KVN,7KVQ,holo-holo different ligand,0.17964596799539495,0.2750707663092412,0.3513135111503053,True,True
7KVN,7KVS,holo-holo different ligand,0.25882467257658015,0.9204011084470973,2.144647503657221,True,False
7KVN,7UFA,holo-holo different ligand,0.5283430377635052,8.351599365094165,9.854237934779109,False,False
7KVN,7UFB,holo-holo different ligand,0.7807522053980916,4.578587755394212,5.948037384136648,False,False
7KVN,7UFC,holo-holo different ligand,0.7582670266835834,4.384564525685754,6.279602522779574,False,False
7KVN,7UFD,holo-holo different ligand,0.74536005566263,4.31879287737726,6.111679647453756,False,False
7KVN,7UFE,holo-holo different ligand,0.17106652407352788,0.38529428817566896,0.7117189000965229,True,False
7KVN,7UFF,holo-holo different ligand,0.16993843988335747,0.3840749707896496,0.726474722259614,True,True
7KVN,8EWS,holo-holo different ligand,0.3930409964337242,7.446963761358963,8.151024191314377,False,False
7KVN,8EXB,holo-holo different ligand,0.328158963796958,8.116147318022028,9.86902119860413,False,False
7KVN,8SO1,holo-holo different ligand,0.8179287406229014,4.563489512980359,5.951082278207042,False,False
7KVN,8SO2,holo-holo different ligand,0.8503050390427862,4.268811076268394,5.743107392221235,False,False
7KVN,8SPD,holo-holo different ligand,1.0059536994687917,8.444966868507112,9.92355272404329,False,False
7KVN,9BV5,holo-holo different ligand,0.8548330827662931,4.474214018335136,5.826420979473216,False,True
7KVN,9BV8,holo-holo different ligand,0.8064280214741337,4.4578686679269275,5.957727455070843,False,False
7KVN,9BV9,holo-holo different ligand,0.7819946483914214,4.549690488787531,5.848037149842089,False,False
7KVN,9BVA,holo-holo different ligand,0.7892445916787609,4.610841154266896,6.037689815875161,False,False
7KVN,9BVB,holo-holo different ligand,0.7672913555291931,4.521921333059622,5.81158086968365,False,False
7KVN,9BVC,holo-holo different ligand,0.8024119134790916,4.506973993945192,5.871372164904597,False,False
7KVN,9PLJ,holo-holo different ligand,0.8677504921037786,4.74135165376786,5.877020382639711,False,True
7KVN,9YK4,holo-holo different ligand,0.8034585844562939,4.533412485433122,5.893302224657181,False,False
7KVO,7KVQ,holo-holo different ligand,0.2055301757825724,0.3626635534075674,0.4962153626395672,False,False
7KVO,7KVS,holo-holo different ligand,0.24772192622579997,0.7206127173645118,1.7325811291515985,False,False
7KVO,7UFA,holo-holo different ligand,0.6652399182714082,8.061987438942024,9.91742103048291,False,False
7KVO,7UFB,holo-holo different ligand,0.8601222204919523,4.30675321969719,5.659545645422954,False,False
7KVO,7UFC,holo-holo different ligand,0.8608355292464758,4.122078222910541,5.99333816704148,False,False
7KVO,7UFD,holo-holo different ligand,0.8610937772852882,4.048492774539529,5.808682805546316,False,False
7KVO,7UFE,holo-holo different ligand,0.30573026990535757,0.5484734108077423,0.8282733579045718,False,False
7KVO,7UFF,holo-holo different ligand,0.3062273440841361,0.5423642378732477,0.8229045556919543,False,False
7KVO,8EWS,holo-holo different ligand,0.6078887357255093,7.1249065656626325,7.644940197202119,False,False
7KVO,8EXB,holo-holo different ligand,0.5486153390971376,7.790734464226656,9.562609147096925,False,False
7KVO,8SO1,holo-holo different ligand,0.8921054380427886,4.294448992541836,5.6515623500718535,False,False
7KVO,8SO2,holo-holo different ligand,0.9435922273199613,3.9897226363654164,5.437893800593199,False,False
7KVO,8SPD,holo-holo different ligand,1.0770127265427476,8.068937595002186,9.51160132184161,False,False
7KVO,9BV5,holo-holo different ligand,1.1481512967204608,4.110291421170421,5.474284022532859,False,False
7KVO,9BV8,holo-holo different ligand,0.9203763724599456,4.169512797055269,5.6489877316522765,False,False
7KVO,9BV9,holo-holo different ligand,0.9207587205349097,4.2533275775332395,5.539461191914213,False,False
7KVO,9BVA,holo-holo different ligand,0.8730354971532803,4.34102527804463,5.747177208312645,False,False
7KVO,9BVB,holo-holo different ligand,0.9157641618769011,4.228692096774564,5.506435153960351,False,False
7KVO,9BVC,holo-holo different ligand,0.8915988938589765,4.237603309694729,5.57113875843631,False,False
7KVO,9PLJ,holo-holo different ligand,0.964245732602385,4.441746482713107,5.584838740194139,False,False
7KVO,9YK4,holo-holo different ligand,0.8646076055448081,4.257122023732233,5.601199015165662,False,False
7KVQ,7KVS,holo-holo different ligand,0.23849267829246895,0.8768123743789947,1.8802858409184733,True,False
7KVQ,7UFA,holo-holo different ligand,0.5427698018554102,8.23264992138184,9.853387477220494,False,False
7KVQ,7UFB,holo-holo different ligand,0.7763047187214765,4.3342792181223055,5.7675323485535674,False,False
7KVQ,7UFC,holo-holo different ligand,0.7548701232405236,4.1564462794624975,6.1079458606948,False,False
7KVQ,7UFD,holo-holo different ligand,0.7431128720515058,4.090067057133173,5.928613352882635,False,False
7KVQ,7UFE,holo-holo different ligand,0.20816274776804486,0.44658066771199767,0.9746265376066324,True,False
7KVQ,7UFF,holo-holo different ligand,0.20717446189414343,0.4540796400087771,0.990815600396762,True,True
7KVQ,8EWS,holo-holo different ligand,0.41839457433661964,7.33724058772865,8.013291303153093,False,False
7KVQ,8EXB,holo-holo different ligand,0.35985394192591275,7.986275156318942,9.886069681471064,False,False
7KVQ,8SO1,holo-holo different ligand,0.8077177855444521,4.31629614840643,5.767166452903645,False,False
7KVQ,8SO2,holo-holo different ligand,0.8403542049181282,4.0355425431270024,5.55630518646845,False,False
7KVQ,8SPD,holo-holo different ligand,0.9900801167171228,8.293851572148892,9.776255458869096,False,False
7KVQ,9BV5,holo-holo different ligand,0.8624926974202979,4.222707600805401,5.636455177896043,False,True
7KVQ,9BV8,holo-holo different ligand,0.7761447984235399,4.227230300335701,5.774896263860366,False,False
7KVQ,9BV9,holo-holo different ligand,0.7530814543121503,4.3117105080000595,5.669145297213303,False,False
7KVQ,9BVA,holo-holo different ligand,0.7605127641062311,4.3736030859538255,5.859874997956769,False,False
7KVQ,9BVB,holo-holo different ligand,0.7364300041131198,4.284390469212744,5.634071933859675,False,False
7KVQ,9BVC,holo-holo different ligand,0.7716242964378347,4.275623462406572,5.693732417977846,False,True
7KVQ,9PLJ,holo-holo different ligand,0.8597704338161609,4.489047374021321,5.700666418286561,False,True
7KVQ,9YK4,holo-holo different ligand,0.8021487473808022,4.288689957919267,5.707889919618013,False,False
7KVS,7UFA,holo-holo different ligand,0.6921626567543463,8.220878524371715,9.922797635672556,False,True
7KVS,7UFB,holo-holo different ligand,0.8886821807636214,4.33180431718209,5.839175997994185,False,False
7KVS,7UFC,holo-holo different ligand,0.8533283344841899,4.187393146502963,6.168710278078142,False,False
7KVS,7UFD,holo-holo different ligand,0.8425528249160189,4.134340714945035,5.997206021359098,False,False
7KVS,7UFE,holo-holo different ligand,0.24888038835923018,0.9355586140986472,2.012539510232686,True,False
7KVS,7UFF,holo-holo different ligand,0.24917034992718598,0.9323529829209587,2.030756980289571,True,False
7KVS,8EWS,holo-holo different ligand,0.6268418766379438,7.189893173994818,7.819775379914106,False,False
7KVS,8EXB,holo-holo different ligand,0.5571996594981824,7.888195493498932,9.627407843150635,False,False
7KVS,8SO1,holo-holo different ligand,0.933789958973222,4.335679764566703,5.836761742031042,False,False
7KVS,8SO2,holo-holo different ligand,0.9527101288457753,4.08721403013739,5.629004811344603,False,False
7KVS,8SPD,holo-holo different ligand,1.0772938815365662,8.27331509171635,9.731018693528698,False,False
7KVS,9BV5,holo-holo different ligand,1.1764091511532642,4.108699897007773,5.648150886702137,False,False
7KVS,9BV8,holo-holo different ligand,0.9238575572946315,4.22412448850771,5.840969981515877,False,False
7KVS,9BV9,holo-holo different ligand,0.9443654214328939,4.236553978773152,5.720609908213698,False,False
7KVS,9BVA,holo-holo different ligand,0.8669069769654014,4.345352721361388,5.931492091702687,False,False
7KVS,9BVB,holo-holo different ligand,0.936053956163721,4.212752554270315,5.6868468310535425,False,False
7KVS,9BVC,holo-holo different ligand,0.9462010520120613,4.188566994416085,5.7465048745613485,False,False
7KVS,9PLJ,holo-holo different ligand,0.9934802664557031,4.463210005733471,5.761155218123175,False,False
7KVS,9YK4,holo-holo different ligand,0.8504953927430511,4.300080460629603,5.795536998149757,False,False
7UFA,7UFB,holo-holo different ligand,0.3120970350263642,7.040779001959441,8.608023844033411,True,False
7UFA,7UFC,holo-holo different ligand,0.35931869959512386,7.01059177293583,8.394528095713477,True,False
7UFA,7UFD,holo-holo different ligand,0.3448680324647828,6.905919270627762,8.267421648866423,True,False
7UFA,7UFE,holo-holo different ligand,0.6324422966494286,8.249186788627204,9.78567716822827,False,False
7UFA,7UFF,holo-holo different ligand,0.6318034283456443,8.247913825219603,9.79924865182923,False,False
7UFA,8EWS,holo-holo different ligand,0.36196503881487757,3.955691999674029,5.534820585347154,True,False
7UFA,8EXB,holo-holo different ligand,0.4179540636792982,3.1450154529032184,4.175716092877518,True,False
7UFA,8SO1,holo-holo different ligand,0.41502182468233495,7.3276877522987975,9.06446104514707,True,False
7UFA,8SO2,holo-holo different ligand,0.41274137862315724,6.765764363830015,8.092123961407145,True,False
7UFA,8SPD,holo-holo different ligand,0.5257546815318215,3.3270679425041827,4.50727047146548,True,False
7UFA,9BV5,holo-holo different ligand,0.6634500086936145,7.006162124809782,8.526866948644997,True,False
7UFA,9BV8,holo-holo different ligand,0.36838968131411065,6.933660580729334,8.343183258956268,True,False
7UFA,9BV9,holo-holo different ligand,0.45270945288627484,7.291799362367772,8.933617412031369,True,False
7UFA,9BVA,holo-holo different ligand,0.40524494774781306,7.303847646565857,8.966135930303164,True,False
7UFA,9BVB,holo-holo different ligand,0.4452367477449478,7.280389681586786,8.921125627900707,True,False
7UFA,9BVC,holo-holo different ligand,0.4211750252475264,7.169985799822035,8.793565023228958,True,False
7UFA,9PLJ,holo-holo different ligand,0.40490832736283955,7.101418593180623,8.905099810371324,True,False
7UFA,9YK4,holo-holo different ligand,0.378969504848576,7.08760133594141,8.747538253409061,True,False
7UFB,7UFC,holo-holo different ligand,0.48372596365648396,0.7061824315040187,1.056266610569592,True,False
7UFB,7UFD,holo-holo different ligand,0.4865533315822045,0.7840092576594981,1.2190057337044262,True,False
7UFB,7UFE,holo-holo different ligand,0.9100010681977739,4.413965571943085,5.678330234466114,False,False
7UFB,7UFF,holo-holo different ligand,0.9100680991952481,4.435828979227967,5.722001956737814,False,False
7UFB,8EWS,holo-holo different ligand,0.5126779920716849,7.22514588581141,9.122479911799092,True,False
7UFB,8EXB,holo-holo different ligand,0.5843040744327369,7.04386300550067,8.719309285184668,True,False
7UFB,8SO1,holo-holo different ligand,0.269691897435543,0.39002324174955827,0.5564246216285853,True,False
7UFB,8SO2,holo-holo different ligand,0.30558682492397643,0.6116374426332833,1.113437993011239,True,False
7UFB,8SPD,holo-holo different ligand,0.47471711755768053,7.241710140212363,8.744186734291967,True,False
7UFB,9BV5,holo-holo different ligand,0.7323396086814359,0.4549769265993333,0.9577676133674179,True,False
7UFB,9BV8,holo-holo different ligand,0.31207132243649427,0.33862886906823725,0.5915408139478134,True,False
7UFB,9BV9,holo-holo different ligand,0.39537247204595094,0.5891947655761677,0.9860835489905697,True,False
7UFB,9BVA,holo-holo different ligand,0.3596565182300888,0.5268192259296737,0.9870784742744776,True,False
7UFB,9BVB,holo-holo different ligand,0.395557127327903,0.5745119161742492,0.9775683063582584,True,False
7UFB,9BVC,holo-holo different ligand,0.3324527288155887,0.6966480612684071,1.1847379556036775,True,False
7UFB,9PLJ,holo-holo different ligand,0.2851830291904937,0.4106315816258985,0.5743775072900955,True,False
7UFB,9YK4,holo-holo different ligand,0.2847893383645217,0.2394841237952936,0.4369677198653587,True,False
7UFC,7UFD,holo-holo different ligand,0.1780388866429677,0.23981893464904824,0.40430253208862427,True,False
7UFC,7UFE,holo-holo different ligand,0.9303275499001719,4.233592148856303,6.022069769635939,False,True
7UFC,7UFF,holo-holo different ligand,0.9296862615437875,4.2570262801295,6.066007148935867,False,False
7UFC,8EWS,holo-holo different ligand,0.49756743174383106,7.209040990784271,9.32975097301468,True,False
7UFC,8EXB,holo-holo different ligand,0.5573322744983776,7.042574626677921,8.930538336081595,True,False
7UFC,8SO1,holo-holo different ligand,0.5784629577271655,0.8755999319903714,1.3499274571393192,True,False
7UFC,8SO2,holo-holo different ligand,0.5380008124780923,0.5180584571269538,0.7091290652881428,True,False
7UFC,8SPD,holo-holo different ligand,0.5439609303989441,7.261593316687852,8.969290677876526,True,False
7UFC,9BV5,holo-holo different ligand,0.7956482371229157,0.5266288967218953,0.7702109348096225,True,False
7UFC,9BV8,holo-holo different ligand,0.3972816963923707,0.5483762379430432,0.9730828836765222,True,False
7UFC,9BV9,holo-holo different ligand,0.46826909541838124,0.7732367050592048,1.3044196356902882,True,False
7UFC,9BVA,holo-holo different ligand,0.43983019111280514,0.730678517696622,1.2176967333448894,True,False
7UFC,9BVB,holo-holo different ligand,0.462184733000591,0.7558702884728716,1.2731608567520674,True,False
7UFC,9BVC,holo-holo different ligand,0.3974828824134832,0.7196381706649836,1.1742015517292659,True,False
7UFC,9PLJ,holo-holo different ligand,0.5604770835129488,0.9756085934876693,1.5252654881423615,True,False
7UFC,9YK4,holo-holo different ligand,0.3700040008872495,0.743838572954328,1.2498521576477175,True,False
7UFD,7UFE,holo-holo different ligand,0.93116112045662,4.156601897982595,5.832299760303022,False,False
7UFD,7UFF,holo-holo different ligand,0.9303985139936702,4.180395817901564,5.876354517404413,False,False
7UFD,8EWS,holo-holo different ligand,0.47385321617264964,7.112127084776828,9.354125637212084,True,False
7UFD,8EXB,holo-holo different ligand,0.5335418418923691,6.955522165157149,8.909766530839045,True,False
7UFD,8SO1,holo-holo different ligand,0.5715701099778502,0.9372243283644397,1.4471415127083602,True,False
7UFD,8SO2,holo-holo different ligand,0.5280951960574451,0.43198542041508725,0.7356719078780749,True,False
7UFD,8SPD,holo-holo different ligand,0.5452088579767679,7.147607918787697,8.938614737548722,True,True
7UFD,9BV5,holo-holo different ligand,0.7992986606492061,0.617729894832626,0.9521984270708733,True,False
7UFD,9BV8,holo-holo different ligand,0.38313775990645094,0.5677021928210674,1.1022077169854974,True,False
7UFD,9BV9,holo-holo different ligand,0.4598666310723578,0.9124400983110043,1.4646612214744972,True,False
7UFD,9BVA,holo-holo different ligand,0.4313689712407425,0.8795284174516703,1.3843072987712977,True,False
7UFD,9BVB,holo-holo different ligand,0.45041309478119423,0.8946748370220902,1.4341042791015262,True,False
7UFD,9BVC,holo-holo different ligand,0.39347024044014467,0.8612692225030859,1.34624981359305,True,False
7UFD,9PLJ,holo-holo different ligand,0.5530897360750385,1.0866325405696808,1.642194264821608,True,False
7UFD,9YK4,holo-holo different ligand,0.3572391243531138,0.8049179749542443,1.3687782947920637,True,False
7UFE,7UFF,holo-holo different ligand,0.01454262353340117,0.04534445030250284,0.06761543158778312,True,False
7UFE,8EWS,holo-holo different ligand,0.5085291369665828,7.453334218783732,8.382920782148485,False,False
7UFE,8EXB,holo-holo different ligand,0.43774308577001425,8.100106841210192,9.852695187114392,False,False
7UFE,8SO1,holo-holo different ligand,0.953227941442248,4.387329696030007,5.674734450666359,False,False
7UFE,8SO2,holo-holo different ligand,1.0115731821761562,4.085365902029687,5.457306443978749,False,False
7UFE,8SPD,holo-holo different ligand,1.1940462931082292,8.232205013153797,9.89439107326218,False,False
7UFE,9BV5,holo-holo different ligand,1.0758829372576293,4.290307260260271,5.5293668888509195,False,False
7UFE,9BV8,holo-holo different ligand,0.9638225530004545,4.277826114985675,5.6724346868918145,False,False
7UFE,9BV9,holo-holo different ligand,0.9727808302572735,4.395420940726049,5.569634057796352,False,False
7UFE,9BVA,holo-holo different ligand,0.9942063403874453,4.455754224702076,5.761021499475119,False,False
7UFE,9BVB,holo-holo different ligand,0.9577736025539473,4.371041360390194,5.537666792528854,False,False
7UFE,9BVC,holo-holo different ligand,0.9002002777092737,4.40339041928788,5.60282616703171,False,False
7UFE,9PLJ,holo-holo different ligand,1.0111347076820862,4.574733242891489,5.777826365946884,False,False
7UFE,9YK4,holo-holo different ligand,0.9829808630133923,4.35288483493917,5.610934068955345,False,False
7UFF,8EWS,holo-holo different ligand,0.5079406909767854,7.443042967560717,8.383350754103219,False,False
7UFF,8EXB,holo-holo different ligand,0.4373495435489418,8.092746260147319,9.79781070651323,False,False
7UFF,8SO1,holo-holo different ligand,0.953475713341276,4.410488101851795,5.718660846206428,False,False
7UFF,8SO2,holo-holo different ligand,1.0114454537321464,4.108339721922858,5.5011168909476735,False,False
7UFF,8SPD,holo-holo different ligand,1.1937577871517173,8.23006235205001,9.906024646447912,False,False
7UFF,9BV5,holo-holo different ligand,1.0757620163120165,4.3121776024093466,5.573000229203172,False,True
7UFF,9BV8,holo-holo different ligand,0.9638197332021605,4.30059010012538,5.716417331348802,False,False
7UFF,9BV9,holo-holo different ligand,0.972544097491333,4.417173297689669,5.61360808464866,False,False
7UFF,9BVA,holo-holo different ligand,0.9941847712989392,4.478018574520485,5.804850433061689,False,False
7UFF,9BVB,holo-holo different ligand,0.9574380526365425,4.392817191781003,5.581614329187972,False,False
7UFF,9BVC,holo-holo different ligand,0.8999400502577085,4.424612509651682,5.646690046732595,False,False
7UFF,9PLJ,holo-holo different ligand,1.0111848721399037,4.595059486198896,5.78728618075768,False,True
7UFF,9YK4,holo-holo different ligand,0.9831720240747209,4.374872851439338,5.654833577050549,False,False
8EWS,8EXB,holo-holo different ligand,0.22795517672698026,2.69739483194041,4.903855735870839,True,False
8EWS,8SO1,holo-holo different ligand,0.5515093511725846,7.492628275629534,9.34597172080527,True,False
8EWS,8SO2,holo-holo different ligand,0.5457698553876178,7.019697752542864,9.099863723618535,True,True
8EWS,8SPD,holo-holo different ligand,0.7226922523325223,4.051498478262688,6.439211923252804,True,False
8EWS,9BV5,holo-holo different ligand,0.7587769311247464,7.101877685280231,9.02405315834497,True,False
8EWS,9BV8,holo-holo different ligand,0.5138728977266354,7.149972763308613,9.174158060724166,True,False
8EWS,9BV9,holo-holo different ligand,0.5990457712587707,7.31326215384338,9.0991159847717,True,False
8EWS,9BVA,holo-holo different ligand,0.5650074181520301,7.366287321012184,9.170104777772819,True,False
8EWS,9BVB,holo-holo different ligand,0.5774956623904874,7.303823053892598,9.088990594733332,True,False
8EWS,9BVC,holo-holo different ligand,0.573478880022501,7.179852741912151,8.983833177439298,True,False
8EWS,9PLJ,holo-holo different ligand,0.5718231191575979,7.216251340450247,8.932272828399975,True,False
8EWS,9YK4,holo-holo different ligand,0.5255695715569362,7.239396273346489,9.152234872706767,True,False
8EXB,8SO1,holo-holo different ligand,0.639123955148072,7.321503738716805,9.063774697602506,True,True
8EXB,8SO2,holo-holo different ligand,0.6417115621592286,6.865383720055643,8.66904035773432,True,False
8EXB,8SPD,holo-holo different ligand,0.8203099746294723,2.9755363765192953,4.121793314214178,True,False
8EXB,9BV5,holo-holo different ligand,0.8209479553404256,6.974372536983311,8.702216325711253,True,False
8EXB,9BV8,holo-holo different ligand,0.599691238893121,6.985887275228694,8.739841008822047,True,False
8EXB,9BV9,holo-holo different ligand,0.671149383810763,7.194879043622678,8.930614073669373,True,False
8EXB,9BVA,holo-holo different ligand,0.631605107404889,7.227863628695684,9.002307245926472,True,False
8EXB,9BVB,holo-holo different ligand,0.6511516420167358,7.185524864420491,8.913639348239688,True,False
8EXB,9BVC,holo-holo different ligand,0.6440734535524604,7.071179735495671,8.685100346315217,True,False
8EXB,9PLJ,holo-holo different ligand,0.6717276577330348,7.026466703816114,8.774493685508114,True,False
8EXB,9YK4,holo-holo different ligand,0.595221147385318,7.0656493361232195,8.730622404061885,True,False
8SO1,8SO2,holo-holo same ligand,0.21503459510849654,0.777914883653279,1.3845035620451207,True,False
8SO1,8SPD,holo-holo different ligand,0.47606609416119844,7.483339961276649,9.201645031097021,True,False
8SO1,9BV5,holo-holo different ligand,0.7481917973495347,0.6901911271290007,1.1990256188780395,True,False
8SO1,9BV8,holo-holo different ligand,0.32656096224467335,0.5466563600054234,0.9448465919547795,True,False
8SO1,9BV9,holo-holo different ligand,0.41315320893617763,0.7392103805282088,1.081049871415203,True,False
8SO1,9BVA,holo-holo different ligand,0.41093292283338645,0.6809385048801508,1.069104991270036,True,False
8SO1,9BVB,holo-holo different ligand,0.41003088423170536,0.7287224228042898,1.078001099699218,True,False
8SO1,9BVC,holo-holo different ligand,0.36614071028939976,0.9348942010456155,1.3764874931706177,True,False
8SO1,9PLJ,holo-holo different ligand,0.26452124285872813,0.5737308904559029,0.6559283727734754,True,False
8SO1,9YK4,holo-holo different ligand,0.29279424704313456,0.3911229419970639,0.6243824744512722,True,False
8SO2,8SPD,holo-holo different ligand,0.45529983457773776,7.02612174459404,8.731876845834847,True,False
8SO2,9BV5,holo-holo different ligand,0.7786950336177044,0.5776291967889622,0.8709096686413433,True,False
8SO2,9BV8,holo-holo different ligand,0.31393066385260027,0.3948200232874549,0.6947724418270692,True,False
8SO2,9BV9,holo-holo different ligand,0.4275090490611052,0.9484607417926496,1.493327082562891,True,False
8SO2,9BVA,holo-holo different ligand,0.4152458774561839,0.9220453806149845,1.4366092471214167,True,False
8SO2,9BVB,holo-holo different ligand,0.4245493330411472,0.9259078434611977,1.4661090570740858,True,False
8SO2,9BVC,holo-holo different ligand,0.3758944419216323,0.961332907871036,1.4578002789372813,True,False
8SO2,9PLJ,holo-holo different ligand,0.29291712090658656,0.9473464773675201,1.5689661347100514,True,False
8SO2,9YK4,holo-holo different ligand,0.29217239488787733,0.6564251683256842,1.2815943483080174,True,False
8SPD,9BV5,holo-holo different ligand,0.5906113641307658,7.178565438798704,8.625671973737068,True,False
8SPD,9BV8,holo-holo different ligand,0.406499457532085,7.1839010954061395,8.762864078846762,True,False
8SPD,9BV9,holo-holo different ligand,0.417513011855848,7.524784527265398,8.991533804261945,True,False
8SPD,9BVA,holo-holo different ligand,0.4206517639466054,7.509406709517338,9.035651610558869,True,False
8SPD,9BVB,holo-holo different ligand,0.4193585612881203,7.510203189028627,8.974051281252596,True,False
8SPD,9BVC,holo-holo different ligand,0.39998680332235537,7.422057299741758,8.752238557806633,True,False
8SPD,9PLJ,holo-holo different ligand,0.4220963540545235,7.305191796093546,9.086963639230431,True,False
8SPD,9YK4,holo-holo different ligand,0.47556481074622636,7.291534805198673,8.851079929720846,True,False
9BV5,9BV8,holo-holo different ligand,0.6488645960458156,0.32717612494327497,0.49220513667277604,True,False
9BV5,9BV9,holo-holo different ligand,0.6787708114836868,0.4260071374987414,0.6246740763474667,True,False
9BV5,9BVA,holo-holo different ligand,0.4855674098294393,0.449423354227084,0.6135908757871004,True,False
9BV5,9BVB,holo-holo different ligand,0.6791820831128541,0.4054192003732932,0.5997030051448539,True,False
9BV5,9BVC,holo-holo different ligand,0.5802709632232508,0.40640433437370516,0.6487546426980864,True,False
9BV5,9PLJ,holo-holo different ligand,0.7300950389397431,0.6240009371402807,1.0121041692398856,True,True
9BV5,9YK4,holo-holo different ligand,0.4630851195747361,0.3488118422233815,0.5457779412201289,True,False
9BV8,9BV9,holo-holo different ligand,0.320336231771861,0.6267377635897011,0.8714371989152729,True,True
9BV8,9BVA,holo-holo different ligand,0.31636977840274333,0.6074864053562238,0.8553390879539023,True,True
9BV8,9BVB,holo-holo different ligand,0.3060788470647803,0.610361791418709,0.8503462006155896,True,True
9BV8,9BVC,holo-holo different ligand,0.28773165519796445,0.697784615367666,0.9786139443717137,True,False
9BV8,9PLJ,holo-holo different ligand,0.31175131195258404,0.6634053726839998,0.9210056144369452,True,False
9BV8,9YK4,holo-holo different ligand,0.3257140934744617,0.32902361151556786,0.6042954409675001,True,False
9BV9,9BVA,holo-holo different ligand,0.23341389243134528,0.20983448101861543,0.32241112861195276,True,False
9BV9,9BVB,holo-holo different ligand,0.09107504073718393,0.041484703419759385,0.05888441104515765,True,True
9BV9,9BVC,holo-holo different ligand,0.19022835409486033,0.2903677944599599,0.49410925790716004,True,False
9BV9,9PLJ,holo-holo different ligand,0.4118435222995536,0.6023517934327108,0.8187165867718333,True,False
9BV9,9YK4,holo-holo different ligand,0.3828516756146972,0.4929975983680495,0.6528811118449173,True,False
9BVA,9BVB,holo-holo different ligand,0.2202919806130906,0.20447819635247996,0.2889740295300686,True,True
9BVA,9BVC,holo-holo different ligand,0.20078320173422984,0.3260418954100558,0.44888222430591945,True,False
9BVA,9PLJ,holo-holo different ligand,0.3918168708505503,0.5543295438421812,0.8278515848634255,True,False
9BVA,9YK4,holo-holo different ligand,0.37199040722744897,0.48209970211830844,0.564449566975424,True,False
9BVB,9BVC,holo-holo different ligand,0.17400654275050442,0.28147917438315206,0.4755737603253831,True,False
9BVB,9PLJ,holo-holo different ligand,0.4074870908984065,0.6011480309454037,0.8289507989738827,True,False
9BVB,9YK4,holo-holo different ligand,0.373829306506852,0.4722895680253869,0.6259273066586799,True,False
9BVC,9PLJ,holo-holo different ligand,0.37737945769776593,0.7564603214579707,1.0994152015191105,True,False
9BVC,9YK4,holo-holo different ligand,0.3256561998759595,0.6445518795214799,0.9089674859008275,True,False
9PLJ,9YK4,holo-holo different ligand,0.3313265699100995,0.4720780746325802,0.6034353660248509,True,False
