  esmfold2: cannot fold 24 pairs
  protenix_v2: cannot fold 2 pairs
scored: 491 pairs, 87 proteins, 183 construct sequences
  pairs with <3 protenix poses (dropped from the test): 0  -> gating 0 proteins
  protenix_v2 replicates/pair: median 12, pairs below 24: 491
  esmfold2 replicates/pair:    median 6, pairs below 6: 0

$ D:\Users\ashenoy00000\.windsurf\OpenADMET-cyp-structure\scripts\cofold\p450_campaign.py submit --engine protenix_v2 --samples 1 --batch 2 --replicates 24 --limit 150
  submitted 150 jobs; skipping 2 pairs protenix_v2 cannot fold

$ D:\Users\ashenoy00000\.windsurf\OpenADMET-cyp-structure\scripts\cofold\p450_campaign.py submit --engine esmfold2 --samples 1 --batch 2 --replicates 6 --limit 150
  submitted 0 jobs; skipping 24 pairs esmfold2 cannot fold
185 of 185 targets have an MSA
skipping 2 pairs protenix_v2 cannot fold
rep 0: 0 pairs to fold
rep 1: 0 pairs to fold
rep 2: 0 pairs to fold
rep 3: 0 pairs to fold
rep 4: 0 pairs to fold
rep 5: 0 pairs to fold
rep 6: 0 pairs to fold
rep 7: 0 pairs to fold
rep 8: 0 pairs to fold
rep 9: 0 pairs to fold
rep 10: 0 pairs to fold
rep 11: 0 pairs to fold
rep 12: 252 pairs to fold
  473_4b734b6b [TPF,TPF] -> 69862ae1-78f5-40b4-a4c1-512d89fe770e
  473_6790f922 [DMZ,DIF] -> 3e8c7df0-2c9b-437f-bc8f-45a267e1e91b
  473_82bdfad8 [LSN] -> 0e98817b-5458-4bab-b001-0dce4584120b
  473_ca85e740 [VT2] -> 8ad483bb-d886-4c7e-8288-4d9725a83d89
  474_5043b011 [05D,YCG] -> 3be03c42-512d-43a2-82b4-564fbcbef55f
  474_5043b011 [A1BZC,0I1] -> c0b2cf0b-0f2e-4868-9dab-2b936e801f6c
  474_5043b011 [YCJ,A1BY9] -> 202ba264-bae7-47e6-ac03-043ac474fbb9
  474_5043b011 [A1BZE,04Y] -> b1d06524-2ab5-4589-8ed0-14279bb06bba
  474_5043b011 [YBS,A1BZA] -> 44af5e93-745d-4ecf-8440-eeef755f6cd0
  474_5043b011 [A1BZD,A1BZB] -> 3f22c7b6-d1c5-4e15-bb31-9cae9b5aff5e
  475_07812ca9 [2QJ] -> 9829c158-f71b-4fed-884d-bfa54d570d6d
  475_74349f57 [X2N] -> a1ea38b1-e6ed-4ed3-9192-9809f303514c
  475_83a489fa [TPF] -> 10016d23-23f7-4ca0-ab5d-83a0d4d67469
  475_c96c5508 [U51] -> 96958308-29a2-408e-94fb-2958b300a701
  476_042e6596 [9PL,OID] -> b0e2e37f-dd1a-4914-8607-f7a41efe41e7
  476_042e6596 [LC4,OIO] -> 8ac2bb62-8bd0-43fa-ae7d-850a47daa0b6
  476_1c30957d [LSN] -> 7eaeb710-8fe5-41ff-9987-11964b65f8b9
  476_1eccdb5d [PB2,PB2] -> 5ac399ea-0903-44b3-960b-5501cd4bcfe3
  476_1eccdb5d [TMI,06X] -> 0b281125-d84f-43c3-be89-4b32c5e8e85a
  476_1eccdb5d [CPZ,CGE] -> 8eb49b44-f39a-4b0e-a618-6b2e3971f0d0
  476_1eccdb5d [TB2,TIC] -> 64a767f2-f42f-45c5-92f9-17fd2fdfa943
  476_1eccdb5d [0BV,8PR] -> f3af3bab-12e1-46ec-9123-5206c9057477
  476_5965a73b [CPZ] -> 88bf303a-7441-4b7b-8f17-f0743e58e0bd
  476_5b1c057d [LSN] -> 6fbc95ef-f28c-48cd-bbc4-32be44c20507
  476_7621de71 [CPZ] -> bb864ff0-892e-4867-8270-6e07f1a0ead9
  476_7cf5aebf [LSN] -> 58c685b4-21ef-4287-a16c-690fcc6a02c8
  476_84104a34 [9PL,D2G] -> 8f2c7418-59aa-4166-a462-54e0acabfae7
  476_84104a34 [D1G,NCT] -> af02f234-29ab-47a5-81bb-f8c3b51c23f9
  476_84104a34 [8MO] -> 437391a2-bb6e-4e45-88c2-8498511e6882
  476_8c5622dc [LSN] -> c15293c3-963a-4cc3-82e2-7d63f05f8ebd
  476_9dbeadc0 [9PL,N4E] -> ee85ba76-5c66-454b-996a-2f91fe542786
  476_aca4f268 [0QA,9PL] -> 4d18ae36-ea0a-4a68-a14a-b4b991687780
  476_aca4f268 [0QA,NCT] -> 9516e51b-b62a-48b9-abcd-5012d9fbbff6
  476_ec577891 [06X,3QU] -> 23d50eca-097d-45dd-9962-8a7a29911828
  476_ec577891 [3QO,CPZ] -> 6e1cefbe-5640-4774-ad21-27a7ddcfaf07
  476_ec577891 [9ZJ] -> 470ceb5c-967d-449e-8102-8cd8892e8623
  476_f7fff33f [MTK,9CR] -> fe8dea76-9a46-44d4-bc06-900e8b3167a0
  476_f7fff33f [225] -> 7001faec-73eb-43c2-8cbf-c376418cf445
  477_39eada44 [0XV] -> 4010d1a4-3759-43fc-b9c3-3f5cfae30982
  477_a506c224 [LFV] -> bbd1e687-2101-4d79-807f-98e5a26f40c8
  477_f6ac8610 [6RJ,XI1] -> 411e20ce-9d5e-4498-829b-3176abc1bef0
  477_f6ac8610 [FLP,6YF] -> fef3d10d-0428-4def-99e5-9a261a064d24
  478_6eb03748 [32M] -> 302f0c9d-c3bf-4a23-b7f0-48c39c426985
  478_9f6a0c23 [1CI] -> c565774d-adc6-4980-b3fa-9032c2b3ab58
  479_7301ea5f [V2H,VD3] -> 060aa4ee-a298-4af6-ae61-c367b9e2215f
  479_af4ae158 [PN0] -> 8c406bfe-64c2-4893-ae52-ec5d1ded8530
  479_cf53e4c3 [CGE] -> 270c3290-9eea-4668-98dc-fd30ce5d92e7
  479_f5b99101 [SI6,PN0] -> 528cac1a-2b99-4849-a4c5-a51ec7b1ccdb
  479_f5b99101 [PN0,SI5] -> 8b0847b7-fb02-4ede-968b-fae659842f51
  479_f5b99101 [AJN] -> 01396b67-49d6-4215-998f-49a1280504bf
  480_0010cf69 [CL6,RIT] -> 9f775e28-5e77-4d9f-b45a-c6ccb2b0128b
  480_0010cf69 [A1BNX,MWY] -> 7e35018b-825b-4dbb-a06d-fc68178d140a
  481_4e319598 [XRD] -> fe7a4a3e-2087-4b46-b1d8-de25b0346283
  481_e03083a2 [D2V] -> aaa21e5a-3b04-4fe7-b861-74658b3508e3
  482_3314a5f9 [STR] -> b905853e-8d46-4341-8190-37e52c3d37a3
  482_89b551e9 [CPS] -> ddce9829-c0eb-4293-9afe-0ed59458911b
  483_4a1aae09 [0T3,1CA] -> 35863ca0-72e2-4cb4-960e-a1e70fa4c45e
  484_08f22cf5 [YSY] -> 2fc80a5f-4367-407d-b29b-822b3a360f9d
  484_16b493d6 [JD7] -> 7d397a9c-7ced-4ef0-9d25-bfc1979a7c0f
  484_a14ea32d [2QH] -> 93c29069-e514-4730-b339-de0877cf4bdc
  485_3260576c [DVE] -> 9dba3d8a-57d6-40cc-8ab2-e9e0088b81c9
  485_6cd5c2fe [KLN,RIT] -> 74f79979-5058-4167-88f9-20dd597ff40a
  485_6cd5c2fe [MYT,ERY] -> 10f2bc15-22d3-4ac4-9aed-0a6b9961ab84
  486_62b873ed [YNV] -> c1590d25-483d-4873-9959-27fe6744f3c3
  486_c05cda03 [ZWY] -> c46a501f-bc4a-4f93-946a-1362ae95aca6
  486_ee37fc5f [HC9] -> 375682bd-fdec-43b8-9717-4b65a5431a59
  486_f605e37d [CL6,A1ASQ] -> e3683bb0-6ba0-45fc-ba8a-e08e10138c76
  486_f605e37d [A1ASU,A1ASV] -> e5b54ea6-2000-462e-a522-47819e5f10bf
  486_f605e37d [A1ASP,A1ASS] -> 02085c87-e3f4-41be-a467-e7fa6001674d
  486_f605e37d [A1ASO,A1ASR] -> c073a121-0888-4798-a3a8-e6eee654af5a
  486_fe430384 [MYT] -> 7aab5d81-771f-4390-a104-13038cdeb4d0
  487_32859637 [X1O,X4E] -> 0ad54bb0-33dc-476b-8cf2-3dccc2b96c22
  487_32859637 [X2Q,WZN] -> 36b4f297-35f4-4b2b-8a4c-31873265d11d
  487_32859637 [X1I,X2Q] -> 88075c89-8761-4a16-b7ba-359886a030df
  487_32859637 [X1C,8AW] -> 7934fa6b-9a68-48ff-9eed-cee075dd5cfe
  487_32859637 [PKT,T0K] -> dc2c942e-dc0d-4941-b5c0-d52d67791cfc
  487_32859637 [O3L,X0E] -> fe5e6795-2184-4d4c-bb4f-388d4b28ca70
  487_32859637 [A1A4S,7AW] -> 6f43ce46-52a1-454b-a76e-e0793180373b
  487_32859637 [NH0,X7D] -> d2f277ad-d5d0-41b8-b670-a247512fb7fb
  487_32859637 [X6S,NI6] -> 45dfec6c-db46-4b22-bdfb-4fea8ec5c35e
  487_32859637 [X6V,Z8Z] -> 290529d8-9970-4596-bc48-23a63128b219
  487_32859637 [NJO,6AW] -> 84ebc5e0-5c48-4c42-83a9-00708c5df049
  487_32859637 [D0R,X5Y] -> beb3d4bb-d437-4ad8-9e46-4533a996e4ce
  487_32859637 [X71,J9K] -> ffd06157-f34d-4ca0-9319-56ff64fbb37b
  487_32859637 [A1A07,D81] -> 246eb0a5-2552-48f2-8741-e39300a89eff
  487_32859637 [Z9Z,A1APA] -> fb8f84af-51b3-4d6e-9b90-c093c2b531cf
  487_32859637 [A1A4T,RIT] -> 65848d8f-806d-42ff-8000-bf0a034798e6
  487_32859637 [1RD,X7M] -> 3e91dfea-9b9a-42d2-9fae-73ed67476bf7
  487_32859637 [A1A08,A1A4V] -> 1aff582f-c771-4624-a02a-33e829ae044f
  487_32859637 [A1A06,X7P] -> c18646c9-2839-473f-91be-6717b08a2c19
  487_32859637 [QEP,A1A4U] -> bf0dbaf4-c8a9-4353-a4c5-8a513e4fae01
  487_32859637 [X2B,G0V] -> 531aec6d-2367-4407-8164-50cd019ede82
  487_32859637 [D7J,Y83] -> d33d096e-2ad4-4d09-af03-d7f5c4288509
  487_32859637 [A1A4K,G1J] -> 49b484dc-646c-4fe0-b0c7-82a9156c36de
  487_32859637 [80K,X6J] -> 8870f314-8b8e-45a5-8148-e2cb463d8857
  487_32859637 [G1D,G0Y] -> 2f7d4bfe-ea41-4b3a-931b-e824a43feffa
  487_32859637 [G0M,WZN] -> 12b2b896-88b1-4ba3-8535-c6a6ac9a1855
  487_32859637 [G0D,D7M] -> 7bd86f15-2cac-4914-88f4-3fb396d3af49
  487_32859637 [DEJ,D7Y] -> a4c4b891-5ae1-485c-bd0b-3147ede814c1
  487_32859637 [O39,NJ0] -> 5f913959-7bec-40bf-9117-ce4d1dc2affc
  487_32859637 [QDP,MYT] -> 41fc311e-ef2f-4eff-aeaf-1d55be51d3f7
  487_32859637 [FZV,QEA] -> 4bf67d62-b5fb-4f1f-af38-0dac020810d9
  487_32859637 [QES,5AW] -> 19fe052f-8742-4ff8-99b3-f2a0926c0ab5
  487_32859637 [QE4,DJ1] -> 0e7da337-080a-4f7f-a2c2-3f2cb070acd5
  487_32859637 [DEV,G0D] -> bc6df585-80a1-497c-aff4-210d95e48007
  487_32859637 [QDV,QDJ] -> e8a2e22e-4b83-44db-99b5-eb6436340800
  487_32859637 [G0J,FZV] -> 7ebb1f10-df49-4f6c-a314-d40bfed29ff7
  487_32859637 [QDY,08J] -> 6451268a-4da5-46bd-ae15-a7af26f9c246
  487_32859637 [CFF,08Y] -> 685180de-0cb6-4bfc-8bbb-881488a66d77
  487_32859637 [CFF,MWV] -> 032c18c9-170a-4775-96b2-8cfa35f97564
  487_32859637 [X8S,TCI] -> 3700d1ea-ccdd-4c08-ace8-1afbbd3979b0
  487_32859637 [MWY,A1CIW] -> 9d9c4c46-1d22-4966-8b61-ccfd83b43bb1
  487_32859637 [MWS] -> 49b508e3-f63e-47fe-870d-65e867bee4a2
  487_3996026d [TPF] -> dc4e887f-d4d5-4ce2-a571-68938a09276c
  487_6d9fa596 [PG4] -> 2bf93c7e-ced8-46be-a497-a31e53248d04
  487_8538537b [X74,X7J] -> 736a48e0-72a9-424c-b644-125138260df1
  487_8538537b [NXR,NYF] -> 7c3b558a-7268-4962-9f09-f4822d55bd74
  487_932e3608 [HC9,HCD] -> 2bfd2365-1c23-47e7-8c30-9a6d92ababcc
  487_932e3608 [CLR] -> 7a0eea75-814f-4e94-a8cb-3157f30fcde0
  487_ecbf61ae [RIT,08Y] -> 70a46eeb-769a-4041-a2d0-92b1f1f1d482
  487_f5412e3a [PK9,PK9] -> e4e9a4b2-b604-4ff6-ba8d-b171fa9efe2c
  489_c3fc2428 [YHM] -> 8b7a1c16-908c-474d-a58f-bf7a988e778a
  489_d6dd2913 [QHC,O4T] -> ec9ff682-654e-430a-90bb-81250e88e96a
  489_d6dd2913 [O4W] -> 3d493ce0-39f4-4642-99b4-371cfc8837b3
  490_6a8e1ea2 [X2N,VT1] -> d39b9bdd-88f2-45dd-8a7c-d2a21e2bcd3d
  491_3c76f070 [UCZ] -> b5e32fb1-7e14-4c12-b086-cd465cd4cb6a
  491_57ef6006 [HJJ,Q4M] -> 557e0a57-75e9-4e35-bd46-c9abd11cdfba
  491_57ef6006 [Q4P,BHF] -> 580eae78-38c3-47f2-a57c-ab9c940ee2d3
  491_57ef6006 [AQ4,KUV] -> bfc58e97-0d2a-4cae-bc22-da11b0fd778b
  491_ec153e60 [0GV,K2B] -> 762c031b-b9d9-4541-a3bc-a3d10bbcca29
  492_9ba7e278 [OLA] -> 6bcb1221-84e3-464c-a74b-13a54f32323b
  494_df1f3120 [XPK,3NR] -> 27567eee-cd62-4e25-a275-c41788341ad2
  494_df1f3120 [UDJ] -> de944929-79e0-4d07-8039-c6c4bce58ef1
  495_3cc65aad [BHF] -> 326f07b8-ade4-45ef-a4bf-666735800692
  495_4b188212 [243,T25] -> dfae5353-7b82-4590-a503-90beaa9820d3
  495_90353ec6 [243,T24] -> ed38ed7d-4c8e-4181-8205-9f44e3a8f6ab
  495_90353ec6 [T25] -> 460f25b9-3433-4516-9236-45e3e91acc5c
  497_9e5b0951 [V16] -> b19d9e7f-cd1b-4e60-a7dc-312d7cb49164
  498_b2766aaa [MXD] -> 36772478-5724-4ee7-b7a6-0a363cf325cc
  503_f3121c0f [ASD,ASD] -> 3572f16d-733d-4410-8073-71c3e4c81128
  503_f3121c0f [ASD,TES] -> 1b589e5f-54aa-4746-82d9-005abea388e2
  503_f3121c0f [ASD,ASD] -> a8425377-d478-4d19-9ecc-f91b965697b4
  503_f3121c0f [ASD] -> ca0e4a90-eedb-46b4-8e68-9fca3ab3380b
  509_e452cdaf [AER] -> 82a1cfb8-0bba-4c49-ac05-253864c89d51
  515_00bd6347 [1YN] -> f26c701f-4e47-4248-a913-bc3c096b9fb3
  536_e0febc59 [81H,LAN] -> e36d3c71-faaf-4d49-887d-22c10382b328
  537_fdcdbc81 [1YN] -> 2c44202b-dbe1-492e-9e8d-71bb946176b2
  539_5aebb388 [SKX,A1AB6] -> f9b0eecf-adf3-4d85-8b88-3aaf5fe3d82c
  539_5aebb388 [1YN] -> 24064ef1-a389-4cec-ad15-cac832b0ff16
  539_5f23ede7 [VOR,1YN] -> 7b0d44d1-8b60-45f5-9565-92e20c3cf3c6
  539_7cd83d49 [VOR] -> f729e313-adde-4a03-951a-e3f04e280c7d
  539_91e1b8cc [VOR] -> a595027f-a02c-44d5-8e1d-d206ec47fc59
  551_c92602dd [LAN,JDJ] -> 1197e699-ad11-49d8-a0ee-0a717945515a
rep 13: 491 pairs to fold
  368_3c6d23e6 [36Y,CPZ] -> 8e17c028-d219-4ad6-8729-3840d8bdfc59
  368_3c6d23e6 [3SQ,36Y] -> d270628b-90cb-422e-ba9e-d08ff37d2255
  388_7e6828a0 [A1MAI,L0O] -> 152c0703-2a83-4060-bfac-30f811ecf1b9
  388_7e6828a0 [A1MAJ] -> cc4c71b4-60a0-435f-90dd-8d4c0e587b2b
  390_41f96d07 [A1EGF] -> 9085ed49-bb54-41dc-8a22-a50ff0162ed5
  393_40400e22 [DAO] -> 8d5a7632-0eff-4e14-b2d9-b2f9fa643ae0
  393_47d43e97 [DIF] -> a208a2eb-5173-44f7-91db-e5982892c599
  393_7d481b62 [4IA] -> 7db71627-3215-4a75-bb9d-5b137269ac85
  393_c3358fa1 [8QM,4IA] -> 51f4594d-abb5-43fe-8fa7-edc4191c5a4b
  393_c3358fa1 [EH1,81J] -> f928ad56-c813-4325-a618-27b8137cca46
  393_c3358fa1 [EJD,EJV] -> 1955d915-63b3-4ebc-afd0-f0af9b855f28
  393_c3358fa1 [HX1,81M] -> 8336be77-660c-4eac-ac49-5bace6e57a5f
  393_c3358fa1 [QZP] -> 0a0e02f7-1bcf-4fb5-8709-a46197fc9bdd
  394_ffc37182 [1ED] -> ef367399-823b-4d39-b6dc-6e499e10528a
  395_f9cfd803 [TQU,QFD] -> f063a1fa-e55b-400c-ae99-b7f367a4f1c2
  395_f9cfd803 [KEQ,YTT] -> 85a8d7a9-1b8f-41b6-be1f-8f30f831b059
  395_f9cfd803 [1GB,YTT] -> 7111d738-6e55-4cd6-8d65-a7f88bbf7a87
  395_f9cfd803 [YTT,1G7] -> 1813a3c8-6c7a-4eda-a995-be624e2ec420
  396_475f6489 [ID3] -> 3720e271-2aab-4625-85d7-dacab3fdb294
  396_672140e8 [9KE,9KB] -> ffae1425-c1b6-403d-9b54-4e735a7108ca
  396_672140e8 [69M,TZM] -> afc3527b-2532-4d2d-9322-d900b0cb892e
  396_672140e8 [GGJ,69W] -> 69aa81b6-e3e9-457e-8e87-4facdf543265
  396_672140e8 [TPF,MQN] -> 58d342c2-a8e0-4ce8-8f08-0f17aad79f7b
  396_672140e8 [69S,KEQ] -> 3830072f-b392-4bdb-b4d2-48be4c77bf39
  396_672140e8 [KEZ,Q47] -> 7e2e257c-bea7-4696-9f8f-067695e08005
  396_672140e8 [KEH,N5Z] -> 81cf6e96-2da3-404c-b2e7-840dba823397
  396_672140e8 [N5W,KEB] -> 1e1df87c-46d9-4d67-a0d8-b5402d30c36f
  396_672140e8 [KEW,ULZ] -> eb926518-0557-4934-848f-664b03b1f7b1
  396_672140e8 [OUC,KE5] -> 000d0d3f-8e82-4257-bb5b-7f899c145a9b
  396_672140e8 [N55,R2H] -> acfe7838-fbf6-4a42-909f-e75959bad0fe
  396_672140e8 [KE2,YTT] -> 0fca8cbe-da9a-4366-9eaf-8040e8218c85
  396_6abe88bf [EV1] -> a19d25df-7b47-4a64-a060-6b50759fed45
  396_9ca07298 [4UH] -> 966f9a97-2845-4e17-baec-972c0f8683c8
  398_712f2bbf [5YG,ENK] -> 124fa511-7771-4530-a390-c5d48b37b550
  398_712f2bbf [DQE,PG4] -> aa3454c9-71e0-4086-84bb-9f986e68a92a
  398_712f2bbf [EIQ] -> 60f2daff-0d10-4167-85a3-320ede6c8905
  399_d04da719 [EMZ] -> e75ac438-6c76-440d-96a9-c75da2ad4caf
  400_3b97c392 [STR] -> 6e08180b-dca3-4fe2-be42-b4d60bfdb40b
  400_77edf82b [ASD] -> 83403ed4-b367-4b14-ab02-ae624f887812
  400_dff94071 [STR] -> 02e30608-8877-457f-bcd5-3f9f874a22f9
  401_a9170273 [RRM] -> e8770e16-e8b1-44c2-b113-761e9cb2d3bf
  401_b00cace2 [RRM] -> 424e5b6c-e5ca-4e2e-a90f-7ca66a05d7b7
  403_b29b1ed4 [DEB] -> 7566e09b-d454-444a-a31e-22687c23c36b
  403_b3a2f553 [KTN] -> 801dd84e-d896-4155-be35-fd31c793de37
  403_e7509160 [KTN,9AP] -> d88fb763-de00-4a1c-9a1d-964fae34451f
  403_e7509160 [ASD,DEB] -> 9be17b06-bbef-497a-94ed-8836833b680e
  404_7fe08af5 [DEB] -> 0f5fa932-d099-4e7e-89ff-ab7f7334dece
  404_a7f52c3e [DEB] -> 9fe76b6d-04fe-417e-a697-9ce307845005
  404_da66167c [DEB] -> 02ac27c3-c47c-4b28-8175-f330ede6e764
  405_04029c87 [K2B] -> 225e4192-330e-4a17-98c2-cb927956b90e
  405_90b62d6a [GWM] -> 78ab72c4-7599-40ef-a99b-d96e3ba6d255
  406_a7c41b23 [FLV] -> 08ac4b92-cb7a-4a0e-b5b6-1e1c5a91bfa8
  407_496a34be [FLV] -> aef47a6d-b6b2-4061-bf74-aa68d5622a06
  407_6f94dcc0 [NQ] -> 0eb26106-2c48-4f4d-8a02-dc4d6ade5bab
  407_79f598c9 [K2B,C3S] -> 97cb1fd0-a002-47d0-8c1e-dafd3e236bde
  409_7ea29415 [NQ8] -> c2bca758-206b-463c-b474-8ecf28bd022e
  410_33697e28 [5R0] -> 99b05eb3-9618-4756-aa4a-316c4ff053be
  410_420f8942 [YJE,UB7] -> d266c9fb-b741-4518-8adb-f0f5e5528199
  410_824c8e4c [EJD,PQS] -> 07b34e11-842d-4b5d-8ddf-04b14bccb2f7
  410_824c8e4c [IRJ,M4F] -> 9ffc9ff2-770f-4801-accb-6d19f9c18ff1
  410_824c8e4c [81M] -> 20798010-1338-4935-8f38-66cec0371533
  410_83d6f89c [5R0] -> 501848dd-b26d-4933-89f0-1c8807d6dbf8
  410_b64fbb1a [ASD,STR] -> c0e4491a-5f88-4485-8257-9016bcafcf3e
  410_b64fbb1a [PLO,TES] -> 861f69fd-c069-4544-bb3d-91add43e4ed6
  410_bc4a20dd [PQM,PQP] -> a511acdf-a919-4887-9194-67bf9d5f57a2
  410_bc4a20dd [LVC,L4I] -> ca6338c5-7105-4313-81e4-c68da17e54a9
  410_bc4a20dd [M4F,L3K] -> fa1a13bb-f325-4589-9ee6-adbb67003be1
  410_bc4a20dd [OW7,8ZU] -> 763cc402-d46d-42bd-bf74-12f93cba6c7f
  410_bc4a20dd [TWO,8ZU] -> ee7a8d28-f31f-4b1c-ab2f-6e2746a43e79
  410_bc4a20dd [K3Z,QDB] -> f6505e99-aeab-4ce2-905c-d9d065286f3a
  410_bc4a20dd [1F1,ZRS] -> 08ed770e-9b44-4153-bd13-7b4f4fd244e8
  410_bc4a20dd [LVK,KQR] -> 637aa1cb-e7a0-4509-9eba-31f7fa4265be
  410_bc4a20dd [VLG,PQS] -> 89484783-197e-4979-bd65-28ea5911bf60
  410_bc4a20dd [KQF,Z7Z] -> 605999e3-1fac-4fcf-b000-da07c64523c4
  410_bc4a20dd [JO4,JO4] -> 9ff75d54-04d7-48f0-9652-37e590f9e548
  410_bc4a20dd [FIV,JO4] -> fb01c692-59e0-413d-9340-63bf3929b66f
  410_bc4a20dd [JO4] -> 76eccfcb-55fb-4032-9e49-941029e5fe90
  410_f7949552 [EH1,Z7Z] -> a8d9661a-6bd2-4f89-b61e-8c47d69f093b
  410_f7949552 [8ZU] -> 0f3c84fd-b8eb-4fd4-9f01-0e9474e31579
  411_4ad73dbc [MYR] -> a6c66776-19b2-4665-9745-37b04988ff6f
  411_af24ac3c [ERB] -> 1e601692-fe25-4cc0-8932-aaf79616b238
  411_e3e8183c [KLN,CL6] -> 1c3aaa88-8788-43d8-bc5a-7311d7fcaea5
  411_e3e8183c [EY5] -> 859b6927-0f2c-40c3-8fcb-6e75d8eb4daa
  413_9c5d7a9c [226] -> 30b13bd4-d5cb-4b10-af32-17864015ce67
  413_9f4eac9a [II2,II4] -> e5e08b67-7bc0-4406-9e36-07c0dd2b2661
  414_1ba62fe9 [UYM] -> 95358be5-51c7-46ac-9cb6-c56eb2e0ac84
  414_63852e7b [ECN] -> 1a2aed4e-9002-4eec-b39f-c3656bde4cb4
  414_949a8532 [KKK,6XF] -> db09dae4-f847-4c9a-995b-0b0a37586787
  416_8845d560 [PLM] -> e6d3637d-bbce-47b5-bdb7-c0af05ff1dea
  417_0e6cd8b9 [PAM] -> f97ecdec-56a7-4bfe-a435-b91451574718
  417_e0528f9e [DQE] -> 463403a6-6827-4918-8823-1b6014568c38
  418_8d7c0f49 [E93] -> 8415e355-9062-4a47-b62e-86e47316001b
  418_b02dd5c4 [ECL,D12] -> 02e6b67c-6b67-4476-b886-c6076bc41c7c
  418_cdc79ec5 [PAM] -> 106ab5e0-9668-4cca-b059-a0ea15c3ab44
  418_d6145562 [I6Y,JK9] -> 04a304ad-e7c0-45c8-bd33-4050a88a6df7
  418_d6145562 [JFI,5YG] -> 24fa8edf-6208-4bba-9cea-904c17d8dfaf
  418_d6145562 [EIQ,JV3] -> e8e68f8c-70ce-4616-a794-e67aeeaf95bb
  418_d6145562 [JUR,A1H47] -> 405cf261-ef9a-47ad-8a8f-400d8d8ebf4f
  418_d6145562 [2QC,HIH] -> 56ede5f2-cbcb-458f-8288-9536a74d46f0
  418_d6145562 [KB9,JFC] -> 6843ede7-3cec-41f1-82c7-5b385a12e51a
  418_eb9ea735 [3QO,K2B] -> 354985f6-d668-4471-8d1f-f3ed3e083c42
  419_2ab9350e [DXJ] -> 1931f66d-fc14-4c6a-bfc1-97563facfce5
  420_545c0f8c [L6X] -> 726f86ff-c2a6-42a2-9362-85887db404bc
  420_6f493f38 [TES] -> 6bd9286f-35ff-4e8f-903c-fdb39bb55d83
  421_0306eb73 [MYR] -> 14e40891-704e-4605-8bc9-d06f9f9ef3be
  421_446a58b4 [CAH] -> c19ae638-a58c-4f5b-805b-7ac414fc4c58
  421_838aa221 [CAH] -> 81045d75-5003-40de-8732-969d5af63cde
  423_69bac218 [0GV] -> b19de473-c721-4ed2-a620-dbf4d718d233
  425_918da379 [PAM] -> 41b58817-bb1d-43a3-844a-5091cc6f3c37
  429_3c548ba6 [PLM] -> 5498f417-f29e-4f25-b4b2-b174566a289b
  429_42e1ecdf [TES] -> 410677cd-e624-42b5-9aa4-48b861e75273
  429_d4604a8c [TES] -> b5bb1a75-b70c-4d28-aa4f-069ff46305ba
  432_82bbf621 FAIL OSError: [Errno 22] Invalid argument: 'D:\\Users\\ashenoy00000\\.windsurf\\OpenADMET-cyp-structure\\data\\processed\\p450_universe\\campaign.json'
  433_1a485928 [FOF] -> 700bc018-3749-44a1-81a0-16f9472dcac7
  435_2f9ec93d [B9L,B9O] -> 42ef3efb-8916-4fd5-8ecf-d4ca70b67d54
  435_2f9ec93d [B9L] -> a3445aef-96a6-4f5b-9840-a74fc2cfe6a8
  435_330d7a26 [M65,M65] -> d123b0aa-0354-489f-82dc-e607ebfee223
  435_330d7a26 [VGJ,M9B] -> b1505875-3bb8-47e8-82ba-ad6a76b0f3ef
  435_330d7a26 [VD3,RWZ] -> d9db345e-8321-45b0-aef5-a882736d6ad8
  435_b1170faa [M8N,K2B] -> 5ffbe72c-7401-42f7-857b-d8ff2ceb2e3e
  437_6f9809c9 [CAH] -> 4f938eec-fbfa-46ff-9020-9fa8776e4d65
  439_20b8b15f [Y7R] -> 77aa58e0-3bad-48ed-977f-2965755855ac
  440_fd3539ea [K2B] -> 8274710b-443e-40bb-bcf6-2b4c7fad8b79
  441_9f5ce965 [NE4,NE4] -> 84bf000c-fe59-48b1-a2ab-f35fec75129d
  441_fdb186c9 [9LF] -> 70f85a9b-6e30-4241-b8ed-6c3fc63bb747
  443_05636834 [VFV] -> 0b2a132d-d38c-494c-9dc8-f1c4607c78f8
  444_2f85a59c [REA] -> a7fd7c2b-ad23-4b24-8ded-97f5d99d8959
  446_68e6f289 [VFV,PJM] -> 5f7810f1-e880-490d-b8a1-07f1ebb513f4
  448_7a54e61e [VFV,VNT] -> a42f8e6e-ce86-4ec6-854a-fbb806f3fbeb
  450_9c481af8 [VNI] -> e0400ae7-d354-4652-8beb-9c89eb0fc83b
  450_e1393289 [16A] -> 277f7a95-469d-457b-b427-d81fb03ca25b
  453_31297a04 [LNP] -> da606cfb-8eda-4f41-881c-e2d61237b1d3
  453_3fc5a1f6 [TPF] -> 71f9cd4b-9dae-4ca1-8df2-b57472ebfa93
  454_40de364f [JKF] -> c901e7f3-896d-481f-a5b3-aff060466353
  454_6f07a0ed [LAN] -> 249a3adf-3c09-442e-8d05-e8008df0cbee
  455_0c860b28 [CII] -> a3786d04-bcf4-46a3-adc6-acbb39aa8356
  455_48438573 [CMW,CM9] -> f25d379b-75f3-445a-bd29-ececcc6d11e1
  455_48438573 [CM6,1CM] -> f3a8ee82-6b3a-42aa-bdcd-ef8f76bf4716
  455_bf9cfaeb [FW6,88L] -> 443aaa96-b34d-4bde-919e-280cd85f3540
  455_d4843705 [TPF] -> 3cf5e2ef-30fe-4fbf-b256-e2e7f937e95b
  456_8d7b7719 [CLR] -> 32b9eeb0-9f3e-4212-adfb-d51f0ce7cbd1
  456_c9a58f1b [BTB] -> 621d1757-a2ea-425d-9ba8-92b61131cf4a
  457_0da0339b [9RL] -> 58bca8d3-1acb-4270-917a-d29c42f76a4c
  458_683cba10 [WQR] -> 635d8274-b412-4eec-b9e3-241ee40aa36a
  458_c4bcedc3 [VNF,POZ] -> 8f28f188-9231-4306-9d99-a0d1fea31b0b
  460_0f25ea19 [CL6] -> 04f25ad7-e63f-4420-bcc3-97beb9532251
  460_2af8865f [LFD,LFS] -> 68f3327c-cb29-4812-b392-0a560e83248b
  460_2af8865f [LFT,VT1] -> 4edbf9e0-42ec-441a-b8cc-8c0407ed98fb
  460_2af8865f [UDO,UDD] -> 75add90e-e300-4dfd-b769-97b731882cc6
  461_217b532e [NEE] -> 208c22a6-ba78-49b1-838b-637b3bbe1c83
  461_b17f2608 [ECL,ECN] -> b6c15dfa-8dcc-4aa7-b25c-4c1b5d31828f
  461_b17f2608 [KKK] -> 6ea40fd2-149d-4ff0-9fa8-951e5b9bbdc4
  463_2621ae02 [LSN] -> cca2f781-4c78-4aa0-84d0-6a33664d76d9
  464_4dc0771e [TPF] -> ffa3a79a-7675-4eb3-bf8b-824535b506a9
  467_6a91af88 [26N,TW5] -> 6ba96478-709b-4bee-96c4-24a7e375e07d
  467_acd53678 [5PS,J5Y] -> 62fa40f4-93ad-41da-b58f-a4f11cea2cb9
  467_acd53678 [TU1,WVH] -> 4aa8619a-4a11-420d-b129-66be51b38d49
  467_acd53678 [25S] -> 48443219-c803-464b-9de9-d9f4301af2e3
  469_ec879091 [18I] -> 2ff590b9-7e73-4a0b-a3da-42f0d3f0f830
  470_03aefc00 [T9H] -> cadf9466-bc78-45a8-b345-b86753bafdc6
  470_4634f49c [VNI,VOR] -> 25565d65-790f-45fc-87ea-3e20668ea50c
  471_d4280bc5 [2DC] -> bd5e69f7-e720-4cbb-a051-29b1952e0993
  473_4b734b6b [TPF,TPF] -> 6ccd4f1b-edd9-4032-9459-06c8c4b7b94a
  473_6790f922 [DMZ,DIF] -> 4c69011e-fe0c-4aaf-a098-c7c8d68090ba
  473_82bdfad8 [LSN] -> c3ee7004-c61f-4f71-9c7f-7b8a2ddc38e3
  473_ca85e740 [VT2] -> f9a860b8-729f-4e16-9996-bdaa5a882ca3
  474_5043b011 [05D,YCG] -> b331200e-85db-4a08-9e62-b7b2a7986138
  474_5043b011 [A1BZC,0I1] -> 0960ab0b-d261-4043-8fce-417fe4b5359d
  474_5043b011 [YCJ,A1BY9] -> 565be747-206c-4614-a6bc-ea165615536d
  474_5043b011 [A1BZE,04Y] -> 5644b8da-1b98-4aac-a820-ea507bf84824
  474_5043b011 [YBS,A1BZA] -> 190f94f3-2fa1-4657-8d12-6f47b55d2b30
  474_5043b011 [A1BZD,A1BZB] -> f28f81f8-d790-416c-a2be-b6d6f0f702db
  475_07812ca9 [2QJ] -> ae917102-aca7-4ae7-9ef4-fd313ae0144b
  475_74349f57 [X2N] -> 1a5061dd-214c-4417-a7ff-20f299445533
  475_83a489fa [TPF] -> 54c97154-c993-4e80-848b-55cc1d59f826
  475_c96c5508 [U51] -> cd8c471a-afe4-4eb3-b140-952dec3e7698
  476_042e6596 [9PL,OID] -> 998781b2-b00f-485d-9f6c-478f9f0a61dc
  476_042e6596 [LC4,OIO] -> de84d6fe-2e6f-401d-b0c9-e48aed9384fd
  476_1c30957d [LSN] -> 1ba43963-a657-43d5-8dd3-3e594d09a67a
  476_1eccdb5d [PB2,PB2] -> a7332e13-50a9-4cec-82d8-0ab2b003adc9
  476_1eccdb5d [TMI,06X] -> db8c69ff-ad07-4864-a94c-0b8e0f57fcdb
  476_1eccdb5d [CPZ,CGE] -> ac649acb-9502-4c33-afe7-b6ecc4037e1c
  476_1eccdb5d [TB2,TIC] -> 2d9767fc-a33f-47c4-8710-2eba2ff5494a
  476_1eccdb5d [0BV,8PR] -> 3f5016de-08db-46fc-a872-efc84df33aa8
  476_5965a73b [CPZ] -> 7630c137-edc7-4944-8057-4a77e5df837d
  476_5b1c057d [LSN] -> aab960be-6588-443f-80e2-a8127c990917
  476_7621de71 [CPZ] -> f6f7dcd9-4058-4fdb-8b0e-1803f091bce8
  476_7cf5aebf [LSN] -> b8873f47-fb19-440e-9ae7-9e5d06a35e25
  476_84104a34 [9PL,D2G] -> 4f05bd89-73fd-4358-8739-3761eab1c6e8
  476_84104a34 [D1G,NCT] -> 132d2493-2ebb-4a5c-8296-e0c57cf53d95
  476_84104a34 [8MO] -> b80a91c5-2287-4632-92cd-3bb934271425
  476_8c5622dc [LSN] -> 2b3ab7ac-acb9-4b63-b1c5-fc020d7df47f
  476_9dbeadc0 [9PL,N4E] -> 2d97e6c3-d8af-4d2f-b692-780bb547998f
  476_aca4f268 [0QA,9PL] -> ac50cee5-96e4-436c-8065-06369215103f
  476_aca4f268 [0QA,NCT] -> 6d1f6d6f-e302-4d47-869e-4d804a729c97
  476_ec577891 [06X,3QU] -> aed68957-1b28-48eb-af18-ce84efb9263c
  476_ec577891 [3QO,CPZ] -> 2c088182-7097-4cb4-a9f5-4843ebb49a84
  476_ec577891 [9ZJ] -> 1c72cf4e-7f31-41ec-80dd-73b1f54cc4a0
  476_f7fff33f [MTK,9CR] -> 1ee072cd-5afb-4f38-a977-2fa5f6068605
  476_f7fff33f [225] -> dfd1685a-b253-4247-8e6a-bc50f004b273
  477_39eada44 [0XV] -> 665a352a-1240-4db2-92c1-55b987276f4d
  477_a506c224 [LFV] -> 3ed3300f-9123-40a6-8ae9-d9894f6e3eb5
  477_f6ac8610 [6RJ,XI1] -> 0896a8c4-a70a-4dd4-8c25-1183e61965d4
  477_f6ac8610 [FLP,6YF] -> 50035d79-158f-4494-be3c-cf291c69c779
  478_6eb03748 [32M] -> a5e031ca-2219-4c56-9ac9-20a77ba48965
  478_9f6a0c23 [1CI] -> 93b83785-66d1-4e13-809f-cafcad5f1b62
  479_7301ea5f [V2H,VD3] -> 2555705f-315d-48fb-b35c-9098eabc20ab
  479_af4ae158 [PN0] -> 6ddb6bb4-cc05-412a-9d0b-2da135c5b9c0
  479_cf53e4c3 [CGE] -> 57bcc594-d302-4f1e-b462-be5d6befadd1
  479_f5b99101 [SI6,PN0] -> a3a8051c-7acd-4e89-ba73-8ae69e03a8cc
  479_f5b99101 [PN0,SI5] -> e5038d69-c9eb-4462-9a37-314a1a8f97da
  479_f5b99101 [AJN] -> 0a83c9e5-ab8a-41c2-9e2d-4b7c2fa7d54d
  480_0010cf69 [CL6,RIT] -> 15172860-bc4a-4b64-8272-2e709e948ef7
  480_0010cf69 [A1BNX,MWY] -> 0ec46a03-5426-4275-aaf2-8ff45d949784
  481_4e319598 [XRD] -> e8df5595-1c61-4edd-96e8-fbeda941993d
  481_e03083a2 [D2V] -> d90f7a4a-7596-44a3-9227-4fc818c9d032
  482_3314a5f9 [STR] -> b48bcfff-1bf6-4d09-bb5f-a4f17f0e154b
  482_89b551e9 [CPS] -> 53afe2ef-7baa-4c8a-8579-914e71bec99c
  483_4a1aae09 [0T3,1CA] -> 6eabbd83-1fcf-4ef6-8933-3cd68fd64653
  484_08f22cf5 [YSY] -> 26067ff8-fa62-43c5-9741-c150439bec03
  484_16b493d6 [JD7] -> bae374f2-6668-4302-81ce-868ebf142df4
  484_a14ea32d [2QH] -> 60855d8c-2dcc-4836-93fc-4cef7f723d04
  485_3260576c [DVE] -> 882219bc-80e7-45a7-899d-b53bec89847b
  485_6cd5c2fe [KLN,RIT] -> 0d95d59d-9d67-4da0-b514-44afea3420c5
  485_6cd5c2fe [MYT,ERY] -> ad7d55ec-69a6-4b2c-a79b-2a30c8ff8667
  486_62b873ed [YNV] -> 1a51efe8-2c75-4adc-879b-d8b7cd3dd93a
  486_c05cda03 [ZWY] -> be06682c-52b1-4a56-8e30-312d0ea68455
  486_ee37fc5f [HC9] -> 37e46032-7e4d-4dd9-b1db-ae4e5e32c926
  486_f605e37d [CL6,A1ASQ] -> 850c7e39-1453-457b-b673-c16d19c18623
  486_f605e37d [A1ASU,A1ASV] -> 54b990e4-625a-4705-8308-f29a3742eca6
  486_f605e37d [A1ASP,A1ASS] -> d043fe5c-a57b-44f5-a8f4-81ea80465e15
  486_f605e37d [A1ASO,A1ASR] -> 58fe8d18-98e6-402f-8481-1c3b4b8a0068
  486_fe430384 [MYT] -> 7ca08a80-bc14-40ed-87ed-444f2983aa8f
  487_32859637 [X1O,X4E] -> fd440aa4-c2f4-4784-b93c-092aeabb65ee
  487_32859637 [X2Q,WZN] -> 1935b7fc-c1de-4d4c-8c84-1d5f8e24a821
  487_32859637 [X1I,X2Q] -> 4e57a5f4-d21e-414b-93d6-e52e6637a073
  487_32859637 [X1C,8AW] -> e3e960c6-da5b-4bce-a5a9-e682199a94c3
  487_32859637 [PKT,T0K] -> 35348f42-e79d-4511-a6c8-012e45f439c7
  487_32859637 [O3L,X0E] -> 5891b1c5-09d0-4813-a5d0-cd0936a481d6
  487_32859637 [A1A4S,7AW] -> 3dda7a6c-f190-4775-8135-2d03335fd223
  487_32859637 [NH0,X7D] -> e241334b-c011-4c96-be73-d788ebabc62b
  487_32859637 [X6S,NI6] -> 7ce7b44d-62bc-4dd5-876c-fc962e488043
  487_32859637 [X6V,Z8Z] -> acf87e1e-55d2-4231-9ebd-88ca4027c7c3
  487_32859637 [NJO,6AW] -> df06f698-5965-470e-b6de-cebbac16ab68
  487_32859637 [D0R,X5Y] -> 9a8277aa-d7b3-46c5-82f3-e0acc1918607
  487_32859637 [X71,J9K] -> d8a48839-ffc2-4315-a550-26797211cae7
  487_32859637 [A1A07,D81] -> e21322c5-09a3-4dbe-9003-afabb85197c1
  487_32859637 [Z9Z,A1APA] -> d9ead7ed-8a79-45e9-8a58-131360f2a2de
  487_32859637 [A1A4T,RIT] -> 8d4f0644-e5f1-4635-9f19-73bc7e906a71
  487_32859637 [1RD,X7M] -> e2c5669f-1c0e-4eee-a4fe-71b5d96d911f
  487_32859637 [A1A08,A1A4V] -> 7bc01a9b-1723-47a6-9c6d-b5bc3f68c120
  487_32859637 [A1A06,X7P] -> 00921c28-e037-4226-8c13-e2b23f05689c
  487_32859637 [QEP,A1A4U] -> 2693a729-7c0a-44fc-9e9a-3462fed03c48
  487_32859637 [X2B,G0V] -> feba44ed-1c30-4f41-a160-47edcfb09583
  487_32859637 [D7J,Y83] -> a05a40d7-5d82-49ee-9c4d-22fcaa30ffe1
  487_32859637 [A1A4K,G1J] -> b796f4f4-1661-4fe3-8576-e198c03cae07
  487_32859637 [80K,X6J] -> adae3750-f2be-418c-9315-8f94bec1f9b9
  487_32859637 [G1D,G0Y] -> 6b0b4117-14c8-47cf-ac9d-f0b6b06f6942
  487_32859637 [G0M,WZN] -> 4bdd808d-20f3-43c1-ab40-b1e1f8c30466
  487_32859637 [G0D,D7M] -> 5684fda8-396e-497a-8008-af2b7bc067d3
  487_32859637 [DEJ,D7Y] -> 8dccfb20-b146-4cbe-809b-c969097781c0
  487_32859637 [O39,NJ0] -> 4bb2f8e6-afed-4b29-b864-b2693d66580c
  487_32859637 [QDP,MYT] -> 876b9209-f4f3-47d6-ab24-6f46b3857da6
  487_32859637 [FZV,QEA] -> db5614e5-e0a6-4a0e-91cc-6cbfaadcfb6b
  487_32859637 [QES,5AW] -> 22bb7287-7a18-493f-b116-93a85b5ee734
  487_32859637 [QE4,DJ1] -> 2aeacee9-5ef3-4823-a328-a705236cffe4
  487_32859637 [DEV,G0D] -> faeeb467-11e1-4aff-8e3a-6632f6bfdcce
  487_32859637 [QDV,QDJ] -> 8cf8ae75-fed7-4aa9-89ec-ed8944eba7d4
  487_32859637 [G0J,FZV] -> 55e74232-000b-4238-adb9-c18a76fcc20d
  487_32859637 [QDY,08J] -> 3f269acd-3d33-470f-9a93-43c8c903db62
  487_32859637 [CFF,08Y] -> 422b000a-b53f-4237-81f6-fd1aba9b1061
  487_32859637 [CFF,MWV] -> 39230034-0cc1-4c02-9fa9-67d618e9848c
  487_32859637 [X8S,TCI] -> db3eea18-38d9-45ab-a79f-8fc271ca20dd
  487_32859637 [MWY,A1CIW] -> 9e23f68c-8978-4604-9abc-32e1f4e89ca6
  487_32859637 [MWS] -> dcfefcfa-d1ae-4ce7-ba51-b321107d1a30
  487_3996026d [TPF] -> be392865-494f-4963-8e96-a05a9d7850c9
  487_6d9fa596 [PG4] -> d3784424-34bc-4e33-b53b-e9fc636740a8
  487_8538537b [X74,X7J] -> 7804536d-8e0a-4192-b51c-fde5555539e5
  487_8538537b [NXR,NYF] -> f25161a0-b243-4f86-9a9d-85be4e24ba19
  487_932e3608 [HC9,HCD] -> 2083d1da-5309-430f-b22a-e1cca9b04a9f
  487_932e3608 [CLR] -> e53372fa-bc9d-45bb-8c86-f7a4c8757980
  487_ecbf61ae [RIT,08Y] -> 2123809c-713d-4f75-b351-d1c9f77ef49f
  487_f5412e3a [PK9,PK9] -> 4b87d76e-6398-42c2-bb47-3f909af65507
  489_c3fc2428 [YHM] -> da7d542a-bfbe-4ae4-a73e-122610310675
  489_d6dd2913 [QHC,O4T] -> af1cf119-66a8-4b2f-83b0-d8be5a9ed639
  489_d6dd2913 [O4W] -> fe220c7d-0d01-4f56-b0da-550f173f9cfd
  490_6a8e1ea2 [X2N,VT1] -> f2fe0f9f-e5c7-4e63-8456-fcb1c94351c1
  491_3c76f070 [UCZ] -> 5b6eb3fb-7ae0-4394-89d9-d7bb84317bf4
  491_57ef6006 [HJJ,Q4M] -> c3e4d807-e162-4f13-bb28-bbd2b93a0488
  491_57ef6006 [Q4P,BHF] -> dbeac43f-3e49-4ce5-917c-f3cb3fb71071
  491_57ef6006 [AQ4,KUV] -> b8276588-f049-4ef5-b3fd-e8db096ba19f
  491_ec153e60 [0GV,K2B] -> edc18d98-6a5c-4eff-9e93-e06852a27560
  492_9ba7e278 [OLA] -> aa8dd790-c364-486c-8798-0c50a4aca007
  494_df1f3120 [XPK,3NR] -> 8a2227a6-9c7b-4d9d-8408-64e6901db65b
  494_df1f3120 [UDJ] -> be05edd4-7fc8-4b50-b953-f6b5aa679fc9
  495_3cc65aad [BHF] -> 92fbd6fc-dc0e-4ab7-b7aa-f3bbd2333fcb
  495_4b188212 [243,T25] -> bd94c881-f7cd-4319-9dd7-f85d837b987e
  495_90353ec6 [243,T24] -> 0abe844a-211b-4c80-b663-45fae591f30c
  495_90353ec6 [T25] -> 26872ddc-96b5-48da-9e5f-f0cfec5bb852
  497_9e5b0951 [V16] -> 332fa699-726d-4f50-92ae-e15e43c360e3
  498_b2766aaa [MXD] -> 9128e5aa-9ed8-44cc-b801-5072a05d57d0
  503_f3121c0f [ASD,ASD] -> c4605cad-0fe4-403d-8f64-bfd784e0551f
  503_f3121c0f [ASD,TES] -> 03943464-acb8-4e8f-997c-688c66344bad
  503_f3121c0f [ASD,ASD] -> 760b13cf-d316-4e86-bbc8-a7aafbc467ea
  503_f3121c0f [ASD] -> c3532720-8b42-4d3f-a34a-97ccc50283e1
  509_e452cdaf [AER] -> 24a338d6-c107-4184-89c2-24943f0fabfd
  515_00bd6347 [1YN] -> 0e1091bd-3bb0-4395-90ae-007314c45e79
  536_e0febc59 [81H,LAN] -> 68608b19-571b-43a0-a74d-a487b9bd728f
  537_fdcdbc81 [1YN] -> ada9e63b-7910-4e5a-ac4d-478e39213210
  539_5aebb388 [SKX,A1AB6] -> b860c1f8-b394-49ec-b077-30a5b37eb753
  539_5aebb388 [1YN] -> d8465034-1814-44fc-9067-78ee2b7f3592
  539_5f23ede7 [VOR,1YN] -> 8b154f1d-f54d-49a4-8b47-6ca2b492fe5a
  539_7cd83d49 [VOR] -> fd150976-87ee-4cd1-9fe7-cf44d33ab154
  539_91e1b8cc [VOR] -> 65f95302-7c77-4e62-9ffe-9b0a572f519d
  551_c92602dd [LAN,JDJ] -> c7ec3c26-0443-4ed2-8c4c-aca9577f7195
rep 14: 491 pairs to fold
  368_3c6d23e6 [36Y,CPZ] -> 63221f3c-7e41-406b-a8c3-f2d4afd999fc
  368_3c6d23e6 [3SQ,36Y] -> 963d8ac1-f79c-4786-8276-4b495b62e97d
  388_7e6828a0 [A1MAI,L0O] -> da919b4b-74cd-412a-ac3c-42ae6bbc0b60
  388_7e6828a0 [A1MAJ] -> a693b2e6-a3ff-4c23-9686-1e1d4a3909eb
  390_41f96d07 [A1EGF] -> b022be5a-4981-4b94-adb8-ec31f7d7058c
  393_40400e22 [DAO] -> 719d2567-9a7f-40b1-8d0c-6550212abc24
  393_47d43e97 [DIF] -> 8612a583-acff-468c-900e-209b3860813f
  393_7d481b62 [4IA] -> b81776fd-3dc8-4ab4-ac1d-e5c84b335458
  393_c3358fa1 [8QM,4IA] -> e6a18c6b-8a7c-4318-a312-1848083a2169
  393_c3358fa1 [EH1,81J] -> 3a5363f8-3947-4899-9a06-2176af5d4d45
  393_c3358fa1 [EJD,EJV] -> bdba19ee-100e-47f6-afb7-900a865cd4ae
  393_c3358fa1 [HX1,81M] -> ece1e06f-cc77-41a9-b447-1157ac405fda
  393_c3358fa1 [QZP] -> ea89596f-2cbb-42ab-acb5-8f64878ed030
  394_ffc37182 [1ED] -> 47d3e90c-2771-4f29-9000-e6d1c387d7d7
  395_f9cfd803 [TQU,QFD] -> 47ccc695-fbda-4592-8dde-648f11f79eb4
  395_f9cfd803 [KEQ,YTT] -> 26d6bc33-5b21-486d-8508-d3a9c0f2cf9b
  395_f9cfd803 [1GB,YTT] -> 356070c5-854f-4cd9-8b3e-b37250b12561
  395_f9cfd803 [YTT,1G7] -> be4e942c-b07f-4fbc-ac27-5c46907a9adc
  396_475f6489 [ID3] -> d3621cb4-1845-4ca2-ad5a-e683f5821d46
  396_672140e8 [9KE,9KB] -> bcfad9bc-3aba-4b9d-9f44-a418f292a20b
  396_672140e8 [69M,TZM] -> 8f9f7e42-a40c-4ea7-b346-97bc8dfb8a92
  396_672140e8 [GGJ,69W] -> 761e5b0d-7214-41c9-9a29-edadc91b4338
  396_672140e8 [TPF,MQN] -> 09ed2fab-3530-41d0-961e-661808f92967
  396_672140e8 [69S,KEQ] -> 2458499e-a41b-4e73-890e-4bf0c008b9fd
  396_672140e8 [KEZ,Q47] -> ba9ef865-1823-48e3-8eb0-d70401c4b75e
  396_672140e8 [KEH,N5Z] -> 4c0cf76e-3902-4015-bdbf-4396af5b9887
  396_672140e8 [N5W,KEB] -> 4b7da891-cfd8-429f-ad3e-9f48070bcfc6
  396_672140e8 [KEW,ULZ] -> d7193cb4-ae0e-404a-a0af-8bc41733a6b2
  396_672140e8 [OUC,KE5] -> 70a0e5ae-b6f4-48b1-b6de-83c8b77ab433
  396_672140e8 [N55,R2H] -> 8ae485f5-a4ec-4938-acfb-ddbd6b24dd9f
  396_672140e8 [KE2,YTT] -> c95e0b9d-228d-4f32-99a1-717d1b61a7ad
  396_6abe88bf [EV1] -> cb47c86c-fdc2-43a2-a1bb-92efb07dfb7d
  396_9ca07298 [4UH] -> 72c024f3-1d17-4d74-87de-30ca7364e743
  398_712f2bbf [5YG,ENK] -> b5bfca77-d1b7-4c73-b707-0c7f1e51f8d6
  398_712f2bbf [DQE,PG4] -> 530a4c0e-247c-4f60-aa13-f59f34fee168
  398_712f2bbf [EIQ] -> 3c1696f7-11fa-432e-a607-d8b0a47b06f9
  399_d04da719 [EMZ] -> 80fb81a7-1c9a-45d5-b844-af7497f4b674
  400_3b97c392 [STR] -> e9cfbe24-925f-416c-a800-5a90ae5c4288
  400_77edf82b [ASD] -> 74800357-1356-4a90-99d1-0fe3c0f53fa3
  400_dff94071 [STR] -> 680b633a-c5ea-4e54-be70-9be425258cc2
  401_a9170273 [RRM] -> 16e65179-55ec-4405-8274-f950f43f4d92
  401_b00cace2 [RRM] -> 72279727-25ea-4a97-bf3b-b1bd21b35ebd
  403_b29b1ed4 [DEB] -> caf78f5d-1a3e-46db-ae88-b4e5d7035c2e
  403_b3a2f553 [KTN] -> e41e9346-c5de-4b6d-86ea-b44e98c770f9
  403_e7509160 [KTN,9AP] -> d96c4ed1-be42-487d-b3f2-7fc1ca16b9ca
  403_e7509160 [ASD,DEB] -> 56eed42a-423a-4267-b009-7e4b7471d7df
  404_7fe08af5 [DEB] -> ac5035f2-cdb8-4626-93bd-85d7fb16727c
  404_a7f52c3e [DEB] -> 7e8d07d2-681a-473c-b678-3d82402b232d
  404_da66167c [DEB] -> 3a5e514e-244c-416c-b0c7-34b1c6d91f45
  405_04029c87 [K2B] -> 66b6ab2e-1fc8-4a82-bfce-26252cff26d8
  405_90b62d6a [GWM] -> 2b29a2c2-ef64-4b5d-bf48-79fbcce6941c
  406_a7c41b23 [FLV] -> c7351567-08b9-46f6-a381-93d0781ad839
  407_496a34be [FLV] -> d41a9c04-6b5f-4a11-b196-f4bf1aeebe35
  407_6f94dcc0 [NQ] -> 61a14fef-30a1-4bb4-a937-b8f523f7c252
  407_79f598c9 [K2B,C3S] -> 59af0a48-2f56-4909-86df-6e3a09325890
  409_7ea29415 [NQ8] -> 92476ec6-aae8-4d28-8f0b-553aa40f89a2
  410_33697e28 [5R0] -> c3db2bc1-99dd-4835-ba9a-90873820b317
  410_420f8942 [YJE,UB7] -> 53d796fa-1604-4327-8838-a68a3b689bce
  410_824c8e4c [EJD,PQS] -> e529feaf-dde1-455a-a395-6647d1780a93
  410_824c8e4c [IRJ,M4F] -> 0869c707-1747-4081-beeb-d5da3dc1dcf6
  410_824c8e4c [81M] -> 793017e7-7a5c-4fa6-a4f0-6b90fb9afec9
  410_83d6f89c [5R0] -> 1c3f9095-c838-441a-bf46-b0aa4f61e4f7
  410_b64fbb1a [ASD,STR] -> b54b8086-61f7-4a21-85f2-efabfcdc83e8
  410_b64fbb1a [PLO,TES] -> b3682d00-84f3-4692-8747-9881ef3515bb
  410_bc4a20dd [PQM,PQP] -> b8def60f-7710-4b22-9350-c858cb57eacf
  410_bc4a20dd [LVC,L4I] -> b32c7af3-ec8e-4d04-be63-69afd3b83b8f
  410_bc4a20dd [M4F,L3K] -> 685111a0-78ff-463b-8bc0-96d45f2de086
  410_bc4a20dd [OW7,8ZU] -> 6b9bfc6b-01be-4c85-be2a-a71267ebaa98
  410_bc4a20dd [TWO,8ZU] -> 1bf1864a-00d9-4ce6-b588-cf5da9b5da61
  410_bc4a20dd [K3Z,QDB] -> 7bf0d71b-a3ba-494c-9fcb-5a5bb745c3c7
  410_bc4a20dd [1F1,ZRS] -> 1abe0f9a-b190-4237-a221-42914227c7cf
  410_bc4a20dd [LVK,KQR] -> 9e6f3e44-1508-4b24-99ce-83261011d45f
  410_bc4a20dd [VLG,PQS] -> aa9345e2-15a9-482e-81f5-5036b9d58134
  410_bc4a20dd [KQF,Z7Z] -> fd69f965-155e-4874-be68-93a0a41a6445
  410_bc4a20dd [JO4,JO4] -> 2d7692c9-3e6a-475d-b0fc-78a12bd65614
  410_bc4a20dd [FIV,JO4] -> 777c5b4a-0d7e-40b3-b593-ce7a24614297
  410_bc4a20dd [JO4] -> 3ff55416-4ab5-48cb-99d6-9eb8b9530d2c
  410_f7949552 [EH1,Z7Z] -> b858a5f5-95fb-4103-9b82-accd6850bb7d
  410_f7949552 [8ZU] -> bbcade13-e35f-4b3e-b1cc-6a2374b2ff12
  411_4ad73dbc [MYR] -> d999dab4-0ec0-46cb-a637-6542aca3a81c
  411_af24ac3c [ERB] -> 9809d2c8-5701-4d66-82ce-f92a4b3e2d0c
  411_e3e8183c [KLN,CL6] -> ad9b30b0-b62f-4420-8f0b-901ce6c6070a
  411_e3e8183c [EY5] -> 92215e6f-34bd-410f-bc89-a028a2acb96b
  413_9c5d7a9c [226] -> fd234a14-b303-4414-b17f-1be367700f50
  413_9f4eac9a [II2,II4] -> 009c80b3-6a92-4c58-bf0c-575a06909440
  414_1ba62fe9 [UYM] -> 03597a75-71ac-4534-a7f7-cecee795ca5f
  414_63852e7b [ECN] -> 9b40b9cd-8d93-460f-9322-3a53a85f3b0a
  414_949a8532 [KKK,6XF] -> 4aa9a2ff-f89a-4e24-a864-f593997fb313
  416_8845d560 [PLM] -> e88f9d83-ad15-4a18-8660-c4432ad90880
  417_0e6cd8b9 [PAM] -> 9cbada39-2391-4b61-9ea5-b68b7e54a6d2
  417_e0528f9e [DQE] -> b892ff1b-f46e-41bb-96d2-d3ad7f910f77
  418_8d7c0f49 [E93] -> e54bf820-1590-4cb0-8e6c-82eed7f3a79e
  418_b02dd5c4 [ECL,D12] -> 0d5d7013-d873-4c67-b2a7-eaf49cc39c50
  418_cdc79ec5 [PAM] -> e3a63fdc-c98f-4722-8d46-24d69e0cef93
  418_d6145562 [I6Y,JK9] -> 70f4b3cc-0322-439b-8615-739bf36922be
  418_d6145562 [JFI,5YG] -> 14ada0ba-d46e-47f7-901d-80606365b800
  418_d6145562 [EIQ,JV3] -> 115678d2-081b-4281-bafe-dbff359a67ae
  418_d6145562 [JUR,A1H47] -> 9785d032-f94b-4ef2-85ba-a8bad9c7263e
  418_d6145562 [2QC,HIH] -> 75af12b8-c793-4379-b331-5d28529ab8f7
  418_d6145562 [KB9,JFC] -> 11be0e1f-6f28-4b73-b2eb-b72d2850a900
  418_eb9ea735 [3QO,K2B] -> c3c60554-f8cc-4645-a403-ba556507d9ca
  419_2ab9350e [DXJ] -> d35418c7-b9ab-4468-907b-797825bc0512
  420_545c0f8c [L6X] -> da072c9a-2910-40a0-9c14-eeca9ad713c1
  420_6f493f38 [TES] -> 9da25721-5475-4e0e-bb18-e08d4f147290
  421_0306eb73 [MYR] -> d777fa6e-16c6-4718-a8c4-96bf2543866e
  421_446a58b4 [CAH] -> 9e09f664-7541-4bf4-b585-6058053e8c52
  421_838aa221 [CAH] -> a52b4217-6418-4940-a3e5-cbb178b087d0
  423_69bac218 [0GV] -> a097ce09-ee3d-4b4b-bead-64ceae824130
  425_918da379 [PAM] -> 04c3f14e-59d0-4d92-8d0b-78cb84fe988b
  429_3c548ba6 [PLM] -> 0c795458-8f3c-4252-9556-f1a36f08065b
  429_42e1ecdf [TES] -> d6095fb3-41d0-437f-9978-7be6d517babf
  429_d4604a8c [TES] -> d67c2f37-eacb-448a-afc4-8faebc77d988
  432_82bbf621 [DCR] -> 3e3d7f9b-e44e-431e-a049-28e7b710c6db
  433_1a485928 [FOF] -> cb6316dc-5724-4a6f-8284-68350024f06e
  435_2f9ec93d [B9L,B9O] -> 3f6d69c2-7a42-4671-b197-cee647af0365
  435_2f9ec93d [B9L] -> e9e331c4-5607-40b0-b6b3-794155f9fc87
  435_330d7a26 [M65,M65] -> b47030c4-e762-43ff-8f25-48f056af8a04
  435_330d7a26 [VGJ,M9B] -> 65f8c666-7fc6-4bff-9aa2-36504a1bd413
  435_330d7a26 [VD3,RWZ] -> 80f57e04-8f8d-4055-882c-1455c4081bde
  435_b1170faa [M8N,K2B] -> ddd5a7df-712c-4fe4-8548-834816dad68a
  437_6f9809c9 [CAH] -> 6d188f40-372e-4b3b-9b78-62b9d3312c53
  439_20b8b15f [Y7R] -> 4fe17c82-ff5b-4a62-8e63-adc5ab0b736d
  440_fd3539ea [K2B] -> 9aee9d8d-de52-4fc8-b504-95fe981d2828
  441_9f5ce965 [NE4,NE4] -> f0ae8104-4957-4fd2-94ed-1d7383821768
  441_fdb186c9 [9LF] -> 374d36f3-da5f-4c46-8ca7-8a1f0d856169
  443_05636834 [VFV] -> dce49b87-238e-4970-8725-a8b818ee58d1
  444_2f85a59c [REA] -> addcc10c-734b-43f6-be99-e3a9a571d91d
  446_68e6f289 [VFV,PJM] -> 7671b60f-221b-4bb7-939c-9747498c4288
  448_7a54e61e [VFV,VNT] -> 66c24161-90bf-4087-bb82-c8f5d29a9ace
  450_9c481af8 [VNI] -> d698cae3-0db5-4f97-8c05-5f20c5c5aeaf
  450_e1393289 [16A] -> 565e1d8b-07e5-47a5-8e24-427094efcc6b
  453_31297a04 [LNP] -> 9ea7c364-c47a-4d11-9060-037399bcf70c
  453_3fc5a1f6 [TPF] -> 8b052dfd-7435-4af7-8fcc-15c5f21e1467
  454_40de364f [JKF] -> f872a153-3b3c-4d62-9784-da8fc58c628e
  454_6f07a0ed [LAN] -> 6f9128b7-479e-4647-829b-b902958c91d2
  455_0c860b28 [CII] -> c80bc847-04a1-4a56-af5c-c68ad5c4b23c
  455_48438573 [CMW,CM9] -> 0264a209-6ff1-4535-bad9-50f94dcb3b05
  455_48438573 [CM6,1CM] -> 225acf69-dd53-4a54-9ff0-207982af512a
  455_bf9cfaeb [FW6,88L] -> ce5b3e70-2153-4b9f-9da2-0d189dc6ca30
  455_d4843705 [TPF] -> c1ea923a-a445-40a1-9132-b59c23199a85
  456_8d7b7719 [CLR] -> 0f63c9f0-0fbb-4fc3-a90d-e484dfa042c7
  456_c9a58f1b [BTB] -> 48b79f6f-9251-47c7-89b3-ae3f358a4fd7
  457_0da0339b [9RL] -> 67043664-a407-4f68-99a8-f54a6fe8bafb
  458_683cba10 [WQR] -> 8a521fb0-533c-49fd-b706-c525330e7d8b
  458_c4bcedc3 [VNF,POZ] -> bcd951b1-3048-4b76-86f0-52903d922d86
  460_0f25ea19 [CL6] -> 8b9612e3-2933-4a24-9d6d-b71a479f6116
  460_2af8865f [LFD,LFS] -> fb67b2cb-1242-4672-93fd-a69681fe3fd8
  460_2af8865f [LFT,VT1] -> 9ab3affa-e717-4c13-aaee-667476dc0448
  460_2af8865f [UDO,UDD] -> e941abe0-0ae8-4e5f-8eab-334073557eb7
  461_217b532e [NEE] -> 0508657c-e94f-4900-9bfb-fd6be67cf702
  461_b17f2608 [ECL,ECN] -> 97e31ee2-3683-4f19-94b6-e38105876ffc
  461_b17f2608 [KKK] -> b64d3415-05fb-4c4e-9bed-b399017c252f
  463_2621ae02 [LSN] -> cebb47cc-3743-4c70-a02a-1bd469e09cae
  464_4dc0771e [TPF] -> edea5f7b-3aec-4f44-9079-967831447e32
  467_6a91af88 [26N,TW5] -> 973ad3f9-eb50-445b-aca4-a46b47bffb60
  467_acd53678 [5PS,J5Y] -> a65bdc0a-c175-402a-8c38-1a68e435edd0
  467_acd53678 [TU1,WVH] -> 70d14f14-67ca-46f2-8fce-c67379fdfe35
  467_acd53678 [25S] -> ffbbd77d-105d-40ed-9976-8f22280470ad
  469_ec879091 [18I] -> 0bfced55-e76a-4458-8a4c-64595d97e134
  470_03aefc00 [T9H] -> a3fa749b-7f6c-41d4-8387-f3594dd24ef0
  470_4634f49c [VNI,VOR] -> 352e461d-438b-492c-bbd9-62fedb82cb85
  471_d4280bc5 [2DC] -> 193508cd-e2cc-40f4-bf31-c184a5164c36
  473_4b734b6b [TPF,TPF] -> 0ee10428-3178-4353-88a3-e8954267dde0
  473_6790f922 [DMZ,DIF] -> 0fc06aec-5338-4a2f-ad8d-395002695dbf
  473_82bdfad8 [LSN] -> 5dcce7d6-ff2a-45fb-8860-5d9230aad747
  473_ca85e740 [VT2] -> d1700287-2a52-45bc-a122-dd0d2890035b
  474_5043b011 [05D,YCG] -> 640ec85e-28b5-4adc-8f79-097ad1a4893b
  474_5043b011 [A1BZC,0I1] -> 00e7ead3-93a6-486b-a09f-8006111b99dc
  474_5043b011 [YCJ,A1BY9] -> d59fcec8-9863-4fbc-bf6e-35d2e0647d77
  474_5043b011 [A1BZE,04Y] -> d0ee6505-368c-4efb-9c53-3aa98b29214d
  474_5043b011 [YBS,A1BZA] -> dcc8f853-94d0-4d20-8735-e08da2491302
  474_5043b011 [A1BZD,A1BZB] -> 2c5fc467-50e5-44d5-a033-d438e1be2413
  475_07812ca9 [2QJ] -> f6a3ffbe-05bd-4b82-96dc-7467f44f8fcb
  475_74349f57 [X2N] -> b2955ff9-27f1-404e-bbfe-63876fa66b87
  475_83a489fa [TPF] -> 313db64c-9f0b-49ce-b262-4b238da957bd
  475_c96c5508 [U51] -> f21bb7c5-7cb1-4cbe-8cd1-1e10a173317d
  476_042e6596 [9PL,OID] -> 01900d3a-e99c-4f0c-a669-fb1b28ea3546
  476_042e6596 [LC4,OIO] -> 9b044169-6ba7-4cae-bf90-44ef28a1377a
  476_1c30957d [LSN] -> f9145128-c505-4a80-8cd5-ec831f36113c
  476_1eccdb5d [PB2,PB2] -> e2438f35-4359-4823-a80a-300dea0b1089
  476_1eccdb5d [TMI,06X] -> d30de672-98af-4e9b-9df8-1c7c792afd81
  476_1eccdb5d [CPZ,CGE] -> 376fc5ce-7770-415a-82e5-3c220b7591c9
  476_1eccdb5d [TB2,TIC] -> 8c0ec835-a750-4d1a-a03b-cf4a21167cae
  476_1eccdb5d [0BV,8PR] -> aa6daf33-9fa3-4ba3-8325-9b50b4e1be49
  476_5965a73b [CPZ] -> b61ec1b4-fb9a-4d81-bb4f-fbfe098a1d5c
  476_5b1c057d [LSN] -> 1aa7742d-0cc8-4c05-a842-fe1bbd0c53d2
  476_7621de71 [CPZ] -> 29914b89-41c9-437a-9b36-47676f452153
  476_7cf5aebf [LSN] -> 88bd28bc-37cc-4db6-8268-f4ebb06faec2
  476_84104a34 [9PL,D2G] -> 7f283cc0-87f8-49af-bf3b-553934da534a
  476_84104a34 [D1G,NCT] -> 9139e0fe-bb28-495c-b808-15ff478907b8
  476_84104a34 [8MO] -> 31deec90-8baf-441c-9cb8-744fc1e166c6
  476_8c5622dc [LSN] -> 8f2de664-ed03-42e8-afd8-845a67d06b47
  476_9dbeadc0 [9PL,N4E] -> e8b2f239-5700-46f9-b15f-48f3d5b339e1
  476_aca4f268 [0QA,9PL] -> 0a00a94a-6169-4323-b5aa-779058317e20
  476_aca4f268 [0QA,NCT] -> 6e881de1-be5c-4794-88e4-9d1063d8e6e1
  476_ec577891 [06X,3QU] -> b285f44a-a590-49e2-bf12-2ccf8d91222a
  476_ec577891 [3QO,CPZ] -> db6730ed-5058-493d-ab8f-c5b739d362a7
  476_ec577891 [9ZJ] -> 042a796e-30ab-4dd9-b70f-e6d21c69d72e
  476_f7fff33f [MTK,9CR] -> 1c03ecd1-6cda-4a08-9451-8c09ce561db1
  476_f7fff33f [225] -> 94e53a43-d12a-4c55-9131-42ad60b2499d
  477_39eada44 [0XV] -> 01be9feb-8a2d-4fe4-9de7-eb0843c1ca44
  477_a506c224 [LFV] -> bb47f0e1-1c2a-486b-b7ad-71ca4403c922
  477_f6ac8610 [6RJ,XI1] -> a676bdbe-9b61-497a-924e-c43180dba30b
  477_f6ac8610 [FLP,6YF] -> 4fee448a-1681-4f25-82a4-98ca093c4bcc
  478_6eb03748 [32M] -> 459baf4e-93de-43b0-9609-be757f11a7d0
  478_9f6a0c23 [1CI] -> bbedf0a2-5eac-4dd8-8e80-bebb69ee193e
  479_7301ea5f [V2H,VD3] -> d72fa0a8-1496-4184-a3b5-1749b60da528
  479_af4ae158 [PN0] -> 0fab9adb-5520-43a8-98be-bdd6fa8f22b9
  479_cf53e4c3 [CGE] -> e4cc86b1-c359-45a9-b7ad-bac00a709ef1
  479_f5b99101 [SI6,PN0] -> 9ee13254-9c1f-4293-82e7-a969fe0e0184
  479_f5b99101 [PN0,SI5] -> 67e59b27-f859-4948-93f0-4416f2038386
  479_f5b99101 [AJN] -> 45d23edf-337f-4ea5-8158-b8cb331706b0
  480_0010cf69 [CL6,RIT] -> 55eb6bd7-6073-4f5a-aee7-333b6d3a78c7
  480_0010cf69 [A1BNX,MWY] -> 2fcd616b-1f63-42f7-8aa4-bf92cfa4c9b3
  481_4e319598 [XRD] -> c9732bf0-d3a1-41ef-a789-b73c98195dc4
  481_e03083a2 [D2V] -> ab75c886-8d4d-431e-9e92-aa574a2268e1
  482_3314a5f9 [STR] -> fb59a0b8-9e51-49bd-92c2-6c71c5bbedfe
  482_89b551e9 [CPS] -> c75fd98b-de52-4655-8a6c-7d994d687b1f
  483_4a1aae09 [0T3,1CA] -> 91b0c1c2-9d18-43e8-a102-cc5160697321
  484_08f22cf5 [YSY] -> e5af43b9-77a7-439b-8c13-a880db4400ff
  484_16b493d6 [JD7] -> 0bd0e697-cf88-40b8-bd25-450b9c6b0139
  484_a14ea32d [2QH] -> 68b8d230-35c7-4aa3-a6b3-bbb8145d8517
  485_3260576c [DVE] -> 918ca2f8-4b17-4d20-85af-ee183115ed85
  485_6cd5c2fe [KLN,RIT] -> ad0d3c25-2642-4aea-b0cb-8bfab5e87b33
  485_6cd5c2fe [MYT,ERY] -> 16b02c28-b98c-4c9d-958a-0da0a826ae2f
  486_62b873ed [YNV] -> d191121d-0b3d-463c-926c-58d76b11dfef
  486_c05cda03 [ZWY] -> 5fb19824-90dd-40b2-a25a-dd80909c29f1
  486_ee37fc5f [HC9] -> 46c2aaf4-94be-4f4a-b3b6-05e8976a22ef
  486_f605e37d [CL6,A1ASQ] -> 4cb5eec6-f554-42bf-984f-cc332f240b55
  486_f605e37d [A1ASU,A1ASV] -> b17128a0-913b-492e-852a-4d1e3a654071
  486_f605e37d [A1ASP,A1ASS] -> e4ae8d36-ff13-4973-855b-c57398324315
  486_f605e37d [A1ASO,A1ASR] -> 16da3e33-5813-4522-aab8-a80be61c6aac
  486_fe430384 [MYT] -> 0ba1bee9-2d45-4233-85c6-cbf8eda91bba
  487_32859637 [X1O,X4E] -> 8bd41119-d101-43ed-be6b-c4a1c8a3aecc
  487_32859637 [X2Q,WZN] -> 8509caa0-61b9-45f3-806d-64c4639754d8
  487_32859637 [X1I,X2Q] -> f567a359-7f26-4170-aa1b-4be64a169227
  487_32859637 [X1C,8AW] -> 51f0f19c-8996-47c2-a6ed-02cbe2daa877
  487_32859637 [PKT,T0K] -> a1399ad4-180e-4c27-a185-8afeb179ef94
  487_32859637 [O3L,X0E] -> 62dd1f65-85af-43ea-be6a-da74e8aa9178
  487_32859637 [A1A4S,7AW] -> 0d91112a-e624-47ae-a6f2-a189d31ee5bd
  487_32859637 [NH0,X7D] -> 51dc8118-8687-4378-9c98-17e2664728a4
  487_32859637 [X6S,NI6] -> 9889e42f-34d8-4ba8-be33-14f514db7b8d
  487_32859637 [X6V,Z8Z] -> 4c49dbfe-5ede-4fdc-93c9-c480dace0423
  487_32859637 [NJO,6AW] -> b5ef8c77-0738-4742-ae72-2bbd8b1e257c
  487_32859637 [D0R,X5Y] -> 1aa6f1a9-35a2-4aff-9d3e-7bef0e836705
  487_32859637 [X71,J9K] -> c535d97e-12ed-4f9b-befc-23104b25345f
  487_32859637 [A1A07,D81] -> b059a5c9-202c-4068-9da0-285e1bf38558
  487_32859637 [Z9Z,A1APA] -> 719f51f5-053e-4cd3-832a-0de4c9406b29
  487_32859637 [A1A4T,RIT] -> 3bb36866-1a8d-4841-83e4-037c3fff7c19
  487_32859637 [1RD,X7M] -> a56b6869-f7c8-4284-ae88-0c35e33e1903
  487_32859637 [A1A08,A1A4V] -> 46c9f311-0940-4690-87ed-6d8753cd4cd1
  487_32859637 [A1A06,X7P] -> 55c70dcb-9ae3-47fa-a624-b3096959cd89
  487_32859637 [QEP,A1A4U] -> 57a16bef-67da-4642-84b1-54a9b323254e
  487_32859637 [X2B,G0V] -> a4e580cd-8d0a-4f85-b68a-2c1d310ee73a
  487_32859637 [D7J,Y83] -> e313ddc2-a226-427f-a8d8-b731ff20ce38
  487_32859637 [A1A4K,G1J] -> d195dcf0-2afc-48c0-95a6-d984b812b218
  487_32859637 [80K,X6J] -> a627403d-5665-4bb1-b873-26a40e87e51a
  487_32859637 [G1D,G0Y] -> b7a50806-b4eb-497f-9d90-6be613a55e67
  487_32859637 [G0M,WZN] -> 9b107455-1c3d-4f7a-9c4f-243827404ed9
  487_32859637 [G0D,D7M] -> a767b3e9-b5f2-41fb-ae9f-9801afe768cb
  487_32859637 [DEJ,D7Y] -> 83d6f3f7-8e0a-4346-b3a7-f896a56d9895
  487_32859637 [O39,NJ0] -> 3e45dde0-4171-4ae7-97c1-bd8351d36ab6
  487_32859637 [QDP,MYT] -> ec46d015-3081-4c9c-8fd0-bf3bff1a6b48
  487_32859637 [FZV,QEA] -> 2d858956-5477-4e9d-8cc6-45f57c0b1641
  487_32859637 [QES,5AW] -> 6ba9d512-61e6-4740-9c80-1e945e23286c
  487_32859637 [QE4,DJ1] -> 7252b95d-cccd-46b6-bcfb-1d33985bcdbc
  487_32859637 [DEV,G0D] -> 1cb4a082-4e91-48eb-851a-03e39cc625dc
  487_32859637 [QDV,QDJ] -> dbd1fa62-cb40-41fa-9fde-06469a8434bf
  487_32859637 [G0J,FZV] -> 5474ac4d-eb40-4b86-8e21-85f8320f325a
  487_32859637 [QDY,08J] -> f5dfc9ad-a546-4072-bbfa-4061fe6626cd
  487_32859637 [CFF,08Y] -> f1336093-8517-4022-987b-d5a71557bf83
  487_32859637 [CFF,MWV] -> 0d888dcd-9dab-4377-b1c8-b4ae5bc5b3bb
  487_32859637 [X8S,TCI] -> 399175f7-44e8-4316-bfd4-1638c89c0973
  487_32859637 [MWY,A1CIW] -> 82d35e3b-e9e4-4ae1-b400-ae9ffcae929d
  487_32859637 [MWS] -> e9b5eecc-057d-4d23-b63e-4a03b251424f
  487_3996026d [TPF] -> 11cf11e1-7229-4cc5-b2e4-d9684d3ada3a
  487_6d9fa596 [PG4] -> ef9f56c8-3b6c-4006-b8a5-a12f90750fc6
  487_8538537b [X74,X7J] -> f7e5ba6b-e54e-4d21-85e3-96e7db91b4c9
  487_8538537b [NXR,NYF] -> 00d79b1d-69c1-4d6b-ae96-e3eb063581df
  487_932e3608 [HC9,HCD] -> 238acd71-f86d-4c07-a607-a67b842ea259
  487_932e3608 [CLR] -> f8d6b0e7-fc05-413e-be61-cf107f6647db
  487_ecbf61ae [RIT,08Y] -> 21845305-cc0b-4981-a4e1-33f1ea5f7978
  487_f5412e3a [PK9,PK9] -> 2369b465-99df-4ab7-b6f8-1a4051809754
  489_c3fc2428 [YHM] -> b48d2abc-f0d0-4fbe-92f8-7961f3784fd2
  489_d6dd2913 [QHC,O4T] -> effe2211-a278-4d73-aed7-81fed662e72b
  489_d6dd2913 [O4W] -> b6422150-ed06-46c1-8826-7147dfb584be
  490_6a8e1ea2 [X2N,VT1] -> 89de636d-2d13-432d-9209-5a5e64bae1da
  491_3c76f070 [UCZ] -> 2a8d66d2-10b7-4f9f-bef5-2aa050e1fc0f
  491_57ef6006 [HJJ,Q4M] -> dd68f577-334c-4a7e-b182-dbe0dd6c859d
  491_57ef6006 [Q4P,BHF] -> de59bf94-eeed-4d2b-b6bd-deabdb17c8cb
  491_57ef6006 [AQ4,KUV] -> 4fd09418-d0a0-418c-ad39-5774eb872116
  491_ec153e60 [0GV,K2B] -> 437712c8-e86c-4444-adcd-492102b5566e
  492_9ba7e278 [OLA] -> e9374863-2edb-4f33-9cf9-4793e68d1559
  494_df1f3120 [XPK,3NR] -> d2371eca-6597-4c81-98ff-d9414a875aa4
  494_df1f3120 [UDJ] -> 664f87fb-28d4-4b63-924d-db5ee2689ba6
  495_3cc65aad [BHF] -> 86df2bcf-3fca-4b4a-aea5-3ac80da83258
  495_4b188212 [243,T25] -> f2a99c3e-cd81-4755-a6a2-816934dedf67
  495_90353ec6 [243,T24] -> 6476e486-6ffc-4da8-adbc-7cea055c7d04
  495_90353ec6 [T25] -> 1d03a963-37a2-475f-aef8-b83af743d7f1
  497_9e5b0951 [V16] -> 2c56c1f9-6ae3-467d-9c22-79fbfb9d2443
  498_b2766aaa [MXD] -> 6b209037-fcee-4f4e-9322-c502f52e5647
  503_f3121c0f [ASD,ASD] -> 0dc7cf4c-5d76-47ad-9598-e04fa7572160
  503_f3121c0f [ASD,TES] -> 7a8be1e9-767c-47f0-a0d8-00cd0d6001c5
  503_f3121c0f [ASD,ASD] -> ebca725a-1cf8-4b51-aca3-e85b9451c7d9
  503_f3121c0f [ASD] -> 7d94d7f2-d654-42a2-8004-3a693704a5de
  509_e452cdaf [AER] -> 4a123e40-8197-4160-92b0-d652ff0692c5
  515_00bd6347 [1YN] -> 9ed0b59e-5da6-4728-be7a-9d28618bf60d
  536_e0febc59 [81H,LAN] -> a7244583-0e0e-4ae2-8d6f-22875b7cc0b3
  537_fdcdbc81 [1YN] -> fa83cc34-a53d-4588-97fa-9241f1cda61b
  539_5aebb388 [SKX,A1AB6] -> 94579e15-aa0b-48db-afb9-14da33378817
  539_5aebb388 [1YN] -> 51ab9f09-9edd-40c9-b7f6-c03d3b9f2936
  539_5f23ede7 [VOR,1YN] -> 514a301e-c7c6-40dd-89d2-130b04aaae20
  539_7cd83d49 [VOR] -> 4e64c13e-5422-4e4c-9b09-b515a43c3c53
  539_91e1b8cc [VOR] -> 297d5b31-122d-4386-a18f-3ac02d2134ef
  551_c92602dd [LAN,JDJ] -> b15810d1-58ac-4557-a856-cf6c8112f7b5
rep 15: 491 pairs to fold
  368_3c6d23e6 [36Y,CPZ] -> e710b82a-72ae-445f-8505-1eede68a6f2d
  368_3c6d23e6 [3SQ,36Y] -> 5fa89ae5-7b40-4419-b4b6-cd78364f2fc6
  388_7e6828a0 [A1MAI,L0O] -> 76fe04d4-4f89-4672-9f7b-6f07e40e1022
  388_7e6828a0 [A1MAJ] -> 0596e836-106b-4224-b654-cc6cd5edcd08
  390_41f96d07 [A1EGF] -> bef00603-dad0-43ea-bc76-eb9215a61e19
  393_40400e22 [DAO] -> ccadb6ee-9502-49a6-acf8-e1c372187453
  393_47d43e97 [DIF] -> 0c1f141a-e6e0-4644-86f3-9ff1aa5928f9
  393_7d481b62 [4IA] -> 2f68d81c-4848-41d1-9ddc-b058c86afe39
  393_c3358fa1 [8QM,4IA] -> b679308a-4f14-4e57-83c0-b95baca485e4
  393_c3358fa1 [EH1,81J] -> 6b0697dc-239f-4110-ae3b-0c551d66abc8
  393_c3358fa1 [EJD,EJV] -> 12b9458f-de7c-4d5d-b154-f1a33ad696f8
  393_c3358fa1 [HX1,81M] -> 251e1477-fc88-4b3a-88ad-db6c7206876d
  393_c3358fa1 [QZP] -> 5c15c4b0-1e0c-4038-b6ff-5b76c8df8658
  394_ffc37182 [1ED] -> fe253e75-0056-46b7-8ea0-569e0ba86e1e
  395_f9cfd803 [TQU,QFD] -> 7bcd4b81-d85f-4c7c-84d8-de617dc9cde6
  395_f9cfd803 [KEQ,YTT] -> 371aa413-2d8b-41ac-9ccd-cd18ec9ef90a
  395_f9cfd803 [1GB,YTT] -> a0f3b9a2-0fbb-428a-8107-97923a1c7699
  395_f9cfd803 [YTT,1G7] -> 9311c419-ac4d-4ff9-80b2-4a05e66ea16d
  396_475f6489 [ID3] -> 346446bf-80bb-4455-8729-f82d2aa79b2d
  396_672140e8 [9KE,9KB] -> 63833580-f2fb-416c-aa17-b7fffd3592c1
  396_672140e8 [69M,TZM] -> 7052d481-a19a-4742-9708-461aaf6bef7e
  396_672140e8 [GGJ,69W] -> 57bbfeeb-e146-4c72-bea3-d6516af74b33
  396_672140e8 [TPF,MQN] -> 23744e72-62f9-4fd1-be70-164861b80a2f
  396_672140e8 [69S,KEQ] -> f5dd4f2b-d897-4a73-a79b-124a46c3599d
  396_672140e8 [KEZ,Q47] -> cc750733-949f-4f43-8948-c85a491bc8a6
  396_672140e8 [KEH,N5Z] -> 6261f83b-e06d-45eb-aa91-3f043cafbc6a
  396_672140e8 [N5W,KEB] -> 18ee2bb2-f51f-4dd7-a416-c6d6b9b437ca
  396_672140e8 [KEW,ULZ] -> c6b6ea66-c0cd-4a5f-a816-e00db0146eda
  396_672140e8 [OUC,KE5] -> 9090f9ee-a6d7-4f6c-8f48-fdafe9b42f6d
  396_672140e8 [N55,R2H] -> d836e5e8-ac6e-45df-9ea2-c986aa0965b4
  396_672140e8 [KE2,YTT] -> db37e160-1555-4c74-a06a-ba6966d24da1
  396_6abe88bf [EV1] -> 8b8f8658-e855-4201-b34b-91f9ae8cbf62
  396_9ca07298 [4UH] -> a9fffc23-b92a-464f-8809-04e7660a94fb
  398_712f2bbf [5YG,ENK] -> 2535f26f-02a5-4e60-b991-024a3aaa6b61
  398_712f2bbf [DQE,PG4] -> 58bbdd31-52ba-4679-a857-ca0995d708cf
  398_712f2bbf [EIQ] -> 5cf8f319-4d07-4016-879b-6591725b7c57
  399_d04da719 [EMZ] -> 13d4137d-73cf-4203-8d08-2b88c0730b69
  400_3b97c392 [STR] -> 167bf7e1-ddcd-4256-8d08-126cc6d4f44f
  400_77edf82b [ASD] -> 939487ad-6a83-49dc-bb71-35ee6f54f54a
  400_dff94071 [STR] -> 31f0b4ee-2dbb-4051-9d6b-4a6fb49b9fcc
  401_a9170273 [RRM] -> 09fed145-011c-4cd9-906b-9532ff69c2a7
  401_b00cace2 [RRM] -> 89b986ee-2276-4daa-8a57-c490f0f9f576
  403_b29b1ed4 [DEB] -> eb454a7b-e5d5-4484-ac55-677cb704e240
  403_b3a2f553 [KTN] -> d7e8f5fc-7d91-4643-9d3c-dbc3b91ebdd8
  403_e7509160 [KTN,9AP] -> 5149c18b-a69c-402b-acbe-30417ebb6b50
  403_e7509160 [ASD,DEB] -> fa971469-139b-4ffd-9f38-7b7458d1032d
  404_7fe08af5 [DEB] -> bbd50e8b-4ea3-4144-b749-614a1ff8ecae
  404_a7f52c3e [DEB] -> 4e9b2dd3-044c-4ac1-90dd-9ce170416b7a
  404_da66167c [DEB] -> 9a74eb40-ac85-43b7-9ea4-1e08735e1c42
  405_04029c87 [K2B] -> 735a584a-7540-4d91-8eaa-e71004cc8b7b
  405_90b62d6a [GWM] -> 7486b220-aae2-4f8a-afe6-8e7d78260bf0
  406_a7c41b23 [FLV] -> b815c576-afe0-4c25-90f9-ade9d2062d6a
  407_496a34be [FLV] -> 19ba986c-48b2-425e-a73c-364077883c04
  407_6f94dcc0 [NQ] -> 7315c784-dd24-4f37-ab17-4dddcd40db48
  407_79f598c9 [K2B,C3S] -> fa8ab83d-4cb5-4e52-8e88-669f457371f6
  409_7ea29415 [NQ8] -> 97e53886-87dd-41bb-99ff-80062e64c4dc
  410_33697e28 [5R0] -> 50b0762f-85df-4231-bc26-0be3ef3dec18
  410_420f8942 [YJE,UB7] -> 881f5bae-129d-4fc5-9b71-e86e155d166b
  410_824c8e4c [EJD,PQS] -> 70e8a252-8f4c-4e21-ad93-c5aeeb05f668
  410_824c8e4c [IRJ,M4F] -> 18281d70-4d14-45fc-85e5-830a80a5f4f9
  410_824c8e4c [81M] -> 2139ea5c-3523-4dc1-99db-ed0c8f8c30e4
  410_83d6f89c [5R0] -> 39692921-7872-4776-aa31-6f50c7601f23
  410_b64fbb1a [ASD,STR] -> 923fa4ad-db4d-4f52-8fbb-fce054f1dd3a
  410_b64fbb1a [PLO,TES] -> 966dbe59-b146-4e0f-9614-e77c2ea0c904
  410_bc4a20dd [PQM,PQP] -> c68ef82f-9cf6-4112-a860-1431111cd7aa
  410_bc4a20dd [LVC,L4I] -> 72e061a5-188c-482e-b362-545b434ba070
  410_bc4a20dd [M4F,L3K] -> 62b0cc10-de6b-4838-b139-025864bc484d
  410_bc4a20dd [OW7,8ZU] -> 074029cc-5b81-4899-ad52-ebce2ec7d025
  410_bc4a20dd [TWO,8ZU] -> 5ed0221e-cbd7-4269-a5d7-e54833d06951
  410_bc4a20dd [K3Z,QDB] -> c5ae7205-88de-4131-95c5-ad476bb8fb47
  410_bc4a20dd [1F1,ZRS] -> a791c8b1-f80a-45b7-8a5b-9112b4fad7d5
  410_bc4a20dd [LVK,KQR] -> a1e130dc-5ebd-4ea3-bd23-247702ae2874
  410_bc4a20dd [VLG,PQS] -> a44e833b-a12b-4909-8d80-20ff4abefd8d
  410_bc4a20dd [KQF,Z7Z] -> 48151356-1570-430a-ad1e-0a8710e21074
  410_bc4a20dd [JO4,JO4] -> 0be9b4ba-6076-4b6b-9606-70a46c3df37e
  410_bc4a20dd [FIV,JO4] -> 9411d91f-e535-4400-a014-211905bbf635
  410_bc4a20dd [JO4] -> 5b26fb91-3796-442c-b159-6970087f222d
  410_f7949552 [EH1,Z7Z] -> e93c3b60-f060-4c1b-b767-22a995b2a1c8
  410_f7949552 [8ZU] -> 91ed5e0c-d11a-465b-a38c-ad5ae089e368
  411_4ad73dbc [MYR] -> fb780e5c-86f8-4402-af2d-e666938eb7ed
  411_af24ac3c [ERB] -> 10471937-4dcb-491f-a13c-33b6a7edf0bc
  411_e3e8183c [KLN,CL6] -> bbe70967-e632-4a0e-bf00-8da7db15d200
  411_e3e8183c [EY5] -> 59423557-4325-4fbb-9599-e440f77fe571
  413_9c5d7a9c [226] -> debc1ee2-13b7-426e-b86e-de516f48df3e
  413_9f4eac9a [II2,II4] -> dec17d27-d4ed-4394-b4ce-11152d30d884
  414_1ba62fe9 [UYM] -> b0e02658-36a2-4ca9-bdcf-bf8c997da4e1
  414_63852e7b [ECN] -> b1d34e8d-6329-45f9-9cdb-2a8e60cf8d6e
  414_949a8532 [KKK,6XF] -> b03f3ce8-da7b-41f5-a580-e5496ec9b7fa
  416_8845d560 [PLM] -> 497eefcf-8e33-46ca-b490-4e5b928c5243
  417_0e6cd8b9 [PAM] -> 0bf8ad79-f21e-4a9d-bc99-e1d7ed9962b4
  417_e0528f9e [DQE] -> 1b787dbb-65bb-4db3-8d19-a733fd3ef759
  418_8d7c0f49 [E93] -> 56c25564-3f7e-4433-b9b6-1966fc3183a2
  418_b02dd5c4 [ECL,D12] -> fc44570e-0f60-4232-ac02-f68b19248a8b
  418_cdc79ec5 [PAM] -> a3fc7992-6b56-481f-a468-9583aa1b6a8f
  418_d6145562 [I6Y,JK9] -> 0cdbf351-aaf0-4056-8e38-009b49dddab4
  418_d6145562 [JFI,5YG] -> fd3607a1-bf2b-4a57-b1bb-a5daed660254
  418_d6145562 [EIQ,JV3] -> 9f8f617b-64c0-4ec8-b2a1-41e37b834ad6
  418_d6145562 [JUR,A1H47] -> 8cdaff4b-c23d-46e9-88c6-cec0aed65be9
  418_d6145562 [2QC,HIH] -> 74bb91c9-434b-4e44-b47d-06cc67e3f247
  418_d6145562 [KB9,JFC] -> 04a06022-f371-4022-b9ec-17e765bf7310
  418_eb9ea735 [3QO,K2B] -> 23cab175-7ecc-4ebb-9458-4305d2f657a6
  419_2ab9350e [DXJ] -> 1aff8d61-6e0a-4399-9913-bba4aa0ae4de
  420_545c0f8c [L6X] -> 644f70d4-24c2-4294-8801-03965f2e36aa
  420_6f493f38 [TES] -> b029d62c-8bf2-49d6-b098-1ab9a8f64b84
  421_0306eb73 [MYR] -> a6c7fcbd-5273-40c8-9cb3-ca0673bd1f2e
  421_446a58b4 [CAH] -> 4e9ddc65-e9aa-4cd6-af10-cca0883e8b65
  421_838aa221 [CAH] -> 483fcac4-40aa-47e9-97f5-01a43697d1dc
  423_69bac218 [0GV] -> a7a35f09-f9f1-457a-a886-27a4aca848eb
  425_918da379 [PAM] -> 47a9e30a-a58e-49de-9bb9-7ce8ed8ce43f
  429_3c548ba6 [PLM] -> fc465414-6629-4e5d-bb38-7291983012c8
  429_42e1ecdf [TES] -> c9886422-1542-48f6-a307-0248103501e6
  429_d4604a8c [TES] -> a74d5a6b-53e7-4a5d-88e2-62bcc023eebf
  432_82bbf621 [DCR] -> 869cade9-bc6d-4320-9059-bb7e8ce9aa27
  433_1a485928 [FOF] -> f05082d9-4410-4f25-bc4b-e2a8aa9d8c80
  435_2f9ec93d [B9L,B9O] -> 9035b7a3-4f0a-44dd-abdb-b46cff8ef5ed
  435_2f9ec93d [B9L] -> ff5cd0a4-2c5f-4fd4-aca2-b3a28f502c8f
  435_330d7a26 [M65,M65] -> deaf39be-3f8f-4a98-bb1a-93006abded0d
  435_330d7a26 [VGJ,M9B] -> bdec1860-22e7-4c16-8a33-c0907184ea66
  435_330d7a26 [VD3,RWZ] -> c37c5829-e3db-4d8a-8fd7-f13ac79e74c1
  435_b1170faa [M8N,K2B] -> 98a6760d-35a5-40a8-aaed-8cd083b39a24
  437_6f9809c9 [CAH] -> 7c51d6aa-debf-4cfa-b5b2-184a168abe4f
  439_20b8b15f [Y7R] -> 903e80e9-261c-4a90-b041-517ac001bcd3
  440_fd3539ea [K2B] -> 1f4e8f58-0861-4e21-a230-76bfe9a88b81
  441_9f5ce965 [NE4,NE4] -> 96804d9d-225e-47da-a3ac-676e8c81af55
  441_fdb186c9 [9LF] -> 41963ca1-e1dd-44c9-8e73-17da7f0b19b0
  443_05636834 [VFV] -> bb8396e1-fe1f-4068-a160-dedd63142bd1
  444_2f85a59c [REA] -> 18fafa67-2c2d-4799-b60e-448999748cae
  446_68e6f289 [VFV,PJM] -> 52cf1d0b-b7c5-4b8b-a400-b96ce258076f
  448_7a54e61e [VFV,VNT] -> afcb60fc-c5f3-4e86-bc22-45f28cb4799f
  450_9c481af8 [VNI] -> 9cc2a88f-41b9-4bc1-8738-89f89dcb201f
  450_e1393289 [16A] -> 7bf03ebd-c483-41dd-adb8-abece17e5dcc
  453_31297a04 [LNP] -> d7474ecb-0713-494e-a002-e8387b9af48c
  453_3fc5a1f6 [TPF] -> 88fcb7c1-d6ad-439a-be9b-0b1ba7e1312a
  454_40de364f [JKF] -> 10608eb7-2af1-4280-97b2-84a0535a2661
  454_6f07a0ed [LAN] -> 7b58ba47-72f8-47ce-be2d-a94b6345b474
  455_0c860b28 [CII] -> 5c3f5b96-aa7a-4a3c-b84f-aac0fcdc5f40
  455_48438573 [CMW,CM9] -> f758d494-a6e3-48cc-95c1-9c9eebc35afa
  455_48438573 [CM6,1CM] -> 2d2e9bb3-3ada-4d21-a4ed-ce218cdec589
  455_bf9cfaeb [FW6,88L] -> 58d19025-2d1c-422e-a2fe-77f882d06158
  455_d4843705 [TPF] -> 56ccc204-3863-4335-bd67-c8ef7efd06d8
  456_8d7b7719 [CLR] -> 1d5d5be1-a88a-481e-b745-b45768ceeaa5
  456_c9a58f1b [BTB] -> cebf0295-3ab1-4b07-9f98-745a1933421b
  457_0da0339b [9RL] -> 6c51fa04-1c26-4ce0-9092-b0e4d8464669
  458_683cba10 [WQR] -> 19d8f709-8c7b-4ecc-90a9-a6db674d2574
  458_c4bcedc3 [VNF,POZ] -> a69d1105-0681-4171-9797-73248fd49044
  460_0f25ea19 [CL6] -> 61a74d9b-9f99-41f5-9a25-2e063c060215
  460_2af8865f [LFD,LFS] -> ac2bc837-e928-4bfa-b9d4-31e85d620710
  460_2af8865f [LFT,VT1] -> 2b82f593-a3da-4f85-bc48-db6f2441a151
  460_2af8865f [UDO,UDD] -> 03f571c9-6ff5-4b1f-9189-211efd7d2ca0
  461_217b532e [NEE] -> ef8bff31-d3af-4a78-bb10-e234010c3000
  461_b17f2608 [ECL,ECN] -> 36fea5f1-b0d8-4dd8-bfa2-e82f44f1cbc6
  461_b17f2608 [KKK] -> f86569ff-c72b-4131-91c8-8c592a940f61
  463_2621ae02 [LSN] -> 961ede34-e5f9-474a-9434-d1d96defd933
  464_4dc0771e [TPF] -> 8d1c4368-2f3f-493e-b771-e5963d28c7fb
  467_6a91af88 [26N,TW5] -> 98bd5e24-6a3e-4c8f-b11f-60c304de35b0
  467_acd53678 [5PS,J5Y] -> bb76b764-9bd4-4507-b3f6-342e89c3f500
  467_acd53678 [TU1,WVH] -> 68cb0cb3-00fe-4d14-a7ca-2bd893fb7d46
  467_acd53678 [25S] -> 653d3726-50c6-40cd-a23e-376e736b2219
  469_ec879091 [18I] -> 9a29b38d-56e1-4b6b-96c4-3a09d1d4cd1a
  470_03aefc00 [T9H] -> 78717a6c-1527-41e8-8c46-2ceb59abf08b
  470_4634f49c [VNI,VOR] -> 185a84f5-1291-4aee-9f4e-8090207dd3e5
  471_d4280bc5 [2DC] -> a899a6a9-a0ec-4caa-9297-27f7968ccde9
  473_4b734b6b [TPF,TPF] -> 4f39dee7-1a93-4d8c-a98c-f596eb2615ec
  473_6790f922 [DMZ,DIF] -> fdbad1f2-5eb0-4907-a916-39a3b072ccb2
  473_82bdfad8 [LSN] -> 08aa9a6b-d362-44f0-80eb-d668ea10793c
  473_ca85e740 [VT2] -> 09fd0af2-21ac-4ee1-ad51-e3894158007c
  474_5043b011 [05D,YCG] -> 6eb1da47-0ba8-4478-854a-259f70b9908a
  474_5043b011 [A1BZC,0I1] -> a6220f28-6d71-44e0-b82e-4e41459c75e8
  474_5043b011 [YCJ,A1BY9] -> 2022b213-0f11-43cf-816a-de6366b15773
  474_5043b011 [A1BZE,04Y] -> 57b771d0-2267-400d-a6cf-1eb7f4084d65
  474_5043b011 [YBS,A1BZA] -> 11f1e96f-082e-4b59-8280-2bd1aed4a496
  474_5043b011 [A1BZD,A1BZB] -> 74b7c0db-d12b-49b5-a727-1aa6ad6245a1
  475_07812ca9 [2QJ] -> b8f11761-793f-4f5e-ab23-d28661bfdb51
  475_74349f57 [X2N] -> 683fe3bd-3666-467f-99e8-76b665678a0e
  475_83a489fa [TPF] -> fa4edd64-2a15-4d02-85da-7c9ef691bf8d
  475_c96c5508 [U51] -> 214b47d5-5004-4957-8248-b4df79bb0507
  476_042e6596 [9PL,OID] -> b7b8d2c0-ea11-440b-8e84-b384d8913838
  476_042e6596 [LC4,OIO] -> c82863e6-e92d-4994-b9bd-c73e82d95223
  476_1c30957d [LSN] -> 960bc6ec-295b-414e-a752-4224bb559429
  476_1eccdb5d [PB2,PB2] -> 21fab4a7-c141-4f10-9c4a-33e6d1476e82
  476_1eccdb5d [TMI,06X] -> 0a835c2a-9585-4bbf-a2d6-8f44e8fd3eb2
  476_1eccdb5d [CPZ,CGE] -> 409df170-82b0-4d47-babd-acb5ef01be32
  476_1eccdb5d [TB2,TIC] -> 11f0b86c-37a9-4a96-a023-5cd7a9dfa7f4
  476_1eccdb5d [0BV,8PR] -> 3550e666-1ee6-4f41-9c09-52b82a04abf3
  476_5965a73b [CPZ] -> d7a872e7-9030-4ee0-8e8e-aca7cbe4ede9
  476_5b1c057d [LSN] -> 5068259f-f7b8-4d6e-8016-b1e375cab046
  476_7621de71 [CPZ] -> 1366aace-623b-48e5-9c5f-9c117fed758f
  476_7cf5aebf [LSN] -> b06b47ed-28dd-4623-8776-4b61c53e3e18
  476_84104a34 [9PL,D2G] -> 47fa5c20-c854-4657-8e25-dfb0ca9e7e4c
  476_84104a34 [D1G,NCT] -> 50dc7207-4e23-4636-b1bf-217013b8b179
  476_84104a34 [8MO] -> f968dace-1d07-4ddb-a426-ecab85ac4257
  476_8c5622dc [LSN] -> 993f710c-339a-41c7-bfaf-13b38c36950b
  476_9dbeadc0 [9PL,N4E] -> 3ec7079f-5435-40eb-83e3-622e7176d32a
  476_aca4f268 [0QA,9PL] -> b2e27a9a-649d-4d3f-84b9-1dc6c84774fd
  476_aca4f268 [0QA,NCT] -> e61c688b-c4be-4158-80ac-130ff9fa3f4f
  476_ec577891 [06X,3QU] -> 2a8096b3-1731-43ba-bad1-90de0b735426
  476_ec577891 [3QO,CPZ] -> 7b23b6e9-a53d-4050-b196-a3a76eb5173d
  476_ec577891 [9ZJ] -> 7ea65d60-e24b-4dcf-b872-e1a3403ec3f8
  476_f7fff33f [MTK,9CR] -> 94647130-4d0c-4063-a3b1-24f8f6679eb6
  476_f7fff33f [225] -> 4201da9e-3161-47a3-bddd-ceefe3af13d1
  477_39eada44 [0XV] -> 9d42dbca-78ee-4b04-85d6-4a9cb079409c
  477_a506c224 [LFV] -> e8c4abee-dd83-4a7a-a75f-60d51b3d5927
  477_f6ac8610 [6RJ,XI1] -> 56645646-616d-4d0c-b494-168b86a014fc
  477_f6ac8610 [FLP,6YF] -> c94bc176-a4b2-4fb7-93c7-ced2c1b9d50e
  478_6eb03748 [32M] -> 761076a9-3494-4f4b-b2ed-33e978388cb5
  478_9f6a0c23 [1CI] -> 11dcc07e-de3e-4411-9341-f285e619bf51
  479_7301ea5f [V2H,VD3] -> bef5b656-b21e-474c-8b7a-baf3f5855d43
  479_af4ae158 [PN0] -> 3aa95275-0159-4aa9-87e4-d4c4b07859a4
  479_cf53e4c3 [CGE] -> 3d78863f-6e32-40bb-9cb3-873c5b0dc9b8
  479_f5b99101 [SI6,PN0] -> 98237a3d-ecb1-4746-b389-85c673c6108f
  479_f5b99101 [PN0,SI5] -> 6204f6cb-c6ea-4c53-b23b-39112dd469a3
  479_f5b99101 [AJN] -> 72374945-163e-493f-881d-c6f461b2de0e
  480_0010cf69 [CL6,RIT] -> 2a29f183-5394-41d7-ba09-0f1e25f0701b
  480_0010cf69 [A1BNX,MWY] -> 9098d457-2f2b-400a-a888-c5c5b3509098
  481_4e319598 [XRD] -> 8954f8e6-0f7b-4335-a40c-e798be74a48b
  481_e03083a2 [D2V] -> 1e210f0e-b084-46dd-b353-60303546df82
  482_3314a5f9 [STR] -> 30eb6c60-9813-40c2-8de1-47b2c40e9ff6
  482_89b551e9 [CPS] -> 8603b38c-51f5-4f28-99b3-2fc367b0b33c
  483_4a1aae09 [0T3,1CA] -> 2f8bd3c3-2102-4857-966a-06ae4ff6659c
  484_08f22cf5 [YSY] -> b2eb31a4-551b-4deb-a117-d5e88da9e9ae
  484_16b493d6 [JD7] -> 8bafd52a-8204-4783-9fc8-ed1aeed19452
  484_a14ea32d [2QH] -> bd02e1c9-4c4b-4b4a-9092-d042b8cb0a19
  485_3260576c [DVE] -> 532a1138-201a-4389-83ee-537fde3810b2
  485_6cd5c2fe [KLN,RIT] -> 4017d0f9-a94a-48e5-8329-3694fcdff268
  485_6cd5c2fe [MYT,ERY] -> 2b2a2477-8fab-47e3-8fd8-62fc78fa2bb1
  486_62b873ed [YNV] -> 5c573ad8-a714-4e8c-9911-8c2272439ae2
  486_c05cda03 [ZWY] -> d205cc0b-4f17-4bb7-b163-90855d023a9e
  486_ee37fc5f [HC9] -> 2c98455b-32f9-4408-aa1b-12dbaa2aefdf
  486_f605e37d [CL6,A1ASQ] -> 9fcad640-7149-445a-87a2-f53c445b2af5
  486_f605e37d [A1ASU,A1ASV] -> a0b44577-01dd-4259-8cd8-fbde1075b083
  486_f605e37d [A1ASP,A1ASS] -> 5afeb33a-9ded-4838-aa47-b196e0618ade
  486_f605e37d [A1ASO,A1ASR] -> 66951867-db0a-4b09-8fd3-4d10c7c74303
  486_fe430384 [MYT] -> 5dc9777b-4ca9-4724-aa1d-4d3368ce1ccb
  487_32859637 [X1O,X4E] -> aa30fb7d-c9dd-4480-91ee-77fe8b00e72f
  487_32859637 [X2Q,WZN] -> 7459d9ae-57c1-4e91-ae62-74163348a546
  487_32859637 [X1I,X2Q] -> 65fa4310-6d38-46f5-94d3-6f909a21e93a
  487_32859637 [X1C,8AW] -> 85dc4bc5-b968-4cca-bae5-370b4e42a363
  487_32859637 [PKT,T0K] -> bab92e4e-a616-4958-9664-b1f5b2d7bcf8
  487_32859637 [O3L,X0E] -> 97b33338-f755-4305-bb5c-8da062e6b7c7
  487_32859637 [A1A4S,7AW] -> 2787f504-ee80-4dd5-94fa-bdecc71744df
  487_32859637 [NH0,X7D] -> 1438b0cd-703a-4431-8c36-1792208de6e6
  487_32859637 [X6S,NI6] -> a349efbc-ea2a-4a5c-acfb-08c4ac4bf799
  487_32859637 [X6V,Z8Z] -> a28b7082-5969-46f6-ae2e-c67c42f7b26a
  487_32859637 [NJO,6AW] -> 418a2c5a-7293-4b94-a1ad-48464cdc94db
  487_32859637 [D0R,X5Y] -> d46caf3f-8362-47ee-bf8f-fe37b6a83d97
  487_32859637 [X71,J9K] -> 9735a88f-3bea-4668-ad91-9a945876d05c
  487_32859637 [A1A07,D81] -> 90673f61-d4de-4d20-bf75-48aa121fe7af
  487_32859637 [Z9Z,A1APA] -> 202fcdb9-569f-4b57-acad-59d385b4b81e
  487_32859637 [A1A4T,RIT] -> ea5eae3d-4694-4b98-a769-44fdb3726e60
  487_32859637 [1RD,X7M] -> 7f764c6d-9d58-4fa8-971d-59db5298479f
  487_32859637 [A1A08,A1A4V] -> e50409ef-f003-49b1-8373-c347851d876f
  487_32859637 [A1A06,X7P] -> 305cf409-15ad-4b45-8d98-0b4493c1bf58
  487_32859637 [QEP,A1A4U] -> 82b4010a-7f98-4767-8f68-ad0c5a4377bb
  487_32859637 [X2B,G0V] -> 9fad4c1c-af3f-4369-9b87-b92a3e96b38a
  487_32859637 [D7J,Y83] -> 9ac93709-f99b-4771-9b55-af86aeebf84b
  487_32859637 [A1A4K,G1J] -> c16c0b2e-3c2c-436c-a2ff-32de4c61d8df
  487_32859637 [80K,X6J] -> fcbf7ab2-58d4-4614-a562-0c5b9f84ae68
  487_32859637 [G1D,G0Y] -> fff5142d-82b0-46a0-9faf-3faac89e1fee
  487_32859637 [G0M,WZN] -> cb0c9c94-b47c-4958-b309-acc23fb78285
  487_32859637 [G0D,D7M] -> c08c9e8f-9f66-492e-ab15-2da5e744cb66
  487_32859637 [DEJ,D7Y] -> 4af0748f-a2f9-4f00-9782-f3292d8a0fca
  487_32859637 [O39,NJ0] -> 72cfc401-e55b-452b-8bc1-8eff3bcfaf4e
  487_32859637 [QDP,MYT] -> d2c47e1f-b934-4832-ac76-db26ce774f95
  487_32859637 [FZV,QEA] -> 2e2ef2cf-822b-46da-ad21-496e89ffa9b6
  487_32859637 [QES,5AW] -> dc61aeb2-4843-4beb-83fc-633d94f49bed
  487_32859637 [QE4,DJ1] -> 18d74c11-d6e6-4da9-8fc6-a2f4e552ed32
  487_32859637 [DEV,G0D] -> d288332c-4ec1-4b27-acbd-8ab8992db5ec
  487_32859637 [QDV,QDJ] -> 7c517dbc-7015-469b-91e2-19aaf4867ff1
  487_32859637 [G0J,FZV] -> c4eb1a6e-b987-4298-aec2-410d6dd8f0b8
  487_32859637 [QDY,08J] -> c6e8c30e-ba3a-4646-83b8-d3ba2c740e1c
  487_32859637 [CFF,08Y] -> e08f3bd8-8610-4c4c-a60b-66cb023ad018
  487_32859637 [CFF,MWV] -> 02fda2e6-9b18-46c1-aa30-add00b7ba0b8
  487_32859637 [X8S,TCI] -> b18e3d5d-a990-4fc9-8765-1d5cd8d469d8
  487_32859637 [MWY,A1CIW] -> 39e3b702-ba2b-43f1-af37-45a1e1661015
  487_32859637 [MWS] -> b3fd2e33-4b12-4f52-9049-eac28fd2f03b
  487_3996026d [TPF] -> 32d8b157-4ecb-4764-9605-226a8c74c632
  487_6d9fa596 [PG4] -> d49d2787-abd5-4fd6-a571-4e2dc3fd8ad9
  487_8538537b [X74,X7J] -> 9dbf73d4-b34f-473a-a277-f0680ef5ecb2
  487_8538537b [NXR,NYF] -> cb827947-62d2-48cf-aff7-d3c48d3bd8f8
  487_932e3608 [HC9,HCD] -> 82a254fe-b1e0-4376-aeff-236c7ea1d2f8
  487_932e3608 [CLR] -> 737606da-b07d-4e49-b245-26b8b8d30ccd
  487_ecbf61ae [RIT,08Y] -> 5d545e69-71b1-449d-8ea2-b1462dd0cde9
  487_f5412e3a [PK9,PK9] -> 26283d14-2c36-4ffb-8fd9-971c88c7956e
  489_c3fc2428 [YHM] -> 839977b9-7d76-46e7-bf8f-7e2971a5e7f9
  489_d6dd2913 [QHC,O4T] -> 35f1f438-d17c-4640-957f-7dc71d9f5c62
  489_d6dd2913 [O4W] -> 2028f0a5-15a1-4d12-b809-9cb72c166e5b
  490_6a8e1ea2 [X2N,VT1] -> f5c361b9-2ff1-45db-b43f-ce698a82d528
  491_3c76f070 [UCZ] -> 41913049-100e-48ac-b558-b43c5afbc2e1
  491_57ef6006 [HJJ,Q4M] -> 0ae90a14-6394-4b85-9278-96e1278494ca
  491_57ef6006 [Q4P,BHF] -> 66e95b26-a2cf-4953-be5e-89a5dd16b292
  491_57ef6006 [AQ4,KUV] -> 711d2392-8a94-49df-afd2-2cbbbf8c5612
  491_ec153e60 [0GV,K2B] -> c0123bcc-368f-4394-8d5c-e6c078e1801b
  492_9ba7e278 [OLA] -> dce4a55b-bea2-4374-b635-3be4d05fd266
  494_df1f3120 [XPK,3NR] -> 9d1f2bb1-ef8b-45cd-a799-9e2965ef9971
  494_df1f3120 [UDJ] -> 2eb709a4-c178-4474-9e85-c7982ca689a2
  495_3cc65aad [BHF] -> 254e6a8e-6478-47af-8e6c-91bfe429d564
  495_4b188212 [243,T25] -> 0c23ffd1-f2e1-4d36-8dfd-0059afb4f27a
  495_90353ec6 [243,T24] -> 4268e8c0-36c3-41f3-a936-c34a88952be4
  495_90353ec6 [T25] -> 5730f746-0da8-430c-b1d1-1ae3d3ba79d8
  497_9e5b0951 [V16] -> 7b05ac4b-8bab-4e54-8252-ee9e7f06da57
  498_b2766aaa [MXD] -> 4892ca85-c811-41fc-b027-37f9408de0b5
  503_f3121c0f [ASD,ASD] -> 7a8759b0-b685-414d-a19d-f39e808f5042
  503_f3121c0f [ASD,TES] -> 2db801f4-f7b7-4155-ac4c-a6fdfa732a48
  503_f3121c0f [ASD,ASD] -> 0f9369d5-c4ed-4f14-ba03-3e1258ecf0b3
  503_f3121c0f [ASD] -> 8a33111f-1c5d-47ce-b6d0-18f0ee1981f1
  509_e452cdaf [AER] -> b3a046b8-72b1-40df-9c83-8eb83b74ca75
  515_00bd6347 [1YN] -> f6167e09-1b40-4251-ada8-50edb65a8e3d
  536_e0febc59 [81H,LAN] -> 9f617907-1ba4-4305-9a82-b59973df1682
  537_fdcdbc81 [1YN] -> 64a5bd21-454b-4bb6-8a20-327ab67e38ff
  539_5aebb388 [SKX,A1AB6] -> f5620406-f204-4b81-84c5-e8df6dc61096
  539_5aebb388 [1YN] -> f6441b0d-8c76-4c9b-ab80-b6943f8b339a
  539_5f23ede7 [VOR,1YN] -> 388cc4f7-c66a-4125-8e7c-7b5d14c59bd2
  539_7cd83d49 [VOR] -> 5d180a78-795b-4eae-a620-3327b79d92bc
  539_91e1b8cc [VOR] -> 7a0ff6c5-f39d-43c3-adec-02eeed549fde
  551_c92602dd [LAN,JDJ] -> eaee5128-118f-41e9-99ef-28eeafecbd5c
rep 16: 491 pairs to fold
  368_3c6d23e6 [36Y,CPZ] -> 688bf257-28d2-460d-bcf3-b2e0f7d12b2d
  368_3c6d23e6 [3SQ,36Y] -> f46a8e0f-2811-4e00-8c16-91a242b68bd0
  388_7e6828a0 [A1MAI,L0O] -> caddc1d6-2310-4ddf-bc98-23ca7f3d2c17
  388_7e6828a0 [A1MAJ] -> f0eb7365-bdff-4e2d-876e-3b6aa08ecdb5
  390_41f96d07 [A1EGF] -> d1de2932-8782-4cdd-ade5-e4ed5b65a2e4
  393_40400e22 [DAO] -> ca331c4a-8323-497d-9ceb-34eedd3f722d
  393_47d43e97 [DIF] -> 4bf9d868-fbb6-495d-841a-d4aeab6e1122
  393_7d481b62 [4IA] -> 412b086c-d879-478f-b886-4caa9bc557a9
  393_c3358fa1 [8QM,4IA] -> eb0cee37-299c-4f1a-8617-3bd9a8823f22
  393_c3358fa1 [EH1,81J] -> fb996b52-90f5-4946-9493-f18d5d122e77
  393_c3358fa1 [EJD,EJV] -> 4a6df541-7fb5-4353-8f5e-7249d20fc6ae
  393_c3358fa1 [HX1,81M] -> db535d9f-d9d4-4aa3-a075-bc173d32a7a4
  393_c3358fa1 [QZP] -> 1dcb9768-0d15-44b1-b539-19793c3191dd
  394_ffc37182 [1ED] -> a21d5791-8bc8-4929-a1bc-bdf828eef8a3
  395_f9cfd803 [TQU,QFD] -> 77239cad-1a6c-4c0e-800d-4fce7d85c370
  395_f9cfd803 [KEQ,YTT] -> 6b2cdc49-de0a-4567-9dc8-1bf2c932fe07
  395_f9cfd803 [1GB,YTT] -> e082f539-a76e-4eb9-a2e7-d0bdd4a046ef
  395_f9cfd803 [YTT,1G7] -> 293f4be0-a55a-41e5-bf0f-9e16e682e693
  396_475f6489 [ID3] -> 7dbed148-f128-4769-848b-9b50857e23ad
  396_672140e8 [9KE,9KB] -> 904586d9-1cca-4788-8747-e4908673771b
  396_672140e8 [69M,TZM] -> 3af538be-8d7a-4f14-9087-3295c5574000
  396_672140e8 [GGJ,69W] -> 86063180-4055-46b3-9e59-643b93d5b968
  396_672140e8 [TPF,MQN] -> 55791c2d-fd59-4d73-8b3a-b6d10653b9a6
  396_672140e8 [69S,KEQ] -> c71dc8da-1293-4ce4-84d3-43f4a2ba49b0
  396_672140e8 [KEZ,Q47] -> 2ad16c92-ec39-40ac-8b4e-9322bc952c6a
  396_672140e8 [KEH,N5Z] -> 5cce0a4d-5879-40fa-81d8-3c84f999c1a8
  396_672140e8 [N5W,KEB] -> afebeae6-2b4c-4ecd-bf96-64e0ba6c75e1
  396_672140e8 [KEW,ULZ] -> 66aac120-3fa8-413b-b155-a83864bf18d3
  396_672140e8 [OUC,KE5] -> 0e13a107-ba60-43f8-93c2-6be39137cfd3
  396_672140e8 [N55,R2H] -> 390b9d2b-9baa-452b-bec8-f09cd87077a1
  396_672140e8 [KE2,YTT] -> a32d83ad-9929-4385-9e9d-14c1e1b41b58
  396_6abe88bf [EV1] -> 1265e716-aac5-407c-ad7e-f339ff8ad340
  396_9ca07298 [4UH] -> d4a6d9e5-20a4-4c11-ae3a-027ff2257541
  398_712f2bbf [5YG,ENK] -> 79481ca5-50a3-47b0-9904-d48aa01c3039
  398_712f2bbf [DQE,PG4] -> d3423cb7-58c8-4026-a60f-855eb02f11f9
  398_712f2bbf [EIQ] -> a0a7c6ff-6f7a-4176-bef8-dc30b4e21b75
  399_d04da719 [EMZ] -> 58a3040d-02df-4ce4-8eb5-c13c725fa915
  400_3b97c392 [STR] -> 8da7dae2-d33c-4429-bc5e-79bae52a1635
  400_77edf82b [ASD] -> 9710c87b-c418-4a74-b63d-26792f31f108
  400_dff94071 [STR] -> 557281a4-7852-46b4-b05e-a8fc36829809
  401_a9170273 [RRM] -> dbc07cbd-9b2e-4cd1-8aa0-a1bf54447034
  401_b00cace2 [RRM] -> a91f1d58-3415-49c5-91bb-824fe5b06d41
  403_b29b1ed4 [DEB] -> b52f452f-b45b-48e4-b689-d80810998e8f
  403_b3a2f553 [KTN] -> fbd8bb81-68ca-46ad-9af9-539e9a8f3750
  403_e7509160 [KTN,9AP] -> 8b06e9a0-90a9-4ed9-bcd2-1ef4d9242490
  403_e7509160 [ASD,DEB] -> 33ff9ec8-b29a-4ba9-9600-4775384f7e25
  404_7fe08af5 [DEB] -> a2949482-94a6-4e76-8c48-6491acc30a98
  404_a7f52c3e [DEB] -> b6565a25-3d47-4c71-bc36-d66d33efa8f8
  404_da66167c [DEB] -> 2d8c85e3-5433-4083-8f5f-d011c701fa33
  405_04029c87 [K2B] -> 4e54d6ae-9288-4612-8882-a02663cf4941
  405_90b62d6a [GWM] -> 4e0603ca-bf20-455e-b374-3470d7ce7f84
  406_a7c41b23 [FLV] -> b9be3da5-071d-4547-9f98-f5e6056dc95d
  407_496a34be [FLV] -> 49594000-4aed-415c-b08e-66cddf6681d9
  407_6f94dcc0 [NQ] -> c6d8321e-2da8-4925-a924-7d24939c8368
  407_79f598c9 [K2B,C3S] -> 8f455c9b-1c63-4279-863e-41b4289311c3
  409_7ea29415 [NQ8] -> 86ef982f-e182-4d7f-96ba-3d51a63f4971
  410_33697e28 [5R0] -> cf67943c-b3f0-4f25-aa86-21c8c66bc1f7
  410_420f8942 [YJE,UB7] -> d8541e2b-225e-4b2d-bdd8-c74cce178896
  410_824c8e4c [EJD,PQS] -> febbcf22-2a4f-46fc-b9dc-a06870634ce7
  410_824c8e4c [IRJ,M4F] -> de11266d-4029-4742-b7ed-6e2d00741982
  410_824c8e4c [81M] -> 1702e81f-ef66-4c9d-b22e-625de07c33f2
  410_83d6f89c [5R0] -> 4f6ac417-341d-4c11-9552-705551d9efb4
  410_b64fbb1a [ASD,STR] -> 619bd810-df3d-4e50-9947-fc5f8db3b7ed
  410_b64fbb1a [PLO,TES] -> a92a184c-6b79-44aa-b2a6-7bb50de2b95f
  410_bc4a20dd [PQM,PQP] -> 461d763d-1fb5-4cb2-afe3-6c86fd271d78
  410_bc4a20dd [LVC,L4I] -> 0fe20a41-1540-4c22-ad4f-fa71595f40ee
  410_bc4a20dd [M4F,L3K] -> 5f031156-b32f-4e6d-a87a-22c4740e9cd8
  410_bc4a20dd [OW7,8ZU] -> b54a486a-8d61-4125-b99f-d5374737ab97
  410_bc4a20dd [TWO,8ZU] -> b3a28d62-5b70-4196-bec8-9bd1fd6ed889
  410_bc4a20dd [K3Z,QDB] -> 73eab888-ab8e-45a5-9325-807c98d6dcd1
  410_bc4a20dd [1F1,ZRS] -> fd30a6ed-8e96-45af-a07f-9037385c9387
  410_bc4a20dd [LVK,KQR] -> 5e497f7e-60a2-461b-9a39-b527e08c2831
  410_bc4a20dd [VLG,PQS] -> e863592e-8519-49c8-8bd5-9641dbc6987f
  410_bc4a20dd [KQF,Z7Z] -> 59bb8c25-3e78-4518-8c97-f1dd7d8a05c1
  410_bc4a20dd [JO4,JO4] -> 9d3ecc78-bb11-4d33-b4dc-a76c2adc2c99
  410_bc4a20dd [FIV,JO4] -> b594719b-2f61-4220-9f11-20edc8475908
  410_bc4a20dd [JO4] -> cd1d5bc8-ca79-4289-8899-65ab352bee6c
  410_f7949552 [EH1,Z7Z] -> 1119b8b8-3ef6-4608-8b68-9c7d104f001e
  410_f7949552 [8ZU] -> 09947723-e61c-49ee-a35a-58385a1d453e
  411_4ad73dbc [MYR] -> 895ca6a3-d6d7-4f95-a811-373c8f720b8c
  411_af24ac3c [ERB] -> 8622a58e-6faf-413b-adb6-96cb63725257
  411_e3e8183c [KLN,CL6] -> c95d48b0-3981-4a7b-b97b-d4d5ff28e86a
  411_e3e8183c [EY5] -> cc98ebd7-5c76-4cf3-bce0-8858e3c62759
  413_9c5d7a9c [226] -> 358e0fc2-b00e-4068-8ecd-59536d65c02e
  413_9f4eac9a [II2,II4] -> 82c0c05c-d072-4117-a344-9c8fb80db38a
  414_1ba62fe9 [UYM] -> 3cffe3f5-c0a6-4ae2-8099-52ea8ac18fdb
  414_63852e7b [ECN] -> b36d4dca-642f-4bd9-9283-49c53ad24e5f
  414_949a8532 [KKK,6XF] -> 4856acb7-4f96-40de-9dc7-27fc92850750
  416_8845d560 [PLM] -> b4e8e296-376b-4df5-a414-a68e0f5451dd
  417_0e6cd8b9 [PAM] -> be928f4b-b0b6-49ab-9163-588e0c507818
  417_e0528f9e [DQE] -> 3324e4b2-2f22-416c-a11c-8a22f0440114
  418_8d7c0f49 [E93] -> 0f0a4fca-8201-4809-b2a5-f5ea797c6665
  418_b02dd5c4 [ECL,D12] -> f6121524-0ebf-472e-9ab4-2c727e1d07a5
  418_cdc79ec5 [PAM] -> 0e8f9a0e-5db4-4262-a640-97bc29977f30
  418_d6145562 [I6Y,JK9] -> d660d8c6-1122-466d-8c4f-0f03b0e50c53
  418_d6145562 [JFI,5YG] -> 3203955d-3060-4386-8eda-943ad7d9dfc3
  418_d6145562 [EIQ,JV3] -> d286684d-d97e-456d-a69f-63a64192c84e
  418_d6145562 [JUR,A1H47] -> 19797cc2-658e-489e-9d83-0b6aee06c6c0
  418_d6145562 [2QC,HIH] -> ae78bd3a-d63b-4833-90e0-d57a9bc5dc82
  418_d6145562 [KB9,JFC] -> 2cb5908f-871c-426b-a3c6-4af891c17b79
  418_eb9ea735 [3QO,K2B] -> 70d55a07-4b7c-441e-8f14-b2d80d1cc441
  419_2ab9350e [DXJ] -> a94934c6-f7b6-4dd9-b770-8d64178c407c
  420_545c0f8c [L6X] -> 083977f2-b240-4682-8038-b80e72a48fde
  420_6f493f38 [TES] -> 18f775fb-9a90-43c1-be71-56277c471396
  421_0306eb73 [MYR] -> c8756b9d-85c3-4428-88b1-7b31c680fb1d
  421_446a58b4 [CAH] -> d172ed06-3275-445e-8b25-786477d0bb7c
  421_838aa221 [CAH] -> 38501b36-5850-4ed6-8d88-8a9f14c1ad58
  423_69bac218 [0GV] -> 5a411ec0-bb18-4769-93a4-993ffbccf13b
  425_918da379 [PAM] -> eba38e4c-a8fb-475e-b626-195cde34fe3a
  429_3c548ba6 [PLM] -> 0ae5712d-1791-4f77-a212-4122a90eafb5
  429_42e1ecdf [TES] -> 4c85ba3a-f0e1-4396-92a2-af9a7c6919f2
  429_d4604a8c [TES] -> ab5673c2-68b9-4af7-a1f1-9ad0189ccb55
  432_82bbf621 [DCR] -> efd540dc-3e5e-40d7-b738-e684ebdd6a58
  433_1a485928 [FOF] -> a67d2266-2438-4372-a908-cf6b3ad6e29a
  435_2f9ec93d [B9L,B9O] -> 19fd19d3-331e-4beb-b430-a667f6f16b40
  435_2f9ec93d [B9L] -> 0ed1b40e-9a9c-4df7-b6c2-77d61cfe0636
  435_330d7a26 [M65,M65] -> 41259ce1-546f-49ed-8be2-2177b9eac6ac
  435_330d7a26 [VGJ,M9B] -> b584b31a-4364-4e4f-94af-834b59bc9155
  435_330d7a26 [VD3,RWZ] -> b4844fb8-fca8-4900-b9b0-9ee658658732
  435_b1170faa [M8N,K2B] -> 2a17374d-333a-4674-9eb9-4f1329998d57
  437_6f9809c9 [CAH] -> 1a5a5251-27fd-43f2-b527-32413a3814de
  439_20b8b15f [Y7R] -> 4850aff3-c2e9-4c18-985a-8e88dc6407a2
  440_fd3539ea [K2B] -> 89026424-a1cd-4d91-a034-2ed313f51d30
  441_9f5ce965 [NE4,NE4] -> 0c4928bb-fc94-48d3-aea8-c98525aeaf15
  441_fdb186c9 [9LF] -> d9379bae-b44b-4988-86ed-3690ca97f5b9
  443_05636834 [VFV] -> 8236f317-eff1-4156-b310-b0ce1a8ab162
  444_2f85a59c [REA] -> 872de3c6-a499-4683-a86e-e7528e3d935f
  446_68e6f289 [VFV,PJM] -> d061204e-87fe-4017-bc36-7a3a60a9df5a
  448_7a54e61e [VFV,VNT] -> cd1a0680-23bc-43e8-9259-8d7667e93ec6
  450_9c481af8 [VNI] -> 215a129c-eb61-439d-9069-a7ec9eddbbb6
  450_e1393289 [16A] -> e6ee1da2-ffbc-4d43-b768-3ad3edc9d8b5
  453_31297a04 [LNP] -> 2f330e05-de00-48fa-968c-4523a4aafda3
  453_3fc5a1f6 [TPF] -> 3c81ec02-9f0a-4b2d-bb33-69692b7ff379
  454_40de364f [JKF] -> 9b2bc1d2-686c-4c7b-ac15-1e9665f1bce7
  454_6f07a0ed [LAN] -> 3f617171-c7fa-4244-af70-b9659e4ba7df
  455_0c860b28 [CII] -> bf7ec51a-aa2b-467e-b751-85f17e55309c
  455_48438573 [CMW,CM9] -> a6b65cc2-05ea-49b4-8c24-2c1776e7fe28
  455_48438573 [CM6,1CM] -> b20e5a46-c64d-4da8-8c45-2f57e919df3e
  455_bf9cfaeb [FW6,88L] -> e27d0fc7-7ba0-4be2-b11b-6ec1186363c8
  455_d4843705 [TPF] -> 35302c8c-b348-4c74-9329-5daed30d1aa0
  456_8d7b7719 [CLR] -> 04625fdf-2a30-4e18-82df-d29c82825aae
  456_c9a58f1b [BTB] -> 504863ed-2e45-4836-a243-8ad0f7ba9051
  457_0da0339b [9RL] -> 269e8e6c-6860-45fd-9932-1bc6c6cda055
  458_683cba10 [WQR] -> b0f2f652-c0cf-4d0a-94d5-1a700dc33fd6
  458_c4bcedc3 [VNF,POZ] -> df8df089-11ef-4af0-b344-0839caecd8cb
  460_0f25ea19 [CL6] -> 0c532999-b078-44fc-a069-2e39abebc0a5
  460_2af8865f [LFD,LFS] -> 2e725be4-8e8a-4602-ab29-173291aa050b
  460_2af8865f [LFT,VT1] -> 861fde11-eab1-4640-8fbe-6e2d8d20287d
  460_2af8865f [UDO,UDD] -> 703c4951-4228-4009-8b9a-87fcdcf0ee24
  461_217b532e [NEE] -> 0ad816ca-175e-465c-bbed-f8463eee2ea0
  461_b17f2608 [ECL,ECN] -> 60dd23f0-3178-4fd2-a8f9-375042b658b9
  461_b17f2608 [KKK] -> 8c30c68a-e38d-4a47-8602-f5f8a3883e34
  463_2621ae02 [LSN] -> 1574870d-46fe-432a-97b6-accd87eb64d9
  464_4dc0771e [TPF] -> 73196ea8-8d3c-44f5-82ca-92f3e6e8a6d7
  467_6a91af88 [26N,TW5] -> 1d94c22c-d9c5-4aca-8818-9d02c1eea715
  467_acd53678 [5PS,J5Y] -> a1707881-9cb8-44f2-a54c-354e85c56303
  467_acd53678 [TU1,WVH] -> f6fb376f-4653-48b1-8d18-9fbd1a916836
  467_acd53678 [25S] -> 66164932-f230-40cf-bff0-3ea8b65fd71d
  469_ec879091 [18I] -> 24e952f5-2f6b-4570-b47c-da88afc2d6b3
  470_03aefc00 [T9H] -> 1bdfe00b-22c0-4fd8-9d77-ec3e6ee7e4f5
  470_4634f49c [VNI,VOR] -> 4845afb3-6311-4b65-9102-1dad51f527e2
  471_d4280bc5 [2DC] -> f59cb6bf-61a2-4152-8fb3-257fe831e8b4
  473_4b734b6b [TPF,TPF] -> 392719f3-e664-4484-b750-19dc2d000074
  473_6790f922 [DMZ,DIF] -> e52c4485-9de3-4e2e-810e-238ad5348035
  473_82bdfad8 [LSN] -> 1fd1542c-70c5-432c-840c-6d3b6359b86d
  473_ca85e740 [VT2] -> 5b2bf2b3-e702-4b54-b34a-2c76f2ba506c
  474_5043b011 [05D,YCG] -> 661be25d-c8e5-488a-9e1c-bbfbd03a734e
  474_5043b011 [A1BZC,0I1] -> 53647a31-2efe-4983-a993-a611cbb2488c
  474_5043b011 [YCJ,A1BY9] -> 103b0d2d-e6a6-4bf5-aea0-968b9c59675c
  474_5043b011 [A1BZE,04Y] -> fe71f6f3-d650-4dbb-acbb-0078d8c9cade
  474_5043b011 [YBS,A1BZA] -> 132ca056-e16b-4f1f-8624-803d27166d78
  474_5043b011 [A1BZD,A1BZB] -> 2e907981-dabf-4460-b6e9-e588240afca7
  475_07812ca9 [2QJ] -> af732386-e902-45f5-8402-51acd1d9547a
  475_74349f57 [X2N] -> 3603f964-c277-4cf1-81a3-dbfd89d696e1
  475_83a489fa [TPF] -> 40d684d0-e768-43d6-be02-7b34cdfca9cf
  475_c96c5508 [U51] -> 0d7b3fa4-a6a9-4556-b29f-d9758b1537cb
  476_042e6596 [9PL,OID] -> 827b3a23-46f2-4b7b-a70e-799335186170
  476_042e6596 [LC4,OIO] -> 59975e85-228d-44da-b809-d3570d44288d
  476_1c30957d [LSN] -> d1e41400-f529-49fa-ab7d-2c520d81da16
  476_1eccdb5d [PB2,PB2] -> 24449488-43fa-4609-b743-adaa7805c662
  476_1eccdb5d [TMI,06X] -> d91cbe5d-f5ee-4d19-be4e-30dae4d68e81
  476_1eccdb5d [CPZ,CGE] -> d018c1bd-6d93-4cda-856a-b9e29a47c5af
  476_1eccdb5d [TB2,TIC] -> e3063b6c-51f1-4a20-a151-38d5ddb13825
  476_1eccdb5d [0BV,8PR] -> 24f5a60f-8dee-4d33-ab50-30167f504d34
  476_5965a73b [CPZ] -> a2ea8e56-44bd-46c5-81eb-00f1f05a3ceb
  476_5b1c057d [LSN] -> a22b2274-b8ca-4e8c-b11c-9323feb0a7ef
  476_7621de71 [CPZ] -> fc358a2b-7caf-47e7-8e9f-9ae908fb030e
  476_7cf5aebf [LSN] -> 8d362cdc-276d-4735-a0d0-b4a22bc4ae83
  476_84104a34 [9PL,D2G] -> 64d85fa9-f123-49dc-ab91-b675496be86d
  476_84104a34 [D1G,NCT] -> 3960ab7f-01e1-4c82-8b53-8875a4693c08
  476_84104a34 [8MO] -> 9eb65ddc-b762-43d5-96bf-b1db2ce1fcdb
  476_8c5622dc [LSN] -> 2b50ba13-e3d3-4b50-a631-93d72af83cae
  476_9dbeadc0 [9PL,N4E] -> ff12f8ac-c0cb-4c19-bf53-2be30439da26
  476_aca4f268 [0QA,9PL] -> 6626f4ea-3807-439f-81e5-4d0761a35653
  476_aca4f268 [0QA,NCT] -> 8b143c7c-a4ef-4b41-b1b9-ea430dbd736f
  476_ec577891 [06X,3QU] -> ffbd898c-ba38-410a-bdb3-a337a316f4dd
  476_ec577891 [3QO,CPZ] -> ccba3e8f-d4ec-4cdf-a8f8-dab8fe00c8ee
  476_ec577891 [9ZJ] -> 017343ad-f303-4505-ba04-472d89dced74
  476_f7fff33f [MTK,9CR] -> deffcc5a-ad1a-4177-841e-40ac4dc7836c
  476_f7fff33f [225] -> 09abd91e-a690-4704-98bb-24deeb038427
  477_39eada44 [0XV] -> 57713c6b-fb62-4386-8609-3699b004e0ab
  477_a506c224 [LFV] -> 38f11bfd-6b18-4e7e-9679-40c4f21e3e72
  477_f6ac8610 [6RJ,XI1] -> acb5ad47-1c30-4dbc-baa7-81310672dcd1
  477_f6ac8610 [FLP,6YF] -> a4699a30-eaa0-4b0d-8f25-1dd6604681ba
  478_6eb03748 [32M] -> 7f6fe6a2-ae32-4319-a0c7-ecfc8fe5ba9b
  478_9f6a0c23 [1CI] -> 8cdd2d87-9206-4018-a00c-1f8ff3633eab
  479_7301ea5f [V2H,VD3] -> 558a79d4-1fb6-4216-8087-4832649fd129
  479_af4ae158 [PN0] -> 98c50f14-8726-42f2-b7e6-9c0a825b7983
  479_cf53e4c3 [CGE] -> 93b4136c-de84-426c-b4f1-457b8ba16ba0
  479_f5b99101 [SI6,PN0] -> ba484e98-067e-4b77-9146-754b6fc9ad11
  479_f5b99101 [PN0,SI5] -> 8d130af7-dee3-4d2e-9bda-5a9a6606fce4
  479_f5b99101 [AJN] -> 2c747241-e58c-4074-8b40-c90268606adf
  480_0010cf69 [CL6,RIT] -> 03585b00-7879-4280-b7f0-00bec7357b3f
  480_0010cf69 [A1BNX,MWY] -> 8606a452-eef9-465f-9d0e-db5c06fddd64
  481_4e319598 [XRD] -> 519b18ee-d5c0-479c-a61f-2751155d738b
  481_e03083a2 [D2V] -> ac86323e-3d22-4c8f-972e-c399df763183
  482_3314a5f9 [STR] -> bd64f976-f919-4825-a1e7-fd6bba1e4aa3
  482_89b551e9 [CPS] -> 55dc342b-d35e-487a-b6d7-177c66b83ccf
  483_4a1aae09 [0T3,1CA] -> 11ca5cc2-6997-4f23-b725-6f7278c31601
  484_08f22cf5 [YSY] -> 311f8887-c951-42b6-a755-bb677432739c
  484_16b493d6 [JD7] -> 8688e317-13b3-4019-a346-9ad828eaf51b
  484_a14ea32d [2QH] -> 4a399ab8-a404-4622-b8a9-ae52ab172bd4
  485_3260576c [DVE] -> 61a4cff6-34ec-4bff-89b8-fd5b48c66342
  485_6cd5c2fe [KLN,RIT] -> 8208ac06-9ab4-4da5-a854-b7807dede32b
  485_6cd5c2fe [MYT,ERY] -> d6d7b476-f395-47de-a444-e55200317236
  486_62b873ed [YNV] -> 155a133c-7469-4043-aeef-00580a9e6221
  486_c05cda03 [ZWY] -> d5a55cdf-3b6d-43c0-8bd3-fa840e956417
  486_ee37fc5f [HC9] -> cb8b7b4b-5ec3-472f-8f63-d35c0c3e6569
  486_f605e37d [CL6,A1ASQ] -> ae35fd2c-a9ac-4a65-adf3-387010270229
  486_f605e37d [A1ASU,A1ASV] -> f3f5fac5-380c-47be-92ac-53731022a111
  486_f605e37d [A1ASP,A1ASS] -> d9d08992-851f-496c-94a0-57a831f5bc34
  486_f605e37d [A1ASO,A1ASR] -> 30c3bcda-1391-4d31-a35e-7b94bfe9f437
  486_fe430384 [MYT] -> 0283f9f2-cad1-47f9-9b0d-16988558ff90
  487_32859637 [X1O,X4E] -> 04112b0a-0490-42a9-b80f-10e6999d568f
  487_32859637 [X2Q,WZN] -> ef640547-a513-462c-9f0a-78a5c66f9323
  487_32859637 [X1I,X2Q] -> 5401bbf0-5b23-4026-8e8e-fecabdb3027b
  487_32859637 [X1C,8AW] -> 78eeca60-40a7-4065-9ed8-b1886326c1f0
  487_32859637 [PKT,T0K] -> e247439d-262e-4477-bef3-b1af7f5a172e
  487_32859637 [O3L,X0E] -> 05159f92-bf0f-4e28-8cc0-27140db0b839
  487_32859637 [A1A4S,7AW] -> bdd2cb43-337b-41ed-bc9d-e5a7ed39c189
  487_32859637 [NH0,X7D] -> 81409345-74e4-47f4-ba7f-ed918dc8b91f
  487_32859637 [X6S,NI6] -> e465b7c6-78de-4d3a-99a5-a3b9c66fbb78
  487_32859637 [X6V,Z8Z] -> a30de57e-24cf-43c2-b7b0-caf882e0ac6f
  487_32859637 [NJO,6AW] -> 7c3ae2ed-3ae4-4293-820b-b5fb69a23360
  487_32859637 [D0R,X5Y] -> 1544c309-f5ee-4e82-bda7-b1a3365f3663
  487_32859637 [X71,J9K] -> f1210aeb-60eb-4058-be55-12e42b5b5703
  487_32859637 [A1A07,D81] -> 696e8863-9d60-4ea8-819b-9b66c36f7e98
  487_32859637 [Z9Z,A1APA] -> 03174806-4a84-472b-8ea2-f88a52ea1f24
  487_32859637 [A1A4T,RIT] -> 295bf8e7-bedb-4469-a292-9609107ee2bf
  487_32859637 [1RD,X7M] -> 42c24181-e91b-44d1-b888-db9e59c4c4dd
  487_32859637 [A1A08,A1A4V] -> f81e8a71-f6c0-4f29-98a7-3b3b19c1ce98
  487_32859637 [A1A06,X7P] -> 704a0b14-35cd-4689-ace5-4a4bbedba5d5
  487_32859637 [QEP,A1A4U] -> 6b898321-6889-4b68-8015-88ef14b60591
  487_32859637 [X2B,G0V] -> 8bba5f76-0a8d-4405-b669-c81382efc54f
  487_32859637 [D7J,Y83] -> 805f4883-e4d7-4b32-a852-afcf62db1c9f
  487_32859637 [A1A4K,G1J] -> 0275af9c-1dea-4530-90ba-3cc6a35087f1
  487_32859637 [80K,X6J] -> e5aafa01-f72b-41c9-bda0-900f8737fae7
  487_32859637 [G1D,G0Y] -> 1f3f429b-c5e1-47fa-9f2a-7907c100004b
  487_32859637 [G0M,WZN] -> 6fe60528-70c0-44b6-8e20-d21910e87f25
  487_32859637 [G0D,D7M] -> a693b873-99a3-4fb4-9d3f-a4c01498cdba
  487_32859637 [DEJ,D7Y] -> 0b01a33e-fbf7-4c47-a034-5fe59850c253
  487_32859637 [O39,NJ0] -> 7790ace0-0210-4d67-a891-280b77484429
  487_32859637 [QDP,MYT] -> 6ac494ee-1e0d-4e24-93cf-d88b8804e4c7
  487_32859637 [FZV,QEA] -> 6d43bb9a-4fb1-46de-893b-cf1c294a3808
  487_32859637 [QES,5AW] -> 3601bac0-f804-4642-af91-fcfa049dc0b2
  487_32859637 [QE4,DJ1] -> b815c3b9-a406-499f-adaf-2ed48b946cc0
  487_32859637 [DEV,G0D] -> ceec7dce-c773-4318-a996-485462d28230
  487_32859637 [QDV,QDJ] -> 2b42fa6a-7f2a-484a-9230-81b1292f48d1
  487_32859637 [G0J,FZV] -> 6f2bafcc-6a9c-44fa-ba56-27aad0b05f76
  487_32859637 [QDY,08J] -> 7242aca4-c2a1-496f-8105-d17cad9c2e03
  487_32859637 [CFF,08Y] -> 26fa0b32-2d1d-4782-ab48-02c7b570e0fc
  487_32859637 [CFF,MWV] -> d22d4868-3a2d-4406-b1b6-d53e326b4e9a
  487_32859637 [X8S,TCI] -> 50f4913e-87de-470f-b724-55c340d977e0
  487_32859637 [MWY,A1CIW] -> 94f88016-de1b-4af3-bc96-1e08c83a9f82
  487_32859637 [MWS] -> 28c8f05f-8cd2-4a2d-bc61-fffb2d3214e4
  487_3996026d [TPF] -> f1dfd83d-d3a5-4df2-bd2e-7c8dbbceb784
  487_6d9fa596 [PG4] -> 2c3a03ae-7a42-42ae-9fc9-955d2b9491f3
  487_8538537b [X74,X7J] -> 4fce7863-05c2-4511-8c55-882c65f60b31
  487_8538537b [NXR,NYF] -> 7912e002-510e-48f3-bec4-fd7cfbfffbb9
  487_932e3608 [HC9,HCD] -> a5d47a20-a9d8-4609-b373-ba81988866fe
  487_932e3608 [CLR] -> 18d79c68-2f7a-46d9-8b9e-8dbff903df87
  487_ecbf61ae [RIT,08Y] -> 446a1b18-19b0-400b-b049-75449e424e1b
  487_f5412e3a [PK9,PK9] -> f0105825-366b-4167-9d04-e24ec0e04730
  489_c3fc2428 [YHM] -> c72f0e8f-c1f4-4899-a180-fc0a0b546224
  489_d6dd2913 [QHC,O4T] -> ab318082-747a-4b4a-86ac-2598b5486f30
  489_d6dd2913 [O4W] -> 8dbfb0c0-9410-4192-81b9-9e7382bf3191
  490_6a8e1ea2 [X2N,VT1] -> bc3dd8fb-fb2e-4cd8-bfeb-de6766aa73fd
  491_3c76f070 [UCZ] -> 12f86208-718a-4853-b176-4e97a12633e4
  491_57ef6006 [HJJ,Q4M] -> 18dcb981-c814-4e9e-93b7-6df12f1527e0
  491_57ef6006 [Q4P,BHF] -> 5bf1c984-51b2-406a-9848-f6f13e9ca51f
  491_57ef6006 [AQ4,KUV] -> e2cd4f69-3f5f-4f89-976e-80276564ea93
  491_ec153e60 [0GV,K2B] -> 6dd2725b-cd42-4a6a-860b-0ebfafdfd4ed
  492_9ba7e278 [OLA] -> f0973010-0e01-4dda-85c3-63a19df21891
  494_df1f3120 [XPK,3NR] -> ca2b6f13-8a36-44ba-ab81-127b651324df
  494_df1f3120 [UDJ] -> 96117421-2c58-47b2-80e4-8de8ca157757
  495_3cc65aad [BHF] -> b02a0cfb-4688-4186-8347-59caf3609df8
  495_4b188212 [243,T25] -> 655d6b0b-239e-4f86-a66e-e655570152e5
  495_90353ec6 [243,T24] -> d4ef0c7a-fa79-4576-9cae-075be282333b
  495_90353ec6 [T25] -> d6d01d36-691d-4b9b-b105-d6bf23d815f4
  497_9e5b0951 [V16] -> b0d50eb4-e94b-4ebd-b851-1439deab95dd
  498_b2766aaa [MXD] -> 6f4f57cc-55ad-48e5-969d-c45ae702b98d
  503_f3121c0f [ASD,ASD] -> f33283d8-5a75-4ba7-afac-a309d0f98131
  503_f3121c0f [ASD,TES] -> 2b327a36-dee6-4e9a-b1dc-1d936c29b19d
  503_f3121c0f [ASD,ASD] -> 6b3382b1-a39d-4ad6-ab5f-28dd7241e036
  503_f3121c0f [ASD] -> aa1269d7-1a92-46b4-9932-b9eeae308d41
  509_e452cdaf [AER] -> 1a2b616e-3ba1-4b85-ab1f-7a3304174ede
  515_00bd6347 [1YN] -> 415c1afe-d832-4371-b155-e134a6702b58
  536_e0febc59 [81H,LAN] -> 59bce024-fca4-438d-b5b3-37e1e9a0883c
  537_fdcdbc81 [1YN] -> eb51ed7d-96c2-4fdd-9760-c6533764c39a
  539_5aebb388 [SKX,A1AB6] -> 7edecd1c-4339-4b54-a705-263de2e1dd8c
  539_5aebb388 [1YN] -> 7b9a462d-575e-4ca5-8638-1ea6c8993802
  539_5f23ede7 [VOR,1YN] -> ae9b6129-adb3-4663-8a5a-137348e492a0
  539_7cd83d49 [VOR] -> 2b3f2630-f295-4360-b877-a1385003b7c4
  539_91e1b8cc [VOR] -> 67ca59fd-9aa9-44b1-9d41-db38621787fa
  551_c92602dd [LAN,JDJ] -> 9772cd7a-3420-4e6d-a79d-cebf622acfde
rep 17: 491 pairs to fold
  368_3c6d23e6 [36Y,CPZ] -> 0d99c75d-4f1c-4258-b0bb-9a97da6d7291
  368_3c6d23e6 [3SQ,36Y] -> 3ca9d0a3-d2db-41eb-bafe-fa070f0305c6
  388_7e6828a0 [A1MAI,L0O] -> cb8c14f6-c1a0-4d90-be30-bab61446e7ec
  388_7e6828a0 [A1MAJ] -> 0e6eec08-880e-427f-9ef7-8c312d4eff1a
  390_41f96d07 [A1EGF] -> 17531004-e1ff-4911-a1f4-da6f6d782a4c
  393_40400e22 [DAO] -> 028eab7a-e65f-41b9-83ae-58a1794a7695
  393_47d43e97 [DIF] -> 3400bfca-9f73-4ca6-82c4-9a25c98b37a7
  393_7d481b62 [4IA] -> f81cc15e-3eb1-483d-905f-98b6a131d5f2
  393_c3358fa1 [8QM,4IA] -> 97b175be-ad5d-4341-ac31-4bd3e94e22d4
  393_c3358fa1 [EH1,81J] -> ff4d09de-8ad2-46b3-825d-fabfe4db5387
  393_c3358fa1 [EJD,EJV] -> ab7cdce3-edc7-4ff1-aada-9f97b35d77ef
  393_c3358fa1 [HX1,81M] -> 50d499e9-b821-4fb1-96d8-60702f388d54
  393_c3358fa1 [QZP] -> cf4d8427-b154-499c-a361-4f1c2df51090
  394_ffc37182 [1ED] -> 728fc08e-cb99-4224-b03b-f6c9777835fd
  395_f9cfd803 [TQU,QFD] -> 086f0bd6-bfc0-4fe7-9d41-ff7eb57aab3a
  395_f9cfd803 [KEQ,YTT] -> c8038f04-4977-4de5-827d-02bafc06987a
  395_f9cfd803 [1GB,YTT] -> 3eea1c58-844b-465d-937e-f82217601cab
  395_f9cfd803 [YTT,1G7] -> 630f1131-2f9f-434f-b780-17feafa6a82b
  396_475f6489 [ID3] -> 01874889-953d-4160-9e79-83a307df6329
  396_672140e8 [9KE,9KB] -> a5181630-fa22-4290-a98b-30e4cd4f777c
  396_672140e8 [69M,TZM] -> 66c87c06-11a3-4574-9a2a-20aa8e453421
  396_672140e8 [GGJ,69W] -> 5740c4ad-464d-4a92-96a7-e78726064bbd
  396_672140e8 [TPF,MQN] -> ad0a6c22-60e1-4b7f-aeed-3088d262d636
  396_672140e8 [69S,KEQ] -> 28259dfa-ec0a-4956-960e-a23aea9f7294
  396_672140e8 [KEZ,Q47] -> cb9783bd-39dc-40b0-9bdf-052c1cf563c0
  396_672140e8 [KEH,N5Z] -> 117779aa-832a-4d18-b8e1-2ea3f5cae982
  396_672140e8 [N5W,KEB] -> 1864bb5f-c674-4b68-9ebe-77a20516ce69
  396_672140e8 [KEW,ULZ] -> 02305bee-3557-4966-8db0-5fb79c68ac14
  396_672140e8 [OUC,KE5] -> 5071b1ef-add2-4ce1-a403-2870d9f7e100
  396_672140e8 [N55,R2H] -> 61dc7387-5f09-4b6c-9b70-ba9d05bcc12e
  396_672140e8 [KE2,YTT] -> 743476f2-cc6c-44eb-92b0-e8528f8b1189
  396_6abe88bf [EV1] -> bf50b893-81e7-422e-952d-9b428ffc4a2f
  396_9ca07298 [4UH] -> 31de189f-53a9-4e6a-99cd-3324499b2466
  398_712f2bbf [5YG,ENK] -> a7956246-b92c-4dc1-9d3c-f690d8a25c22
  398_712f2bbf [DQE,PG4] -> 91e54ec0-cf59-4f44-b5b5-d2fa54ac57c7
  398_712f2bbf [EIQ] -> 5e20740a-8fa4-43b9-8ef7-ed5b6565e486
  399_d04da719 [EMZ] -> 13c0706c-f724-4318-810a-2a80e5ac574c
  400_3b97c392 [STR] -> 88776503-ba3c-401b-92ed-207ea499b132
  400_77edf82b [ASD] -> 08e1626b-d749-469c-898d-3315ec6ff17d
  400_dff94071 [STR] -> 7f5fba5d-962d-4e3b-b932-7839ca8377d4
  401_a9170273 [RRM] -> d15799ed-dadb-42ec-a6f1-e720b1890c0b
  401_b00cace2 [RRM] -> 28337401-5463-4d00-80e8-14550cec54cf
  403_b29b1ed4 [DEB] -> f0b3f3db-3c5e-4b68-b0be-95521bb202af
  403_b3a2f553 [KTN] -> 8c986b5c-84d4-4205-9ce3-35313ad04f21
  403_e7509160 [KTN,9AP] -> 5e710b8c-a8dc-42af-80e7-daf19a5f8c2d
  403_e7509160 [ASD,DEB] -> a5f92486-f57b-4add-8408-dbb7c0da1e9e
  404_7fe08af5 [DEB] -> 0254c82a-e98b-49c6-905e-a26805d29872
  404_a7f52c3e [DEB] -> 003446da-6d19-4cec-a54c-b5bc6676bf7c
  404_da66167c [DEB] -> c5c333a5-93f7-4cc4-9efa-ddbe4d76b63c
  405_04029c87 [K2B] -> 7f815daf-d5ec-4035-8c20-037e714eb63d
  405_90b62d6a [GWM] -> d76dd087-e11d-49e9-a362-c37c13767e51
  406_a7c41b23 [FLV] -> 1a8dd541-160a-47d2-9ee2-cdfc3418a05f
  407_496a34be [FLV] -> 7f8f3262-18ff-4c4b-9141-44da328766fd
  407_6f94dcc0 [NQ] -> fde1d6d5-9c73-4658-925b-3f6fdf94deac
  407_79f598c9 [K2B,C3S] -> 29045a06-ef6d-47fe-b1c3-6fdaf599844b
  409_7ea29415 [NQ8] -> 1bfe0f76-da87-4a0c-b95e-bb4b000b0d8d
  410_33697e28 [5R0] -> 320b8e6c-49ff-4b04-afcf-abef443d1b5d
  410_420f8942 [YJE,UB7] -> 05f8a0d2-fc0e-408c-b7c3-560b9f1535a4
  410_824c8e4c [EJD,PQS] -> 5cae135a-bb83-4877-a9cd-29f1e2d4cfb6
  410_824c8e4c [IRJ,M4F] -> 195ab3e0-1eba-4c06-a14e-8615c9c9db7b
  410_824c8e4c [81M] -> 85432d50-1621-4ef4-ac36-85583ca85f53
  410_83d6f89c [5R0] -> baa85305-626f-4b55-9689-73e6a1f28f99
  410_b64fbb1a [ASD,STR] -> 08fe55c2-f06d-49ed-b5ed-0612f90fcc5e
  410_b64fbb1a [PLO,TES] -> 0ab20255-28ae-4c53-bebe-6717b2f50c30
  410_bc4a20dd [PQM,PQP] -> d8b78756-818a-4d65-80d9-62ead076b790
  410_bc4a20dd [LVC,L4I] -> 2fb35474-2c41-4eac-b230-4452626b1742
  410_bc4a20dd [M4F,L3K] -> 8eaf22af-8661-4bf8-b4c0-661a29b60f01
  410_bc4a20dd [OW7,8ZU] -> aefb221a-83d1-46aa-8862-3b577762c75f
  410_bc4a20dd [TWO,8ZU] -> f3ba99e6-ae2f-4c76-abde-8d38ac52bae0
  410_bc4a20dd [K3Z,QDB] -> c389e589-1702-4dbe-9e21-22f51a455fab
  410_bc4a20dd [1F1,ZRS] -> d4ba950a-8a2f-42e8-b83d-e94bd33a49c4
  410_bc4a20dd [LVK,KQR] -> ca675fb2-e800-4023-b431-580b65549d0d
  410_bc4a20dd [VLG,PQS] -> 3ad32d91-7d3d-4c4a-bb1e-d22ae22a6cdb
  410_bc4a20dd [KQF,Z7Z] -> 5730a9c7-68d4-4194-905f-56b9a5c8f4d5
  410_bc4a20dd [JO4,JO4] -> e7f9df9a-119b-4651-95e0-a87a24983d80
  410_bc4a20dd [FIV,JO4] -> b742e652-4254-4951-87c9-4eaa972443ab
  410_bc4a20dd [JO4] -> acf1c221-83b7-4020-bd0c-37845c55a3c6
  410_f7949552 [EH1,Z7Z] -> 82ccd5ac-fb79-4f56-83fe-2a092d52be72
  410_f7949552 [8ZU] -> faccc646-2128-40e9-8eb2-bac9bdec298e
  411_4ad73dbc [MYR] -> 18898c10-dc11-4f6b-b9e8-ece86107cc4c
  411_af24ac3c [ERB] -> c8d952ee-7676-4889-b3ef-4c76a5b070ba
  411_e3e8183c [KLN,CL6] -> 0387235f-516b-4c66-abac-26cfd5f7e22f
  411_e3e8183c [EY5] -> 42b9a4bb-ea99-4bd1-b187-e2a6860853d2
  413_9c5d7a9c [226] -> 4daccca5-142b-49ed-b823-b27c53b6ae75
  413_9f4eac9a [II2,II4] -> 4c88887a-48db-4598-9260-45966bc11683
  414_1ba62fe9 [UYM] -> d2a6fcc1-c7a7-4a1f-828d-7295b83b0fe8
  414_63852e7b [ECN] -> df57e491-3714-4b13-83ca-ece92312167b
  414_949a8532 [KKK,6XF] -> 54f20854-1b31-492a-b8f1-0ab8d4cca82a
rep 18: 491 pairs to fold
rep 19: 491 pairs to fold
rep 20: 491 pairs to fold
rep 21: 491 pairs to fold
rep 22: 491 pairs to fold
rep 23: 491 pairs to fold
{
  "jobs_submitted": 1500,
  "total_jobs": 7201
}
185 of 185 targets have an MSA
skipping 2 pairs protenix_v2 cannot fold
rep 0: 0 pairs to fold
rep 1: 0 pairs to fold
rep 2: 0 pairs to fold
rep 3: 0 pairs to fold
rep 4: 0 pairs to fold
rep 5: 0 pairs to fold
rep 6: 0 pairs to fold
rep 7: 0 pairs to fold
rep 8: 0 pairs to fold
rep 9: 0 pairs to fold
rep 10: 0 pairs to fold
rep 11: 0 pairs to fold
rep 12: 0 pairs to fold
rep 13: 0 pairs to fold
rep 14: 0 pairs to fold
rep 15: 0 pairs to fold
rep 16: 0 pairs to fold
rep 17: 354 pairs to fold
  416_8845d560 [PLM] -> 0976e912-ced0-4df2-815b-9c7abe28b033
  417_0e6cd8b9 [PAM] -> b676061c-04a1-49c4-a84e-aab7941d7a7f
  417_e0528f9e [DQE] -> 0e025144-910d-4a83-ab83-4a3b04a151c3
  418_8d7c0f49 [E93] -> 2d491a55-18f8-40a3-9272-d3c94b768a17
  418_b02dd5c4 [ECL,D12] -> f9a89c71-3b91-493c-ab3a-ff1e1d09790b
  418_cdc79ec5 [PAM] -> 1ab3145e-1c45-4be2-9b21-ac5976ca879e
  418_d6145562 [I6Y,JK9] -> e82f7b23-2759-4163-a40a-afa7fa2f5cb9
  418_d6145562 [JFI,5YG] -> 54a9f1a4-dbed-4c92-a7eb-fe73bafbf483
  418_d6145562 [EIQ,JV3] -> 4c0212b1-d66f-4321-bcc2-b0dc3fe349e8
  418_d6145562 [JUR,A1H47] -> 4a3e7d6c-8b9f-4bd7-817a-65863b055b69
  418_d6145562 [2QC,HIH] -> 4cd45e9a-f4b0-4bef-8e37-274723302e57
  418_d6145562 [KB9,JFC] -> 002316ce-32cf-4cc9-9709-eeba36922197
  418_eb9ea735 [3QO,K2B] -> 85fc6f27-351a-443c-856f-b57d251c7ad1
  419_2ab9350e [DXJ] -> daafff70-04a7-4039-96ce-38e970015f0e
  420_545c0f8c [L6X] -> df2f5027-09fb-40ea-9eb8-4024ea0a83dd
  420_6f493f38 [TES] -> 6b77802f-8664-4a05-b0ec-4fbb0202b929
  421_0306eb73 [MYR] -> 95e24cae-7793-499e-a6e7-cb1cf88cc0df
  421_446a58b4 [CAH] -> b60450dc-526b-4779-8f5a-75313725113e
  421_838aa221 [CAH] -> 4c17acc0-7fbc-4050-9260-0d9c598def16
  423_69bac218 [0GV] -> a6eba747-20f0-4f40-a701-16c4f3cb8a03
  425_918da379 [PAM] -> 73f01d1d-86cc-4e13-9d7f-0017d4e104c0
  429_3c548ba6 [PLM] -> bff77208-852e-4abf-96c2-f559d137600b
  429_42e1ecdf [TES] -> f5046829-b999-4a3b-b9ff-6ee7998475c8
  429_d4604a8c [TES] -> be9db381-3b71-48a2-8fac-1483f851fc8a
  432_82bbf621 [DCR] -> a13d4ed6-eb41-4eb6-8240-d5c84b675fac
  433_1a485928 [FOF] -> 8a01f66d-4575-4b44-834f-c5b532ac1dc4
  435_2f9ec93d [B9L,B9O] -> 577312ad-5a0d-45d0-92a6-b0162f8a1728
  435_2f9ec93d [B9L] -> e59d4e9d-7260-47d8-8c1a-9d57dae97f37
  435_330d7a26 [M65,M65] -> d8c46699-8e71-4060-94ad-7b552e5432c4
  435_330d7a26 [VGJ,M9B] -> 3494add8-cd00-46a5-8bad-4cb9cbe74546
  435_330d7a26 [VD3,RWZ] -> a18d5db7-33c1-4e96-ac0d-1d0a2989f802
  435_b1170faa [M8N,K2B] -> f4ab7042-b8a2-4425-9a17-ad00838671a3
  437_6f9809c9 [CAH] -> 8904df83-3fff-4ecc-8f75-3531ea9f10b7
  439_20b8b15f [Y7R] -> 3fc8d805-52d7-433b-a6bf-06d0b9943918
  440_fd3539ea [K2B] -> c3eb30d4-5f45-4a1b-9069-9ab3b73b09a0
  441_9f5ce965 [NE4,NE4] -> a6f72a9f-edeb-427d-8763-948302ad644f
  441_fdb186c9 [9LF] -> 30b6c33f-3d10-4ab3-9d41-affac447ee9d
  443_05636834 [VFV] -> 3ca62bcb-763e-4a2c-aed1-30b4c38ac020
  444_2f85a59c [REA] -> eb48af4e-4aa2-4f8b-ad41-76f59291687c
  446_68e6f289 [VFV,PJM] -> 5bcf70ad-12e3-4fe9-aa05-c7abf13caca1
  448_7a54e61e [VFV,VNT] -> 1f9b1630-a433-430d-97bd-8bc42c570ea4
  450_9c481af8 [VNI] -> 8d2f084f-0b41-4cb7-b21d-2afd48b2299b
  450_e1393289 [16A] -> deb1e63e-2f2e-4b79-9fe2-46abd4c414de
  453_31297a04 [LNP] -> fbcc2eef-c32a-4288-a3ca-0631af6e9e62
  453_3fc5a1f6 [TPF] -> 09139bc0-3349-4155-bc0a-ce6e9e6ae226
  454_40de364f [JKF] -> 8ddd7442-a8b7-42e8-9d21-86a6bc025214
  454_6f07a0ed [LAN] -> b7bf3b1a-4b5d-41bd-940f-81731977db51
  455_0c860b28 [CII] -> bc5f3452-4ddc-4626-ab28-e482baeb9875
  455_48438573 [CMW,CM9] -> 39b0f509-f1d4-4004-af73-28c48fcd449f
  455_48438573 [CM6,1CM] -> 9d344cee-83d2-43ca-8acc-1d461cc87dba
  455_bf9cfaeb [FW6,88L] -> 74f7aa2b-8709-46c9-9614-114f27849214
  455_d4843705 [TPF] -> 33ab7df2-73c7-4a74-afec-c8c8f122fa67
  456_8d7b7719 [CLR] -> 91e82fb0-1014-4c80-9cd8-02c5611d5629
  456_c9a58f1b [BTB] -> ab34156d-12da-49ba-8e48-05b852fd40dc
  457_0da0339b [9RL] -> 96df55ab-fd68-4ea2-9320-8d6cd643ff36
  458_683cba10 [WQR] -> 63d247b2-31ee-4745-84b4-980248dfa49f
  458_c4bcedc3 [VNF,POZ] -> a4b8a57d-1338-403e-a86d-6aee586905b6
  460_0f25ea19 [CL6] -> b577b3d2-c720-4ea9-8ec8-a1eb181e4ead
  460_2af8865f [LFD,LFS] -> 110922e8-ee57-4400-b384-7e6355f3ff66
  460_2af8865f [LFT,VT1] -> 85fbd73b-35c3-4c01-bac7-92ca3b83a746
  460_2af8865f [UDO,UDD] -> efdc614c-281f-470b-b152-adf1d9f69e14
  461_217b532e [NEE] -> f0ea8f05-516b-438a-bc15-011b07e00388
  461_b17f2608 [ECL,ECN] -> b33afafa-160c-4448-92f2-b6ae0bf4e990
  461_b17f2608 [KKK] -> a8e495e4-f642-4225-adb9-ef9da727b5c5
  463_2621ae02 [LSN] -> b70f1da2-d999-4830-b68e-f46ffab03c55
  464_4dc0771e [TPF] -> d99ddc1f-34a1-4a52-a193-1b23e662a510
  467_6a91af88 [26N,TW5] -> fa3b17fb-6933-4d77-a85f-9cabf3ab3b97
  467_acd53678 [5PS,J5Y] -> a0140fc4-19ed-4465-b407-1d95e34968fe
  467_acd53678 [TU1,WVH] -> 38ab203e-b54e-41b7-9fec-8b4c3a50c98a
  467_acd53678 [25S] -> eaf27e2f-781f-463f-bda2-82337168128a
  469_ec879091 [18I] -> 51419fa6-4fcf-4f69-9e99-4caefa93a755
  470_03aefc00 [T9H] -> f20d02fb-6ce8-4b1c-94c1-0ee6e9a8332b
  470_4634f49c [VNI,VOR] -> 2e544d27-2929-484d-8b99-993ad67a86bf
  471_d4280bc5 [2DC] -> 1e9f8ee4-81b3-4ca5-a9a3-0ece5168b2d7
  473_4b734b6b [TPF,TPF] -> 07c6730b-9f58-4ae4-bf61-001853e89790
  473_6790f922 [DMZ,DIF] -> f2693c57-7b92-4872-a80a-b0164a6b11f9
  473_82bdfad8 [LSN] -> 80ab60a8-5644-4684-b176-070d60688485
  473_ca85e740 [VT2] -> 45a68a52-bdcf-4e83-bfc0-b5cfd4791d99
  474_5043b011 [05D,YCG] -> bf95ee16-aa0f-45e3-aba5-3e53357152d9
  474_5043b011 [A1BZC,0I1] -> e886cee9-16fa-4e59-a787-9b207ff4fc35
  474_5043b011 [YCJ,A1BY9] -> 7fde8bb0-c66a-4d48-a4ec-ff54b7f90cf2
  474_5043b011 [A1BZE,04Y] -> dd486dc0-8433-4e98-ad91-19b4ee0e9646
  474_5043b011 [YBS,A1BZA] -> e1a69333-e117-4489-a126-3b184b71d51f
  474_5043b011 [A1BZD,A1BZB] -> 00ba8a47-45ec-4cc3-aaee-b60ce6a0a275
  475_07812ca9 [2QJ] -> 3744cf25-e7d3-4be0-a550-85c247575f1a
  475_74349f57 [X2N] -> c54f9155-ae74-4ca6-9335-05485425f90e
  475_83a489fa [TPF] -> 13b1ae4d-596a-4883-927a-8fcc911cf58e
  475_c96c5508 [U51] -> c28dc300-9bba-4f08-9dde-06ef46d8e9e4
  476_042e6596 [9PL,OID] -> 2886e986-b8d5-4931-b025-db76a3ab2a60
  476_042e6596 [LC4,OIO] -> 14c92851-dd37-4a52-8424-e9c9fe305990
  476_1c30957d [LSN] -> f27227fd-9645-44af-9ae4-1e832db83787
  476_1eccdb5d [PB2,PB2] -> 9fa4699a-831c-44ef-ad2c-4988ada74887
  476_1eccdb5d [TMI,06X] -> 74c8b6aa-4129-402e-93a6-e86752db8a8b
  476_1eccdb5d [CPZ,CGE] -> 1aec250c-80db-489c-b62f-455b80353284
  476_1eccdb5d [TB2,TIC] -> 35c5b084-ba22-4dea-b8ba-9926fe8e7099
  476_1eccdb5d [0BV,8PR] -> d809235b-4b40-4b31-8ddd-4d1cbdf3ce52
  476_5965a73b [CPZ] -> 8c90e425-4d7c-413f-839f-66c6c06e1f97
  476_5b1c057d [LSN] -> d816ad9d-447c-49cc-bd4b-f2e2f172e228
  476_7621de71 [CPZ] -> 0cc30ca5-1915-4ef3-a861-12f3f5831830
  476_7cf5aebf [LSN] -> 7d786818-1c4e-45d3-ac03-e3554b126d03
  476_84104a34 [9PL,D2G] -> 32072b62-a6ef-4cbf-93c9-a5542165db21
  476_84104a34 [D1G,NCT] -> 1b2bd044-7053-49d1-98cb-b56471b3eecf
  476_84104a34 [8MO] -> 2ef26f0c-656a-4f27-932e-968dad41519d
  476_8c5622dc [LSN] -> 257eae71-b82d-4865-94c1-db4184f3221e
  476_9dbeadc0 [9PL,N4E] -> 008f98a4-063f-4bbc-81f2-84ae8e3f5d9c
  476_aca4f268 [0QA,9PL] -> 2a1cf559-f0b2-4c72-b7fd-247f351a021b
  476_aca4f268 [0QA,NCT] -> 8235a741-b8b0-4aba-af4f-c66b2ed73315
  476_ec577891 [06X,3QU] -> 6bf60654-91c7-418e-b84b-e9176f44eb47
  476_ec577891 [3QO,CPZ] -> b3fc2453-0bb8-4413-a436-a358090b0cc6
  476_ec577891 [9ZJ] -> 7608df26-c044-489d-8d9a-c9bd31186f3c
  476_f7fff33f [MTK,9CR] -> 4bb48694-a621-4fda-97c6-b96ca8c503ad
  476_f7fff33f [225] -> bc897a84-b201-4515-9dc0-df75d140ab4f
  477_39eada44 [0XV] -> b29e766d-4599-4738-93ba-d922fdda79e9
  477_a506c224 [LFV] -> 0a25bd72-be26-4744-9bdd-438f226937e9
  477_f6ac8610 [6RJ,XI1] -> 019edf72-3b3d-4493-b75e-cbe7efa37e5c
  477_f6ac8610 [FLP,6YF] -> 6310368a-34a8-482b-b697-dc306747c8bb
  478_6eb03748 [32M] -> 7c3f0692-9434-4cce-9da2-ae1ec6c7ce10
  478_9f6a0c23 [1CI] -> 98603594-6654-4a33-9c96-72f37e50100c
  479_7301ea5f [V2H,VD3] -> b24c797d-579a-4d66-830e-f5feb5c72f12
  479_af4ae158 [PN0] -> 2fb05b20-70b7-4f82-9ea1-27dc7fabc781
  479_cf53e4c3 [CGE] -> e3dc3b29-13bb-4277-9372-a56d55d1a729
  479_f5b99101 [SI6,PN0] -> 00906d69-bf2b-4217-8be8-0323b31239f3
  479_f5b99101 [PN0,SI5] -> 61a7cb28-39a7-47d8-99aa-97716a743c72
  479_f5b99101 [AJN] -> b9727720-f82c-46f8-bd8f-e7192004d29c
  480_0010cf69 [CL6,RIT] -> 4cc1def7-2876-4c3d-8856-b6ba6d276ce1
  480_0010cf69 [A1BNX,MWY] -> 5874e18a-e744-472b-bb1e-d1170ca329c8
  481_4e319598 [XRD] -> e6cba2ac-b51c-4ade-976b-b982e2a48fcb
  481_e03083a2 [D2V] -> f66288b5-10c0-463b-8ff8-a87bde12ded4
  482_3314a5f9 [STR] -> c764f49f-eb4b-496a-ba21-0aeecff8d6e5
  482_89b551e9 [CPS] -> 5a72a4bb-dbed-40e7-8dab-c8c9bebf5ffd
  483_4a1aae09 [0T3,1CA] -> 0a94db46-4eac-456d-812a-e73cdb34a06f
  484_08f22cf5 [YSY] -> b2f11599-9684-4b5c-a214-2a8a55660d3d
  484_16b493d6 [JD7] -> 266d9caf-78dc-4f07-b930-3a1201b40032
  484_a14ea32d [2QH] -> 947a17f7-395f-4eef-a5a6-174b951e8e4b
  485_3260576c [DVE] -> ddd5083f-3e3b-4dd1-8cff-b9988fdefaf7
  485_6cd5c2fe [KLN,RIT] -> 00860f6c-496c-4941-9a7c-2307e1930c01
  485_6cd5c2fe [MYT,ERY] -> 03609588-7fc9-4eae-b153-a54e47775bf0
  486_62b873ed [YNV] -> 976cb449-fcd6-4f5b-adef-83e360b315eb
  486_c05cda03 [ZWY] -> ea3bbf05-ee99-4750-8bf5-ba73b0ef6421
  486_ee37fc5f [HC9] -> b6915e9d-e091-409b-ae2d-1ac2fd5c1404
  486_f605e37d [CL6,A1ASQ] -> 274d1bf7-ef60-4cea-ada3-d395f1c1cee9
  486_f605e37d [A1ASU,A1ASV] -> 7e222422-c70e-41b2-94e5-cc2647a11c54
  486_f605e37d [A1ASP,A1ASS] -> 7b58fa46-024c-4a90-be67-6db726097ca2
  486_f605e37d [A1ASO,A1ASR] -> 8dabdf52-1c55-4661-bf19-ae3c5dc7b99c
  486_fe430384 [MYT] -> 83a4a6de-12fc-4895-997f-149d078a79e6
  487_32859637 [X1O,X4E] -> cbcc1964-e9eb-4603-9989-a9bcb342a0d2
  487_32859637 [X2Q,WZN] -> d0c1c751-25a8-44f3-a4f9-45bcf4f4ae05
  487_32859637 [X1I,X2Q] -> cb2daa67-d47a-4824-a115-9e4b89f5fb5d
  487_32859637 [X1C,8AW] -> b15e953e-e80f-4d9d-b097-594c15a3208a
  487_32859637 [PKT,T0K] -> 413a47db-2d58-4bca-8c69-2dcc88c81804
  487_32859637 [O3L,X0E] -> 86ee7f90-acff-4e42-8c95-283be224a76c
  487_32859637 [A1A4S,7AW] -> 9a9a1ff2-637f-46bf-aac5-f769a93cc65f
  487_32859637 [NH0,X7D] -> 7d7d569a-f8a7-4f18-8a71-beefc755dd94
  487_32859637 [X6S,NI6] -> f04e36eb-ff6d-4ea0-88f8-91a985804a18
  487_32859637 [X6V,Z8Z] -> 20850e6b-3312-4bbc-8146-b6d56a7f501a
  487_32859637 [NJO,6AW] -> bdee0a8e-cf83-48b8-b485-cd0cecbc14db
  487_32859637 [D0R,X5Y] -> 5158571a-cef2-43f9-b603-dccf7b7ea7ef
  487_32859637 [X71,J9K] -> 0ffde0f6-ec26-4b8e-bda6-ddb74a4d54e9
  487_32859637 [A1A07,D81] -> af12572f-508d-4fb0-9bef-289d4086a0fc
  487_32859637 [Z9Z,A1APA] -> e89edf7e-d155-4fb4-b3e6-cd7ba4b0cf9e
  487_32859637 [A1A4T,RIT] -> ecbb918a-47e7-4711-ba6b-b8c334a8cb0c
  487_32859637 [1RD,X7M] -> 9feccf77-92f8-4a37-a0d7-885f55da1807
  487_32859637 [A1A08,A1A4V] -> 5b834454-8f9b-41d6-9850-840752267aa4
  487_32859637 [A1A06,X7P] -> dcf8c98e-2668-4e90-a184-b84aaf6fe928
  487_32859637 [QEP,A1A4U] -> 5cf2a276-8261-4b1b-9b98-1c77365291d7
  487_32859637 [X2B,G0V] -> 7a9571bc-78e5-4510-9704-61d542323cdc
  487_32859637 [D7J,Y83] -> 00e633cd-121f-46ee-8fb6-13870bf91644
  487_32859637 [A1A4K,G1J] -> fdd4217b-73a6-436d-a643-216a033c6812
  487_32859637 [80K,X6J] -> cd0ff0c2-51da-41de-978f-1c64dd13925c
  487_32859637 [G1D,G0Y] -> b104f107-823b-4837-9de1-aaad973aea27
  487_32859637 [G0M,WZN] -> 333bcb20-9b29-4d19-b176-8c8eed3e276f
  487_32859637 [G0D,D7M] -> 3c66d3e9-68f1-4a44-9bd9-802914eaccd1
  487_32859637 [DEJ,D7Y] -> 71e4cb03-870f-4d19-b058-30640bf40631
  487_32859637 [O39,NJ0] -> eb9d58c7-5504-46a0-ac25-b14cccea7935
  487_32859637 [QDP,MYT] -> 3d13ec64-b562-4c38-80eb-5541ea7c103a
  487_32859637 [FZV,QEA] -> aca8ca8f-cc8d-4cfb-81b3-ec479269b564
  487_32859637 [QES,5AW] -> 916f356d-0211-4a0a-a2af-6b6dfd355b8c
  487_32859637 [QE4,DJ1] -> 2b59d137-f521-4b4e-b6d6-f3d3132828f7
  487_32859637 [DEV,G0D] -> 17a1c70c-5d45-4585-ac84-214fadd7e6c7
  487_32859637 [QDV,QDJ] -> 3a6f3d9e-86dd-4c4b-9a76-dec93b67183e
  487_32859637 [G0J,FZV] -> 5c01e7de-ffe5-4978-8fc1-39171bee3170
  487_32859637 [QDY,08J] -> 93fd6285-5855-45b6-805e-0f1007a86230
  487_32859637 [CFF,08Y] -> 5b385ce5-a992-439e-b6a6-21babb9f3db9
  487_32859637 [CFF,MWV] -> 7f458987-8ac0-4a53-8408-8e1428ac4a30
  487_32859637 [X8S,TCI] -> f45f2c20-cdb8-4e94-ade3-cca5589ba066
  487_32859637 [MWY,A1CIW] -> 8acb7123-56e2-48b0-8e68-f3b48dee72a4
  487_32859637 [MWS] -> 4c3445cc-189b-4da4-8471-95d314923752
  487_3996026d [TPF] -> 66928f9d-907c-4260-a1bf-342c90f6b1b8
  487_6d9fa596 [PG4] -> f1b89eee-6e35-41c3-a69f-dbcb31693ad1
  487_8538537b [X74,X7J] -> eb79c872-0bd4-4736-b715-85686cdbd3f7
  487_8538537b [NXR,NYF] -> b46d3515-f799-4ab0-88ed-404cf04cb612
  487_932e3608 [HC9,HCD] -> 13381109-61b9-49b9-ae44-4deeed7e0edc
  487_932e3608 [CLR] -> 2ab63803-00d6-427b-8e97-20dc235d7f5e
  487_ecbf61ae [RIT,08Y] -> 2f0cc4ee-c88b-4556-a177-3f1522a5840e
  487_f5412e3a [PK9,PK9] -> 822f1bca-4d93-4b55-91fe-9ab020fde396
  489_c3fc2428 [YHM] -> ad3d2ae3-118f-4c48-aea0-4d8f6d1d1f8d
  489_d6dd2913 [QHC,O4T] -> 59dc12ab-0c6b-49e9-abbd-cc8a50159156
  489_d6dd2913 [O4W] -> dd13de50-4aa7-493d-9ec3-a88cd32da2c6
  490_6a8e1ea2 [X2N,VT1] -> 33cb7b26-c386-40b8-ba36-9d8abf9cc5f7
  491_3c76f070 [UCZ] -> 8ded2db6-14ef-4006-afd6-1cad0918366a
  491_57ef6006 [HJJ,Q4M] -> 81353054-0b3b-4f10-8d14-f9a8fc745f3d
  491_57ef6006 [Q4P,BHF] -> 4537ccec-2d4f-4598-83f3-a569d54c14d0
  491_57ef6006 [AQ4,KUV] -> df1dc104-23c7-44ac-8661-5be05e102eee
  491_ec153e60 [0GV,K2B] -> c875015d-de40-4782-a0a5-50bc57e34a3f
  492_9ba7e278 [OLA] -> 9fea2b7f-ea86-4f16-8a06-368e6582cbaf
  494_df1f3120 [XPK,3NR] -> 4e097d78-a2f0-443b-9b24-38ecfecc4dbd
  494_df1f3120 [UDJ] -> 19760b14-73e5-4024-808f-7a1dbc14a0de
  495_3cc65aad [BHF] -> a42f7843-8c25-4551-8c91-8b37d5a41ca7
  495_4b188212 [243,T25] -> b0c360b9-c2b4-4d95-9623-83b2e948a886
  495_90353ec6 [243,T24] -> 41956e79-c641-4e2d-86c2-eaaee5ecd9b9
  495_90353ec6 [T25] -> 0b6982fc-2aa7-492b-87ad-c8317f55488f
  497_9e5b0951 [V16] -> 05ca9b70-1159-4e0c-8fbe-52d14bc3eef6
  498_b2766aaa [MXD] -> 68ce493c-780f-4b73-930b-99776e4e6100
  503_f3121c0f [ASD,ASD] -> b5cfd12c-bba0-46a2-b2cc-c33c7cba9662
  503_f3121c0f [ASD,TES] -> 4657f2f0-a93d-4e2b-ab27-a4d8947ed376
  503_f3121c0f [ASD,ASD] -> b6ce6f42-7dd3-440d-8d5c-98ad4bbabb55
  503_f3121c0f [ASD] -> 70f5a8b7-06f4-404e-a1f5-b3ee4739816c
  509_e452cdaf [AER] -> 70c07a79-f137-44aa-bf43-e61c03231181
  515_00bd6347 [1YN] -> 3101eae7-1277-436a-a0c5-32ef715c7a27
  536_e0febc59 [81H,LAN] -> 52ce0a3c-ba1a-4069-a2d0-91eecbaac65c
  537_fdcdbc81 [1YN] -> 68694042-a6bf-42fa-869c-8331aad0dd41
  539_5aebb388 [SKX,A1AB6] -> 8022e462-85f9-4503-a023-984904d7ae5b
  539_5aebb388 [1YN] -> a1d09518-dac8-4bb8-92fa-a1836344e114
  539_5f23ede7 [VOR,1YN] -> afc20bd4-8577-472e-8742-c28ae8116245
  539_7cd83d49 [VOR] -> 38f2baa0-d9f4-4393-bcdd-b28bbeddf24b
  539_91e1b8cc [VOR] -> d041ad66-6e46-416c-9537-21e2eeec1bc7
  551_c92602dd [LAN,JDJ] -> dfe46f77-0898-46d5-a40f-44173a3bd267
rep 18: 491 pairs to fold
  368_3c6d23e6 [36Y,CPZ] -> 08d93a0d-1c35-47b5-aa15-41c2c3001f6b
  368_3c6d23e6 [3SQ,36Y] -> 3b1c554e-9a29-4c11-ab7b-56843811ef91
  388_7e6828a0 [A1MAI,L0O] -> f21cd8a8-aec1-418d-9a6b-06c816d0b2d8
  388_7e6828a0 [A1MAJ] -> 2fc284a6-b1c2-4279-8adf-923cdbb92b34
  390_41f96d07 [A1EGF] -> 1e4520d6-6cf8-4385-9114-c37bdc091bd7
  393_40400e22 [DAO] -> f6d47c09-a715-46bf-bbeb-6fa1da1204c1
  393_47d43e97 [DIF] -> f3b81a7a-20a7-41d9-88c0-66b80a51bb7b
  393_7d481b62 [4IA] -> bf3a76ce-a526-4832-b757-e518a1dcb092
  393_c3358fa1 [8QM,4IA] -> c140dad3-7295-48b3-a0ae-d39dc42c2d4a
  393_c3358fa1 [EH1,81J] -> 5ccefdb0-8f53-4d12-a509-e18a1d4d46ae
  393_c3358fa1 [EJD,EJV] -> c44cab4d-0617-487b-9534-ad40895ecc2a
  393_c3358fa1 [HX1,81M] -> fc99fa78-4774-48c5-ac07-62cc96260af9
  393_c3358fa1 [QZP] -> 7afe3ff1-d7d4-4274-a2a0-3da1e6f114a0
  394_ffc37182 [1ED] -> f6427064-7d11-4181-b0d3-1b3d160257fd
  395_f9cfd803 [TQU,QFD] -> 63385766-2c3d-454f-bff2-24b36a9e4fb6
  395_f9cfd803 [KEQ,YTT] -> b47422f0-d099-4b4c-8473-0d7a30df0e19
  395_f9cfd803 [1GB,YTT] -> 655522e8-137d-47bc-aa2a-e9c154091f1b
  395_f9cfd803 [YTT,1G7] -> b9a56f7b-f305-4616-b7c9-5dc370b304a3
  396_475f6489 [ID3] -> 015988e8-7dce-45dc-96c9-a5fcc73f24e8
  396_672140e8 [9KE,9KB] -> 46ce98ae-9867-4f57-94c8-dfc75d6ec39e
  396_672140e8 [69M,TZM] -> a5c63124-8496-464e-9cd1-b116fd213e03
  396_672140e8 [GGJ,69W] -> c6b6bc4a-0ed0-4ed9-8e53-045ae5d0827b
  396_672140e8 [TPF,MQN] -> e5593b36-dbcc-4db0-8ddb-74230f038d2f
  396_672140e8 [69S,KEQ] -> 2cc2e1d0-abde-47ad-96f7-aed43a060422
  396_672140e8 [KEZ,Q47] -> f6404d3d-1461-402a-8217-fa1a38b3bf5a
  396_672140e8 [KEH,N5Z] -> 76ef353f-f259-4a73-860a-2bc150dddf87
  396_672140e8 [N5W,KEB] -> 48a357b7-7111-4120-87dd-785e1daa940d
  396_672140e8 [KEW,ULZ] -> 8d85a360-b426-4c57-86f4-dd646fe3aed7
  396_672140e8 [OUC,KE5] -> f07bc9f5-d1bd-4a66-993b-2cf19ee068a1
  396_672140e8 [N55,R2H] -> cfcaf025-ed25-4d2a-847a-b66f55ca97ce
  396_672140e8 [KE2,YTT] -> d3a9e375-02c7-4848-a29b-90b17b3d067a
  396_6abe88bf [EV1] -> 2a9785aa-9850-4544-8686-9f945bc22d1d
  396_9ca07298 [4UH] -> 01c884dc-9961-4cc4-b6b9-44041e5eb2f9
  398_712f2bbf [5YG,ENK] -> 1d6c9591-3282-477a-a709-e0a7b67047b7
  398_712f2bbf [DQE,PG4] -> 05dcce34-d0f6-4135-bb1f-816f756eabe8
  398_712f2bbf [EIQ] -> f68c2c8c-a10c-446e-b929-6f123c995857
  399_d04da719 [EMZ] -> ad82f354-6429-4131-81e2-837aa99dfb51
  400_3b97c392 [STR] -> 09bf47ad-3f13-4638-ad08-b5881c5715f1
  400_77edf82b [ASD] -> 71cb9cfe-2a1c-4f5a-aa4c-67f1816bcfb6
  400_dff94071 [STR] -> 22b9ea20-3aaa-4514-936e-e7ed2bcc1ac7
  401_a9170273 [RRM] -> df4a48aa-b36e-49a1-9178-7adcd65e4957
  401_b00cace2 [RRM] -> f10044a7-3c30-43b3-a6bc-076ae231faca
  403_b29b1ed4 [DEB] -> acba2046-dcd5-4f59-8da7-43143ea26480
  403_b3a2f553 [KTN] -> 0fde5935-5444-4e19-b011-a712c434bf7a
  403_e7509160 [KTN,9AP] -> bb9c7557-90d1-4690-9a76-35fe286dc31d
  403_e7509160 [ASD,DEB] -> a73e4f11-4f12-4a15-8358-cfdce7e2093e
  404_7fe08af5 [DEB] -> 47282c47-9db9-4f51-9456-9e0889da12bd
  404_a7f52c3e [DEB] -> 4f8d2090-43f8-40ce-b91f-9d72b183b8b9
  404_da66167c [DEB] -> 1c2a621e-7516-4683-bdb2-a35e4ff502d8
  405_04029c87 [K2B] -> 707c1966-542a-4a4e-a0a6-719f6b0d256b
  405_90b62d6a [GWM] -> a88f7289-2d36-46f3-8f2f-26ed10103898
  406_a7c41b23 [FLV] -> acd5134c-06bc-4f48-b85d-2501acb2478d
  407_496a34be [FLV] -> 9b72747a-f4fc-4b38-bf32-4689e41728dc
  407_6f94dcc0 [NQ] -> 48cab17b-1b54-46d2-b996-c17b146ea643
  407_79f598c9 [K2B,C3S] -> 3de5b3cc-ffbe-422b-a7b2-d825283e96bb
  409_7ea29415 [NQ8] -> 2496c3e6-943e-4d33-a4fe-827304bdcb78
  410_33697e28 [5R0] -> 1e23b187-ca2f-42e5-84e8-626ec1d1fd45
  410_420f8942 [YJE,UB7] -> 187ab84b-4a9a-48ec-97c6-7318c0607221
  410_824c8e4c [EJD,PQS] -> 1947e488-619e-4f10-97ee-e81a0309fe54
  410_824c8e4c [IRJ,M4F] -> 681ea33c-af5d-4426-8443-f8e9b8374999
  410_824c8e4c [81M] -> 68c2a5df-6904-45fc-8396-5e3facfa2c0a
  410_83d6f89c [5R0] -> c19f2fea-54df-4773-909c-e8ea78d98b4a
  410_b64fbb1a [ASD,STR] -> 848222a5-2001-4331-b471-47945c17d534
  410_b64fbb1a [PLO,TES] -> cf6bea03-9ea9-45e5-88e8-c67c83d29575
  410_bc4a20dd [PQM,PQP] -> 37255c47-f95b-4e89-badd-ddfc17eb5575
  410_bc4a20dd [LVC,L4I] -> dcea9429-d275-42d5-a86c-bd7a3672c3ea
  410_bc4a20dd [M4F,L3K] -> fe527e17-94a7-4232-a296-d0589547b157
  410_bc4a20dd [OW7,8ZU] -> df12d87b-9a59-4add-8609-77dccada5040
  410_bc4a20dd [TWO,8ZU] -> 10a38ffb-a07b-4bf7-bead-cc87fa7e53ec
  410_bc4a20dd [K3Z,QDB] -> ed008cfb-ab77-4326-85ad-ccebdd59902c
  410_bc4a20dd [1F1,ZRS] -> fcd43423-0d38-4f56-ab3e-70adba7daf55
  410_bc4a20dd [LVK,KQR] -> f0b8ef22-e829-4607-ac9e-b324cb432a9e
  410_bc4a20dd [VLG,PQS] -> 13324145-a948-444a-bcdc-9c7a38a5bbc9
  410_bc4a20dd [KQF,Z7Z] -> 3ef47cd9-88d3-44ff-91c9-1f9f541aa6a8
  410_bc4a20dd [JO4,JO4] -> 5c951b5c-abe2-41a9-8372-62d051b4b1b3
  410_bc4a20dd [FIV,JO4] -> 9f4a94f6-1049-4079-aabe-3d0b8e632ae4
  410_bc4a20dd [JO4] -> bf5bc1e3-160b-4e9e-a4e0-040d7611d27b
  410_f7949552 [EH1,Z7Z] -> 604b761a-0b69-4841-8278-259408488ab9
  410_f7949552 [8ZU] -> ae77d294-985b-4586-99b7-afae01404dd3
  411_4ad73dbc [MYR] -> 8c1b8452-9629-4896-9dfa-488082073a03
  411_af24ac3c [ERB] -> 4c261768-1fc1-477f-8c34-67f0ad098866
  411_e3e8183c [KLN,CL6] -> 30f29c04-ef39-46bc-8653-67177129a62f
  411_e3e8183c [EY5] -> 4beda81e-3173-49e0-ab3a-40858f5b04c0
  413_9c5d7a9c [226] -> 80e076b9-99ba-47d3-a1b4-0cc932c487d9
  413_9f4eac9a [II2,II4] -> d0fe5a13-5276-4a93-a4ea-31de1bef9d24
  414_1ba62fe9 [UYM] -> a6a9e335-039a-44cd-ba06-02530f818b11
  414_63852e7b [ECN] -> 3ce043d0-10bd-4744-bea4-0ffb0473db1d
  414_949a8532 [KKK,6XF] -> 1cc33224-5a6d-4ab8-a195-6f60fddadac5
  416_8845d560 [PLM] -> c8634740-d4ae-4d4e-abd8-219832d196db
  417_0e6cd8b9 [PAM] -> 32ac81f6-4c72-4ad0-8f88-8ca012ad5d58
  417_e0528f9e [DQE] -> 5aa5cbd2-6e9a-4b51-a24f-4a99e028bf4b
  418_8d7c0f49 [E93] -> d22c0b3a-32ae-4309-b921-dcd7124e5fed
  418_b02dd5c4 [ECL,D12] -> bc11a95f-9c9e-43ba-b0ae-868d7302e0e5
  418_cdc79ec5 [PAM] -> 833424c8-2485-4d1c-9c80-9f79ad78fb6d
  418_d6145562 [I6Y,JK9] -> edbf1263-607f-4d80-859a-8d66d65e9dbe
  418_d6145562 [JFI,5YG] -> 42acc811-3625-4523-aafe-822128fa1a9c
  418_d6145562 [EIQ,JV3] -> d82a5760-0226-49a6-927a-b319a378364f
  418_d6145562 [JUR,A1H47] -> 92b8000b-79e9-4f44-b46b-6d25ba2cff55
  418_d6145562 [2QC,HIH] -> b0994cf7-89e2-4961-bada-64c86b6cd5c5
  418_d6145562 [KB9,JFC] -> 4a68cf06-1561-458b-a632-3ab69dfdfba7
  418_eb9ea735 [3QO,K2B] -> b38ab1f4-a050-48d0-9dcc-d2f3926e6286
  419_2ab9350e [DXJ] -> 7dffd2b2-5a62-4419-85dc-92ae82fa64d4
  420_545c0f8c [L6X] -> 56fc9856-2c65-4b20-8f65-a307f25e957a
  420_6f493f38 [TES] -> b0b47ce1-848a-44f9-86e9-8e1e0ac48d81
  421_0306eb73 [MYR] -> 1f3c9d58-e195-4a28-bcb7-95c0551efed4
  421_446a58b4 [CAH] -> 950adf9d-e0eb-47be-ab60-3dd50d157eba
  421_838aa221 [CAH] -> 90965d70-b8e7-4a77-8b16-a25bd63c3d01
  423_69bac218 [0GV] -> ff0cbf1e-2fea-4964-a5ae-35afda98f519
  425_918da379 [PAM] -> bc3d416e-f96d-44b9-afa6-c5b57d9270e4
  429_3c548ba6 [PLM] -> c583f979-b010-4442-b5a6-8ee7a327f476
  429_42e1ecdf [TES] -> 2944052f-ef9a-4b7b-93e4-bc49725cfbcc
  429_d4604a8c [TES] -> fb17c54c-d13c-4033-835a-bd2fc15d4641
  432_82bbf621 [DCR] -> 80004815-e08a-48c2-a6d5-2c758dc305c0
  433_1a485928 [FOF] -> 0662dc91-6a06-4a43-9360-984b56839f29
  435_2f9ec93d [B9L,B9O] -> 4bc7cb0a-77b5-44da-9d6f-a1d92bd9d6de
  435_2f9ec93d [B9L] -> a118024c-7569-416e-bf42-24295b04a9d2
  435_330d7a26 [M65,M65] -> 7a20599b-097f-4804-92ce-f9ff5d1009ba
  435_330d7a26 [VGJ,M9B] -> 2dc4cf9a-aedc-4679-9939-9fd48f57208b
  435_330d7a26 [VD3,RWZ] -> 6fa3c22e-cdea-4a48-8f13-5e6240da0e26
  435_b1170faa [M8N,K2B] -> 14417e96-9efc-4079-b4c3-2eef2999a0bd
  437_6f9809c9 [CAH] -> 36a836bc-60f3-4339-94f9-7e3b6c99798d
  439_20b8b15f [Y7R] -> 8cf8f094-0ab0-470a-a7e1-df5e05ece276
  440_fd3539ea [K2B] -> e187819d-e0b5-4f2d-b27b-9bc780c4c176
  441_9f5ce965 [NE4,NE4] -> dd356643-35ee-4f45-b266-a44238d4770a
  441_fdb186c9 [9LF] -> 6fc531d6-c8cf-4f5e-b5c7-46c3657cd274
  443_05636834 [VFV] -> e510ba8e-f257-452a-8f95-bc5759694388
  444_2f85a59c [REA] -> f950c275-936e-446c-8c9f-bd77c933f6a8
  446_68e6f289 [VFV,PJM] -> 815efd5b-41ac-4fa8-8a79-7b7887a080ca
  448_7a54e61e [VFV,VNT] -> e7457406-f3df-48f3-a391-a56c943fdc81
  450_9c481af8 [VNI] -> 45841ff2-9618-4862-b62d-f63d785a7b64
  450_e1393289 [16A] -> 00d73129-196c-4b63-8e7d-9e56e5d20fe0
  453_31297a04 [LNP] -> 4ef7b6e5-3dc4-47bf-8db0-30f0316e806a
  453_3fc5a1f6 [TPF] -> a118274f-068f-4223-9745-c3388338942b
  454_40de364f [JKF] -> 651786b3-fc87-4122-8c5b-f8d87abee39d
  454_6f07a0ed [LAN] -> 5d845dbf-cc6b-438d-a0d6-3d38f67015ad
  455_0c860b28 [CII] -> 5f1d4f68-4e63-4ae9-b17d-3f5a10605332
  455_48438573 [CMW,CM9] -> 70c1b5b7-b856-482c-a821-8230b0f983d1
  455_48438573 [CM6,1CM] -> 8ee11e95-e89c-480e-bfe1-21e1aa824c6e
  455_bf9cfaeb [FW6,88L] -> 4d8b6656-c0b9-4905-8dbe-1877aa53bec7
  455_d4843705 [TPF] -> a0c4c6c2-7a11-4109-9e05-ca2ad9a4563a
  456_8d7b7719 [CLR] -> 6b8c81c6-d4f1-4ced-af44-1e6c01bb8688
  456_c9a58f1b [BTB] -> d4234b1e-4a2d-4762-ba67-97511dedb913
  457_0da0339b [9RL] -> 3c837c8c-2254-4218-a421-76c1817cb0fe
  458_683cba10 [WQR] -> 9f84ecd7-55d0-4873-9a5e-050f37d0ca87
  458_c4bcedc3 [VNF,POZ] -> 10f5e7c6-b927-4c4d-becb-354776cb2b39
  460_0f25ea19 [CL6] -> 8f74b08d-6589-4667-bcdf-cecb485fa072
  460_2af8865f [LFD,LFS] -> 19fe4d4d-d797-4c61-9f24-5946fe40794f
  460_2af8865f [LFT,VT1] -> 1b4169da-8b3f-4f49-8e6c-fd02e55050ed
  460_2af8865f [UDO,UDD] -> b727b884-2a23-43a1-b2f8-9198dc766648
  461_217b532e [NEE] -> b5b516a0-7cc4-4710-ae59-b7b48ef0554b
  461_b17f2608 [ECL,ECN] -> fb396ed9-87d5-48b1-8240-dc40b4c5b985
  461_b17f2608 [KKK] -> 3b391c8a-7893-436c-8289-3b04658d05d1
  463_2621ae02 [LSN] -> 8c897d94-ce91-45b5-9d0c-3da0e5d2f642
  464_4dc0771e [TPF] -> 3af1c9ff-7eaa-43ba-91ab-2be03aaf9ba7
  467_6a91af88 [26N,TW5] -> a364733a-9cf4-4f5b-928d-97b4250eed81
  467_acd53678 [5PS,J5Y] -> a2741109-2d3c-4eeb-b2b0-11460da57447
  467_acd53678 [TU1,WVH] -> 540bc8eb-b899-40f0-b813-11233d4a1994
  467_acd53678 [25S] -> 122c7d83-9da0-44db-89f2-19fbbb421ceb
  469_ec879091 [18I] -> 2bfd3663-31bf-47cf-b547-b6c5c6b569c1
  470_03aefc00 [T9H] -> e793f9dd-40f0-49db-aeae-0e8e5ba97843
  470_4634f49c [VNI,VOR] -> 6d77ae65-3afe-4c50-8069-c1d3473552ac
  471_d4280bc5 [2DC] -> 63367490-3878-4a28-b79c-8de6bf18aa7b
  473_4b734b6b [TPF,TPF] -> 68cb3c2c-72f5-4983-b0f9-484e57e780d9
  473_6790f922 [DMZ,DIF] -> a8fcc04b-ec68-4de3-9461-7f0e02245fc6
  473_82bdfad8 [LSN] -> 171ce353-543d-4534-a9a8-d6db0f3eadc0
  473_ca85e740 [VT2] -> afd55e8d-a11b-4126-98f9-69f1549a058c
  474_5043b011 [05D,YCG] -> 555da13a-c3dd-4850-8a80-9d127c994a0c
  474_5043b011 [A1BZC,0I1] -> bfa0f731-0a90-4833-ac8b-9da2364aa76a
  474_5043b011 [YCJ,A1BY9] -> 62bd8172-3b69-4dd7-b141-81f74e27d06d
  474_5043b011 [A1BZE,04Y] -> 241e68e7-7684-4d0f-953a-503e5bb2b0f7
  474_5043b011 [YBS,A1BZA] -> 952b4b8e-900e-432d-8cf3-a00540a2ff77
  474_5043b011 [A1BZD,A1BZB] -> 74da4173-312a-4206-95fd-8923eeb393d7
  475_07812ca9 [2QJ] -> 48dfc552-befc-47dc-9132-7b1ed5da278c
  475_74349f57 [X2N] -> a2bba736-1c29-4e02-af4b-3feb4783b621
  475_83a489fa [TPF] -> f8605322-0538-4a13-b160-da5a5f006d80
  475_c96c5508 [U51] -> 42f7cd7a-b52d-4d24-b3aa-0cebc338c61f
  476_042e6596 [9PL,OID] -> 3055913a-78b4-4b17-95b6-af94574d9f5f
  476_042e6596 [LC4,OIO] -> 4a3de3d3-86a7-4cf5-a3b3-096601ea6a3f
  476_1c30957d [LSN] -> 8c1c8821-451c-4297-bef1-b953b2cd506f
  476_1eccdb5d [PB2,PB2] -> ac9acd4e-03c6-4445-aff5-7eb9da07d286
  476_1eccdb5d [TMI,06X] -> a8c2de00-a168-469b-8b69-3f62e6c71a84
  476_1eccdb5d [CPZ,CGE] -> 8caca9fc-da4c-49c6-bc46-aa881844614d
  476_1eccdb5d [TB2,TIC] -> 2a7c10b0-49f9-45e7-a319-0fc268eb14d0
  476_1eccdb5d [0BV,8PR] -> fae3c8e3-15f1-4f1e-b97b-1ed28e415ab8
  476_5965a73b [CPZ] -> 5850cdc4-92b0-445e-aea5-d6f045265734
  476_5b1c057d [LSN] -> f6ee5409-b3c4-43eb-9c17-79e62781722d
  476_7621de71 [CPZ] -> 6a44f0d2-d4a5-4106-b99e-3d3301eb2a23
  476_7cf5aebf [LSN] -> 38e51b98-fe7b-42eb-ad2d-9c5c37a91f20
  476_84104a34 [9PL,D2G] -> 0effd60f-323e-4141-90ce-3f6f4427b926
  476_84104a34 [D1G,NCT] -> da34879f-ba36-4cdd-8cd1-362938dcd0ab
  476_84104a34 [8MO] -> 45c8beab-f5d5-4328-ab91-3ff4c3376845
  476_8c5622dc [LSN] -> fc73080c-94b5-4c06-b686-dd842db92d63
  476_9dbeadc0 [9PL,N4E] -> cd71448a-3d1a-4c6f-9028-20c0923aed34
  476_aca4f268 [0QA,9PL] -> 9988bf02-0ac9-4c15-a887-5fb40aa09b81
  476_aca4f268 [0QA,NCT] -> 760575b6-423c-464b-a1d1-f23c5545ec45
  476_ec577891 [06X,3QU] -> e4c2b4e8-c5a3-4650-b2c1-5389225094e8
  476_ec577891 [3QO,CPZ] -> 1932ed19-fde2-4261-acf5-cfc2ad5afe60
  476_ec577891 [9ZJ] -> 38453e56-0cbb-4b0c-98d1-a7c16462c4b3
  476_f7fff33f [MTK,9CR] -> 997e3f47-290d-4581-a119-82621cc96161
  476_f7fff33f [225] -> 404e19f7-9268-43c2-8751-26e380a0b86a
  477_39eada44 [0XV] -> ce9352bb-eb5b-42c1-af27-aa955d4b36ee
  477_a506c224 [LFV] -> 2acf1435-6749-49ba-b365-879c4b5ab35c
  477_f6ac8610 [6RJ,XI1] -> 3753af9c-3428-4ab9-891a-cd69ff2ccd9a
  477_f6ac8610 [FLP,6YF] -> aed8ffdb-3d2c-4c57-b458-9206823ecfcc
  478_6eb03748 [32M] -> 67be3ba3-cf63-4dd4-9c98-590995516c07
  478_9f6a0c23 [1CI] -> d393ba7c-9ade-469a-9025-54679440708b
  479_7301ea5f [V2H,VD3] -> 87283fac-424e-4a76-8724-d7b7719074b5
  479_af4ae158 [PN0] -> d9a23b3b-9edf-409f-812e-22e88f29b8e6
  479_cf53e4c3 [CGE] -> 387b170b-9462-48a5-a46b-103176d78fde
  479_f5b99101 [SI6,PN0] -> b008d4f3-ffde-46c9-b125-4389ae39551d
  479_f5b99101 [PN0,SI5] -> 0409d791-fa90-4d81-aa66-5fcbc4d20aca
  479_f5b99101 [AJN] -> 25558227-8f24-4b76-8600-4f849f72d0f9
  480_0010cf69 [CL6,RIT] -> 22a61a74-a0b8-4267-ab8f-548fdeaaaebb
  480_0010cf69 [A1BNX,MWY] -> ae9e59f6-92c0-47b0-b41b-20583e38aa9c
  481_4e319598 [XRD] -> fe75ae64-3399-4946-b330-ce5b9166a1ff
  481_e03083a2 [D2V] -> 43b93e1e-4dcc-412a-95c3-5c8bc8c5e587
  482_3314a5f9 [STR] -> 0163c647-e1ca-4078-918a-150d8e2e37b2
  482_89b551e9 [CPS] -> 66dd518a-57d7-424f-9651-a57d381a17bf
  483_4a1aae09 [0T3,1CA] -> 45068c15-880e-48f4-89e0-0520e4e56291
  484_08f22cf5 [YSY] -> 6caebf2e-dee2-4bf8-8416-2e7b8fe0482b
  484_16b493d6 [JD7] -> 5432d9a6-c246-4c5b-92cb-19f49e56a553
  484_a14ea32d [2QH] -> 404c6c88-a236-4969-b866-316b1badac10
  485_3260576c [DVE] -> 1bd9efc3-29be-43f9-95a8-5e3367dd3986
  485_6cd5c2fe [KLN,RIT] -> 1e82d00f-bd2e-40a5-8ec8-6fef02c109b3
  485_6cd5c2fe [MYT,ERY] -> c86e4285-10c1-4eb1-8960-28a514d6f198
  486_62b873ed [YNV] -> 3fd65caf-cd79-48a4-937c-1e55689f04c9
  486_c05cda03 [ZWY] -> 8a40baed-930c-4263-a2ae-7272dace2e2a
  486_ee37fc5f [HC9] -> 3ced2c05-3b0f-4bc3-98f3-625e63446daf
  486_f605e37d [CL6,A1ASQ] -> cda18d75-3a53-4bbc-bb40-c8430127e769
  486_f605e37d [A1ASU,A1ASV] -> 883ece2f-3e6e-42ab-8a0b-2019324d5c1b
  486_f605e37d [A1ASP,A1ASS] -> 55405c14-dd24-4dbc-8b5f-e112fbd4078a
  486_f605e37d [A1ASO,A1ASR] -> 0cf745cd-5771-47f2-a078-fd1d44f110d9
  486_fe430384 [MYT] -> c83714e2-d414-401c-ac8f-57f067c68cc4
  487_32859637 [X1O,X4E] -> 031c10f5-4957-4cd3-bb1c-2d39dc91395b
  487_32859637 [X2Q,WZN] -> b6afe9ef-0229-428d-980d-5bfe54dbefff
  487_32859637 [X1I,X2Q] -> acf61362-2e06-469b-918a-7f53bc39e473
  487_32859637 [X1C,8AW] -> bfb1041e-2f99-473d-831e-262a77f0e642
  487_32859637 [PKT,T0K] -> 1e9543e6-bae8-4204-b690-6bf2392ecb14
  487_32859637 [O3L,X0E] -> 66b0a009-e13f-4325-9b46-6936bfbda9b2
  487_32859637 [A1A4S,7AW] -> 72a147ee-ce49-4978-a5c0-b61392e7e5a7
  487_32859637 [NH0,X7D] -> 06cfbe91-eb0c-497b-9467-2079c3f563bd
  487_32859637 [X6S,NI6] -> 415e7f94-20c0-4eba-b64a-256e97f6f60a
  487_32859637 [X6V,Z8Z] -> 8d808df3-cf05-44c3-9628-3ad1748fcc81
  487_32859637 [NJO,6AW] -> 3296b473-3dd7-4b77-b8f9-f41eab404727
  487_32859637 [D0R,X5Y] -> 8ad8afd5-8b84-4743-8072-37387de74f38
  487_32859637 [X71,J9K] -> a146ffb7-17ab-4eb6-ac30-5977f8c3dc2a
  487_32859637 [A1A07,D81] -> 1f044e38-5d11-4fbc-b0fc-d672dd4fb612
  487_32859637 [Z9Z,A1APA] -> fb71eb52-14c6-4934-9e95-9ab1bbcc554f
  487_32859637 [A1A4T,RIT] -> c3d164a3-b13a-4894-99be-31d6fd0ebd8b
  487_32859637 [1RD,X7M] -> 4dd99fcc-05cf-4be8-9522-e41878d22a5c
  487_32859637 [A1A08,A1A4V] -> 127c0bda-1c5f-4718-adf0-685f0886fa2d
  487_32859637 [A1A06,X7P] -> e3d252e9-e473-44aa-820a-ea03891c39fa
  487_32859637 [QEP,A1A4U] -> 1eca739f-f1d9-4e15-96ef-9ce18154df11
  487_32859637 [X2B,G0V] -> 4289b28f-cfac-42ca-b35e-24eece7e8a29
  487_32859637 [D7J,Y83] -> 8e6b1dc0-44b9-45ac-b437-022ae52f138e
  487_32859637 [A1A4K,G1J] -> 7cf60866-5bf3-4fb7-8ebb-94b6b0b0fb31
  487_32859637 [80K,X6J] -> b0ef49a6-12a6-4e96-812c-5f35a9243c2b
  487_32859637 [G1D,G0Y] -> 4fb0e45d-226a-4305-b15d-48b479e5b21f
  487_32859637 [G0M,WZN] -> 8a4abf79-fc34-46e4-a358-96b010b03659
  487_32859637 [G0D,D7M] -> 4386dbcc-7b6f-4543-bc41-f6acc146c512
  487_32859637 [DEJ,D7Y] -> e47edd62-bb9f-4d2e-9a9f-3fb8baee9610
  487_32859637 [O39,NJ0] -> dc72b372-972e-4222-9bf1-4d67666349ee
  487_32859637 [QDP,MYT] -> 60436612-55a0-42a7-93af-c524fa4793af
  487_32859637 [FZV,QEA] -> 2d076105-5883-4e83-9039-e3b95edd355c
  487_32859637 [QES,5AW] -> 402a8902-bb83-4c1a-8d71-2ecf849b1cd7
  487_32859637 [QE4,DJ1] -> 8a89e3ba-171b-4d0b-acd8-7e905aea74fc
  487_32859637 [DEV,G0D] -> 35658115-262f-46f2-9f66-a056d66b011c
  487_32859637 [QDV,QDJ] -> 99b3feca-4b97-4a18-9996-a8a58f057279
  487_32859637 [G0J,FZV] -> 91e9de6f-ec25-40ab-9c7e-7038303133d9
  487_32859637 [QDY,08J] -> 65e221fc-a1da-4c4c-af52-7bc4c0ded171
  487_32859637 [CFF,08Y] -> 4930660f-30ba-493b-9761-b042c59a5c0e
  487_32859637 [CFF,MWV] -> 8473c0e7-d8ca-4ab6-be08-5a97c4ca1569
  487_32859637 [X8S,TCI] -> 6f2814f6-d9ee-4d51-b9dc-92c7e1f6a591
  487_32859637 [MWY,A1CIW] -> 16f4e656-6687-4c15-a9ef-3a69e751d3fc
  487_32859637 [MWS] -> b60ca039-1cda-49e2-8811-b403ea720414
  487_3996026d [TPF] -> 605704e8-8878-4e69-bdcb-cb6febfe0141
  487_6d9fa596 [PG4] -> 14c6d0b1-a78f-43e7-9f87-ac96c2427927
  487_8538537b [X74,X7J] -> c6cebdda-9ee1-4542-9652-5243322fed89
  487_8538537b [NXR,NYF] -> 7d7cc2e9-a0e3-4559-bcbf-23f15fc99401
  487_932e3608 [HC9,HCD] -> 66c143bd-b34c-4c52-9bef-239266d9eab2
  487_932e3608 [CLR] -> ac88b901-cb08-4440-b961-af916b6db8fb
  487_ecbf61ae [RIT,08Y] -> 0172b895-b759-476b-ab4d-de75682414ee
  487_f5412e3a [PK9,PK9] -> ae340a35-3f78-4bfe-acba-a1a88720e4bd
  489_c3fc2428 [YHM] -> c8ef88d1-ee19-49ce-b163-0f2c8b8cb119
  489_d6dd2913 [QHC,O4T] -> 7f51f426-c776-42cd-a7dd-40dabf238cd4
  489_d6dd2913 [O4W] -> ec565c3b-d67c-4405-8bb4-e4ebbb551fe7
  490_6a8e1ea2 [X2N,VT1] -> 8a56fd10-5f46-4ef2-b085-95517c8ecbd6
  491_3c76f070 [UCZ] -> b730a9e1-8923-42b4-b968-e7f1e2a4cc23
  491_57ef6006 [HJJ,Q4M] -> 6af1b4e1-9163-48f1-83f9-0ab791049df5
  491_57ef6006 [Q4P,BHF] -> 038d36e6-c262-4a75-9073-d497ae83ff37
  491_57ef6006 [AQ4,KUV] -> 5150c6d9-f471-4a60-bdf1-ad64aa16d62e
  491_ec153e60 [0GV,K2B] -> bceb3212-b473-42ea-96da-dc417eb7868e
  492_9ba7e278 [OLA] -> 1c72e178-af4b-48db-928b-a9bb293f5702
  494_df1f3120 [XPK,3NR] -> 36a36ea0-9a8f-46f9-b19d-05970d0be746
  494_df1f3120 [UDJ] -> c69e911b-b1df-457a-97f7-48d2ebba72cc
  495_3cc65aad [BHF] -> 418e0c80-d6a1-4dbb-8869-0df9f47a4d2e
  495_4b188212 [243,T25] -> 358f3bba-2bd4-4279-bf82-543298692ab4
  495_90353ec6 [243,T24] -> 8f824f9c-613d-4aa5-b85c-cc077d291690
  495_90353ec6 [T25] -> aa4938a2-d6b2-42ff-8dd7-810608a1faf0
  497_9e5b0951 [V16] -> 5dacec0d-8917-4588-9c2d-535a120cc61e
  498_b2766aaa [MXD] -> eec4ecbd-151e-42e3-aa7e-1094d2080230
  503_f3121c0f [ASD,ASD] -> 03dfe2f7-a0a1-44e1-bc16-81b8f0754de5
  503_f3121c0f [ASD,TES] -> 5387a809-05a8-4cff-bd22-1392e7f67de3
  503_f3121c0f [ASD,ASD] -> c78284ec-b4fc-42e3-be11-4cf2196e9a5a
  503_f3121c0f [ASD] -> 7330cfc0-551b-4cfe-8527-f54ae5a3beb2
  509_e452cdaf [AER] -> 887f9cf1-baab-4f11-9861-6f0badb86aae
  515_00bd6347 [1YN] -> 3b9a2380-2933-4d3e-a4b5-7dcb82ef540a
  536_e0febc59 [81H,LAN] -> 69e5f702-c39d-44ce-810a-aadef6c87033
  537_fdcdbc81 [1YN] -> 856da517-ed27-4a0f-9d6e-8a05c88a6c79
  539_5aebb388 [SKX,A1AB6] -> 2f1b5b94-785f-46cd-89db-22060427576b
  539_5aebb388 [1YN] -> 77fef0c8-8369-4d45-bf00-b8a7b6080477
  539_5f23ede7 [VOR,1YN] -> a9ed4b66-dfed-4a88-be92-09b8c3a57679
  539_7cd83d49 [VOR] -> 4a5038b4-fd86-43d4-a489-97a2053dd099
  539_91e1b8cc [VOR] -> c3a1e3d9-24cb-4e6d-a433-cb7377f87615
  551_c92602dd [LAN,JDJ] -> ebcdf30f-9c36-4075-9f79-4c0ed0b8782c
rep 19: 491 pairs to fold
  368_3c6d23e6 [36Y,CPZ] -> c7b659ec-7aa0-42f8-ae72-702b99404c35
  368_3c6d23e6 [3SQ,36Y] -> f453a738-4360-4753-9358-ecd48ba032ad
  388_7e6828a0 [A1MAI,L0O] -> 60805160-8c33-4771-8fe9-5b4730c31d8a
  388_7e6828a0 [A1MAJ] -> 415f9272-600a-4d8c-ba61-7af46e9df3fd
  390_41f96d07 [A1EGF] -> 25fa82fc-c97f-4e2a-82e2-a26cc15fb2ec
  393_40400e22 [DAO] -> 36fed2d4-c3fd-4e3a-8c7f-9942eb8c429a
  393_47d43e97 [DIF] -> 5b968ce5-e266-469e-8684-ca6407d96dfb
  393_7d481b62 [4IA] -> 9ff0e7a2-f1d0-4a7a-944a-fe31df05b47e
  393_c3358fa1 [8QM,4IA] -> 518a6751-6176-4fff-b8be-aa4659711655
  393_c3358fa1 [EH1,81J] -> 80ba05a0-c801-4ad0-a14c-2ad5eb893107
  393_c3358fa1 [EJD,EJV] -> d8ef2500-80ad-4106-8aa8-99fa87f74fa7
  393_c3358fa1 [HX1,81M] -> 888639d3-c27f-4d28-8fc9-fd6397de0f89
  393_c3358fa1 [QZP] -> bc0a46ab-7162-484a-b066-328a513e4324
  394_ffc37182 [1ED] -> 5a9ff349-ef37-4875-a763-dca263ae6d15
  395_f9cfd803 [TQU,QFD] -> dcb27111-dc86-45a6-be5f-e4af1e9ae564
  395_f9cfd803 [KEQ,YTT] -> 6e14150d-eb73-4485-8045-34148c61227e
  395_f9cfd803 [1GB,YTT] -> 891958dd-fb5d-4fe3-9edb-567452c9eea1
  395_f9cfd803 [YTT,1G7] -> 01f34e0f-4327-4fcf-823d-0e05b0effe1c
  396_475f6489 [ID3] -> a3c9a98d-88a7-4a30-863f-0651c5304d07
  396_672140e8 [9KE,9KB] -> 616606b5-86c7-4bd5-9b37-0ca8f9603c3c
  396_672140e8 [69M,TZM] -> fcbf3652-c25a-4a18-93c1-4d461d392f24
  396_672140e8 [GGJ,69W] -> 74146de9-68da-4813-8dbf-2a9764fa5b77
  396_672140e8 [TPF,MQN] -> c24a44f9-eaa5-4a80-abcf-ff854cab88ee
  396_672140e8 [69S,KEQ] -> 6950783e-a8d4-4209-a9f7-754632701314
  396_672140e8 [KEZ,Q47] -> f59bc113-86db-4264-9851-bd707049ca90
  396_672140e8 [KEH,N5Z] -> b5b90095-89ba-4961-b9a0-863adcb23340
  396_672140e8 [N5W,KEB] -> 564fbdf2-f913-44d4-bbec-606b4c643ba3
  396_672140e8 [KEW,ULZ] -> 91bfa323-f96a-4ea8-b8aa-48cac693721f
  396_672140e8 [OUC,KE5] -> d5e2c502-eddc-44c6-aab5-c619418159a5
  396_672140e8 [N55,R2H] -> 9a95087b-ce29-40c8-839e-3cc9a6f2413f
  396_672140e8 [KE2,YTT] -> 5622d5c0-e3b8-4593-b9b0-de611b513685
  396_6abe88bf [EV1] -> 2adb8961-c6b7-43a7-83a1-ca0d01dc6402
  396_9ca07298 [4UH] -> 1d166d48-844f-4197-8e5d-32db7344aa52
  398_712f2bbf [5YG,ENK] -> dbaf1fca-c259-4f22-8a27-86ed2151aa9d
  398_712f2bbf [DQE,PG4] -> e4218257-2d03-4d5e-acd7-e1e495bde325
  398_712f2bbf [EIQ] -> 0dfa29b8-90bb-4d68-9831-3eff7f17830e
  399_d04da719 [EMZ] -> f25fdc10-3e6a-48c7-8e77-107b9a4baf3a
  400_3b97c392 [STR] -> 15cfcea7-aacb-4cff-9831-7610aabf71b9
  400_77edf82b [ASD] -> ba6088b5-9846-4514-baf0-dea2bca1ef06
  400_dff94071 [STR] -> 077985c4-36be-4465-9748-3642f8866cd9
  401_a9170273 [RRM] -> db8a0531-ffdc-49aa-bbef-667ec2153c4b
  401_b00cace2 [RRM] -> fb3e4fa7-ac69-491e-a9d6-19a553738c03
  403_b29b1ed4 [DEB] -> 4c978ac3-832e-404b-9a8b-6a72449d3b10
  403_b3a2f553 [KTN] -> 440c6cf8-2aee-459b-819e-9b97740cf0c0
  403_e7509160 [KTN,9AP] -> de851888-0b04-4653-94be-2f1365da115b
  403_e7509160 [ASD,DEB] -> aae81b7a-b26c-443e-9b95-d34451214a2d
  404_7fe08af5 [DEB] -> c7486f9c-2c9b-4773-a46a-4c0290fe5a6c
  404_a7f52c3e [DEB] -> 25892154-bf6e-458d-bce2-9d32de7b6d0c
  404_da66167c [DEB] -> 73b3b3ec-f834-4c96-b802-bf1adebe778c
  405_04029c87 [K2B] -> cb635804-997b-422c-9e3a-eacb4cc9fda6
  405_90b62d6a [GWM] -> 679642a7-b0de-4c76-afe3-b7cfdc99cb6f
  406_a7c41b23 [FLV] -> 7589e974-65d4-4499-8275-9af49e3a1cd4
  407_496a34be [FLV] -> 8981fda4-b5f3-447e-9353-98591bb63c63
  407_6f94dcc0 [NQ] -> 4577a8c6-32c3-4e49-9bd2-f20b36e9ea5e
  407_79f598c9 [K2B,C3S] -> f42e0cd6-1adb-41db-9f11-cea6da97bb6e
  409_7ea29415 [NQ8] -> ec2f58e1-d144-4e2f-9c5b-c90afbe68328
  410_33697e28 [5R0] -> 5473e4f0-c630-41e4-a54a-b01343914bc6
  410_420f8942 [YJE,UB7] -> 56233582-8f1e-40d6-93ba-0e07ab8d9d5c
  410_824c8e4c [EJD,PQS] -> bbfa1240-e988-48d2-bc00-48b7c36a95fe
  410_824c8e4c [IRJ,M4F] -> c93ce20b-6720-4a03-8953-84e066a7206f
  410_824c8e4c [81M] -> b790b31b-29c7-4de1-80ae-bff57826194c
  410_83d6f89c [5R0] -> 35e614e4-7d83-4c29-acf3-42411af8722c
  410_b64fbb1a [ASD,STR] -> 5eb74436-1c38-4071-a6a9-a02c21b7429e
  410_b64fbb1a [PLO,TES] -> e51141b0-b569-4c50-98ca-f6f2fea454d2
  410_bc4a20dd [PQM,PQP] -> cfe6877f-9f24-4cac-a119-7beebc3140be
  410_bc4a20dd [LVC,L4I] -> a8688654-aadd-4985-a0c5-03b5a824aef4
  410_bc4a20dd [M4F,L3K] -> 88d8bd58-97ab-459e-97ea-1d4052970d95
  410_bc4a20dd [OW7,8ZU] -> fbab48e1-e8a2-4fc4-8957-ae21a70d4c55
  410_bc4a20dd [TWO,8ZU] -> 3037752c-a962-47b6-8a62-63a7b55845ae
  410_bc4a20dd [K3Z,QDB] -> fc9d6838-6aa7-4792-9c27-3e996cea7616
  410_bc4a20dd [1F1,ZRS] -> 8cdb25aa-e004-4681-ab95-865628f74e8d
  410_bc4a20dd [LVK,KQR] -> 2e9589d0-5cee-4343-a81a-f70b70d4ba27
  410_bc4a20dd [VLG,PQS] -> 0d1d5a94-e609-4b1f-8141-5edf8b7774ed
  410_bc4a20dd [KQF,Z7Z] -> c93464c5-71c7-4782-9d0f-6a17c47e90ab
  410_bc4a20dd [JO4,JO4] -> bd83045a-8e1c-447e-a0f7-7264e9a3de0d
  410_bc4a20dd [FIV,JO4] -> c11252df-383d-4393-8a44-e00b2781e5d6
  410_bc4a20dd [JO4] -> e4c0fb09-340f-428a-b635-233c04a015f7
  410_f7949552 [EH1,Z7Z] -> e9ea26c0-2765-404c-bd17-4cd068a54b8e
  410_f7949552 [8ZU] -> 80baeb89-cbe9-4c3f-a2fb-3138601c2533
  411_4ad73dbc [MYR] -> f09a8c66-3f46-46b8-9320-6321eb87459c
  411_af24ac3c [ERB] -> 1cebfa33-4df8-43b4-8de0-2497788661ba
  411_e3e8183c [KLN,CL6] -> 6f64bed7-2443-4b93-94a9-b84a0b157adb
  411_e3e8183c [EY5] -> 7a903558-a29f-469f-8599-dd77f8c2ae71
  413_9c5d7a9c [226] -> 5813bfb5-8db2-4e50-9fce-fcf1b284b944
  413_9f4eac9a [II2,II4] -> 733c2acd-05c3-441f-9eeb-415b1ea7e5d0
  414_1ba62fe9 [UYM] -> 44e92681-bea2-44b1-9043-27472e870542
  414_63852e7b [ECN] -> 0ae1765f-79cc-4de9-9d73-e0a71687302a
  414_949a8532 [KKK,6XF] -> eef4b67b-dcf6-42c3-ac76-a5f4dfbb5f87
  416_8845d560 [PLM] -> f76321d6-dd4b-49da-8ebf-089f5f8ed9f3
  417_0e6cd8b9 [PAM] -> 42d18ab6-bb0c-4b48-8492-f790c9c253c7
  417_e0528f9e [DQE] -> 74e4756d-dfd6-43f2-be6a-7c30c1a394c2
  418_8d7c0f49 [E93] -> 1167c612-9ceb-4b82-ad47-6dc9387fa80d
  418_b02dd5c4 [ECL,D12] -> 3931a044-ee1c-4971-9542-3206bab2989c
  418_cdc79ec5 [PAM] -> 9929939c-7089-4394-94a4-dfcbd1653ea3
  418_d6145562 [I6Y,JK9] -> a24622c4-83cc-4755-90d9-4135464d53fc
  418_d6145562 [JFI,5YG] -> b9ae8ea1-8931-4fc3-b33c-5eac6075eeea
  418_d6145562 [EIQ,JV3] -> a725cae7-b790-4fe9-b364-0c9aca98c055
  418_d6145562 [JUR,A1H47] -> 17a3d243-37ab-41fc-9d81-935b8437ab44
  418_d6145562 [2QC,HIH] -> 522e0005-17e2-4cf7-b4a2-56d5d330a150
  418_d6145562 [KB9,JFC] -> 483be73f-396b-4bad-9f97-d2c4b2365add
  418_eb9ea735 [3QO,K2B] -> f415f7aa-424e-478d-bf4a-081b9983df50
  419_2ab9350e [DXJ] -> b65754db-5cde-48a0-9a76-0ecf1eef5234
  420_545c0f8c [L6X] -> 35a71eec-54e4-47f2-8c36-4cbedb6af407
  420_6f493f38 [TES] -> c87f40d4-7297-4c8c-bc9e-ada2537382c4
  421_0306eb73 [MYR] -> 59cc3bb6-b606-45d4-a9f3-76bc03267b1c
  421_446a58b4 [CAH] -> b46b49a0-9d74-44dc-9ebf-1e920499c13e
  421_838aa221 [CAH] -> 10f24f4c-dbe2-407e-9a2c-7b10db845c36
  423_69bac218 [0GV] -> 8b109e2b-f32e-4eef-9d1a-3118c80bc39a
  425_918da379 [PAM] -> 8318f257-88f8-4e36-b986-1e49e9af81c3
  429_3c548ba6 [PLM] -> b947de38-11a9-441d-9451-31214973fcda
  429_42e1ecdf [TES] -> ac3cebf8-e63f-4886-b059-d71dba4ccf07
  429_d4604a8c [TES] -> 6bd513d3-179f-4127-9f05-6a1ed451b588
  432_82bbf621 [DCR] -> 3c922994-63f8-44a6-8409-6b71a94f0b8b
  433_1a485928 [FOF] -> 071b4bc9-261d-4683-b7b8-4ec85fb199a1
  435_2f9ec93d [B9L,B9O] -> 6062cc65-190c-4e9d-956a-45d66567c8d9
  435_2f9ec93d [B9L] -> 8b1b66f0-b574-467b-84bd-4f0f2eb60b82
  435_330d7a26 [M65,M65] -> f154f63c-6fad-40ea-8e9e-708c8fe4ef05
  435_330d7a26 [VGJ,M9B] -> 592f4812-71b0-4808-8f15-85e5ed7aa140
  435_330d7a26 [VD3,RWZ] -> 5708d724-4dbe-44bf-9385-216d2872dbc0
  435_b1170faa [M8N,K2B] -> 3b921b9a-4492-4a95-82f3-905678d7cfaa
  437_6f9809c9 [CAH] -> 6ec7a6fb-f065-4b06-8afa-d57fc5c44ae7
  439_20b8b15f [Y7R] -> f9b5864e-25ac-49da-bdf2-5c24dddd55c4
  440_fd3539ea [K2B] -> 5a58cd13-52a7-43b8-b598-b945660d29a0
  441_9f5ce965 [NE4,NE4] -> 0dfa1bbd-a18c-4c6e-9632-fbe6e40024ca
  441_fdb186c9 [9LF] -> fc2f294d-900a-4137-b75b-905eb1a63405
  443_05636834 [VFV] -> bf2a8078-4b40-4562-8e10-5de289a4c3b0
  444_2f85a59c [REA] -> c68a8971-3d6c-4ec9-8487-78cfef5bba49
  446_68e6f289 [VFV,PJM] -> 16966b93-f54b-4c3a-b0ae-32f68b931774
  448_7a54e61e [VFV,VNT] -> 730f2cc8-9303-4e9c-8ba5-ddc617861004
  450_9c481af8 [VNI] -> b283a8cf-359e-4d0c-b9f8-1720013c3e17
  450_e1393289 [16A] -> 3389446b-44d6-42a9-9101-dd073ec030f4
  453_31297a04 [LNP] -> 3dfe20d8-695a-4424-9066-dd4619cd272d
  453_3fc5a1f6 [TPF] -> bd581343-ee37-4706-8700-f31ef6f9fef7
  454_40de364f [JKF] -> 6468c5ab-a2f3-470d-b2bf-56a3c35e7f71
  454_6f07a0ed [LAN] -> afd68c67-011f-4ff1-9631-c0f788bd4ef5
  455_0c860b28 [CII] -> de27a668-a326-49ef-a332-a060630dd034
  455_48438573 [CMW,CM9] -> ec1a75ff-957e-4606-ac35-cdb92e365659
  455_48438573 [CM6,1CM] -> 5e940775-e1e6-4fb7-ba93-ab8e750de27a
  455_bf9cfaeb [FW6,88L] -> 1d6589dc-ee59-4bb6-9e13-d30a56ce3966
  455_d4843705 [TPF] -> d959db16-912a-48be-91bf-c58d89c7f99e
  456_8d7b7719 [CLR] -> 0f17686e-760f-4b27-80d3-3fe17fb6804c
  456_c9a58f1b [BTB] -> 3d456628-f0d4-4cb8-9fcb-cf6255d8f58d
  457_0da0339b [9RL] -> 733a50be-953e-4101-a3cf-c0e425d907a1
  458_683cba10 [WQR] -> 52bf98c7-3426-454e-9b19-22c6abdc2c84
  458_c4bcedc3 [VNF,POZ] -> a9e1c33d-5863-4262-adf5-01544ddd9f8e
  460_0f25ea19 [CL6] -> 569c2969-6d49-432c-89d3-1679182ead8b
  460_2af8865f [LFD,LFS] -> 2e2a49de-b7bc-4a71-8ce8-02eed77a0462
  460_2af8865f [LFT,VT1] -> 3a99a018-5fbb-46d2-a46c-a618803fbd7b
  460_2af8865f [UDO,UDD] -> a82e3c50-6572-471b-8b20-83fe934baae9
  461_217b532e [NEE] -> f3c747ab-1e30-4832-a677-1bbeaff7c4a4
  461_b17f2608 [ECL,ECN] -> c3a2e12a-4b88-4abe-84f5-e787806d1b00
  461_b17f2608 [KKK] -> f236d2fe-7c50-446a-b39b-675d37102d5c
  463_2621ae02 [LSN] -> 40f31f4a-11c6-4080-a274-9bb80a0b3d6c
  464_4dc0771e [TPF] -> 5828a9c9-fe59-4f0d-8613-f24ba19a32d9
  467_6a91af88 [26N,TW5] -> 2cf0b45c-f405-402f-bf33-b2a12db12a96
  467_acd53678 [5PS,J5Y] -> 73487947-a09e-4924-92d6-112b72a03758
  467_acd53678 [TU1,WVH] -> 25e60962-2b98-4fa5-a8e5-777c524d9349
  467_acd53678 [25S] -> 067f1a2a-d35c-48de-8db6-8cae789d0a9e
  469_ec879091 [18I] -> 275600f2-a999-4574-9176-6ab00118e42c
  470_03aefc00 [T9H] -> 21dca907-b682-4d70-9bb8-9a1f8cc49e77
  470_4634f49c [VNI,VOR] -> 2ef0b0a2-8204-4ea5-9f31-27364794bf08
  471_d4280bc5 [2DC] -> 7983f13a-e48c-4855-8fc9-3dc73197c2b3
  473_4b734b6b [TPF,TPF] -> be97d00d-6db4-442b-afcd-e2b6befd0d9e
  473_6790f922 [DMZ,DIF] -> e2ed5974-d996-446d-9dfb-4e21afd1978d
  473_82bdfad8 [LSN] -> 3f0ee142-76c7-4d29-9652-7deeb81062ff
  473_ca85e740 [VT2] -> 1ef209fb-6fa7-439a-a786-af6ecf244b85
  474_5043b011 [05D,YCG] -> 5bdc306e-6650-4ad2-a3a7-100b0aecec1c
  474_5043b011 [A1BZC,0I1] -> c1ba760f-ae40-470c-93fb-5ac5c777ee79
  474_5043b011 [YCJ,A1BY9] -> 6eecca1d-43fb-499d-a6be-30745a8ae2f4
  474_5043b011 [A1BZE,04Y] -> 970df000-75aa-4a38-b632-ee1f05080746
  474_5043b011 [YBS,A1BZA] -> 6ace77be-a7c8-4a80-a0da-e19d42a6ea62
  474_5043b011 [A1BZD,A1BZB] -> 9f81b9b4-d2c0-4862-846e-5ace8997b8f4
  475_07812ca9 [2QJ] -> a359eab7-cf26-4402-b0a3-ed5883e7c653
  475_74349f57 [X2N] -> cb55e69f-4249-4b05-9a39-b824c635a524
  475_83a489fa [TPF] -> 98897a32-9af4-4fec-8f58-22d69a29a45f
  475_c96c5508 [U51] -> 9446cc99-2b01-4b2b-a5d3-8ff08a7f1376
  476_042e6596 [9PL,OID] -> bafe71f5-43c9-463b-9ee8-d5567078b016
  476_042e6596 [LC4,OIO] -> c649d235-0be9-41a5-85b7-5fd885d9fa2a
  476_1c30957d [LSN] -> ede20fda-7dc4-423e-802f-45224cca96ee
  476_1eccdb5d [PB2,PB2] -> 90a031d0-81d7-4be7-bfa8-5ab307bfa7d3
  476_1eccdb5d [TMI,06X] -> 880c63f2-d324-4b3c-a3ba-c8522d171bac
  476_1eccdb5d [CPZ,CGE] -> f2063f67-953d-44dc-842e-93ac3cbe4f5e
  476_1eccdb5d [TB2,TIC] -> 4a51ebdc-3f2c-4eea-9396-f428f4ae2598
  476_1eccdb5d [0BV,8PR] -> 27e356f0-ab76-4dd6-b019-66557f1793b3
  476_5965a73b [CPZ] -> 7349f99c-7367-49d8-b05a-cd50a17e5a54
  476_5b1c057d [LSN] -> 238fd270-351f-4544-aa25-ad81890a4105
  476_7621de71 [CPZ] -> 7e55d189-7e10-4a58-9e2c-aecf35ea94a2
  476_7cf5aebf [LSN] -> c8c7b8d3-5447-4cb3-895b-ef3e044c6114
  476_84104a34 [9PL,D2G] -> b488187c-a8fa-4e67-be0d-04bbd44a37b3
  476_84104a34 [D1G,NCT] -> 0eda09ec-1783-429f-b3f0-4de36da2a083
  476_84104a34 [8MO] -> 3d2a7a01-efaf-45dc-a651-a312c048187f
  476_8c5622dc [LSN] -> 962b38aa-18d7-4269-937a-a4c5d9a4280a
  476_9dbeadc0 [9PL,N4E] -> adbd7316-a60a-43e9-8538-0082fdd81b34
  476_aca4f268 [0QA,9PL] -> b37c3888-2016-4df9-a69b-cacecd6cfdfc
  476_aca4f268 [0QA,NCT] -> 2bfc4cf2-fd63-45fa-9e32-ee0ed5a7a658
  476_ec577891 [06X,3QU] -> eb74d5fd-7c51-4d44-b2f6-b230bf9b5e63
  476_ec577891 [3QO,CPZ] -> be2bf300-bd24-428f-b9c8-e4b7064fe33a
  476_ec577891 [9ZJ] -> 4ca10fba-823a-4d98-baaf-9396146e887c
  476_f7fff33f [MTK,9CR] -> 36387e91-946c-4912-a051-a3ecbcbd2826
  476_f7fff33f [225] -> d5b0b7c2-aac2-4aba-8c00-1b39d4f58c1a
  477_39eada44 [0XV] -> 5103a2c2-1f73-4eb9-aed5-cced4f2ecf86
  477_a506c224 [LFV] -> 1f3b9464-1f70-4854-a059-b2c1b2e06d9f
  477_f6ac8610 [6RJ,XI1] -> 0708baef-f4fe-4591-bcca-817473426728
  477_f6ac8610 [FLP,6YF] -> 614629ef-c2fa-4f0e-8906-a4087de1a2c6
  478_6eb03748 [32M] -> 6a418590-ec3b-451d-8a60-35e23ce21ed7
  478_9f6a0c23 [1CI] -> 13d683c9-6ca6-4836-9cb9-b4ef35613609
  479_7301ea5f [V2H,VD3] -> a79ccde3-fd88-4960-80ee-674b6a58c81e
  479_af4ae158 [PN0] -> d4938c33-db51-466b-a6fd-40d752355da1
  479_cf53e4c3 [CGE] -> 77f4384f-0f88-4e30-abed-ed00a710378c
  479_f5b99101 [SI6,PN0] -> de6d48f7-16c6-4b96-ab5f-0454d26656df
  479_f5b99101 [PN0,SI5] -> 26e0fde0-4484-42e2-b30d-a124885e8911
  479_f5b99101 [AJN] -> b3602a3d-0925-4830-8450-c1301b24a722
  480_0010cf69 [CL6,RIT] -> d3f1f88a-cecd-46be-a652-6cfb622c9338
  480_0010cf69 [A1BNX,MWY] -> 4196a630-1704-4d3a-bbbe-b28e8bc05cdc
  481_4e319598 [XRD] -> d3d941b9-affa-4c60-b85b-6184075da8cb
  481_e03083a2 [D2V] -> cdd64603-e6f6-45bc-a988-9e9c7655b7c4
  482_3314a5f9 [STR] -> c6725c2e-6271-44c8-a159-a9b3c0336ac4
  482_89b551e9 [CPS] -> 3242618f-ea89-44d8-8433-4a6961b375a9
  483_4a1aae09 [0T3,1CA] -> f6eab8b7-db78-4581-9b80-293f757678b7
  484_08f22cf5 [YSY] -> 2ff77769-0f7c-4599-a64f-d990a8094199
  484_16b493d6 [JD7] -> febfa760-9e30-415a-9c63-1fc4fbed3d2d
  484_a14ea32d [2QH] -> 207a64a3-f8fc-4062-b89f-f23aa831f36b
  485_3260576c [DVE] -> 73e677d5-fc4e-4421-b3b9-abdb97cde241
  485_6cd5c2fe [KLN,RIT] -> e405afca-4626-46f3-9449-4235bc1c9437
  485_6cd5c2fe [MYT,ERY] -> 3802b131-ce2f-4cd6-9159-e111ef386957
  486_62b873ed [YNV] -> 4711b27f-46d3-42d3-8079-1856ef8dc79a
  486_c05cda03 [ZWY] -> 11f5128e-8e15-4b92-8c33-bd5ec8017820
  486_ee37fc5f [HC9] -> dd2015d5-1e2e-4774-92b2-1f18e461f248
  486_f605e37d [CL6,A1ASQ] -> 5cd550dd-6575-4aee-954e-1217b2ccb8be
  486_f605e37d [A1ASU,A1ASV] -> de39af14-65f7-4427-82bb-08081831e7da
  486_f605e37d [A1ASP,A1ASS] -> 0160a5dc-d7be-4d63-8d2a-8124bda666ae
  486_f605e37d [A1ASO,A1ASR] -> 59313103-34e5-42be-87f5-2fc091d655b3
  486_fe430384 [MYT] -> 40404c44-b9a8-4b8d-8e9e-32a457472642
  487_32859637 [X1O,X4E] -> 285767bd-3bc1-4610-816e-5153665092f5
  487_32859637 [X2Q,WZN] -> 08626084-2915-47d3-90b1-7d969bddc374
  487_32859637 [X1I,X2Q] -> a14474ba-193e-4e75-8b06-3ae68c7a5fbb
  487_32859637 [X1C,8AW] -> 5b94777c-508b-4261-abe6-7965c9e217f3
  487_32859637 [PKT,T0K] -> 7646f30f-73ba-4104-8a21-e3a81d60e647
  487_32859637 [O3L,X0E] -> 0b81564e-21ac-4a06-a106-134c0dff3614
  487_32859637 [A1A4S,7AW] -> 1a2a0058-1f70-4af9-85ea-8640fdb2fdc5
  487_32859637 [NH0,X7D] -> 0de358f8-48f6-4a6d-8663-1fd7417c2b80
  487_32859637 [X6S,NI6] -> 01244948-29dc-4689-98ee-35e54b3140ff
  487_32859637 [X6V,Z8Z] -> 79a0c55b-7b44-4983-83cc-d161443993fc
  487_32859637 [NJO,6AW] -> c80d3d2f-2ac2-48ef-9f18-b065ea273f11
  487_32859637 [D0R,X5Y] -> e7f96484-62d9-4267-8160-b2bd93b28c6a
  487_32859637 [X71,J9K] -> 891f11a1-eb08-46a5-a9a2-498f1533854c
  487_32859637 [A1A07,D81] -> e0d8563f-2fca-4262-bf32-561fc2c1f989
  487_32859637 [Z9Z,A1APA] -> 913354e7-2633-488d-8e49-9de80df422ca
  487_32859637 [A1A4T,RIT] -> 1d444a2b-b14d-4c10-8a14-fec0ec742000
  487_32859637 [1RD,X7M] -> 65a34dbd-893b-45a2-8a0a-179688a9b34b
  487_32859637 [A1A08,A1A4V] -> 39a36ae4-6c5d-467f-bd13-b71025ad81d3
  487_32859637 [A1A06,X7P] -> 40f808b4-4c49-4941-b82e-6d7f512bc4a7
  487_32859637 [QEP,A1A4U] -> 3f9a189c-b2b7-4138-b5ce-1684cf5b6b25
  487_32859637 [X2B,G0V] -> 36f09213-9647-4018-b8fb-d6ed2058eb49
  487_32859637 [D7J,Y83] -> 6330ec7e-a76a-49ed-8a85-7b45cbf2a128
  487_32859637 [A1A4K,G1J] -> be3c0d53-cb88-4535-ac5a-7c22e56afe46
  487_32859637 [80K,X6J] -> e7d1dcef-efa7-42f7-99d4-57a6f8103a07
  487_32859637 [G1D,G0Y] -> c4c575d6-75cc-4431-83ea-9d88f6e549a8
  487_32859637 [G0M,WZN] -> 17e54138-5e80-482c-b885-e6ae7c236162
  487_32859637 [G0D,D7M] -> c6a70621-d2ee-4cfb-8a35-5401f5cb0840
  487_32859637 [DEJ,D7Y] -> 5728b000-098c-4a6c-a872-4e356293fd3b
  487_32859637 [O39,NJ0] -> b7cd11ca-4c33-4b8d-ad6d-7b54fdb98eb1
  487_32859637 [QDP,MYT] -> 662082b1-5f5b-46f1-a404-9f942f224ae5
  487_32859637 [FZV,QEA] -> a06bad1d-f6de-4015-8244-944af0075d54
  487_32859637 [QES,5AW] -> b3761514-10fd-4cb4-9a23-639e9d9fe780
  487_32859637 [QE4,DJ1] -> 8d0df357-efa9-4f2b-ab9a-d7e48fa0da1c
  487_32859637 [DEV,G0D] -> ae010c8a-5010-4c62-8f8e-5b446557ceed
  487_32859637 [QDV,QDJ] -> b04c1682-9e01-49fe-ba1c-b3338f3048f9
  487_32859637 [G0J,FZV] -> 8fc93989-b14a-4004-84df-0ae88860f120
  487_32859637 [QDY,08J] -> ca57c9d0-f31c-4d51-bb32-83465f836873
  487_32859637 [CFF,08Y] -> 1ac40092-0bb5-4a82-abc9-641a4acdab5f
  487_32859637 [CFF,MWV] -> 21257b11-4971-4d19-8141-bbf5a09d14c5
  487_32859637 [X8S,TCI] -> 5d99bd18-f6cd-4e35-b2b4-c2d3e7c2524c
  487_32859637 [MWY,A1CIW] -> 74cb978c-b9b3-402f-acfe-9b03c4218c40
  487_32859637 [MWS] -> ea881a40-291a-4ae0-a956-eb1f4f7ac815
  487_3996026d [TPF] -> 2aeb5cf0-d7ca-47bc-a243-73c93b708b77
  487_6d9fa596 [PG4] -> cf379597-295b-43fe-80ff-2db80d778b50
  487_8538537b [X74,X7J] -> a8f4d293-d57f-46da-9cea-8aa5dcdf1cee
  487_8538537b [NXR,NYF] -> ba3b6fd0-c385-4afe-bd45-9a2c42354445
  487_932e3608 [HC9,HCD] -> 3feef971-7389-45fa-9e43-68437fc09e02
  487_932e3608 [CLR] -> 1270b468-4310-4299-b1d7-c15161dffb32
  487_ecbf61ae [RIT,08Y] -> de6a5c05-7f2b-46cb-b0b8-abf39bdcefc2
  487_f5412e3a [PK9,PK9] -> f521e5ab-24e2-4188-8d73-da65c3759755
  489_c3fc2428 [YHM] -> e4b93355-c82b-4a4b-b07b-223f066b0fb9
  489_d6dd2913 [QHC,O4T] -> 9180a20b-7e36-423f-b01b-aff601d77325
  489_d6dd2913 [O4W] -> 79bb3b14-b7e3-46f9-ae44-308952926a56
  490_6a8e1ea2 [X2N,VT1] -> eb90006c-42c5-409e-862b-7a89ffb90127
  491_3c76f070 [UCZ] -> 760c5bf1-a027-4f5e-8845-843e1bbdf060
  491_57ef6006 [HJJ,Q4M] -> 1603dd04-3804-43bf-b2b9-fd7a94e7197c
  491_57ef6006 [Q4P,BHF] -> 9fec75f1-b601-4b79-b634-952848565e49
  491_57ef6006 [AQ4,KUV] -> 4088dfe9-e84b-4c92-8f7e-6d0fedabd328
  491_ec153e60 [0GV,K2B] -> 6a2501b4-91bc-4338-a640-732d0cd10baa
  492_9ba7e278 [OLA] -> bf4a3e9c-084d-404f-a4a2-34caa6c8e11d
  494_df1f3120 [XPK,3NR] -> b67f0f1c-4b14-4e36-82cd-86045c3d247e
  494_df1f3120 [UDJ] -> 8a6978fd-a89f-4147-98a4-aa1450d6b306
  495_3cc65aad [BHF] -> e1d2e1ec-48a1-4157-a95e-e820a10e6f38
  495_4b188212 [243,T25] -> 7a69b633-6578-4fe0-9481-723e83f4256a
  495_90353ec6 [243,T24] -> a5b310cb-aae4-412c-98cb-9bbbe1e61f06
  495_90353ec6 [T25] -> bd3b50a1-cf46-4db2-a4a6-81548c911685
  497_9e5b0951 [V16] -> b63c02bc-df87-4242-82ac-b61087253ae9
  498_b2766aaa [MXD] -> e11358c0-5ce0-4b3d-814c-f704ee6ac23f
  503_f3121c0f [ASD,ASD] -> e44b9e95-bedb-43ce-acf7-8d3af555fe4f
  503_f3121c0f [ASD,TES] -> 1400dac5-0ff5-4da5-a28d-15279f251fed
  503_f3121c0f [ASD,ASD] -> a9511ef3-4079-4a77-b46e-85402680c277
  503_f3121c0f [ASD] -> e0a13974-f269-4a1a-9a96-b3e8369c6c19
  509_e452cdaf [AER] -> 751369b4-9a56-45ab-ad40-a43ac7de0176
  515_00bd6347 [1YN] -> 08a9d1b0-cfcf-4229-80fb-efcc148c5f23
  536_e0febc59 [81H,LAN] -> 4daaaf5a-5d17-4b64-bec7-53375becc1f2
  537_fdcdbc81 [1YN] -> ee7171b1-22c8-4b36-a745-558eb1874d6a
  539_5aebb388 [SKX,A1AB6] -> 5d517d3f-a7e8-4099-b30e-4bf2d51c4e9e
  539_5aebb388 [1YN] -> e006e953-12bd-4238-96f0-dda8117c27b6
  539_5f23ede7 [VOR,1YN] -> 6072d9b9-9838-4b0e-aaf0-42f53e0b6d45
  539_7cd83d49 [VOR] -> 4f133396-4ed1-484a-a27c-a59e09cbaa46
  539_91e1b8cc [VOR] -> 26ed9d2e-2550-413f-a87d-2696701617be
  551_c92602dd [LAN,JDJ] -> 903675fd-1ef3-42c3-8e4c-97005fe42c72
rep 20: 491 pairs to fold
  368_3c6d23e6 [36Y,CPZ] -> 7a952c12-c658-4e59-9f00-d7cb8d4fac9b
  368_3c6d23e6 [3SQ,36Y] -> 274c14a4-fc88-4c43-9d7b-147f4702a4c1
  388_7e6828a0 [A1MAI,L0O] -> cbfd50ac-ee8a-4a8a-8175-67bd93a82238
  388_7e6828a0 [A1MAJ] -> 171d3a2b-813f-4681-8622-a6c2c7819adf
  390_41f96d07 [A1EGF] -> 74b89dd1-d157-412b-9c4d-0b70ed062f1b
  393_40400e22 [DAO] -> a3724387-7fa7-43f1-82be-ff5bf3ddb4be
  393_47d43e97 [DIF] -> 0467ee92-7560-4322-9763-dec29d5f87fb
  393_7d481b62 [4IA] -> 83b93be9-40a6-4a44-8640-32a6b86e8020
  393_c3358fa1 [8QM,4IA] -> b6b544d5-8d17-4190-8399-37cef9fb77f0
  393_c3358fa1 [EH1,81J] -> 7a3238b2-d8a3-409a-bc5b-6a1c1c4888a8
  393_c3358fa1 [EJD,EJV] -> 528d9204-92a7-4664-a322-676045617b48
  393_c3358fa1 [HX1,81M] -> 4fdeafc8-2da0-40ff-b2d3-08e446f88166
  393_c3358fa1 [QZP] -> f2392d23-066d-47bf-b5d7-f52e5d3d2529
  394_ffc37182 [1ED] -> 1f3145dc-b6e3-48de-a89d-c15e683bfdc8
  395_f9cfd803 [TQU,QFD] -> bea162c3-f262-4df0-b089-c128e55da25d
  395_f9cfd803 [KEQ,YTT] -> 929ccd8f-c07d-4760-9561-04741255a032
  395_f9cfd803 [1GB,YTT] -> 9f4bf4a1-58f4-47d4-b320-190afb0eca30
  395_f9cfd803 [YTT,1G7] -> abbdb650-7591-4018-bf7d-77d4488676e9
  396_475f6489 [ID3] -> dfae8a16-5f22-41d0-81ca-17ebefb0d151
  396_672140e8 [9KE,9KB] -> dce853bf-b2e1-40ed-9f9c-8b55d4237f9a
  396_672140e8 [69M,TZM] -> 9e958bed-ee17-4d76-9465-9e041aadf836
  396_672140e8 [GGJ,69W] -> e99b9c86-14c2-4505-b313-cae5682838ec
  396_672140e8 [TPF,MQN] -> 408d64a0-8b8f-4209-aff0-c13d6f86960e
  396_672140e8 [69S,KEQ] -> 50154535-cf08-4232-9e21-30882ea3c2aa
  396_672140e8 [KEZ,Q47] -> 05310fc7-3193-4a81-9c81-6a231e5e7f78
  396_672140e8 [KEH,N5Z] -> 88f04653-5762-49f5-a8e1-df96afca7ae6
  396_672140e8 [N5W,KEB] -> 89ea514e-85c4-4b96-9718-80d6eae7e9db
  396_672140e8 [KEW,ULZ] -> f8a6148d-ce24-47c9-9ee6-5833c1d3c26b
  396_672140e8 [OUC,KE5] -> e8ca5620-8f11-46f1-a4e0-e61e47f68db1
  396_672140e8 [N55,R2H] -> 012e6105-ff16-4ec6-8a1e-9e59f992bf33
  396_672140e8 [KE2,YTT] -> 63be84cf-9686-4b5d-bb55-f9ba38dc9517
  396_6abe88bf [EV1] -> 795673d6-66af-48d7-909d-c4879f43b0e3
  396_9ca07298 [4UH] -> cef01684-5e27-4e69-95ef-f23f6dec49b6
  398_712f2bbf [5YG,ENK] -> f6640302-c86f-42f3-8e72-5e4478ad3ab7
  398_712f2bbf [DQE,PG4] -> 79b67edc-de3e-446d-bc66-abd895adb1bc
  398_712f2bbf [EIQ] -> 4007c978-6a65-4ffe-bd32-3483d369c1f8
  399_d04da719 [EMZ] -> 201f0b9a-1506-4def-9d9d-f67e62650fb2
  400_3b97c392 [STR] -> 9968ce6c-d14b-469e-ae85-1528cbc3996a
  400_77edf82b [ASD] -> 9b03d4a9-da55-4867-b1d0-cf9e5938c113
  400_dff94071 [STR] -> 6ef1c537-16a7-4968-8f7f-dd37d90e2e22
  401_a9170273 [RRM] -> 74449da1-4377-4e2a-ac24-a040edb91abd
  401_b00cace2 [RRM] -> 9c358a28-599b-4abc-8992-1c9d1d10cb9f
  403_b29b1ed4 [DEB] -> 9e5d5af1-82ab-463f-96cc-0fbdca4e64ac
  403_b3a2f553 [KTN] -> fe56b416-a03d-4fdd-955a-f61b57340a63
  403_e7509160 [KTN,9AP] -> 407ad5fc-65c3-4457-8933-dce0047b18f8
  403_e7509160 [ASD,DEB] -> fbbcf8a5-2b28-40b9-89e4-b89deaefda2f
  404_7fe08af5 [DEB] -> 3e632604-ded8-4be4-bc3c-32ffc8716588
  404_a7f52c3e [DEB] -> 493fc0e7-8a39-4d69-acb3-0e91fcda1471
  404_da66167c [DEB] -> 3856d79a-7d6b-4b12-8262-2850016ce66e
  405_04029c87 [K2B] -> cee80137-6c57-4519-bfe3-b73fc1f61569
  405_90b62d6a [GWM] -> 9d531cb8-c4f7-4b9b-9e27-3b2a6c0950fc
  406_a7c41b23 [FLV] -> 23654814-45fc-4f4c-beaa-4e47c870e7c6
  407_496a34be [FLV] -> dcde1489-6582-4050-a92d-06a11db78a57
  407_6f94dcc0 [NQ] -> f076cd13-7190-4f7d-9958-bbd30f6333c3
  407_79f598c9 [K2B,C3S] -> ee120bb9-f58a-46f3-a132-482b69c9c80a
  409_7ea29415 [NQ8] -> 3db21679-ecd6-4681-9216-374195bd1b1d
  410_33697e28 [5R0] -> bc2ec025-6b4e-428e-a99b-040f62b87b90
  410_420f8942 [YJE,UB7] -> c7fc26da-6f53-4686-aaad-6dd564d984ad
  410_824c8e4c [EJD,PQS] -> 78030052-6ee6-41c0-9223-ea68d358ba48
  410_824c8e4c [IRJ,M4F] -> 7f0a1c77-b478-4aa8-9ece-e8c9bb2b6989
  410_824c8e4c [81M] -> cb138482-9f03-4aea-8086-b5e6debe3f2d
  410_83d6f89c [5R0] -> d084cf7e-1572-42ca-ac1a-ba434281851f
  410_b64fbb1a [ASD,STR] -> 26780eb0-081b-448d-953b-f36c02d53b06
  410_b64fbb1a [PLO,TES] -> 987e82f5-9b0a-44e7-a836-aff2ecef8b49
  410_bc4a20dd [PQM,PQP] -> 183c29d0-398e-486c-b002-1bab39e08921
  410_bc4a20dd [LVC,L4I] -> e0fb0fb7-eedc-4dfb-a0ea-92193f9ea214
  410_bc4a20dd [M4F,L3K] -> 6751afce-f34b-41e9-a7b2-0e4882322488
  410_bc4a20dd [OW7,8ZU] -> 0e3c2918-3ca8-4ff1-870d-30cfd986c04d
  410_bc4a20dd [TWO,8ZU] -> daa796c0-3765-4f37-be6b-9472e357aa4e
  410_bc4a20dd [K3Z,QDB] -> d8364d42-206a-40a4-bd9c-fb946c39d4c1
  410_bc4a20dd [1F1,ZRS] -> 986b798e-a515-404f-a99b-1d56fcdb7fe1
  410_bc4a20dd [LVK,KQR] -> 5ad8f377-37da-4725-8e0d-09b7e02b6a3f
  410_bc4a20dd [VLG,PQS] -> 8e71822c-f601-4c7d-9e4a-1c3deccd70f4
  410_bc4a20dd [KQF,Z7Z] -> cf378686-ec4d-4996-9a8b-77cf817a20a1
  410_bc4a20dd [JO4,JO4] -> f2ec1f51-b54c-4fc8-bdaf-1f37cdb54059
  410_bc4a20dd [FIV,JO4] -> 6128af58-fe18-410f-bc37-b72dc37bffff
  410_bc4a20dd [JO4] -> 329adeef-db7a-4b1c-b611-3de44245dd6e
  410_f7949552 [EH1,Z7Z] -> 30b601c3-0812-4ecb-aaed-ffc663e487eb
  410_f7949552 [8ZU] -> 0e9cb60a-aec9-4853-890f-28460ccbf25b
  411_4ad73dbc [MYR] -> 87fb5c43-d97d-4f92-8a57-ff033d8273a6
  411_af24ac3c [ERB] -> c181ac0f-d793-438c-8d93-59599f118241
  411_e3e8183c [KLN,CL6] -> a971a354-8167-4465-802e-5720a253d68b
  411_e3e8183c [EY5] -> 1d8b1e2e-9be0-4942-a59f-9a9fe531cf1b
  413_9c5d7a9c [226] -> 4e2d8cd2-e711-4d9c-a806-d188c3793b5a
  413_9f4eac9a [II2,II4] -> b18a6cf8-9d0d-44b8-860d-45b7101f4863
  414_1ba62fe9 [UYM] -> 79df75d4-eeb1-4165-9f2a-d2b4ab19f2b1
  414_63852e7b [ECN] -> 9e594537-03a1-409a-97fc-cbf297089c80
  414_949a8532 [KKK,6XF] -> 1bbe953b-64ec-4793-abc2-5d5fc6376a17
  416_8845d560 [PLM] -> 4006619d-baa2-4aba-b032-60d1ca2e14fa
  417_0e6cd8b9 [PAM] -> 8af4da33-9445-43bb-aa81-55b217ebc05e
  417_e0528f9e [DQE] -> 0718a757-4d2a-4ec4-8550-9c34f97fc4a9
  418_8d7c0f49 [E93] -> 051d7fdd-953e-482d-8b40-c9d3968c31e0
  418_b02dd5c4 [ECL,D12] -> bbe742c7-e01d-4a41-94af-47a87279c36c
  418_cdc79ec5 [PAM] -> e5ee94d1-8c9e-4073-82b7-29755aa24465
  418_d6145562 [I6Y,JK9] -> 21102c84-3dd1-4aa9-8f9f-f21d3e935d7d
  418_d6145562 [JFI,5YG] -> bff8f5cc-95e8-4fc6-9204-52e1cdba4ce6
  418_d6145562 [EIQ,JV3] -> 76d1fffd-cbf7-4ac5-b2cd-0c26e02262f1
  418_d6145562 [JUR,A1H47] -> 5495e40d-c80f-4030-ad6f-01a9ceb0851d
  418_d6145562 [2QC,HIH] -> f2ff0e1f-1942-4b79-a48c-331cd725cc8a
  418_d6145562 [KB9,JFC] -> c3838831-d9c5-4d75-b155-ecdb98676707
  418_eb9ea735 [3QO,K2B] -> 6082d4e1-4e61-49ad-9431-2474ad71f62d
  419_2ab9350e [DXJ] -> 9d50106f-7629-4634-9917-5dd7932e5873
  420_545c0f8c [L6X] -> 9dd39ed6-ac25-413d-a0ab-4748aeea71b2
  420_6f493f38 [TES] -> 71dcd033-d139-4b55-b735-761fb020ded2
  421_0306eb73 [MYR] -> 2d16dc1b-60bd-4c9c-b684-5f7e978830e1
  421_446a58b4 [CAH] -> 2a473778-c29b-4b69-a61f-85fac2083ffc
  421_838aa221 [CAH] -> df65eb9d-6e34-45e1-9afa-f20c8ace8c75
  423_69bac218 [0GV] -> eaf463c9-c0e2-4896-97c1-6ee4c9777119
  425_918da379 [PAM] -> e615ffdc-03c9-4d01-8d59-7176b2b049ef
  429_3c548ba6 [PLM] -> 95e590f6-a04b-402e-a9bc-7aee56795968
  429_42e1ecdf [TES] -> 3dc222e6-2fb5-47a5-bd53-2ae88159b309
  429_d4604a8c [TES] -> 34a6f29f-5d21-44e7-874f-187af569d146
  432_82bbf621 [DCR] -> 104575be-e653-4393-bcc6-a9072f97b55f
  433_1a485928 [FOF] -> 8ba3e50b-ce7b-4258-810f-8d4ebb4d8c4c
  435_2f9ec93d [B9L,B9O] -> f2d16b49-b9b0-4375-a4cc-d492c62b82ba
  435_2f9ec93d [B9L] -> c9ea8d35-2e1d-4885-8a39-afbfde1d91cb
  435_330d7a26 [M65,M65] -> ab42478f-495f-4df4-901d-2b2763ac0d3a
  435_330d7a26 [VGJ,M9B] -> 11ce0e8d-f4ad-4192-b4d5-34b3dd111dfe
  435_330d7a26 [VD3,RWZ] -> 994d11de-e0fb-4b5e-9719-81588e114475
  435_b1170faa [M8N,K2B] -> 67f9b858-090a-451d-ae1e-342c2fae1015
  437_6f9809c9 [CAH] -> 38058cb7-e232-4275-8e15-5b209732dde2
  439_20b8b15f [Y7R] -> b5dabc30-2424-4288-bcf4-d209fdd8bd7d
  440_fd3539ea [K2B] -> a72f3f2c-b3d3-4ac6-9252-c06ecaedf0fc
  441_9f5ce965 [NE4,NE4] -> cd88faf5-fdff-4382-97ea-3d1b77e2a37a
  441_fdb186c9 [9LF] -> cc1b0cbd-3e2c-49a5-835a-5607eb4c2337
  443_05636834 [VFV] -> 9129a15c-2fcf-4edc-a097-81b0087c94a1
  444_2f85a59c [REA] -> e5150bea-375c-4251-8869-4a7fd91949e5
  446_68e6f289 [VFV,PJM] -> 806eeac1-5dad-4756-8b05-59811dc6d0d6
  448_7a54e61e [VFV,VNT] -> 8d9811c5-74ee-449a-abf4-1b5700373f89
  450_9c481af8 [VNI] -> 72e50e57-c0dd-4f44-99dd-74188480356c
  450_e1393289 [16A] -> f6b88fab-28c5-42d7-8338-23e27f9e4efb
  453_31297a04 [LNP] -> a67bcf5c-b1c5-4122-ad6f-c3832334c6d2
  453_3fc5a1f6 [TPF] -> 689ff53f-f6cb-44a6-bac3-4a6f6568cefb
  454_40de364f [JKF] -> 4ca46094-40d5-4d6b-81d0-c2a976873954
  454_6f07a0ed [LAN] -> aa57dfa3-6e2e-474a-9494-ac1ff865e139
  455_0c860b28 [CII] -> fdad670d-b7f9-4b47-9bc1-6df702658437
  455_48438573 [CMW,CM9] -> 785adab7-3748-45df-bf0d-3487262bc6b0
  455_48438573 [CM6,1CM] -> 5e3685a0-bc94-462c-94f9-cbd50e8b5ca0
  455_bf9cfaeb [FW6,88L] -> 5ad3f6ea-3661-4907-9958-8a0858ba5f51
  455_d4843705 [TPF] -> fff7798b-4e2c-4cf8-b035-3ecf4d634e20
  456_8d7b7719 [CLR] -> ca4e0aa5-aeb2-44df-a1ed-b751469a0a4f
  456_c9a58f1b [BTB] -> d8607330-e4d3-4871-a086-9fcaf8fe9f4b
  457_0da0339b [9RL] -> 705a57c0-d968-4de4-8e83-d1fcbf7b5d6c
  458_683cba10 [WQR] -> 4b1b8627-fceb-479f-84bf-99f6bf58b985
  458_c4bcedc3 [VNF,POZ] -> 02806c3e-e9e4-494b-b60e-f4baee3c3d96
  460_0f25ea19 [CL6] -> ee9c9239-9362-4c8d-8174-ea1637b2c105
  460_2af8865f [LFD,LFS] -> dde0e7cc-ea2d-42d9-816f-5063b1c2cf54
  460_2af8865f [LFT,VT1] -> cba6cd58-76ed-407a-9721-a50313b45596
  460_2af8865f [UDO,UDD] -> 85196466-305a-43a1-9125-1832b4de2eaa
  461_217b532e [NEE] -> f1b9e220-8627-4cda-afc1-eda275bbb61d
  461_b17f2608 [ECL,ECN] -> be2bcc36-ba15-4f10-8af8-620d24ef34b4
  461_b17f2608 [KKK] -> 5e66896d-f73c-4a53-bdbd-56e4a8f20cd8
  463_2621ae02 [LSN] -> bfe7db27-3799-4d7f-b5dd-f315ca80b3d2
  464_4dc0771e [TPF] -> ebf3710b-542f-469c-aabd-d4bec347e284
  467_6a91af88 [26N,TW5] -> 250b93ee-3ddd-4ae6-ae5b-0e04f9d97521
  467_acd53678 [5PS,J5Y] -> aa9c3e05-d907-4281-b412-cfdd9615af7b
  467_acd53678 [TU1,WVH] -> 24cdcc33-ce82-4c87-a57a-cb134451f014
  467_acd53678 [25S] -> 91ed3bf2-d4c8-4595-9e81-41e38ba1dd48
  469_ec879091 [18I] -> 2005cf95-e881-49f2-a15e-b799fac29c56
  470_03aefc00 [T9H] -> 6aee8049-cad0-45d0-a1a4-5ee2d4cd3452
  470_4634f49c [VNI,VOR] -> 471ec982-cded-4c0a-ac59-d66e68a493d5
  471_d4280bc5 [2DC] -> 7835b71d-62e0-4350-aac2-4904f41a6b23
  473_4b734b6b [TPF,TPF] -> d49f5c33-bce6-442d-8fb1-c7b9cc324d9a
  473_6790f922 [DMZ,DIF] -> 5cb0cbc4-a949-4301-9a42-a72dc4c155af
  473_82bdfad8 [LSN] -> 8aeb1e6d-cb39-470d-9f02-96dc22f25ff0
  473_ca85e740 [VT2] -> 33ce870a-a59b-4aa1-82bd-2165c01b71f9
  474_5043b011 [05D,YCG] -> 0656c442-32b5-4834-b91c-c81a16f8613c
  474_5043b011 [A1BZC,0I1] -> f115cd22-7868-4d23-8dff-4a01f6eca5d5
  474_5043b011 [YCJ,A1BY9] -> 0352c921-c4f2-4096-a788-ed14c04be1ed
  474_5043b011 [A1BZE,04Y] -> e79a3b26-baae-4c2b-a652-70a4b84a8101
  474_5043b011 [YBS,A1BZA] -> b6ef930b-8482-4418-afef-8d6cbca5ba85
  474_5043b011 [A1BZD,A1BZB] -> 38c31306-ae7d-4103-9fed-28779f63a1b5
  475_07812ca9 [2QJ] -> 9e35b678-bce8-4d54-8219-3abf3aceb894
  475_74349f57 [X2N] -> cb7efc71-4cd0-4860-b4e5-ce13e78772a8
  475_83a489fa [TPF] -> ec05bd0f-70d5-4560-81a9-e21833043a50
  475_c96c5508 [U51] -> 4925c16b-e632-49ee-82b4-00d66e1680fe
  476_042e6596 [9PL,OID] -> efc381a6-f904-4d9c-b09e-342ae3d08bab
  476_042e6596 [LC4,OIO] -> 4ab844f9-1441-405b-8355-082ecabd0532
  476_1c30957d [LSN] -> 82f14969-09f8-48a6-ad19-b6c757c69e96
  476_1eccdb5d [PB2,PB2] -> 5add594d-20e6-4405-a2d0-d6f5967e309c
  476_1eccdb5d [TMI,06X] -> 60319c78-4bfd-4ad3-94f6-7a5f6b7fd335
  476_1eccdb5d [CPZ,CGE] -> 0ff6a2ce-6bac-46dd-9369-826a70fa4700
  476_1eccdb5d [TB2,TIC] -> cbfa81bd-46db-40c7-b9ce-8f24875add33
  476_1eccdb5d [0BV,8PR] -> d265c3da-b887-4825-a74b-12e567b3f06e
  476_5965a73b [CPZ] -> b940f658-8f31-42b9-8e27-121fe2f146e8
  476_5b1c057d [LSN] -> 26a64ff8-270e-4983-b71c-874ec8070773
  476_7621de71 [CPZ] -> 876ff658-2a06-4642-986a-ec468e5bcc02
  476_7cf5aebf [LSN] -> 984c0b4f-af12-4544-96f6-e13345d49502
  476_84104a34 [9PL,D2G] -> fb9eebd9-47bb-41a5-988b-94a27777d903
  476_84104a34 [D1G,NCT] -> bbe8231b-ee05-4fa9-afec-69b24059d5e4
  476_84104a34 [8MO] -> b449efc2-b28a-4d7e-a947-be803a4a66e7
  476_8c5622dc [LSN] -> de349e3b-3de5-48f8-aca6-6167721ed651
  476_9dbeadc0 [9PL,N4E] -> 6ff37203-cd30-4122-966f-b2dccc6ca1a3
  476_aca4f268 [0QA,9PL] -> 7422f1ad-6ea3-4cc1-bc48-d7561653fc32
  476_aca4f268 [0QA,NCT] -> 2b0c0724-2edb-4882-b91f-e3d684d94950
  476_ec577891 [06X,3QU] -> 2c986282-8948-4f29-ba6f-517c5e666b05
  476_ec577891 [3QO,CPZ] -> 343d707d-0dae-487d-9e75-c5a355d41f24
  476_ec577891 [9ZJ] -> 635aa516-6e33-4b80-ab7a-3315dc6f19de
  476_f7fff33f [MTK,9CR] -> e5df43f6-09c4-47f7-b2c5-a6ff5f214f6b
  476_f7fff33f [225] -> 5a164d29-70ee-4b35-91e8-4e9ebe9a44bf
  477_39eada44 [0XV] -> 92541400-2786-4983-8699-cd354aeaa84c
  477_a506c224 [LFV] -> 8a04baaa-dbab-49b8-a4a5-ff3eb464409d
  477_f6ac8610 [6RJ,XI1] -> 12ab5b4a-8863-428a-9b03-0787d9a5c590
  477_f6ac8610 [FLP,6YF] -> 6ea61649-2fd4-4548-9bba-d8a826fceba9
  478_6eb03748 [32M] -> bda69486-5e12-4bea-b8be-6fa770680461
  478_9f6a0c23 [1CI] -> 91b86725-289c-4287-9794-0f3da500699e
  479_7301ea5f [V2H,VD3] -> 67e5f7d5-1e92-4473-8ca6-736553064032
  479_af4ae158 [PN0] -> b5e10ab3-9dd2-4269-a770-786366123b8c
  479_cf53e4c3 [CGE] -> 29a47c8b-c064-405f-ad2a-417653659b37
  479_f5b99101 [SI6,PN0] -> 81e07c58-42cd-4e3d-927e-8c7e88d7bed4
  479_f5b99101 [PN0,SI5] -> b8826170-deeb-4432-9d95-1be27d473807
  479_f5b99101 [AJN] -> eea8136b-7c28-43e6-8652-d4e759fcb11a
  480_0010cf69 [CL6,RIT] -> fb5f2977-ad95-4a86-aa45-0b97620645e3
  480_0010cf69 [A1BNX,MWY] -> b155086f-94e4-43c0-a34d-143003ea4d66
  481_4e319598 [XRD] -> ab4a0693-93cb-4fae-9128-66cfcf44cf4f
  481_e03083a2 [D2V] -> b181aab5-095d-43a0-b22c-9bb109c37ced
  482_3314a5f9 [STR] -> 8c155200-02dd-4db8-95f7-06c9b4bd5c2f
  482_89b551e9 [CPS] -> fe6e328c-eb7a-4fca-8867-6850493562a8
  483_4a1aae09 [0T3,1CA] -> 850dd28b-a38e-4370-b246-b172c60fdcf0
  484_08f22cf5 [YSY] -> cc91a2c4-aaa8-4e66-8436-b22611f4e24c
  484_16b493d6 [JD7] -> 3db660d6-63bb-4f1e-a22f-4832ff659c06
  484_a14ea32d [2QH] -> 7b250f64-d12a-4e2c-bdb8-7aae9e6e6600
  485_3260576c [DVE] -> 898a7bea-90c3-442a-a699-96ea447633d4
  485_6cd5c2fe [KLN,RIT] -> 4c6d786e-b1c8-4e00-90f1-15c5f700a8d4
  485_6cd5c2fe [MYT,ERY] -> 6ee10214-9eaa-4e9e-8328-4f54a5e1483d
  486_62b873ed [YNV] -> 9e3497fb-a716-4bd1-80ba-88c1ae05051c
  486_c05cda03 [ZWY] -> 4731e414-96b9-4be2-812d-c55ba9773382
  486_ee37fc5f [HC9] -> 15ef1b89-ea70-404b-95f5-3c2efba0179d
  486_f605e37d [CL6,A1ASQ] -> ac36f63d-9395-4ea4-bcb4-296551db5bce
  486_f605e37d [A1ASU,A1ASV] -> 1ad32abd-5ac7-4e9c-9c7f-b48de943530f
  486_f605e37d [A1ASP,A1ASS] -> 2ee85b58-28dc-4db0-9c57-6448b73237f9
  486_f605e37d [A1ASO,A1ASR] -> cb4cae0d-7e9c-48e6-957a-315ba8c2a08f
  486_fe430384 [MYT] -> 4f4de252-1174-497c-9b6d-80454d01ea9d
  487_32859637 [X1O,X4E] -> f7438f5e-713d-454e-99e0-bfc7590d1e7b
  487_32859637 [X2Q,WZN] -> 13bbb37e-ab0c-4bf0-b06f-8f0e17d20e2d
  487_32859637 [X1I,X2Q] -> d8ce56a3-62e7-4cca-ac54-d575860de613
  487_32859637 [X1C,8AW] -> edafd229-a982-48cf-b775-d3f0b70af0d8
  487_32859637 [PKT,T0K] -> d8a3ceb0-cb55-43a0-9cf3-8f850f5256cf
  487_32859637 [O3L,X0E] -> b2b66f53-417d-4414-b7e4-d3bd04212da6
  487_32859637 [A1A4S,7AW] -> 5d147e2a-333a-4678-848c-d541656ac3a8
  487_32859637 [NH0,X7D] -> 30e30411-d961-4e6e-a0a1-7888b8ad93b8
  487_32859637 [X6S,NI6] -> f41d7c7a-1509-4d92-842c-52b5cb222899
  487_32859637 [X6V,Z8Z] -> 40d1727d-98e2-46dd-bba0-4fe9610d4852
  487_32859637 [NJO,6AW] -> 08ca8991-3e20-4aa7-9e92-dbe94414e911
  487_32859637 [D0R,X5Y] -> 666b2740-dcb4-4a02-bca4-49f6d97ab947
  487_32859637 [X71,J9K] -> 43873b5b-ae42-4f9e-abdb-72f05895bde3
  487_32859637 [A1A07,D81] -> 0fbffc6c-a24c-4782-89bf-315795d04580
  487_32859637 [Z9Z,A1APA] -> d0eec9d8-9acf-44bf-ac04-032681278cd0
  487_32859637 [A1A4T,RIT] -> d3fc5c3e-8379-4312-be88-71cc42dbc489
  487_32859637 [1RD,X7M] -> e4bc15fd-4cd1-40f5-8759-c3aa87ab594a
  487_32859637 [A1A08,A1A4V] -> da822437-d056-430a-910c-ec6c093109f6
  487_32859637 [A1A06,X7P] -> cb426e01-1f71-4465-b797-8290791252da
  487_32859637 [QEP,A1A4U] -> 3956d6fd-1b1c-4102-bf86-a8360fca8047
  487_32859637 [X2B,G0V] -> 8181af72-49c7-40c3-9b38-f18e239c8370
  487_32859637 [D7J,Y83] -> c65597b7-9a8d-4dc0-9873-9f35f11536e7
  487_32859637 [A1A4K,G1J] -> ea08fab9-f0dc-403a-b087-a1260dcc9c79
  487_32859637 [80K,X6J] -> f56c2b4c-4cbb-4a99-97f9-5e40c585d479
  487_32859637 [G1D,G0Y] -> c6bf8816-b3ae-4dec-bea6-479e1cc699e2
  487_32859637 [G0M,WZN] -> 0eeb978c-fd3a-4a02-b4d2-a123c01d966a
  487_32859637 [G0D,D7M] -> ab427e15-55ee-4524-9c61-ea1c8aa81cca
  487_32859637 [DEJ,D7Y] -> 7b1331c9-fa59-48c5-b902-b7f15d338c0b
  487_32859637 [O39,NJ0] -> 38639e53-dfeb-479b-ba9f-87396a292286
  487_32859637 [QDP,MYT] -> 1130455e-a6ca-41db-8026-9db4ea3d1d5b
  487_32859637 [FZV,QEA] -> 14fc1956-66e4-41f9-869b-6e3489b93191
  487_32859637 [QES,5AW] -> be6b1646-f082-400c-b04b-5ed851e09fb4
  487_32859637 [QE4,DJ1] -> 634e2df2-4e08-4a2d-8d98-cbd9e85af649
  487_32859637 [DEV,G0D] -> 22a2de86-6048-4288-8526-1d3d3e6940fd
  487_32859637 [QDV,QDJ] -> a35f1d6c-7857-4f43-a202-5d47e23153ac
  487_32859637 [G0J,FZV] -> 6fc9ebd6-fe39-4da0-8238-51f666dcd2e8
  487_32859637 [QDY,08J] -> 5164fbd8-d467-4242-af88-6f7e76ece98c
  487_32859637 [CFF,08Y] -> 3e411f54-45b1-4606-9af1-f5c97aa0523d
  487_32859637 [CFF,MWV] -> cbf16a8d-9502-4b61-b604-419b639a3808
  487_32859637 [X8S,TCI] -> 789200d9-0277-4350-8c9b-afeea039572f
  487_32859637 [MWY,A1CIW] -> 0602bb2c-0797-4dbb-8756-ab9ab4e7b4ff
  487_32859637 [MWS] -> 0b040877-8110-4d4e-af0f-d10046cfb933
  487_3996026d [TPF] -> 589fdf1a-3bef-44c1-8b20-e2a8a5b07ad0
  487_6d9fa596 [PG4] -> c56b6e07-4317-4fe9-b093-ccd07df49ef4
  487_8538537b [X74,X7J] -> 6191da7e-882e-4070-97c9-9870ba5a65b1
  487_8538537b [NXR,NYF] -> b1660954-13f7-46fe-be2c-9fe8b4252ea5
  487_932e3608 [HC9,HCD] -> e289238d-3df6-4a79-a44e-3411e223c5cc
  487_932e3608 [CLR] -> 70120274-09b8-4fcf-8dc7-acfa5a1f3df1
  487_ecbf61ae [RIT,08Y] -> b203f37b-85a1-457a-8fb7-5ce9ffadfaf9
  487_f5412e3a [PK9,PK9] -> 7840afcd-dd8d-4f8f-8a95-a69773f31e2e
  489_c3fc2428 [YHM] -> 59c6f7cb-9ff1-4800-a4ad-9ab6ed1c1ffc
  489_d6dd2913 [QHC,O4T] -> 78e9ea12-5205-4f24-b466-334549a786b1
  489_d6dd2913 [O4W] -> c6725d94-3d40-4ffd-b806-8b51b1dfeb90
  490_6a8e1ea2 [X2N,VT1] -> 99c95514-af38-4d60-b4aa-5f28211ae601
  491_3c76f070 [UCZ] -> 2d508f09-f547-42aa-af1b-125e756f04bf
  491_57ef6006 [HJJ,Q4M] -> ebadeaf4-1161-4510-966b-b68c8f1393a1
  491_57ef6006 [Q4P,BHF] -> d085cdda-45b2-4211-8439-a83d357d4737
  491_57ef6006 [AQ4,KUV] -> 8b53d533-1083-4962-b802-7b3d7936559c
  491_ec153e60 [0GV,K2B] -> 91ce5ca4-1647-4471-8c9c-56b629973d5d
  492_9ba7e278 [OLA] -> ae6b6b92-8500-4019-ad16-b25ca5b7137e
  494_df1f3120 [XPK,3NR] -> ec6b9650-81e6-49ea-b4f3-c9f8fbec1eb1
  494_df1f3120 [UDJ] -> b01c3829-90a9-436c-a22d-882df9870e38
  495_3cc65aad [BHF] -> 453f78ee-b140-4e27-b28b-8414de666b7b
  495_4b188212 [243,T25] -> 34514bbd-3e31-4b33-9f33-2b7dfa2f48f2
  495_90353ec6 [243,T24] -> 9596a057-a06f-445e-b4c0-6d771d73746b
  495_90353ec6 [T25] -> 510de6a4-d061-4155-8a6d-dcdd601fc7cf
  497_9e5b0951 [V16] -> 3dd4afd3-fbd3-4594-8524-8aa876992255
  498_b2766aaa [MXD] -> 4ab674de-42be-46ae-9d1a-5f408863d414
  503_f3121c0f [ASD,ASD] -> 8aa3ea64-66a4-449c-813b-1212e9bbe732
  503_f3121c0f [ASD,TES] -> b7e603e5-0cd9-4d1b-a64a-8a3dddea74fa
  503_f3121c0f [ASD,ASD] -> b8f0b79d-731c-4b89-a009-ef5395192c58
  503_f3121c0f [ASD] -> 18cb2878-83c1-4e28-9993-e1ca832dfa68
  509_e452cdaf [AER] -> ac462b7e-6434-4e34-ad9f-2e94efd11d7c
  515_00bd6347 [1YN] -> 411689e3-f273-4fff-bedf-2c9f748a3af5
  536_e0febc59 [81H,LAN] -> 8b645dd7-1b44-417c-96fe-86c689fb1e32
  537_fdcdbc81 [1YN] -> e13e0d39-b443-4020-b936-d17319373af5
  539_5aebb388 [SKX,A1AB6] -> e83d9552-1830-484d-ab6a-0e8654bb22ab
  539_5aebb388 [1YN] -> b5d1a39e-b64a-4ff2-8a00-0af7622cab52
  539_5f23ede7 [VOR,1YN] -> 00976bb5-e46b-457e-abcf-475e521c9f10
  539_7cd83d49 [VOR] -> 779f5eeb-0485-43ec-9671-ae486899ebf9
  539_91e1b8cc [VOR] -> d3bee57e-84e6-4d33-8dee-43d3a4e079f7
  551_c92602dd [LAN,JDJ] -> 4b1f90df-bfcf-493e-bc9b-e7ad8ad780e2
rep 21: 491 pairs to fold
  368_3c6d23e6 [36Y,CPZ] -> 4dabe585-d9cb-4a9b-8f53-825c01da604e
  368_3c6d23e6 [3SQ,36Y] -> ab530571-d14f-4e1e-8218-bb50a6c4ca5d
  388_7e6828a0 [A1MAI,L0O] -> 140e0762-e8b3-4ba6-82b1-68aa3b61d264
  388_7e6828a0 [A1MAJ] -> 33bc733b-2ac2-4532-94b1-b6280aa22cda
  390_41f96d07 [A1EGF] -> bad90765-084f-4004-9d4a-bacee8b83b20
  393_40400e22 [DAO] -> 4461ca25-fda3-4e7c-ac2b-6db9fa3da681
  393_47d43e97 [DIF] -> 1134bdbc-b16f-47a7-8a70-a65a93c934d3
  393_7d481b62 [4IA] -> d6c4caf8-b03c-45ce-b580-ab75e088eae4
  393_c3358fa1 [8QM,4IA] -> 49a6b04f-4651-4ac4-808f-ac51084d5ad9
  393_c3358fa1 [EH1,81J] -> 419308ec-a2c9-48b9-b1e4-a8f7502aa3cf
  393_c3358fa1 [EJD,EJV] -> 9c638be3-1e0f-46c9-8e74-7479b50a39b1
  393_c3358fa1 [HX1,81M] -> b59f7c27-e005-43b3-97b3-be089f172f31
  393_c3358fa1 [QZP] -> 90c8e473-ff80-463c-b603-36246df82845
  394_ffc37182 [1ED] -> 430d2646-3696-4158-8d80-19ff31fd69dd
  395_f9cfd803 [TQU,QFD] -> 0f8ff394-76d3-4fe2-a864-093c0980abaf
  395_f9cfd803 [KEQ,YTT] -> a84dfbc9-52bc-44e9-bc7d-22f9cab27837
  395_f9cfd803 [1GB,YTT] -> 0425998d-3b68-458c-8e45-2a055319b7f2
  395_f9cfd803 [YTT,1G7] -> cac32919-4f85-40bd-bbd4-8b9c1eb87515
  396_475f6489 [ID3] -> f70f3db9-44ed-4d0d-bad4-ee4fd4948758
  396_672140e8 [9KE,9KB] -> 96e82d81-160e-4ed7-b69f-8e14cf529a1e
  396_672140e8 [69M,TZM] -> 1748897f-d076-4f5e-bf2a-4b8bcffaa8d0
  396_672140e8 [GGJ,69W] -> aff8eda3-d2e0-46ea-aa9f-700ca5682d21
  396_672140e8 [TPF,MQN] -> c401e990-73a4-4194-ac8a-d382a6a2e562
  396_672140e8 [69S,KEQ] -> dd549987-b802-4e10-a2c7-3dfd6f908612
  396_672140e8 [KEZ,Q47] -> ae1f803f-5544-4c9e-aa49-051aa42e4ec5
  396_672140e8 [KEH,N5Z] -> a817dc6d-5977-4f23-8383-22ed6186f5a8
  396_672140e8 [N5W,KEB] -> 59ec3847-3045-48e0-9165-21f9cf62e7e0
  396_672140e8 [KEW,ULZ] -> 159039cc-ae53-48de-aec0-08e841341d4f
  396_672140e8 [OUC,KE5] -> 5bbf2c3e-c7a9-49ef-92a6-f601afb04b66
  396_672140e8 [N55,R2H] -> bd9560d3-ca1e-47cc-aff1-0dd16a079925
  396_672140e8 [KE2,YTT] -> fdb03e9f-c4fe-4a8b-b720-5165c6079363
  396_6abe88bf [EV1] -> ebd93d27-acd2-4d1c-b6f5-bf21b09a9493
  396_9ca07298 [4UH] -> e5a3f4c5-8c5a-4531-b653-2253b577fe93
  398_712f2bbf [5YG,ENK] -> e9b3d3cd-2d52-415d-b640-c803ff6ef07d
  398_712f2bbf [DQE,PG4] -> 70727062-8644-4a46-a9f7-a87d64e31ea6
  398_712f2bbf [EIQ] -> 9f305761-1ae4-4ed5-9212-e03b01d2eec7
  399_d04da719 [EMZ] -> 1702f21b-9df7-4b7f-8e3c-dfcf32cac6e7
  400_3b97c392 [STR] -> d3f60f60-9939-426e-b9ef-50fdb5cc0615
  400_77edf82b [ASD] -> bb1c02dd-49d2-4c1a-8930-95471d390b2c
  400_dff94071 [STR] -> d5e45845-27dd-4506-9c8e-0b326deb90a2
  401_a9170273 [RRM] -> 01678707-755d-4475-9aa3-254dee747992
  401_b00cace2 [RRM] -> ed88dd52-37ce-4f38-ad93-71fcb89f9c6b
  403_b29b1ed4 [DEB] -> 12d6e630-c310-4591-8f49-a47f6df9024a
  403_b3a2f553 [KTN] -> 9e4242bb-6ec6-453d-9313-21aec8e58620
  403_e7509160 [KTN,9AP] -> 6a75a768-886a-40cb-81a3-a0f04b69215a
  403_e7509160 [ASD,DEB] -> 717453f4-7ca6-4119-9cec-b4da8e0b021a
  404_7fe08af5 [DEB] -> 8f626b6e-cd26-4a83-aa70-d0df8e9ce4ec
  404_a7f52c3e [DEB] -> aa96c9d0-2bf1-4a8b-a812-e2b79b86749e
  404_da66167c [DEB] -> a65c84eb-f11e-485f-8fa4-311cd61fc751
  405_04029c87 [K2B] -> e3818f48-f7ad-4112-8f22-0f33326862af
  405_90b62d6a [GWM] -> 61ee0338-8c17-42f2-ab6a-bdeee863c9e6
  406_a7c41b23 [FLV] -> 3b06f3a7-3909-41cb-95bc-69aaaaa5a842
  407_496a34be [FLV] -> b9c33caa-2562-459f-ab5f-e3a9a2295ace
  407_6f94dcc0 [NQ] -> 278a5530-3b20-4c2c-b077-a845e43ffbac
  407_79f598c9 [K2B,C3S] -> 9c37216a-23d9-4a51-8469-6dac8686c7bf
  409_7ea29415 [NQ8] -> 1202096a-6946-429c-aabb-d0bce92f285b
  410_33697e28 [5R0] -> 7b4afa02-8efc-49cc-bea5-a740d28c47cf
  410_420f8942 [YJE,UB7] -> 0d514153-fa7b-4715-bf2b-05d5bd48c4f3
  410_824c8e4c [EJD,PQS] -> dd0d566f-17fc-4d24-933d-abf44287f8ed
  410_824c8e4c [IRJ,M4F] -> b789897c-92ec-4766-aafd-c15d974513e9
  410_824c8e4c [81M] -> c803dd97-11c5-4c0a-a7ac-e4e3a869e284
  410_83d6f89c [5R0] -> a5d179c8-3667-439d-8dd3-51f2fbaf4b80
  410_b64fbb1a [ASD,STR] -> ca88ac66-d363-4136-bff9-134cce13697e
  410_b64fbb1a [PLO,TES] -> e364491f-4409-4adf-b369-45e245897e8d
  410_bc4a20dd [PQM,PQP] -> 1f393106-7469-4e45-86be-b7261c5142c5
  410_bc4a20dd [LVC,L4I] -> 7a0d8e00-31b1-48be-bb10-a14ad5f7ca10
  410_bc4a20dd [M4F,L3K] -> fe7643eb-2881-4da7-abf8-b8fe55b5f1d9
  410_bc4a20dd [OW7,8ZU] -> 2b9c7e48-c9d4-4a74-84e6-d462f819df7e
  410_bc4a20dd [TWO,8ZU] -> c1c8eb72-1949-4bae-b986-d41cee6f6cf4
  410_bc4a20dd [K3Z,QDB] -> c204c556-4d3f-40bc-8691-e0feb321683b
  410_bc4a20dd [1F1,ZRS] -> e2cf6873-2645-4902-9827-9936b30cc635
  410_bc4a20dd [LVK,KQR] -> b92ca7dc-baae-4c17-bf0d-1a82c6f9919b
  410_bc4a20dd [VLG,PQS] -> d8b1ae65-6143-4376-8550-9f3569f5545a
  410_bc4a20dd [KQF,Z7Z] -> 705f8945-3234-48b7-ba76-dae9363d86e0
  410_bc4a20dd [JO4,JO4] -> ca0f7686-8944-4b9b-ae7a-5490e29f83ef
  410_bc4a20dd [FIV,JO4] -> 401331f8-4c15-470d-b825-cc3e7ff6fc4d
  410_bc4a20dd [JO4] -> 5a4b2b51-0d6c-43d2-8c64-2be2c8f8a794
  410_f7949552 [EH1,Z7Z] -> 771c19b7-2c42-4f5d-b5ea-82c8a8c2129c
  410_f7949552 [8ZU] -> ec13c0b4-096d-4191-9741-71569053b69e
  411_4ad73dbc [MYR] -> 7e7c8d48-4dd4-4f3e-8f54-3cdfd85de0e5
  411_af24ac3c [ERB] -> 73768b60-2bed-461e-926c-200456b354e9
  411_e3e8183c [KLN,CL6] -> 6483bbeb-8d33-48f1-ad69-fad490df20da
  411_e3e8183c [EY5] -> 63c2f270-74dc-40d8-9c3f-bff2fff26127
  413_9c5d7a9c [226] -> 1f9fb2bb-bd0a-48b3-942f-af2f99e69c09
  413_9f4eac9a [II2,II4] -> a8485c30-82ff-4a47-9b79-72ad0e322060
  414_1ba62fe9 [UYM] -> bdf2e9c0-adb9-4caf-b8fa-d9c123611b01
  414_63852e7b [ECN] -> 4f4f7e56-dd57-4966-8859-988ff4899aa6
  414_949a8532 [KKK,6XF] -> 90c3e49a-cdda-4b25-b029-4cbb494c6ba9
  416_8845d560 [PLM] -> a6bb1b6d-42a3-43c3-ad32-2bb89a2fc4b2
  417_0e6cd8b9 [PAM] -> 0c662442-8026-4473-9d9c-9ba86f416e14
  417_e0528f9e [DQE] -> 5ad60bab-9186-41f6-ae02-701e5bd73e11
  418_8d7c0f49 [E93] -> 1e69e3ef-74f0-4c05-8fff-020dc090162d
  418_b02dd5c4 [ECL,D12] -> 2eb7af6d-e8c4-4b07-80c8-884e292ad149
  418_cdc79ec5 [PAM] -> 38edb04b-e774-4eab-935c-05a5e3d155d3
  418_d6145562 [I6Y,JK9] -> c7b120d7-04bd-46ec-b06f-57f2edfe5916
  418_d6145562 [JFI,5YG] -> a0770c58-81af-4ab2-9dbd-e8ea4ddfc15b
  418_d6145562 [EIQ,JV3] -> a8d55f11-f16a-4890-8d30-e05768719025
  418_d6145562 [JUR,A1H47] -> 68790ff5-24b7-48a6-b754-d0639fc7bc66
  418_d6145562 [2QC,HIH] -> 56f1fcae-4eef-4144-9e1e-3fc2cc72ec8b
  418_d6145562 [KB9,JFC] -> e89cd997-01a7-4189-8f9c-31f1ac983a84
  418_eb9ea735 [3QO,K2B] -> 322df287-c7d0-4ec8-953e-3698c24484ba
  419_2ab9350e [DXJ] -> 1dac9153-09c3-428c-88f2-25fb03f968b7
  420_545c0f8c [L6X] -> 136ce154-2c3c-4b73-b2f9-a51e39a368eb
  420_6f493f38 [TES] -> b2901b32-9940-4188-8899-f3013f38d187
  421_0306eb73 [MYR] -> bc6d6da1-f479-4cb9-bf6f-3fc0fa8b141e
  421_446a58b4 [CAH] -> c8c6d354-b2c4-4825-8a9d-d85e3473139b
  421_838aa221 [CAH] -> 51fdf80a-5a56-40e6-8784-b6bfcb3523bf
  423_69bac218 [0GV] -> dad8f0fa-4092-4663-af28-c38b5550fdb1
  425_918da379 [PAM] -> 14353ed1-ac4d-4765-984d-876b461485f9
  429_3c548ba6 [PLM] -> e53f744b-f2b1-4cf8-b43b-23f6212eccbf
  429_42e1ecdf [TES] -> 8f1637a3-ed02-436b-b6f0-82dface0c28f
  429_d4604a8c [TES] -> 43335ad2-c970-4ed6-9d90-1ab508e164ab
  432_82bbf621 [DCR] -> e8589b2e-ed04-4c83-9f5b-06185e5dc25c
  433_1a485928 [FOF] -> 534afb10-a7f3-46de-929c-4fcd06b65a24
  435_2f9ec93d [B9L,B9O] -> 55eff526-1c76-4ba4-be12-c3def1f5048c
  435_2f9ec93d [B9L] -> 9708e1d2-d40c-4d47-b61b-e329fa0caae9
  435_330d7a26 [M65,M65] -> d9a2f2a6-329e-47a2-888a-0f107f2b8e3b
  435_330d7a26 [VGJ,M9B] -> df957e0d-04d5-48bf-aff8-f952b22d1bc6
  435_330d7a26 [VD3,RWZ] -> 55cd11d1-ac16-4504-9ad7-22e43b09c26d
  435_b1170faa [M8N,K2B] -> a99f195d-ad71-4606-8e86-c9c13da3d4e0
  437_6f9809c9 [CAH] -> 68c84194-2bd2-47ea-aed6-41f3f31790d5
  439_20b8b15f [Y7R] -> c76da7d4-1318-4fd7-a264-525441e9325c
  440_fd3539ea [K2B] -> 2e0e7f96-3eaa-4ce1-9540-85c6da1c573a
  441_9f5ce965 [NE4,NE4] -> 5c0762a0-dbea-4da1-839b-607a4f397039
  441_fdb186c9 [9LF] -> 7e7e0b59-806d-44f7-b3d9-d5d4c5a6155e
  443_05636834 [VFV] -> faef140a-c66c-489b-ae35-74ddddbe09e5
  444_2f85a59c [REA] -> c404a140-c5da-4d7f-a206-8b5502432f2a
  446_68e6f289 [VFV,PJM] -> c530dffb-64ea-4ecd-8bcf-d34618ff5b27
  448_7a54e61e [VFV,VNT] -> f1e76783-e98d-4c29-b9e8-65c85e9822b5
  450_9c481af8 [VNI] -> 8ef1cbe8-0668-489c-b232-e257bf805217
  450_e1393289 [16A] -> 11a63c5f-56ce-4b83-86c0-3938a0b87e8c
  453_31297a04 [LNP] -> 34cf330b-c85c-4bee-889c-ea2a3a2e77b5
  453_3fc5a1f6 [TPF] -> 60a4b2b9-2f8a-490a-9161-8f6d7ef6b48a
  454_40de364f [JKF] -> 340df23d-a086-4261-b44b-7987bef18642
  454_6f07a0ed [LAN] -> fc13d719-9b67-4da8-96c2-4618a8daf7e9
  455_0c860b28 [CII] -> 0971b12a-94b0-4ffd-8128-de0feb94dc60
  455_48438573 [CMW,CM9] -> d012a39c-58ce-4fbb-9bef-ac59b174dd79
  455_48438573 [CM6,1CM] -> fefb7382-7a6c-448b-a0ca-8531a348e7c2
  455_bf9cfaeb [FW6,88L] -> 5ade4ab5-7366-4877-abc5-b4f95250d1e2
  455_d4843705 [TPF] -> 9c4fa15f-ff37-4569-b253-e9f6a4ce3a62
  456_8d7b7719 [CLR] -> 08a9a8a3-4edb-4fdf-8b04-a4cf9b7f5374
  456_c9a58f1b [BTB] -> 2aed713f-fdee-4f06-8e2f-f6db97d54e68
  457_0da0339b [9RL] -> a1225943-6551-4e86-9748-b215c5c95b4b
  458_683cba10 [WQR] -> 4c0a5a66-47cb-405d-9e9c-8d01493feacc
  458_c4bcedc3 [VNF,POZ] -> 863dfb8e-09a1-4f6e-926b-affb02fc5bdc
  460_0f25ea19 [CL6] -> afe1d387-a771-4a1d-826f-845fd029e7a3
  460_2af8865f [LFD,LFS] -> 42ab33b9-ee82-4303-9ca8-11c150cb9aad
  460_2af8865f [LFT,VT1] -> 7cf50de0-53c8-4d7c-8412-c05d29ad942b
  460_2af8865f [UDO,UDD] -> da4de829-f4de-4aee-9f70-d3544a789c47
  461_217b532e [NEE] -> 74679f6c-35f2-4c3e-b6de-eb6d536019e1
  461_b17f2608 [ECL,ECN] -> 358d93ee-66c3-4398-b8d0-cedae6f6dad6
  461_b17f2608 [KKK] -> 532a7f4e-2e0e-489e-85ea-4e34e0eeb201
  463_2621ae02 [LSN] -> c2a11b3c-4c59-48f6-8293-6a42adc0f3a9
  464_4dc0771e [TPF] -> b4cb33c6-f7a3-489e-8f3d-dc762efbf8ce
  467_6a91af88 [26N,TW5] -> acc6f660-befa-43ee-bd9a-f549efaf87c7
  467_acd53678 [5PS,J5Y] -> d8c00e01-8503-4c6e-85db-ac112d10bbba
  467_acd53678 [TU1,WVH] -> 675a9fdf-e048-4106-b0c9-3bdf0112b86c
  467_acd53678 [25S] -> 4490ad43-863d-4363-a346-8c252528d5c9
  469_ec879091 [18I] -> ab9c3930-27ab-4f70-bfde-03c09ea72814
  470_03aefc00 [T9H] -> 65dec861-49b8-4fb3-b540-8a1e545c6e0e
  470_4634f49c [VNI,VOR] -> 43e77c7c-41be-4198-8055-79b7f03c5c79
  471_d4280bc5 [2DC] -> ef9dcad3-345a-4b0a-a265-b52b5c7b0238
  473_4b734b6b [TPF,TPF] -> 71ef19c6-8e8f-46fe-a041-3389d90cf810
  473_6790f922 [DMZ,DIF] -> 4985f53d-87a2-4f98-8acd-95d282bb63fd
  473_82bdfad8 [LSN] -> fd744bac-e15c-47e6-a9e2-968093824fa2
  473_ca85e740 [VT2] -> 60a8d2ef-d72d-423f-8b05-9eb3cf866820
  474_5043b011 [05D,YCG] -> db5de4aa-3d5e-49ac-8849-b767da03b436
  474_5043b011 [A1BZC,0I1] -> 67ff493c-8d3d-404f-8e28-c6a6373c2ae4
  474_5043b011 [YCJ,A1BY9] -> a3022322-a3fb-474e-b129-7e2695d0274a
  474_5043b011 [A1BZE,04Y] -> 9b6d2219-767e-4f1f-82de-885124fb52b4
  474_5043b011 [YBS,A1BZA] -> 649e9c84-dd4b-4b49-b5ca-3075fad4f5e6
  474_5043b011 [A1BZD,A1BZB] -> f2711df2-ad0a-4d2a-805e-f16d45c436b7
  475_07812ca9 [2QJ] -> 39a85580-bab3-4d68-a629-635df4ab28cf
  475_74349f57 [X2N] -> 8b839dad-8e63-4a2d-b96e-be1374ceb821
  475_83a489fa [TPF] -> 86b1c8d0-d19c-4479-a6b4-7696f6e88926
  475_c96c5508 [U51] -> fd9aedac-bd81-45b6-a85c-92f3e188203a
  476_042e6596 [9PL,OID] -> 15284712-46e1-4cad-bebd-6dcb6a84f301
  476_042e6596 [LC4,OIO] -> 5c26c6f0-76a0-44d7-a9ac-e09b483f7990
  476_1c30957d [LSN] -> 7daffc44-5d02-4da8-968e-b8958750874e
  476_1eccdb5d [PB2,PB2] -> 5b82a8a3-c2b0-4127-8ff9-29cedff400d9
  476_1eccdb5d [TMI,06X] -> 87028322-cb2a-4c3f-9e80-dc8d744de7cc
  476_1eccdb5d [CPZ,CGE] -> eed47fca-52c1-477d-b542-5b12966d78e3
  476_1eccdb5d [TB2,TIC] -> f685d795-7c50-47db-b745-f10bc539f49b
  476_1eccdb5d [0BV,8PR] -> 3088eaa5-01e0-4dbe-9c89-b2b3eed2941e
  476_5965a73b [CPZ] -> 566ee31e-db52-4b6c-ad5d-a850e13fcadc
  476_5b1c057d [LSN] -> bd384be7-a1b3-4717-a2f1-6421d447ebfa
  476_7621de71 [CPZ] -> 036c7182-b992-4904-911e-96dbfcc22590
  476_7cf5aebf [LSN] -> d28655c1-54a2-4bc7-9d98-2735f0b9513d
  476_84104a34 [9PL,D2G] -> 22c12326-a71b-4ad2-acb2-5551ef16e85e
  476_84104a34 [D1G,NCT] -> dd3ace51-b7c3-4134-84ec-99530114f3be
  476_84104a34 [8MO] -> 5408f8e7-9d18-47f8-bb22-42ac327c7c24
  476_8c5622dc [LSN] -> 427d3f73-3134-4668-b573-192c4baf83d6
  476_9dbeadc0 [9PL,N4E] -> 054702c2-b767-4e70-a7a2-981c2697c3cb
  476_aca4f268 [0QA,9PL] -> 9a31fd98-4e3a-42d8-bafd-12e87120ccdf
  476_aca4f268 [0QA,NCT] -> b0e23005-2649-475d-b32d-ec6f566f3abc
  476_ec577891 [06X,3QU] -> 2a858c47-a22e-4139-9c9c-09bc084c0f6f
  476_ec577891 [3QO,CPZ] -> df7be423-9ce3-412e-a92b-fe6cd48cc7e4
  476_ec577891 [9ZJ] -> 9bf7f140-98ca-45cd-b7f0-097f574d7ef3
  476_f7fff33f [MTK,9CR] -> f9b07411-56fa-4054-94fe-8595eaaf7284
  476_f7fff33f [225] -> 39866930-a7ce-4d4f-8d3b-2acd3bef4257
  477_39eada44 [0XV] -> 82c86772-7e28-47d5-9974-899a388e3b7a
  477_a506c224 [LFV] -> 46d540e8-ebee-4f59-bd70-ab40a7508ed1
  477_f6ac8610 [6RJ,XI1] -> 2eef06ad-96d8-4073-bc4c-a2541f96e228
  477_f6ac8610 [FLP,6YF] -> da5a97f8-aa20-4828-8dc5-132c1ec15657
  478_6eb03748 [32M] -> db944734-3e58-4ca5-ae15-37bc3c03c409
  478_9f6a0c23 [1CI] -> 2a6b61f4-080e-40a2-bc12-77c4db83c4da
  479_7301ea5f [V2H,VD3] -> 11c868ef-1cca-48ba-94b9-0c7c8d99b235
  479_af4ae158 [PN0] -> 78975026-34bb-45f0-9737-57973c333750
  479_cf53e4c3 [CGE] -> 51b03542-7f20-41c2-b716-3386a7b4863b
  479_f5b99101 [SI6,PN0] -> 64624d15-1449-458c-9f3f-f2bc354d36cc
  479_f5b99101 [PN0,SI5] -> aee372a5-605c-4c21-8e84-9943aec5f4ba
  479_f5b99101 [AJN] -> 7ab08ab3-cff3-40db-b83c-14cc4a097d98
  480_0010cf69 [CL6,RIT] -> 7f3c7121-2dfe-4bd2-8bd1-49c879abed24
  480_0010cf69 [A1BNX,MWY] -> b72566f4-8637-4544-b019-e26d5066d4dc
  481_4e319598 [XRD] -> becb5418-a9ed-442b-a2d0-f98e4f133e0e
  481_e03083a2 [D2V] -> 29a5c6fa-ce05-4a73-8987-5cc64acd163b
  482_3314a5f9 [STR] -> f9ee7277-6a5e-4fa7-9ac1-fe99ec211176
  482_89b551e9 [CPS] -> 516c521e-f006-4910-b183-8e02e7d3101d
  483_4a1aae09 [0T3,1CA] -> cd4c5c26-13a9-4998-828f-c9b4d9ab9490
  484_08f22cf5 [YSY] -> cfcc9f24-2fdd-4400-abb8-b35d13e24b19
  484_16b493d6 [JD7] -> 093a0925-76dd-45d0-bd33-c1953ebfb76e
  484_a14ea32d [2QH] -> 78398dfb-8738-4406-9f70-01c98f86cf76
  485_3260576c [DVE] -> f9883766-3d6d-46ec-8496-a9935c08cfcb
  485_6cd5c2fe [KLN,RIT] -> b289cef1-3cf7-42eb-8d16-6b81a717629b
  485_6cd5c2fe [MYT,ERY] -> 9c782d22-449c-4a33-8f72-2e8e82a61601
  486_62b873ed [YNV] -> 729ab75e-6a83-411f-a671-2791365d8145
  486_c05cda03 [ZWY] -> cae9e2d8-ef4f-41af-8e0e-7ebc8651b2c7
  486_ee37fc5f [HC9] -> 710577f5-82b4-4114-901d-ef37c341de14
  486_f605e37d [CL6,A1ASQ] -> 0679fae4-01c9-4d73-b719-a17875a93f56
  486_f605e37d [A1ASU,A1ASV] -> 26ded48b-7894-475b-b1b8-78b223b11689
  486_f605e37d [A1ASP,A1ASS] -> 12f52975-81cc-42ac-879a-62c6e6ade439
  486_f605e37d [A1ASO,A1ASR] -> b115f742-f477-4208-975a-71adbe67dbc3
  486_fe430384 [MYT] -> f798a1f5-10a1-4a04-beae-9c5d358f3880
  487_32859637 [X1O,X4E] -> 4f73efe7-1f60-4179-be55-175e78245abb
  487_32859637 [X2Q,WZN] -> 66309e20-31f1-4701-97f0-64cc87927b03
  487_32859637 [X1I,X2Q] -> 867b097a-33fb-470d-a5f8-efb864b90f00
  487_32859637 [X1C,8AW] -> a756dd7c-790e-4666-bcbf-19c99d8d8715
  487_32859637 [PKT,T0K] -> d76fefeb-3caf-462f-bb15-2cab720c3dcf
  487_32859637 [O3L,X0E] -> 699b7ede-22d0-4adb-995c-976ac881d2db
  487_32859637 [A1A4S,7AW] -> efdc49b3-513e-4648-b54f-970cf2691759
  487_32859637 [NH0,X7D] -> f749dfb8-e56b-4e32-8f8d-63f890513d19
  487_32859637 [X6S,NI6] -> b332cc10-0baa-43fa-838d-9d7471907cf0
  487_32859637 [X6V,Z8Z] -> 93e1f800-6922-4a06-af44-2ea9924cebfa
  487_32859637 [NJO,6AW] -> bdb578c9-1c1a-45b1-99ea-008203a27026
  487_32859637 [D0R,X5Y] -> 7f2004db-747a-47b6-acf6-7764255914c6
  487_32859637 [X71,J9K] -> ddd09bf7-55a8-4b31-934b-a167f6bc3e6a
  487_32859637 [A1A07,D81] -> 3aef7c54-f971-48f1-b926-0af4ee826c25
  487_32859637 [Z9Z,A1APA] -> 1745421f-0e03-4c51-963a-2e796a39e2b8
  487_32859637 [A1A4T,RIT] -> 96cd3aa1-517a-43a8-96c2-13000a38065f
  487_32859637 [1RD,X7M] -> 599ab227-b639-4317-a667-a721a558d82a
  487_32859637 [A1A08,A1A4V] -> 4f36916c-0e58-4d8b-8925-781595679129
  487_32859637 [A1A06,X7P] -> 8d85924e-f619-419c-985e-3d2cd49c4dbf
  487_32859637 [QEP,A1A4U] -> b7859bde-0395-474f-a026-775978fa6d19
  487_32859637 [X2B,G0V] -> fc28ff02-8c32-4acb-9f93-4e49def998cc
  487_32859637 [D7J,Y83] -> d258259e-9a8d-43a3-a379-c92eceed96c1
  487_32859637 [A1A4K,G1J] -> 8b50656e-5d62-4bb5-a72a-3577adee13c0
  487_32859637 [80K,X6J] -> 359ca610-e0f8-41f0-b143-f39bc83da641
  487_32859637 [G1D,G0Y] -> 131f8545-bffe-490a-a631-90e94a767796
  487_32859637 [G0M,WZN] -> 5b558765-895d-451f-813e-91ec7d77535f
  487_32859637 [G0D,D7M] -> 02d342cd-54bd-44c1-b840-f503c17b1dd4
  487_32859637 [DEJ,D7Y] -> 6791e10b-8886-4da6-8b08-c2835bec7652
  487_32859637 [O39,NJ0] -> 8354285d-e119-4c55-864b-b7ad900b7ea4
  487_32859637 [QDP,MYT] -> b7215a18-1961-4ed2-91c4-7e7db5482a57
  487_32859637 [FZV,QEA] -> 9a562201-59fa-4164-bd82-80b5597bd6e6
  487_32859637 [QES,5AW] -> 4c0b196a-3f9e-4827-a269-cddc37d6ca0f
  487_32859637 [QE4,DJ1] -> 308f31ad-6f79-4bd8-8243-5a6f1ca47c87
  487_32859637 [DEV,G0D] -> c6b20ddb-9a87-451d-ae1e-fbe78f854712
  487_32859637 [QDV,QDJ] -> 5995a284-ab3e-4edd-8765-13970b63eb63
  487_32859637 [G0J,FZV] -> 3ab2e460-cddb-4b00-b52c-c5f0e4ea375e
  487_32859637 [QDY,08J] -> 99c67b8d-6957-401f-95e1-dbf16d47e4fa
  487_32859637 [CFF,08Y] -> b3a40644-4750-4e9e-b969-bb374ab0de26
  487_32859637 [CFF,MWV] -> 5fd56984-9ed2-4225-b891-e1647c50aa83
  487_32859637 [X8S,TCI] -> 7a87f38d-8222-486d-8aeb-c5dc44d3320f
  487_32859637 [MWY,A1CIW] -> 7801c967-bd49-44e5-b39e-18f001e669da
  487_32859637 [MWS] -> 6234e6c9-3970-4d6e-b9e7-4346bfc43103
  487_3996026d [TPF] -> 1d429807-c17f-476b-81da-11303476b058
  487_6d9fa596 [PG4] -> a5100c4d-94f4-4353-bf74-ffd35cd76a6b
  487_8538537b [X74,X7J] -> 13effe23-6053-452e-a461-132378f62ebb
  487_8538537b [NXR,NYF] -> d60b9c61-6e5d-4466-b3cc-40f4f637cf3c
  487_932e3608 [HC9,HCD] -> 2df397af-96b2-4c0d-b9f2-6e03edee0458
  487_932e3608 [CLR] -> 7fe93378-3bff-4caa-8fa5-9279c5da2bf3
  487_ecbf61ae [RIT,08Y] -> e3252374-e8fb-4263-8198-ec07916471ac
  487_f5412e3a [PK9,PK9] -> aef9a1bc-6fee-4b7d-949e-a1e53ae2c618
  489_c3fc2428 [YHM] -> 65f9d1ac-21c6-4e89-a229-abfb9770087e
  489_d6dd2913 [QHC,O4T] -> 6b6a9c78-554a-4c3b-9fb1-dbe16c4a2b4e
  489_d6dd2913 [O4W] -> a6a0b6a3-f769-475c-a3c9-45685148fd27
  490_6a8e1ea2 [X2N,VT1] -> 7d5e6db7-c696-4ffc-8399-4595898a0e47
  491_3c76f070 [UCZ] -> 6c27e899-2176-4299-a024-d7f5fdbe25d9
  491_57ef6006 [HJJ,Q4M] -> d3dc5b0f-96b5-4c66-bb4f-f6da9db97e6c
  491_57ef6006 [Q4P,BHF] -> 5c1a38f6-b664-4ac0-ade2-ce651d49be67
  491_57ef6006 [AQ4,KUV] -> d5ee4843-9a6e-43f3-b85e-fb0fe3da395b
  491_ec153e60 [0GV,K2B] -> 21835fbf-e680-47bb-9314-9fd528f6df4a
  492_9ba7e278 [OLA] -> 6357fd0f-f345-4dae-b0e8-d1135b7d4fd1
  494_df1f3120 [XPK,3NR] -> f134ea10-d992-46c6-ba7e-77d2f99327aa
  494_df1f3120 [UDJ] -> e6462d83-50c4-42f2-a524-50507922307c
  495_3cc65aad [BHF] -> 0c07a18f-39f1-4057-8b72-531e24f28e3a
  495_4b188212 [243,T25] -> 85a09a7c-108c-4a26-949d-fd4012b7c636
  495_90353ec6 [243,T24] -> a7aaa9a5-483a-43df-8168-6a501994c6d8
  495_90353ec6 [T25] -> 05a0da78-40b5-4c86-9504-602399b45ea2
  497_9e5b0951 [V16] -> 9a6218b9-21a0-41fd-8ace-c6cb306085cc
  498_b2766aaa [MXD] -> bb66cfc0-8ac1-49eb-a1dc-e094c6abd0f4
  503_f3121c0f [ASD,ASD] -> 880e828b-1a24-44ff-8fe8-57ebdbef7939
  503_f3121c0f [ASD,TES] -> da921fa6-27b6-4db5-9261-aa8dbccf790f
  503_f3121c0f [ASD,ASD] -> dc1067a1-4491-4947-8b28-e7c818cd888b
  503_f3121c0f [ASD] -> 5501ad62-bc5f-441e-ba29-c9451a241ac9
  509_e452cdaf [AER] -> dc025a60-06a8-4970-9a91-be8cc3b7f863
  515_00bd6347 [1YN] -> 98ecb87b-bd55-4372-8b6b-531d53f2e9ac
  536_e0febc59 [81H,LAN] -> d151fe55-cddb-4537-8945-7966a53dc3ba
  537_fdcdbc81 [1YN] -> 35af83e1-36d0-42a3-a9c0-eb4a52a9ac43
  539_5aebb388 [SKX,A1AB6] -> 02849ba5-2832-4515-9ae5-519778cc6b42
  539_5aebb388 [1YN] -> 4c71c1f1-ebdb-49c5-8f16-d31ffdc998c9
  539_5f23ede7 [VOR,1YN] -> 6ccb20bb-22fb-47b9-8589-8b72a824184e
  539_7cd83d49 [VOR] -> 1c96acd4-3e96-4941-9531-7bc9911f900e
  539_91e1b8cc [VOR] -> bbc7e45d-c2d0-46f6-8783-a605e5d46d09
  551_c92602dd [LAN,JDJ] -> 875d30aa-8a05-4915-bc32-e37d72f32eef
rep 22: 491 pairs to fold
  368_3c6d23e6 [36Y,CPZ] -> 7144c2ff-036b-4574-b444-b737968c8a15
  368_3c6d23e6 [3SQ,36Y] -> a4a01528-bdb2-40ce-9efd-724e49460796
  388_7e6828a0 [A1MAI,L0O] -> d82c4808-a6a2-4cba-bb09-c022770c1ebd
  388_7e6828a0 [A1MAJ] -> ff801877-9e02-4fd6-93dd-93a9e0a2fda5
  390_41f96d07 [A1EGF] -> 69985593-cf76-44d1-ad2a-a5ae87ccc0de
  393_40400e22 [DAO] -> 80e9ff4a-7892-4996-8524-6d6dc39d9c78
  393_47d43e97 [DIF] -> ae87f8f5-9ae0-460f-90b3-7197b14571c7
  393_7d481b62 [4IA] -> 5396b072-9815-487a-8287-9d20370afe40
  393_c3358fa1 [8QM,4IA] -> ada092ec-9e77-4f7e-83b3-b5874c0a1cde
  393_c3358fa1 [EH1,81J] -> befd1cca-9eed-442e-93e3-c69c60fd59d0
  393_c3358fa1 [EJD,EJV] -> 6c58e56a-abcb-46f5-9092-62f000808ac8
  393_c3358fa1 [HX1,81M] -> 837e1cae-c6fe-44d4-a1a2-2c1325a9dbdd
  393_c3358fa1 [QZP] -> ee949afc-7c23-4b2f-a789-38e2f2df981f
  394_ffc37182 [1ED] -> 494de511-5097-428c-8dbb-2d64888ee602
  395_f9cfd803 [TQU,QFD] -> 05af35ff-d7bd-40e6-9916-e8a1fc221ff4
  395_f9cfd803 [KEQ,YTT] -> e2afd50c-836f-4eb9-848d-d5ac1b64e706
  395_f9cfd803 [1GB,YTT] -> 4245f87b-acd5-41dc-8125-9a91c076b6ef
  395_f9cfd803 [YTT,1G7] -> 01572010-431c-44bc-8b32-98f5649e4eac
  396_475f6489 [ID3] -> daa9b650-c6c7-4aa4-a75c-5ad9547d9309
  396_672140e8 [9KE,9KB] -> ea13f267-97e4-41d9-ace4-aaa5ead74ed0
  396_672140e8 [69M,TZM] -> 3bf76d13-74d7-44e3-b436-76539a1089ea
  396_672140e8 [GGJ,69W] -> 8c5a9913-46a4-4a2a-8498-7d88a07a7f2c
  396_672140e8 [TPF,MQN] -> 471980e4-a5ed-408d-afdc-b99c766e6bc5
  396_672140e8 [69S,KEQ] -> 371fe008-da6c-4b9b-b13c-780ea5d6feb2
  396_672140e8 [KEZ,Q47] -> 9a727648-9797-43b0-829d-b483562b43d6
  396_672140e8 [KEH,N5Z] -> 5fece350-3ba5-4d1d-a8ca-68ab43d0ed4c
  396_672140e8 [N5W,KEB] -> 92624f41-2415-4a3d-8c9c-688c35ea30b1
  396_672140e8 [KEW,ULZ] -> 0ae669af-89be-43dd-afaf-2a1ebd248e05
  396_672140e8 [OUC,KE5] -> ca104565-7e3a-475c-8a60-df99a1035f38
  396_672140e8 [N55,R2H] -> f2d1372f-6fd6-4d72-ad66-59906b225c4e
  396_672140e8 [KE2,YTT] -> 8d4c8237-f46d-434f-a764-2088a3fa324e
  396_6abe88bf [EV1] -> d4872600-6e41-4ad5-ad72-7662ca2b17a9
  396_9ca07298 [4UH] -> 899a8dea-b2ae-4e0c-82f1-a24427a7ffe2
  398_712f2bbf [5YG,ENK] -> 024314b5-3a18-4f23-af1b-92ab6aa7799d
  398_712f2bbf [DQE,PG4] -> 92e49fd8-0abb-4869-a06a-c3db7181ae4e
  398_712f2bbf [EIQ] -> 62e32b2e-745b-43f7-aeb8-a1ec68809397
  399_d04da719 [EMZ] -> 5d616544-85f9-47c7-9248-6edb7148a899
  400_3b97c392 [STR] -> af867234-ecbf-4fc3-b2c7-2c75b54308d8
  400_77edf82b [ASD] -> da9adddf-cb49-4c43-a1b5-ae40b2416b1a
  400_dff94071 [STR] -> e76f8814-7bca-42b3-aad7-88d5c9b5432b
  401_a9170273 [RRM] -> 152a7134-58c5-44fd-9c1e-7cfcfae568cc
  401_b00cace2 [RRM] -> 6f0b641c-c1ac-4c05-b3ee-32055c6acde2
  403_b29b1ed4 [DEB] -> 9a7fa8a1-fa61-4178-a252-3a80ae7461ad
  403_b3a2f553 [KTN] -> ae9a6243-9cca-4480-b108-70162f89fbd3
  403_e7509160 [KTN,9AP] -> 7a977d9b-e5d4-40ed-afa6-525c843331d4
  403_e7509160 [ASD,DEB] -> a4f33176-1135-48ba-8941-01fa3810cb06
  404_7fe08af5 [DEB] -> bc65ae97-e617-44ca-b03f-7337b3b7484e
  404_a7f52c3e [DEB] -> 34dc38c7-77c9-403e-927d-32ef1573d7cb
  404_da66167c [DEB] -> d60dc19c-714a-41ee-8f31-593d3dfb7972
  405_04029c87 [K2B] -> 96130d85-3e78-4c09-a068-f0886f525643
  405_90b62d6a [GWM] -> 675af237-b069-465b-9ba7-823d5369358c
  406_a7c41b23 [FLV] -> e0d75b8d-37a7-451d-91c4-ace2904cad36
  407_496a34be [FLV] -> 024ac160-3f87-4f03-b0bc-3aa19f091004
  407_6f94dcc0 [NQ] -> 78032680-a21a-4d41-84f1-7cce1c1c55f6
  407_79f598c9 [K2B,C3S] -> bdd10bfe-ab1d-43ab-b940-ec6290c5e533
  409_7ea29415 [NQ8] -> 66c3cfe1-ddcf-4853-8887-ff7c45cca60b
  410_33697e28 [5R0] -> ae4f90a2-ece9-46d1-a879-8ac1da826613
  410_420f8942 [YJE,UB7] -> f3d0d2f0-1b10-49bf-97e2-fde43a6aa377
  410_824c8e4c [EJD,PQS] -> bcbe781a-b1de-4ea7-a10f-7d0ac70bf0d5
  410_824c8e4c [IRJ,M4F] -> 92bd785f-c519-45e6-ba7a-4ca7c94a60f2
  410_824c8e4c [81M] -> 3fe4633e-db7d-4f28-80ff-ba210ddd346b
  410_83d6f89c [5R0] -> 4005ece0-bd7f-4709-9b5a-b8dfb3da362b
  410_b64fbb1a [ASD,STR] -> 108879b3-1815-492c-b947-96b14bb5da67
  410_b64fbb1a [PLO,TES] -> 6c3f8140-d532-4c8b-b600-7856c2458ce4
  410_bc4a20dd [PQM,PQP] -> 003e0119-582c-4880-a2ef-614ae2a95d73
  410_bc4a20dd [LVC,L4I] -> cff53f87-bdfa-4b7f-8966-fec775cb52b4
  410_bc4a20dd [M4F,L3K] -> f3ec282e-42e5-45ee-93d6-921a54f67328
  410_bc4a20dd [OW7,8ZU] -> 9564d3e5-1195-4b3d-aed4-2c106d686c63
  410_bc4a20dd [TWO,8ZU] -> 2b94cc52-ba28-41d1-86ad-08c7a98a0b1d
  410_bc4a20dd [K3Z,QDB] -> 11c05eec-dd53-43bc-83bb-c9fcd0a9a0a2
  410_bc4a20dd [1F1,ZRS] -> 2b7b75e7-de13-425b-89b8-a6a9c9b82e2c
  410_bc4a20dd [LVK,KQR] -> e7b13686-efc8-4a09-8dbd-9b309cb93418
  410_bc4a20dd [VLG,PQS] -> 6f316188-d970-4f50-b114-143ac143a518
  410_bc4a20dd [KQF,Z7Z] -> 4b9db162-2fe8-40a3-9550-0fb132df6af0
  410_bc4a20dd [JO4,JO4] -> 9b23a1dd-10d9-413a-b798-115cb72affc8
  410_bc4a20dd [FIV,JO4] -> 58c1b4ac-106f-4a5c-ac90-632c4022eb4f
  410_bc4a20dd [JO4] -> ca692856-8b61-47ad-a928-2ca6a22f3ef2
  410_f7949552 [EH1,Z7Z] -> 9721e8e1-5d01-4224-b016-5db1860cd9a6
  410_f7949552 [8ZU] -> d489867e-fbcb-4782-9d49-8048d50634c9
  411_4ad73dbc [MYR] -> b0070930-d82c-4e7d-b92b-8785e981c18a
  411_af24ac3c [ERB] -> 4051b317-d3e4-406a-843c-82b8d2c78116
  411_e3e8183c [KLN,CL6] -> 3fcac101-0c6d-4546-ac3f-fb4954b78ce9
  411_e3e8183c [EY5] -> ef4c7d75-cd89-41ed-9126-26b8fad335b9
  413_9c5d7a9c [226] -> 494f6167-6751-4e6d-a1e9-dbb2a06b6bf2
  413_9f4eac9a [II2,II4] -> 2353a8ce-b508-42eb-a0ba-b92ac2f5f90b
  414_1ba62fe9 [UYM] -> 183f4bb2-a593-405d-89df-65060d720afc
  414_63852e7b [ECN] -> f80cf37f-0a89-44a0-b083-2e68a6b699a5
  414_949a8532 [KKK,6XF] -> 901a794f-8c50-4c9a-9f06-6d39743f363f
  416_8845d560 [PLM] -> f7c016d6-fae0-4840-bcf2-1bd3b0261c19
  417_0e6cd8b9 [PAM] -> 20e9b092-6b1b-4e37-a5b8-ebb965d9cd70
  417_e0528f9e [DQE] -> c8813722-9fbc-4776-98f0-191ef46cfe05
  418_8d7c0f49 [E93] -> dcd77d52-fde1-42f6-906b-0766d3a20092
  418_b02dd5c4 [ECL,D12] -> b9b720d7-203a-4e99-a293-41633af9aa78
  418_cdc79ec5 [PAM] -> 99b0dd06-dabf-49a5-9509-b81fb24c6915
  418_d6145562 [I6Y,JK9] -> 7a982f84-83c8-48f8-b39c-1c97d35f918f
  418_d6145562 [JFI,5YG] -> bf1b4bce-2f5b-4cdb-b5ae-53cc09e5ee4a
  418_d6145562 [EIQ,JV3] -> 4941617d-ff09-4bb2-b870-8697bbc7742c
  418_d6145562 [JUR,A1H47] -> 0179307c-05e7-4955-90e5-18011ebe288e
  418_d6145562 [2QC,HIH] -> 890370cb-048d-48f3-aa89-1b0a397146d0
  418_d6145562 [KB9,JFC] -> 1905159f-5a3e-4057-a859-195963ca904a
  418_eb9ea735 [3QO,K2B] -> 8f14e5ce-30e8-4777-bf96-937eb97ca722
  419_2ab9350e [DXJ] -> 65d36a60-b04c-4da2-882a-aaf682675e74
  420_545c0f8c [L6X] -> 32c6e6ae-1baa-4f40-9ef5-9255ceba8835
  420_6f493f38 [TES] -> 9804db46-7e78-4c41-92b9-44e4020f3deb
  421_0306eb73 [MYR] -> c84d2e02-1f6d-4fff-8ba2-ed4d482f7147
  421_446a58b4 [CAH] -> dd9098b0-1d1c-4f65-b18d-c8229a7fc318
  421_838aa221 [CAH] -> dbed033c-8276-47b1-9a8c-8b2252e65308
  423_69bac218 [0GV] -> c7d94b41-f728-413b-bfd2-912552a7905b
  425_918da379 [PAM] -> c685cb2d-97e7-4d49-ab5f-785491f327c7
  429_3c548ba6 [PLM] -> adf62f2a-b5de-4a2e-9f04-dd967c775aeb
  429_42e1ecdf [TES] -> 5f5c53d3-6965-4b9d-8b27-14fdeaede720
  429_d4604a8c [TES] -> e8a57386-dab7-4908-a362-f8eab270d4ff
  432_82bbf621 [DCR] -> 93809af8-d465-43aa-a9c2-41ef87f67dcd
  433_1a485928 [FOF] -> f65ca5df-bacd-4d38-b573-f7f719607e68
  435_2f9ec93d [B9L,B9O] -> 457a83ba-4225-4cf3-b22f-438aa288d9f5
  435_2f9ec93d [B9L] -> 8ade2767-58b0-4734-a3e9-c6cdb55af852
  435_330d7a26 [M65,M65] -> 00002cfa-4918-4112-9f64-472b70417dad
  435_330d7a26 [VGJ,M9B] -> c32c5da9-0b85-41e8-ac71-c85eeb55e3b0
  435_330d7a26 [VD3,RWZ] -> 8638772d-f478-4455-bd84-d82987a512e1
  435_b1170faa [M8N,K2B] -> 81baace4-bc09-4966-ae40-604f1030ce36
  437_6f9809c9 [CAH] -> 086f28f7-d0c6-4275-bc5a-1903b2a52447
  439_20b8b15f [Y7R] -> 8f7a94ec-e894-459b-a71e-5be515440cb9
  440_fd3539ea [K2B] -> f4906c37-8238-4b1e-a87b-8b3b3074924e
  441_9f5ce965 [NE4,NE4] -> 048827ee-2705-4a53-b42f-23ce7c8634fa
  441_fdb186c9 [9LF] -> df69f595-d351-4dcc-8161-2b098509de18
  443_05636834 [VFV] -> 7b6d8e81-c19d-4bf7-8705-bc2670f1e0c1
  444_2f85a59c [REA] -> 6a92979b-55b4-429f-a0ee-c227603d56c5
  446_68e6f289 [VFV,PJM] -> 1037d74a-a30e-4d6e-8585-c1cc4330d60c
  448_7a54e61e [VFV,VNT] -> c69f5ebd-a463-463c-b6c8-95bd50bee65d
  450_9c481af8 [VNI] -> 8724a1bb-b26f-4293-882d-3d502b425a23
  450_e1393289 [16A] -> 5d1396d1-9486-4259-a38e-1481c71433f1
  453_31297a04 [LNP] -> fb61cdae-e298-46f0-a1af-005751bedc2e
  453_3fc5a1f6 [TPF] -> 60d17cd0-0bce-4d86-8ef2-ff14aa9e3f14
  454_40de364f [JKF] -> 106852d9-e96b-4b72-bc1f-b1a4914e4db0
  454_6f07a0ed [LAN] -> f8866d2f-2c4a-42e6-b8c5-7e27a970da9b
  455_0c860b28 [CII] -> 710cd6a8-77a5-4d78-b572-187f219bc32f
  455_48438573 [CMW,CM9] -> f7227762-3cd2-4042-bb42-03fb4b873b32
  455_48438573 [CM6,1CM] -> 392eab8b-13b4-49f4-97c0-772ff1b4eec5
  455_bf9cfaeb [FW6,88L] -> 7fad8a46-c9e5-4265-9ada-bb8e05118f8e
  455_d4843705 [TPF] -> a2f73767-7b7e-4403-b676-3dd41c3a07c0
  456_8d7b7719 [CLR] -> 519bd034-a970-4cea-b7dc-e27397234e2c
  456_c9a58f1b [BTB] -> 952a7c4f-86c9-4e85-8f18-b111461ca909
  457_0da0339b [9RL] -> c2d333ec-5df1-4254-9fb9-101003895f13
  458_683cba10 [WQR] -> 8882e838-00ec-428d-86a1-43fc228551a9
  458_c4bcedc3 [VNF,POZ] -> f28da247-29f5-424f-b73a-204eae6de9f3
  460_0f25ea19 [CL6] -> 56f047f3-3a98-4952-8beb-8f1b5f16c0e4
  460_2af8865f [LFD,LFS] -> 54f3a12b-a461-4171-93c0-5719e95615e1
  460_2af8865f [LFT,VT1] -> 36c093b3-6c8d-4e02-bb78-7e2b13cf3605
  460_2af8865f [UDO,UDD] -> cbb24f81-2336-41e8-a3d5-07946cdb2c5d
  461_217b532e [NEE] -> 18537c97-566a-49b5-9c74-f1d2ba2ac2e8
  461_b17f2608 [ECL,ECN] -> 3462fdf8-e24c-4d62-a843-5872a96f771a
  461_b17f2608 [KKK] -> 014c94c5-c09d-426b-931f-a195b87aa322
  463_2621ae02 [LSN] -> 138bc442-54f1-4275-9965-bf00615c54ce
  464_4dc0771e [TPF] -> 38e09bdb-c1f6-4728-b7b4-367789e8fde5
  467_6a91af88 [26N,TW5] -> 8e4e2fba-b694-4820-9182-436bc3415869
  467_acd53678 [5PS,J5Y] -> ec881978-ba9a-41f1-afa1-387ef9430b4b
  467_acd53678 [TU1,WVH] -> 0044ea3d-25cc-48fe-889a-1f2fa7188c96
  467_acd53678 [25S] -> 000d7f3a-e4af-47ef-9d3c-e9b9383d147d
  469_ec879091 [18I] -> 5ca4338f-27cc-4f59-8174-7b1c6c110d64
  470_03aefc00 [T9H] -> 9196f078-3ba9-4c87-9d28-accc4556c78d
  470_4634f49c [VNI,VOR] -> 19eea8fa-440e-423f-b471-4853168666a3
  471_d4280bc5 [2DC] -> 542c1ac3-a9af-4953-be08-f040bcf69d72
  473_4b734b6b [TPF,TPF] -> 137c3cb5-a785-4e27-ba74-c9e21573a14d
  473_6790f922 [DMZ,DIF] -> eee1b649-4312-4e4a-94f3-90387cd2da03
  473_82bdfad8 [LSN] -> 27b49f36-8169-4da9-a682-8475d7ff4a8d
  473_ca85e740 [VT2] -> 4798f48e-d377-4cbf-a53e-0880c9dc0b63
  474_5043b011 [05D,YCG] -> 0b1b1f43-9ab2-4e64-9e9e-a0d50e5c2815
  474_5043b011 [A1BZC,0I1] -> ad31ef7e-76b3-4165-99f3-388fb430a184
  474_5043b011 [YCJ,A1BY9] -> 439dbf8e-b376-4e41-9cc3-5d099e9fd903
  474_5043b011 [A1BZE,04Y] -> b59c21ad-839d-4294-935b-85aaca32c814
  474_5043b011 [YBS,A1BZA] -> 05628abc-7b23-4cdf-a9c0-141805c1125d
  474_5043b011 [A1BZD,A1BZB] -> 3294dc9d-c5ca-479b-925a-bf6657e48cc1
  475_07812ca9 [2QJ] -> 65b887e4-2ca8-4e92-8bf7-f747b493f593
  475_74349f57 [X2N] -> dc01004f-4c1a-45b1-9f5b-d5c766385359
  475_83a489fa [TPF] -> 00e2be28-d66c-4738-ba67-10bf1f37aea8
  475_c96c5508 [U51] -> 4ecfdc85-c68c-41d7-9dcf-e16f9af81cb2
  476_042e6596 [9PL,OID] -> 95e2ae0f-f726-4b2d-831e-79dab74381ef
  476_042e6596 [LC4,OIO] -> 37348097-84ed-4b40-aeba-a3c06686cd5c
  476_1c30957d [LSN] -> 73974da6-2aee-47bd-98d5-e0672803ce12
  476_1eccdb5d [PB2,PB2] -> 1ed35bcd-6547-4bb0-966e-4dba04469db6
  476_1eccdb5d [TMI,06X] -> d62a0235-a0ba-4c28-aa5d-be5c0247a835
  476_1eccdb5d [CPZ,CGE] -> d80a4ab0-25ae-4876-a7e2-08a8758ffecd
  476_1eccdb5d [TB2,TIC] -> d4b75c87-be86-4ce9-9b20-fc55d26253ae
  476_1eccdb5d [0BV,8PR] -> 96aab9f9-177c-4699-b157-2157a8aaa34e
  476_5965a73b [CPZ] -> 28c2399d-0326-42b7-8e6c-7c935f5a7bfa
  476_5b1c057d [LSN] -> 784256d9-dead-4e26-aecd-88c0fafea84a
  476_7621de71 [CPZ] -> 8b38693c-4ebe-4777-965f-2526e1a971ea
  476_7cf5aebf [LSN] -> 3cae7a2b-d4f8-4280-bc74-583afe79e559
  476_84104a34 [9PL,D2G] -> b9cd1cbf-2ab1-445f-88d1-6d734a1ead4c
  476_84104a34 [D1G,NCT] -> 3b38ebb9-dd90-4197-a549-cc1bb75692ae
  476_84104a34 [8MO] -> 49fea210-3274-4261-ad7d-1e392252e397
  476_8c5622dc [LSN] -> 66c3f314-30d8-42bc-8ecd-694091ed92e1
  476_9dbeadc0 [9PL,N4E] -> 5797a63d-dfe8-41b5-9ce1-9ba02a6e36fd
  476_aca4f268 [0QA,9PL] -> 94c18294-374b-42a1-aada-78ee28a97d0f
  476_aca4f268 [0QA,NCT] -> effc8e0e-fe8e-44c7-adc1-afa9657766cf
  476_ec577891 [06X,3QU] -> c3039fcb-fabc-4275-b171-1b1e8fb9b50f
  476_ec577891 [3QO,CPZ] -> 52cf4225-879f-4d72-835c-9c45ceae1daf
  476_ec577891 [9ZJ] -> 6bde4046-412c-43ac-8078-46801e2f9566
  476_f7fff33f [MTK,9CR] -> 4301b945-5b82-465b-a9c5-ba079b4e4740
  476_f7fff33f [225] -> 47bcae1f-2d6d-44c0-92bc-89c3f4e1dd60
  477_39eada44 [0XV] -> 08098a81-6dc6-4171-9b70-6e001c30326a
  477_a506c224 [LFV] -> 09fc5e45-63bf-441a-9408-122997fa5a72
  477_f6ac8610 [6RJ,XI1] -> fd60f51b-baca-40b1-8ef3-8716b2fe62e1
  477_f6ac8610 [FLP,6YF] -> 074fcca0-9782-4f7c-b5c7-503a562d6f8b
  478_6eb03748 [32M] -> 07e60723-d16b-4d1f-9b96-3276852f00fb
  478_9f6a0c23 [1CI] -> a031ed2c-f96b-4457-8851-13d57e528647
  479_7301ea5f [V2H,VD3] -> ec71f798-bfed-44f6-b073-363f4c7691ae
  479_af4ae158 [PN0] -> 33e439a3-4541-4851-aa5b-d8a82de0b362
  479_cf53e4c3 [CGE] -> 6afd2db4-cb82-4b62-9a8f-9a3ce8db5dd7
  479_f5b99101 [SI6,PN0] -> ca2253bf-e41a-4c03-9f3a-9fce3e6f74dc
  479_f5b99101 [PN0,SI5] -> 20beb809-ab48-4478-853a-3066914b1dce
  479_f5b99101 [AJN] -> b990a0a6-7567-494e-a57e-6caea00ae230
  480_0010cf69 [CL6,RIT] -> ed5d0d94-fb76-4051-8969-5f6b052f7d21
  480_0010cf69 [A1BNX,MWY] -> 3f73f003-c62f-47dc-b47d-7aa4652def3b
  481_4e319598 [XRD] -> 06756550-dae7-4ddb-8061-94a4518d833e
  481_e03083a2 [D2V] -> 28166269-e1ac-427f-8718-b3fd5941e54b
  482_3314a5f9 [STR] -> 06f18c49-ee4b-425b-a2f4-82a4d7bf107e
  482_89b551e9 [CPS] -> 9c3d7409-6d24-488e-82d5-5fbbc3fd883c
  483_4a1aae09 [0T3,1CA] -> 2ca7c208-94ce-4dbf-8d3b-ab383bcaae80
  484_08f22cf5 [YSY] -> 80a80ac7-0098-4c85-bbc8-9369fc2f6613
  484_16b493d6 [JD7] -> 4c018b54-4310-47b2-895c-cdf6d4f6e76f
  484_a14ea32d [2QH] -> 0ebf57dc-cf3a-43b7-9fa9-d2433f35b2af
  485_3260576c [DVE] -> 58140de3-30e2-4a33-b0b9-0cc5ad0df758
  485_6cd5c2fe [KLN,RIT] -> b8365179-d728-4dd6-a5b5-e443f5e39ecb
  485_6cd5c2fe [MYT,ERY] -> 209626dc-2233-43a1-972c-28d7fd4f9e4e
  486_62b873ed [YNV] -> 672b0ab9-5228-496b-af05-dc8c2db19e0e
  486_c05cda03 [ZWY] -> 7df42d14-c6ba-4b4c-a1d8-31b6220bed33
  486_ee37fc5f [HC9] -> 54938a9f-5db0-4a5f-b1cc-d61b498a5477
  486_f605e37d [CL6,A1ASQ] -> 56aa3914-8625-4dd1-a8f6-d5b1be6f9bfd
  486_f605e37d [A1ASU,A1ASV] -> 2d95c53a-db09-428e-90d1-8c48cebd2ee9
  486_f605e37d [A1ASP,A1ASS] -> d48ce7db-8582-4166-9d5c-e30655d4519e
  486_f605e37d [A1ASO,A1ASR] -> 308f308f-4902-4f5a-a84d-a5225985cf6c
  486_fe430384 [MYT] -> 09696dc2-56a7-4b9a-8f36-2a2fab955e60
  487_32859637 [X1O,X4E] -> 61cfca81-1f82-4920-89e1-26e95493fcc9
  487_32859637 [X2Q,WZN] -> e97e985d-1610-4663-9587-5469dd0961d1
  487_32859637 [X1I,X2Q] -> 4946e9a2-dba1-4f84-9393-6c5df37653ad
  487_32859637 [X1C,8AW] -> 2bfd5455-c5f2-43c0-a4d0-5a6f17ac3283
  487_32859637 [PKT,T0K] -> 96d93e4e-f568-4394-9c33-9d4735d57a1c
  487_32859637 [O3L,X0E] -> b3bd33ac-9fed-479a-b8d7-c95600ee12f3
  487_32859637 [A1A4S,7AW] -> 59838591-465a-4164-9bc8-9cbb6b9c22a1
  487_32859637 [NH0,X7D] -> 13dd7390-5051-4289-921a-fddbd6d6ad6a
  487_32859637 [X6S,NI6] -> 82ab3b67-15cb-4c62-9288-2185e86c64de
  487_32859637 [X6V,Z8Z] -> dc972693-f081-4d88-b2fb-fd967182137f
  487_32859637 [NJO,6AW] -> d13ea6d3-1d74-4c52-be55-b9408d0f6fee
  487_32859637 [D0R,X5Y] -> 2d018298-7abb-43e0-8469-f8a192639d72
  487_32859637 [X71,J9K] -> 713d9e44-896a-4531-8b12-28c32182888b
  487_32859637 [A1A07,D81] -> bc173c68-d748-4708-9d03-6d70b7d6fc85
  487_32859637 [Z9Z,A1APA] -> 05a5f17f-80f6-4e55-b44c-3f60b8811e58
  487_32859637 [A1A4T,RIT] -> 1832ce9a-2e32-4263-85d0-c3d59cb39696
  487_32859637 [1RD,X7M] -> bcfbf93a-528a-4636-8e6f-4a3f2987cd16
  487_32859637 [A1A08,A1A4V] -> e5f34f0f-499a-4075-a4e8-81a69b8acad0
  487_32859637 [A1A06,X7P] -> 124f4cb0-5fef-4263-b331-7d2a95b295de
  487_32859637 [QEP,A1A4U] -> 5feee737-843c-48f9-b1ed-5b9707e9607b
  487_32859637 [X2B,G0V] -> 6667a9d0-fe99-4ee9-9f22-c2714e59b290
  487_32859637 [D7J,Y83] -> 048d76dd-dde6-4c28-8df3-23cf07198897
  487_32859637 [A1A4K,G1J] -> 99eaa7b2-92eb-414e-940c-626d940ce43f
  487_32859637 [80K,X6J] -> 630e9d5f-5293-4dec-b332-f452270ed60f
  487_32859637 [G1D,G0Y] -> 08109a1b-ce44-4219-8b53-3100c123492a
  487_32859637 [G0M,WZN] -> 337f9fb4-8a3b-4999-861e-cc9d2a923c1f
  487_32859637 [G0D,D7M] -> 32716e8c-9d0d-418e-bb82-1c3906121258
  487_32859637 [DEJ,D7Y] -> 10e674fd-8f89-4b08-8b0d-3913a1ce95f1
  487_32859637 [O39,NJ0] -> 8ef103d7-ffbf-4159-9552-fd8ad8a10f90
  487_32859637 [QDP,MYT] -> 9d2d47e2-4a21-4dcf-85a2-7c944df9cb1f
  487_32859637 [FZV,QEA] -> add32ba4-5370-4b14-a8d4-f8ceb7827920
  487_32859637 [QES,5AW] -> 46a4a153-ff5a-4a4a-aec3-569aa1f3c314
  487_32859637 [QE4,DJ1] -> 9757d60e-7eea-4e09-95d6-4247d85f1b74
  487_32859637 [DEV,G0D] -> b2a6cdfe-79c2-4ffb-8b82-4def49a69127
  487_32859637 [QDV,QDJ] -> f3c30c90-3a4b-499e-b5b6-6a6b189da985
  487_32859637 [G0J,FZV] -> 08081604-232a-48a6-b072-ada0260966f6
  487_32859637 [QDY,08J] -> 888c7840-2c66-4595-851d-f1e0d85f7f01
  487_32859637 [CFF,08Y] -> 8af931c7-e6b5-4b71-aa28-2934ba685dea
  487_32859637 [CFF,MWV] -> 5a44216d-4a34-4091-90e0-1d3c4f0e9cf0
  487_32859637 [X8S,TCI] -> 1f02f4d2-5b8b-41af-be1b-98c8801d0f36
  487_32859637 [MWY,A1CIW] -> 86b7c858-989c-4fc2-a93a-92fb0798e074
  487_32859637 [MWS] -> b94f79ae-4ac4-4730-a384-df1b73c684fb
  487_3996026d [TPF] -> 8ba6a389-0e07-4ed7-ac0e-89d5a1666726
  487_6d9fa596 [PG4] -> d205bd4f-10d6-4083-92c0-15c17ff1f35d
  487_8538537b [X74,X7J] -> 45892f02-c50e-4152-891b-01eee957b182
  487_8538537b [NXR,NYF] -> 19bbc695-2787-457c-8e2e-13827c207700
  487_932e3608 [HC9,HCD] -> 60ab120c-cbd6-4f7b-a47d-781f22337b5c
  487_932e3608 [CLR] -> 62847c38-ad92-410c-94a1-d078dc71e88e
  487_ecbf61ae [RIT,08Y] -> bd413d15-3066-4b4e-8eb9-db96debbb349
  487_f5412e3a [PK9,PK9] -> 620bac8f-c2af-4730-8a7e-59682d0d8de8
  489_c3fc2428 [YHM] -> 0cc618df-c03c-445e-8759-64796d2177f7
  489_d6dd2913 [QHC,O4T] -> 1d88c668-7cea-4bb3-ae44-96b41c304d17
  489_d6dd2913 [O4W] -> 4a5de7c0-e956-47fe-88f9-81909d92dd21
  490_6a8e1ea2 [X2N,VT1] -> 9f19dfb7-3d89-45f9-a032-7a68b691e32c
  491_3c76f070 [UCZ] -> 4b6985f5-5ddb-4fe1-8b17-fbdc2683438b
  491_57ef6006 [HJJ,Q4M] -> 6a4040d2-2110-4422-aae1-c96724ee5bec
  491_57ef6006 [Q4P,BHF] -> ad2e0c49-1a3d-49f4-b124-228ce0a6ac0b
  491_57ef6006 [AQ4,KUV] -> 326f0b09-66e5-4f57-a836-6ad40d3ec1f2
  491_ec153e60 [0GV,K2B] -> 2c9af83e-e830-4a50-b122-5a972acc1612
  492_9ba7e278 [OLA] -> 9bbc4506-b73f-457b-a399-58e8017ba1a7
  494_df1f3120 [XPK,3NR] -> 6f28388e-7a05-4a77-8cfe-370b23be5ff7
  494_df1f3120 [UDJ] -> 6b3a578b-946f-4913-8680-ad237205a7d3
  495_3cc65aad [BHF] -> d64d19e7-66e6-4c40-8d8b-d72dc8a9cd24
  495_4b188212 [243,T25] -> a84f215b-4bd1-435a-8db6-7146a54119e3
  495_90353ec6 [243,T24] -> 9c16a98d-4c2f-4e90-bc52-aa99802a76c4
  495_90353ec6 [T25] -> 2f7ec990-b788-47d3-954f-16d8af082373
  497_9e5b0951 [V16] -> cd6e359a-f1d6-44f9-85ab-6cc5fab5e19b
  498_b2766aaa [MXD] -> 9d6187e9-f433-4e4e-8465-cc12e0a548eb
  503_f3121c0f [ASD,ASD] -> c7b6f92f-4c7a-408f-8dab-8d67ed0b1241
  503_f3121c0f [ASD,TES] -> 81b97eb3-46d9-4b2d-bf0f-e58639166f43
  503_f3121c0f [ASD,ASD] -> 3153b828-1eb1-4935-bdeb-2b97b20cadb0
  503_f3121c0f [ASD] -> 445d3afe-cd82-4911-acfd-0f094eb0101c
  509_e452cdaf [AER] -> 4a425973-717c-487b-8415-e4ba07fa4dd8
  515_00bd6347 [1YN] -> edd176ba-a05c-4a1e-bfc2-996f1f696c77
  536_e0febc59 [81H,LAN] -> 9bac9290-2d82-4250-ae7f-4faa74003dcf
  537_fdcdbc81 [1YN] -> ae7a4e4d-2cad-4028-a905-be5dbd5ca97e
  539_5aebb388 [SKX,A1AB6] -> 2ec11d26-8e16-4fa7-a817-ae8a43abf5aa
  539_5aebb388 [1YN] -> 51061079-9c46-4ad8-bcbf-d94bdb57987d
  539_5f23ede7 [VOR,1YN] -> 6d4bb366-8a80-4ce1-a881-987d13b73338
  539_7cd83d49 [VOR] -> 8c5c9dc1-1fe2-40a5-9012-15eb274c49b5
  539_91e1b8cc [VOR] -> fc9d6afc-0bd7-468c-8e5a-efdb275fd296
  551_c92602dd [LAN,JDJ] -> 5068e224-a36f-48ae-aa61-3d3eafb7e34e
rep 23: 491 pairs to fold
  368_3c6d23e6 [36Y,CPZ] -> 10a0f1a2-17e8-4d97-beb7-863121fb9e67
  368_3c6d23e6 [3SQ,36Y] -> 3e8132f8-b1dc-413d-81b8-479db778379b
  388_7e6828a0 [A1MAI,L0O] -> 64c2950a-a046-4313-a2fd-80b3e483dc0c
  388_7e6828a0 [A1MAJ] -> ccc16ce6-c84a-4aac-94ec-ae16f757f357
  390_41f96d07 [A1EGF] -> ba8343a0-9578-4115-807b-e4016bc311ff
  393_40400e22 [DAO] -> 1d9027ac-0494-45d1-bb93-36ff69ea38b6
  393_47d43e97 [DIF] -> c7b80ccb-711d-441d-9056-6383949bbff7
  393_7d481b62 [4IA] -> 173fc8ab-2e1c-4556-a183-d58df7c28300
  393_c3358fa1 [8QM,4IA] -> 42878a6d-a8e2-4684-a969-f87d00a2b2f0
  393_c3358fa1 [EH1,81J] -> 9fea3af6-defd-47f2-a42f-65a65e7b5f2b
  393_c3358fa1 [EJD,EJV] -> d6fcaeca-bb04-46d4-ab7d-99ce375e4b4b
  393_c3358fa1 [HX1,81M] -> 3072c9fb-c593-4d95-b8e2-a9deb09f8c92
  393_c3358fa1 [QZP] -> b38a07a5-ab09-49a1-b034-ed1dc805180f
  394_ffc37182 [1ED] -> b56d6df4-c74b-4055-8e82-aa7c58cfd69a
  395_f9cfd803 [TQU,QFD] -> 3339a19f-abc3-4fdf-89d9-3baa88633a03
  395_f9cfd803 [KEQ,YTT] -> 269e65bf-3472-4b80-8b70-94fa815a6af8
  395_f9cfd803 [1GB,YTT] -> d5d43266-7961-44d5-b7f0-5ce773b46063
  395_f9cfd803 [YTT,1G7] -> 0ed30175-ab80-4634-9038-f4cfd36b585d
  396_475f6489 [ID3] -> 44fd13f1-b968-47e1-9fab-849c8694eae7
  396_672140e8 [9KE,9KB] -> b6031280-5eca-4593-8fe6-c44794747432
  396_672140e8 [69M,TZM] -> e136f8df-18ad-4caf-865e-39fa951d9f83
  396_672140e8 [GGJ,69W] -> ccddec08-412c-437e-b801-35b5b62c1c16
  396_672140e8 [TPF,MQN] -> 07156293-a96d-4677-9be1-05049c501e0a
  396_672140e8 [69S,KEQ] -> 4d696cc0-1c2a-4d47-8298-fba8f268676b
  396_672140e8 [KEZ,Q47] -> 9b1bd12f-b283-449c-bb06-b327d96ba476
  396_672140e8 [KEH,N5Z] -> db4b0ff6-f17e-4db1-96af-ea89851c1e62
  396_672140e8 [N5W,KEB] -> cdd0d332-fb4b-4859-be20-fa84fb38f0a5
  396_672140e8 [KEW,ULZ] -> fff9ef77-e521-481f-95a6-728fbd6491ac
  396_672140e8 [OUC,KE5] -> 0c1a721b-1449-49b2-a621-3bef3a207f31
  396_672140e8 [N55,R2H] -> 78402d5b-13b9-4b15-8612-92839454dc18
  396_672140e8 [KE2,YTT] -> 3cdae83e-fcd6-4c7a-9905-870d8fb39870
  396_6abe88bf [EV1] -> 648a94a4-8499-4d56-b0e9-7add0ca1d093
  396_9ca07298 [4UH] -> 2ba0783c-f478-44ea-a9fa-3a33e0fe71e5
  398_712f2bbf [5YG,ENK] -> 847b4392-c7e5-4875-a7a0-061809f53114
  398_712f2bbf [DQE,PG4] -> e03c825e-d245-4b53-b0df-28e861d4efbb
  398_712f2bbf [EIQ] -> d00fc54f-5173-46cb-844f-4ab69e2892be
  399_d04da719 [EMZ] -> 9f6804a9-d8f2-43fe-a80d-a176d6d7fc68
  400_3b97c392 [STR] -> 22ba626d-0bc2-4c9c-97ad-6857c7acd38c
  400_77edf82b [ASD] -> 5fca7ca7-211a-4b66-91e9-d521ec8eaa07
  400_dff94071 [STR] -> a7c7ca2b-50eb-40c0-9959-04a483d481e8
  401_a9170273 [RRM] -> 8869cb8e-0556-4614-b48a-5234d5290c17
  401_b00cace2 [RRM] -> a1447cce-0baf-4aed-8ce1-9b2b6dbb0c1c
  403_b29b1ed4 [DEB] -> 9a3d1625-ca0b-450f-9fd4-f1cb5692a874
  403_b3a2f553 [KTN] -> dc510b6b-3d4a-4324-944c-860fb0cc7218
  403_e7509160 [KTN,9AP] -> 513fb14c-dff1-431c-9d5d-fd9e8726e3fe
  403_e7509160 [ASD,DEB] -> 62bb821e-e7df-4cf3-9a64-2d6659a8d26e
  404_7fe08af5 [DEB] -> 897db9a1-85fb-43f4-9127-69c251126018
  404_a7f52c3e [DEB] -> 3b33c284-f532-47d7-9c33-8136e756bd1d
  404_da66167c [DEB] -> 94876a12-86c4-4f5e-9d76-9a2908d732f1
  405_04029c87 [K2B] -> 9bbb05ef-d6ae-48ca-bdf8-ac2c07273fa8
  405_90b62d6a [GWM] -> 8067a641-14db-45a9-84a6-ccc0e91d2844
  406_a7c41b23 [FLV] -> 2a4ae85c-5dd6-44eb-98d4-534fad7eef5f
  407_496a34be [FLV] -> 5f469748-b43e-47a8-b552-c035de648ea1
  407_6f94dcc0 [NQ] -> a98ad3b9-e412-4f99-b676-e64eee6a004d
  407_79f598c9 [K2B,C3S] -> 34ad0a1b-6488-4647-8022-b1f90d3fcce1
  409_7ea29415 [NQ8] -> ee5153cd-9c31-4d63-892f-35eea32cb288
  410_33697e28 [5R0] -> b1266d4b-a34b-4642-aaf8-5b3bd6cb251c
  410_420f8942 [YJE,UB7] -> d5d331f0-9be2-4d35-b88f-a9fb5dc1b5ca
  410_824c8e4c [EJD,PQS] -> ab4d0bfa-477e-46c9-8cc5-68d054d76074
  410_824c8e4c [IRJ,M4F] -> 56f18590-da2a-45e3-ae49-baf1237c5c5e
  410_824c8e4c [81M] -> 8de3be2c-deb6-4698-bd19-fc29b0a22c81
  410_83d6f89c [5R0] -> 754676e5-1c41-467b-b023-6d93df7d5097
  410_b64fbb1a [ASD,STR] -> 55664d30-ea61-41c0-91fb-9456c611a8c5
  410_b64fbb1a [PLO,TES] -> 764fce28-e3e0-4b47-a399-4b276fd1ee6e
  410_bc4a20dd [PQM,PQP] -> 84f8e48c-990f-47fd-a1af-b586a5d574c8
  410_bc4a20dd [LVC,L4I] -> 3d31c79d-6494-4250-9d4b-d9f0d68de284
  410_bc4a20dd [M4F,L3K] -> fce5a432-88f2-4d68-b915-f898838a10e6
  410_bc4a20dd [OW7,8ZU] -> 90402ebf-092e-4ed2-8cc5-5c6b537d7c9a
  410_bc4a20dd [TWO,8ZU] -> 3c70cd80-8e3f-43ab-8a97-ddfcf3d00bbf
  410_bc4a20dd [K3Z,QDB] -> b1d90739-6438-42a6-9f98-5c9fae5d9ce2
  410_bc4a20dd [1F1,ZRS] -> f191dc49-866d-4ca6-930d-d7c6f8d31aed
  410_bc4a20dd [LVK,KQR] -> d1641c0e-5c3a-4e76-abad-53903727bac5
  410_bc4a20dd [VLG,PQS] -> 8b64d5b4-c3e3-4d59-bffe-d37da66f1b3f
  410_bc4a20dd [KQF,Z7Z] -> 08566d8c-4c68-4ef4-a86c-ca6931ee9711
  410_bc4a20dd [JO4,JO4] -> 44f9a130-b978-405b-aa9c-56233de89cc5
  410_bc4a20dd [FIV,JO4] -> 32c96cce-84c0-4e5b-b9ce-7c52e985b2cd
  410_bc4a20dd [JO4] -> 80edf03d-e46d-4cfb-bb2d-905921fc9077
  410_f7949552 [EH1,Z7Z] -> b2125ace-8d6b-4348-8424-016f7b8624a5
  410_f7949552 [8ZU] -> 243bbac8-70ca-4d1e-872d-e3e10fb8fd94
  411_4ad73dbc [MYR] -> 272382e8-1986-4622-81de-ad50b7d4e6b9
  411_af24ac3c [ERB] -> 674bc684-3d0f-49d6-b2f5-1e5d2a1e2637
  411_e3e8183c [KLN,CL6] -> 96f5c106-00d3-4b4a-91a7-c3a6ee931fd0
  411_e3e8183c [EY5] -> c2ef1b08-afe3-4f66-820a-e8b417cdb6df
  413_9c5d7a9c [226] -> 8779a74a-ea29-4439-acde-58331de67187
  413_9f4eac9a [II2,II4] -> 818efc88-4b28-4641-9352-6a3a243f32c7
  414_1ba62fe9 [UYM] -> 9d2a74ff-d94d-45dd-b599-fb697e56413d
  414_63852e7b [ECN] -> 1477ded7-a8b2-47ef-874a-05076e3923bf
  414_949a8532 [KKK,6XF] -> 5176d0fa-69b3-475a-af1f-0883ff81c8dc
  416_8845d560 [PLM] -> 189f2de5-16cf-4485-a4cc-06d39d32ba60
  417_0e6cd8b9 [PAM] -> 564555fc-c69f-49e1-b376-5b056df3fce4
  417_e0528f9e [DQE] -> 250d0afa-dae5-47b4-8496-e324b4b2ae3e
  418_8d7c0f49 [E93] -> a0567b2a-1270-423a-9405-3925dab6dbad
  418_b02dd5c4 [ECL,D12] -> 214a5b7d-bb96-457f-b8da-f0f1a04824fe
  418_cdc79ec5 [PAM] -> fd1dda41-514d-402d-bd0a-2efbfb1f9afa
  418_d6145562 [I6Y,JK9] -> ef0c2b19-a12a-4522-9da0-d172f10e109d
  418_d6145562 [JFI,5YG] -> 9f0df338-5bec-42d1-915e-f3cc875f8945
  418_d6145562 [EIQ,JV3] -> ba85173f-477c-4932-aa50-59ef4ae2d2d9
  418_d6145562 [JUR,A1H47] -> c13e2aa7-e166-4ede-9034-3bf3d1dafe8c
  418_d6145562 [2QC,HIH] -> 1a5cfb05-53da-4419-a039-166295669662
  418_d6145562 [KB9,JFC] -> ea39d923-0b42-4692-8f96-5c7ea5816648
  418_eb9ea735 [3QO,K2B] -> f6d56a03-a49f-43e6-bbd8-02bf75cfa4f7
  419_2ab9350e [DXJ] -> 4add9fcb-d0f9-41b6-a77d-c4add68be5bd
  420_545c0f8c [L6X] -> e63ec186-e2bd-48ef-9e7d-d0b2cff9d7db
  420_6f493f38 [TES] -> 5e0d41ff-4a4c-474e-89fc-4df8fb6a87b2
  421_0306eb73 [MYR] -> 0498efda-7e8d-45e6-a422-87f6c0410e82
  421_446a58b4 [CAH] -> d1ed8f7a-a3d3-4a3a-9a57-5726d646ce12
  421_838aa221 [CAH] -> badb9828-6e17-4069-84e1-7756ce4d53e3
  423_69bac218 [0GV] -> e10fb525-d33a-4faa-b38a-89b6265ce978
  425_918da379 [PAM] -> 972204db-ede8-46af-b1ad-2b04adcff0a5
  429_3c548ba6 [PLM] -> bafecac8-8052-4c6f-9062-69fe27c6baeb
  429_42e1ecdf [TES] -> b24d055d-831d-4204-99f8-41f93530bcf2
  429_d4604a8c [TES] -> 8bde7ca2-5e14-418e-b69a-09a6982ee281
  432_82bbf621 [DCR] -> c25e4fb7-1300-40e7-b7c3-228b016557c5
  433_1a485928 [FOF] -> 8698ea3b-17e8-4a25-af64-a20fe78fd621
  435_2f9ec93d [B9L,B9O] -> 546fff9f-cc5f-4bdf-8af4-9bc48240ea45
  435_2f9ec93d [B9L] -> 83e53390-afec-4fba-ad04-1847d2323764
  435_330d7a26 [M65,M65] -> c6da306f-43b0-4024-9bfb-3816a123a819
  435_330d7a26 [VGJ,M9B] -> 2a475b91-1a5a-4df5-8211-ffe9e8f34830
  435_330d7a26 [VD3,RWZ] -> 9cbee045-b9a0-44b6-be2c-e2390da78aa5
  435_b1170faa [M8N,K2B] -> a043f447-a71f-4563-ba10-85904b7e0264
  437_6f9809c9 [CAH] -> ee678288-fd8e-43b1-a360-5d29157b1106
  439_20b8b15f [Y7R] -> 4d3bd5b9-430d-47c3-8585-b0dad610df3a
  440_fd3539ea [K2B] -> e18a26d6-6742-424b-9a8a-e927e5897ca8
  441_9f5ce965 [NE4,NE4] -> 2b8956e3-b01f-48fb-be56-e2acaef3985b
  441_fdb186c9 [9LF] -> a8633acb-7782-4e06-847c-0bd0b6267879
  443_05636834 [VFV] -> bd929730-117f-4c4a-9406-d6ca72f4be17
  444_2f85a59c [REA] -> c60fd380-524c-47df-af08-9fdd124033a3
  446_68e6f289 [VFV,PJM] -> 10d416ee-5665-4430-a0eb-bb4bc1ccc56e
  448_7a54e61e [VFV,VNT] -> 1f841c43-c7bd-43da-84f5-facfe37d5c3b
  450_9c481af8 [VNI] -> c6b7b939-5c7c-43ed-aa9a-311038d9c460
  450_e1393289 [16A] -> c5523b95-571c-4ebc-bbb4-925fc833d942
  453_31297a04 [LNP] -> 2643c43f-293a-4418-a4e2-7d15459eb23a
  453_3fc5a1f6 [TPF] -> 7d698956-6400-40df-ac8e-21d351e0682c
  454_40de364f [JKF] -> c8f7ef6c-ccb9-45d7-a377-7106af1e9076
  454_6f07a0ed [LAN] -> bba340af-6439-4c9b-826a-07a456b9089b
  455_0c860b28 [CII] -> 8d1cfbc5-b10f-4db9-ae21-86f04d31b798
  455_48438573 [CMW,CM9] -> 9a456e9a-fde7-4036-8c77-8ddd5fb68f1f
  455_48438573 [CM6,1CM] -> d3acbcbe-884e-4382-b294-90a168b74d0f
  455_bf9cfaeb [FW6,88L] -> 80ff0db8-513d-4666-9cf7-b37b058dd25d
  455_d4843705 [TPF] -> 20de3907-3da7-4ff8-a3fa-bae0d0d9c200
  456_8d7b7719 [CLR] -> 101bc8a1-3f30-49f4-b4a4-8a1c31e791d8
  456_c9a58f1b [BTB] -> e773d39a-4a47-4735-a313-55b740038ce7
  457_0da0339b [9RL] -> 97b2c7b3-cd70-4ee5-9bff-f22d0f7fd477
  458_683cba10 [WQR] -> 357315e0-cee5-4aa4-90a3-6e5cecd13791
  458_c4bcedc3 [VNF,POZ] -> be6bbdfa-c3e0-4f04-b617-11e6fb38293c
  460_0f25ea19 [CL6] -> cb2c36b0-0334-431f-afa6-f563dfa221b6
  460_2af8865f [LFD,LFS] -> c35ce9df-de7e-4c2e-a2ae-c9a309b39291
  460_2af8865f [LFT,VT1] -> 06427485-aaf6-4dac-a325-0f6bf6ce48da
  460_2af8865f [UDO,UDD] -> e6bc0aa7-35cc-412e-b708-da88fd7ce289
  461_217b532e [NEE] -> cc9e1ab4-6671-4efa-acfa-7f92aac73f4e
  461_b17f2608 [ECL,ECN] -> c974e73e-7448-41cb-9c77-ae52100f3af0
  461_b17f2608 [KKK] -> ad52d40c-31bb-42c5-a10d-df9ff9807298
  463_2621ae02 [LSN] -> c3383802-cd19-4d55-9983-1a7be51bc096
  464_4dc0771e [TPF] -> ca59e712-0a0e-4a3a-a46f-c168fd630bc6
  467_6a91af88 [26N,TW5] -> 2ee87201-3d1d-407b-b8ed-657c7f269fef
  467_acd53678 [5PS,J5Y] -> 87ad7bba-9808-4e3e-aff1-04ab8cbf4b23
  467_acd53678 [TU1,WVH] -> 35681897-5405-46af-9634-5018ca5a9e65
  467_acd53678 [25S] -> 98622753-c67d-43fc-a0ca-72badfcf3aa7
  469_ec879091 [18I] -> f5f61873-ad93-4349-aa35-8e4d343a97da
  470_03aefc00 [T9H] -> ea7c44da-8e60-4b17-bb7c-540b3bd6c338
  470_4634f49c [VNI,VOR] -> b5fbeb7a-dbf1-4f88-afb0-c55efe1bc85c
  471_d4280bc5 [2DC] -> 132cec59-3c4b-4d0c-84ed-7ab98f499cb3
  473_4b734b6b [TPF,TPF] -> 1bad727c-3629-46f2-b374-6544a7c011e7
  473_6790f922 [DMZ,DIF] -> bda1a61f-934c-4b89-9f10-1dd3ea46f875
  473_82bdfad8 [LSN] -> 57e8740f-8076-41c4-809b-448e6c61f6ea
  473_ca85e740 [VT2] -> cf81da5b-ddf3-4e01-a25f-7905bc6ed366
  474_5043b011 [05D,YCG] -> 94a7e28a-1b3a-49b2-bcee-a570ac2732c4
  474_5043b011 [A1BZC,0I1] -> 3892c1f2-9365-4388-99ee-b3fb01c73daf
  474_5043b011 [YCJ,A1BY9] -> 114f42c1-a200-4cad-b979-99cd218c2eae
  474_5043b011 [A1BZE,04Y] -> ffb1deb0-9d4c-4159-8432-575c13ccfa2c
  474_5043b011 [YBS,A1BZA] -> a3419949-2855-48da-9b78-6bb6420ab450
  474_5043b011 [A1BZD,A1BZB] -> 4011cdf4-8610-462f-bfa5-f494433189bc
  475_07812ca9 [2QJ] -> 1a09a895-46f0-4262-9829-0646f0729e99
  475_74349f57 [X2N] -> 7ea6bd98-a86b-46ee-90b1-912441efcbf3
  475_83a489fa [TPF] -> d5d6e4c5-696d-48db-981a-6e74d8ac7999
  475_c96c5508 [U51] -> 4ed4f152-b7f3-460a-8b21-eba307b14422
  476_042e6596 [9PL,OID] -> a77b99db-2512-40f4-b78c-c8a0ce6a508c
  476_042e6596 [LC4,OIO] -> 28f20028-4a18-4a9a-a365-b96b7b3e7b1c
  476_1c30957d [LSN] -> 655556b2-faf3-4c58-90a6-fab4451ad580
  476_1eccdb5d [PB2,PB2] -> f80f2def-3284-4b2b-b345-b31b48f8ebee
  476_1eccdb5d [TMI,06X] -> 63b8c480-1b5b-4aa6-a8b8-94cdccac1687
  476_1eccdb5d [CPZ,CGE] -> 9ecd6b16-c0b8-4be3-8c4c-089d82ca663f
  476_1eccdb5d [TB2,TIC] -> 96e84b70-b844-491e-9f87-f939f6f50720
  476_1eccdb5d [0BV,8PR] -> 224a97e2-997a-479a-8bb5-84a5cde51b33
  476_5965a73b [CPZ] -> e57eab89-445c-4271-86a1-b332d5a9f34b
  476_5b1c057d [LSN] -> 372de130-2475-4fb0-9b82-a6bd86b2a6eb
  476_7621de71 [CPZ] -> 5c7256e8-91dc-423b-a820-4e7ef1e9aead
  476_7cf5aebf [LSN] -> 3af34c69-7382-4da9-a365-44d4f9b8529b
  476_84104a34 [9PL,D2G] -> 37f25d22-ab59-4865-ada2-b260542a9434
  476_84104a34 [D1G,NCT] -> ea84104b-b646-4800-bca4-5668a3ba881e
  476_84104a34 [8MO] -> ceebc215-a147-4e06-bc08-e1b2ddd167a8
  476_8c5622dc [LSN] -> 05e43caa-ca02-41d3-a0a4-d2a5b958ab72
  476_9dbeadc0 [9PL,N4E] -> b2c86bc1-07fb-42b6-abae-9a7e0d3c2910
  476_aca4f268 [0QA,9PL] -> 68bb1b15-6d3f-48a6-a079-963c77060bbf
  476_aca4f268 [0QA,NCT] -> ee6e807b-6874-4897-a16a-5bec1ca2eff0
  476_ec577891 [06X,3QU] -> 1ab19d08-85a0-4a48-84e6-18a08e744036
  476_ec577891 [3QO,CPZ] -> 1a215ede-f4bf-49d7-bd71-02c1be3016d8
  476_ec577891 [9ZJ] -> 595de74d-8f15-470d-bfcc-312b75a69e9d
{
  "jobs_submitted": 2000,
  "total_jobs": 9201
}
185 of 185 targets have an MSA
skipping 2 pairs protenix_v2 cannot fold
rep 0: 0 pairs to fold
rep 1: 0 pairs to fold
rep 2: 0 pairs to fold
rep 3: 0 pairs to fold
rep 4: 0 pairs to fold
rep 5: 0 pairs to fold
rep 6: 0 pairs to fold
rep 7: 0 pairs to fold
rep 8: 0 pairs to fold
rep 9: 0 pairs to fold
rep 10: 0 pairs to fold
rep 11: 0 pairs to fold
rep 12: 0 pairs to fold
rep 13: 0 pairs to fold
rep 14: 0 pairs to fold
rep 15: 0 pairs to fold
rep 16: 0 pairs to fold
rep 17: 0 pairs to fold
rep 18: 0 pairs to fold
rep 19: 0 pairs to fold
rep 20: 0 pairs to fold
rep 21: 0 pairs to fold
rep 22: 0 pairs to fold
rep 23: 194 pairs to fold
  476_f7fff33f [MTK,9CR] -> c7d80da6-6a13-4511-af27-966ccefb1d83
  476_f7fff33f [225] -> 04dd8fdb-3454-4693-a79d-ce4775057302
  477_39eada44 [0XV] -> b22f21d1-c568-4dde-bdc9-5041d90eee6b
  477_a506c224 [LFV] -> b5dc4350-327d-42a8-8ee1-8c341aacee74
  477_f6ac8610 [6RJ,XI1] -> 166b36eb-9864-40c6-bce5-63338b8b8ca9
  477_f6ac8610 [FLP,6YF] -> aae853fc-78a2-41bf-909c-fd2f65525eae
  478_6eb03748 [32M] -> 2a0f5780-ebb3-4162-bf5d-51c4e8a1c742
  478_9f6a0c23 [1CI] -> 36033c09-c04d-49a8-bc06-82f960d92124
  479_7301ea5f [V2H,VD3] -> 01b3d131-1208-4e54-b9c0-915f0bf7c524
  479_af4ae158 [PN0] -> 5b97e36c-0402-4fe0-bda7-2d01a1c0b778
  479_cf53e4c3 [CGE] -> 168b38c3-3e7d-4180-b864-089bf5fc743c
  479_f5b99101 [SI6,PN0] -> 2e7122cb-153e-4280-97b8-73f279ebc78d
  479_f5b99101 [PN0,SI5] -> e5e87deb-c009-4253-8802-a372f9382b9b
  479_f5b99101 [AJN] -> e8097a96-510d-49d2-b260-2b4dfa2cdae5
  480_0010cf69 [CL6,RIT] -> d362db1a-4079-47db-8a41-516ff703374c
  480_0010cf69 [A1BNX,MWY] -> a72a26ed-178f-49d5-9f60-456db0a332df
  481_4e319598 [XRD] -> e512e6bc-af41-457f-9ee4-ae0214b52208
  481_e03083a2 [D2V] -> 38ee20a2-ef7c-4e36-9583-260ee9aad9da
  482_3314a5f9 [STR] -> 94bc8ba9-1075-4719-8f64-8324495383cf
  482_89b551e9 [CPS] -> df02c778-f9d4-4fb7-99f0-10474b49098b
  483_4a1aae09 [0T3,1CA] -> d87286a6-96f7-472e-8597-c15ee5ab2278
  484_08f22cf5 [YSY] -> 1b25a1d9-a2e1-42ce-8153-e181d1746f7e
  484_16b493d6 [JD7] -> 4f11f6b4-cadb-458f-86a7-525afabf7521
  484_a14ea32d [2QH] -> b4e31c08-95b5-4f9e-a465-be71aeb9e77a
  485_3260576c [DVE] -> 548530eb-4ea7-4113-be9a-9ed6c7a53cf4
  485_6cd5c2fe [KLN,RIT] -> 0ae2da11-5fe9-49d7-b177-339babac97e2
  485_6cd5c2fe [MYT,ERY] -> b4da9245-2fa8-42fe-ba55-a9f737dd1390
  486_62b873ed [YNV] -> ff0a1a42-cfb7-40dd-ae01-042ad58d8842
  486_c05cda03 [ZWY] -> 5ad2cf5e-3580-48c8-8bd2-df4ac6eaf84c
  486_ee37fc5f [HC9] -> 6ff4634f-275b-415e-8884-45f115a435e1
  486_f605e37d [CL6,A1ASQ] -> 4b0552a3-1785-44bd-829a-08f8902ea44f
  486_f605e37d [A1ASU,A1ASV] -> bb7ca729-2ebd-4d40-be6f-00b442392da5
  486_f605e37d [A1ASP,A1ASS] -> adc94564-2d85-4b5f-a959-8ada4c7a9d0d
  486_f605e37d [A1ASO,A1ASR] -> 9d3e3e18-6537-41db-8fb9-42ca42431068
  486_fe430384 [MYT] -> fd9b212a-495c-40fe-96e7-d84596c09d7f
  487_32859637 [X1O,X4E] -> dd80905d-3fff-4e82-9a23-bd92cb337ad0
  487_32859637 [X2Q,WZN] -> 3d109d82-efcb-4455-83a9-14a6dd4db866
  487_32859637 [X1I,X2Q] -> 99243a67-6fb5-414a-9f56-3beec671b62c
  487_32859637 [X1C,8AW] -> 0bc0f039-0a4f-4c88-ac15-bacf0bf7c82e
  487_32859637 [PKT,T0K] -> b5e7722b-e2dd-4b17-b618-59027f0df0dc
  487_32859637 [O3L,X0E] -> eae2767c-be66-4178-a06b-5e0943efebbd
  487_32859637 [A1A4S,7AW] -> b2914867-310b-45ce-90d0-67cbe755b2d3
  487_32859637 [NH0,X7D] -> 5a2f36b6-2fab-4d68-a580-7eaf247484de
  487_32859637 [X6S,NI6] -> 7f19e7d0-86a7-44b4-91d7-425d244f378a
  487_32859637 [X6V,Z8Z] -> 722e1081-c0b5-4d4d-957e-32d83f8b3fa2
  487_32859637 [NJO,6AW] -> a42f7f78-01cd-456f-a70a-4d456891f2b5
  487_32859637 [D0R,X5Y] -> b7cc26a2-a344-44ad-aae7-9926549a871d
  487_32859637 [X71,J9K] -> 1cfe37d5-91c4-4acc-afcc-a912962b54bd
  487_32859637 [A1A07,D81] -> 77dfb8be-a5e9-44f7-af4a-e291d06207a2
  487_32859637 [Z9Z,A1APA] -> 6dfcc1b8-03c2-4b3d-825b-920889a5a237
  487_32859637 [A1A4T,RIT] -> f7b15342-bab1-4d16-9bab-23d152deb8c1
  487_32859637 [1RD,X7M] -> 11565ff2-467e-45dc-8bce-1fc4cb544efb
  487_32859637 [A1A08,A1A4V] -> 9f29d645-1635-4bdd-a9fb-5a0bc04b2771
  487_32859637 [A1A06,X7P] -> e79e92b7-a704-4969-a800-f95973b40eda
  487_32859637 [QEP,A1A4U] -> a4d2eae0-e839-4855-9a42-fef67adb6416
  487_32859637 [X2B,G0V] -> 6a544e4d-8624-439a-bccd-b27f5fec5fee
  487_32859637 [D7J,Y83] -> 11ee6cd7-d0ff-4997-b523-7bb20f095ec5
  487_32859637 [A1A4K,G1J] -> 63546a9a-aa41-4713-bab0-c6d98fed2aec
  487_32859637 [80K,X6J] -> ccd43285-811f-4869-9ca4-766d71367ca3
  487_32859637 [G1D,G0Y] -> ed9ae8ea-59a8-48c7-a78a-d96b4e97f47c
  487_32859637 [G0M,WZN] -> 1a91a267-ee3e-42d1-a098-3bef58539087
  487_32859637 [G0D,D7M] -> 870d6829-de69-41fa-ad84-7a7c0828310b
  487_32859637 [DEJ,D7Y] -> 2de513b9-1db9-45a4-8eb1-dc87e61447b8
  487_32859637 [O39,NJ0] -> 707011b8-7fab-4a58-b584-0146db7b877f
  487_32859637 [QDP,MYT] -> 43efc348-c497-4195-aff7-1f15e607a84c
  487_32859637 [FZV,QEA] -> 5f5d2eec-4e71-4d4c-9d5f-9de9b27ea501
  487_32859637 [QES,5AW] -> cb8fd175-5adc-4782-8f54-25eb069bd997
  487_32859637 [QE4,DJ1] -> 54ccca82-2eff-4063-903e-86db23167154
  487_32859637 [DEV,G0D] -> b52fdd2f-d2ae-49d4-9cfc-1a31cf0cf329
  487_32859637 [QDV,QDJ] -> 13d9b27a-15b2-4cd8-9bf6-4035f30dfcc6
  487_32859637 [G0J,FZV] -> 9d7311b6-17b3-4b27-9e57-c3ffc6ba81cc
  487_32859637 [QDY,08J] -> 82d2ac27-1c07-410b-855d-8cc923a3f7ba
  487_32859637 [CFF,08Y] -> 01cbe015-56f1-4b82-9b69-80fdfb8b06c1
  487_32859637 [CFF,MWV] -> 146fe425-5a7e-472a-9326-36e1b0a65b7c
  487_32859637 [X8S,TCI] -> d8ef050b-d83b-43d2-89a5-f3dc46d4d938
  487_32859637 [MWY,A1CIW] -> c23a677a-d5c4-4e2d-97a8-9d7be8f559e6
  487_32859637 [MWS] -> b52f1d8a-35ef-437f-9d08-da5b70ad6a03
  487_3996026d [TPF] -> 0c362a0b-5c46-43bb-a2c0-e1644d405d50
  487_6d9fa596 [PG4] -> 5dbef1cc-d247-4e93-8c29-2bc29e3432dc
  487_8538537b [X74,X7J] -> 94c5d1fd-fce1-4de0-a733-8a3e07b534c3
  487_8538537b [NXR,NYF] -> 522424ee-e2e6-4164-b704-b2b704d62ef0
  487_932e3608 [HC9,HCD] -> 56d331bf-f604-4d92-a94e-765ac17a52e7
  487_932e3608 [CLR] -> 2ca08234-b4b8-4777-af23-84306e6577ed
  487_ecbf61ae [RIT,08Y] -> 20a3894b-4c4c-4c9c-936b-ef5f7147a327
  487_f5412e3a [PK9,PK9] -> d6412915-f211-4f71-a9f6-259d36155e9f
  489_c3fc2428 [YHM] -> 840310ac-5544-437d-b67a-648cfb7fd84a
  489_d6dd2913 [QHC,O4T] -> df78f3a9-85d3-46b2-8955-d3b427d129d1
  489_d6dd2913 [O4W] -> 4a29781d-42a1-43d3-a28c-07c9a4815b1c
  490_6a8e1ea2 [X2N,VT1] -> 8795d0fb-632e-48be-9afb-59ebbcd9defb
  491_3c76f070 [UCZ] -> cf03002f-c9fe-418f-9cbd-b1303ad27b0f
  491_57ef6006 [HJJ,Q4M] -> f9a58ad0-e333-446f-928c-1369d618fe85
  491_57ef6006 [Q4P,BHF] -> 7c683b38-5aec-424c-8f2f-914aee62b349
  491_57ef6006 [AQ4,KUV] -> 01641b73-26d2-4b22-a697-8bca9da40826
  491_ec153e60 [0GV,K2B] -> 4e608068-d3a8-4258-98a2-af59c099e767
  492_9ba7e278 [OLA] -> c46fb69d-f47d-4d59-8831-ed15c5b58884
  494_df1f3120 [XPK,3NR] -> 63814b4b-b90a-4682-8a43-54d8fca8e819
  494_df1f3120 [UDJ] -> 8afa8c39-af8f-4ae6-b73a-50bfce34ee7e
  495_3cc65aad [BHF] -> 4b5f0526-a73d-46fb-b856-ed95145f0eb0
  495_4b188212 [243,T25] -> 0c75e953-1c21-4454-b513-8edcf54b59b3
  495_90353ec6 [243,T24] -> 4f19e73b-5502-437d-af94-65fa170afdbd
  495_90353ec6 [T25] -> c9fdf0dc-20e4-4500-a35a-69811f30365b
  497_9e5b0951 [V16] -> 32454df8-e4fe-458c-a928-8945f4ed915b
  498_b2766aaa [MXD] -> 636d7449-0e79-45c4-99b2-3931280a4fed
  503_f3121c0f [ASD,ASD] -> 84e4f517-4ef3-40ac-9f5d-9837548466fa
  503_f3121c0f [ASD,TES] -> 02bd6da9-9581-4dd4-8541-fc90c256913a
  503_f3121c0f [ASD,ASD] -> 64747ab0-e557-4c66-934e-27124a7b45cd
  503_f3121c0f [ASD] -> 40d87f21-2b02-4123-a0d8-a0ecf999f8f2
  509_e452cdaf [AER] -> 31bd8b28-db6a-4a82-805a-32a89dd62e93
  515_00bd6347 [1YN] -> 58651088-7aff-487b-8ed2-2391dbc00281
  536_e0febc59 [81H,LAN] -> 7d0f5e5d-d46a-4903-8759-33bbecf26cc4
  537_fdcdbc81 [1YN] -> fa7604cb-0652-445b-99fa-b9f3867b2460
  539_5aebb388 [SKX,A1AB6] -> e1c45ca0-b5fe-4a77-84f6-f99a30b665e7
  539_5aebb388 [1YN] -> 85f3604e-cf6f-478b-bf1c-9a0f0a849b3a
  539_5f23ede7 [VOR,1YN] -> 64dfc523-7ecb-44e5-a644-e616b1b3cf12
  539_7cd83d49 [VOR] -> 8135fe3c-557e-45a5-865b-35ee99a3c62d
  539_91e1b8cc [VOR] -> a9c750b5-3e75-4da2-8b43-014113c9605b
  551_c92602dd [LAN,JDJ] -> 6157d02f-9bb5-4ff5-93f8-9a43da0ebcef
{
  "jobs_submitted": 117,
  "total_jobs": 9318
}
185 of 185 targets have an MSA
skipping 2 pairs protenix_v2 cannot fold
rep 0: 0 pairs to fold
rep 1: 0 pairs to fold
rep 2: 0 pairs to fold
rep 3: 0 pairs to fold
rep 4: 0 pairs to fold
rep 5: 0 pairs to fold
rep 6: 0 pairs to fold
rep 7: 0 pairs to fold
rep 8: 0 pairs to fold
rep 9: 0 pairs to fold
rep 10: 0 pairs to fold
rep 11: 0 pairs to fold
rep 12: 0 pairs to fold
rep 13: 0 pairs to fold
rep 14: 0 pairs to fold
rep 15: 0 pairs to fold
rep 16: 0 pairs to fold
rep 17: 0 pairs to fold
rep 18: 0 pairs to fold
rep 19: 0 pairs to fold
rep 20: 0 pairs to fold
rep 21: 0 pairs to fold
rep 22: 52 pairs to fold
  487_ecbf61ae [RIT,08Y] -> 31ba916c-68a4-4fad-83a5-ccae630ff1aa
  487_f5412e3a [PK9,PK9] -> 8b96901d-7377-4eb3-b7dc-97da0bb3f0d8
  489_c3fc2428 [YHM] -> a23f0ffb-8247-4039-8cdf-94e4b2420745
  489_d6dd2913 [QHC,O4T] -> 0a96bd96-bdc6-416e-bc24-301857d56de8
  489_d6dd2913 [O4W] -> dd2b0f83-473b-43c6-9787-e7fa702a95c8
  490_6a8e1ea2 [X2N,VT1] -> d06fac52-0366-4200-846e-bf8e470a074b
  491_3c76f070 [UCZ] -> 77dd8add-e1a2-4ca1-af36-c80520ccd56a
  491_57ef6006 [HJJ,Q4M] -> eaac1951-78cb-4c56-8fad-98a93e187619
  491_57ef6006 [Q4P,BHF] -> 11df36dd-bf61-4e04-83a8-376c85b2f30f
  491_57ef6006 [AQ4,KUV] -> c064e6e2-6fc7-44cc-b417-dc471730c5e8
  491_ec153e60 [0GV,K2B] -> f85ffe0e-0c81-49d5-9eba-5ec1fbf5df69
  492_9ba7e278 [OLA] -> cda49c4f-a24c-4abd-8f28-2267eb72a33b
  494_df1f3120 [XPK,3NR] -> 3e62e797-e953-4f91-aad0-6329f13b657f
  494_df1f3120 [UDJ] -> b49d3c0b-e47d-4db8-8e07-8588b19ca9e8
  495_3cc65aad [BHF] -> 1ea0a5d1-dd91-44e2-9f04-c6ca97fa4a43
  495_4b188212 [243,T25] -> 4361863f-6812-4d3d-aa4f-03e83fe20d94
  495_90353ec6 [243,T24] -> 89050c24-0ed8-41d3-bd05-92285b0e25c1
  495_90353ec6 [T25] -> 2eb589c1-a2b3-4337-bf44-011f025c83bc
  497_9e5b0951 [V16] -> b9b98c2b-8a4b-4acd-9745-84a778d6b68b
  498_b2766aaa [MXD] -> dafc6e41-3fd0-4a37-881a-e89a0899a204
  503_f3121c0f [ASD,ASD] -> 53c71abc-41cb-46e5-a390-5a8ddecb1b07
  503_f3121c0f [ASD,TES] -> baf90de3-8af3-43be-b69c-99b65a539608
  503_f3121c0f [ASD,ASD] -> f743de76-9dd3-4996-bb16-49bf0f5cefe2
  503_f3121c0f [ASD] -> f164e46f-9ed6-4ca0-80b9-d018d5c4a6af
  509_e452cdaf [AER] -> 6d631a9e-8630-4855-9bf9-c571ef25fd0f
  515_00bd6347 [1YN] -> c7f330b6-fb93-4dbc-bf03-7ccf0034b311
  536_e0febc59 [81H,LAN] -> 1dca4a2e-1c8d-429b-829e-b1f66ef475dd
  537_fdcdbc81 [1YN] -> 969e52ea-81c1-4b3f-a127-90254bbf6707
  539_5aebb388 [SKX,A1AB6] -> 63e161e8-4142-4e80-9f45-c9e6f49bd284
  539_5aebb388 [1YN] -> ab4ee37a-3e09-46b2-97a1-7eff8d4edaec
  539_5f23ede7 [VOR,1YN] -> df97b0bd-1cf2-4abf-923a-20b30a9bdd60
  539_7cd83d49 [VOR] -> 29aac2fd-edcd-44bd-a926-71a54f0a6ec7
  539_91e1b8cc [VOR] -> 143a6185-bbf5-4217-8f38-0a35a5ee6115
  551_c92602dd [LAN,JDJ] -> f29a1cf2-464c-47f3-b511-79f879754b13
rep 23: 491 pairs to fold
  368_3c6d23e6 [36Y,CPZ] -> 43001eda-4945-4c7f-a244-f490e0ad2b67
  368_3c6d23e6 [3SQ,36Y] -> 7bdc0534-1854-42ac-ae36-9c5ab3f4c148
  388_7e6828a0 [A1MAI,L0O] -> 27a00d0e-8d95-47f4-ad0d-22770f541461
  388_7e6828a0 [A1MAJ] -> afbf4a69-5b03-4cc5-82f0-703629605491
  390_41f96d07 [A1EGF] -> e322d9df-1f76-4b77-ab58-34fb432e1c19
  393_40400e22 [DAO] -> a7e66034-e185-443a-8961-4abae1916fee
  393_47d43e97 [DIF] -> 82f92b5f-8293-48a8-a1e3-5cb6fb2aed38
  393_7d481b62 [4IA] -> 3a0fd894-2672-4a95-aa0b-33ee3da2720c
  393_c3358fa1 [8QM,4IA] -> 977f7abb-47e1-4223-8ffb-4e575aa38cea
  393_c3358fa1 [EH1,81J] -> 9f03d14b-8241-425b-bd79-784c00e42686
  393_c3358fa1 [EJD,EJV] -> 4bb014f5-dadb-4f0c-ad14-830fc86abccc
  393_c3358fa1 [HX1,81M] -> acc565bf-5d32-4778-9345-cf86965a5757
  393_c3358fa1 [QZP] -> 33605578-c068-495d-a964-24579fc46db4
  394_ffc37182 [1ED] -> d9a530cf-dbc7-4ba6-ac6d-fb76f4272f4d
  395_f9cfd803 [TQU,QFD] -> fe11d2a3-b9fd-4c1a-b83f-22aeb077947b
  395_f9cfd803 [KEQ,YTT] -> 1e28c226-23dd-4dae-9d80-5c0c23f68c02
  395_f9cfd803 [1GB,YTT] -> c2155f62-2523-42f8-b382-cd9aedc91fbe
  395_f9cfd803 [YTT,1G7] -> bc13a627-b4bb-4374-b3a1-d1b59f9ef21a
  396_475f6489 [ID3] -> 025e3696-b2f1-4c71-b4b3-1b549f05d82e
  396_672140e8 [9KE,9KB] -> 22afadf0-585c-420b-b4ce-5ac9105e4992
  396_672140e8 [69M,TZM] -> 3d758137-9ee9-4dae-a0a8-06b9167a577f
  396_672140e8 [GGJ,69W] -> 59fd7726-3bb2-476f-8630-dcd48d740eb4
  396_672140e8 [TPF,MQN] -> d1329c2c-0ac1-4f4c-aecd-3aa77837ac94
  396_672140e8 [69S,KEQ] -> c7bba963-dcc0-4585-899e-a368638eca75
  396_672140e8 [KEZ,Q47] -> 9fd56938-00b0-4b24-b95d-34f60d4f1590
  396_672140e8 [KEH,N5Z] -> 182e48f2-f220-4267-b771-52d3f874c180
  396_672140e8 [N5W,KEB] -> 89c33b21-1dc0-4662-9575-6709841fbbc3
  396_672140e8 [KEW,ULZ] -> 762cce6e-8e9c-446b-b59b-6bae62b18b2c
  396_672140e8 [OUC,KE5] -> 97dd206d-1dc8-4bd6-abf4-53bd42acf531
  396_672140e8 [N55,R2H] -> 74540240-005f-4631-8861-587c579514c3
  396_672140e8 [KE2,YTT] -> 45f03945-148c-405d-a947-afe87ff12ca1
  396_6abe88bf [EV1] -> b4720129-e8f0-4a70-8500-9e37a4d754c9
  396_9ca07298 [4UH] -> db3b47ac-acff-4caa-8fe6-06dd136e08ff
  398_712f2bbf [5YG,ENK] -> f6f8572a-0141-462d-a5f3-29818bbc837c
  398_712f2bbf [DQE,PG4] -> d65bf4cd-d4d3-43e0-9623-bf9fc9812fba
  398_712f2bbf [EIQ] -> 2f211753-a884-4091-bbca-e0aa70051ebb
  399_d04da719 [EMZ] -> bd29384b-0d7b-4320-b667-5c87e5692612
  400_3b97c392 [STR] -> 440c891a-99c2-46d1-b1f6-1cd118583399
  400_77edf82b [ASD] -> c5ee175a-907b-4c95-ba33-6b8346db2d7d
  400_dff94071 [STR] -> c9a9d023-b802-461b-b708-8e52431ae49d
  401_a9170273 [RRM] -> a82fae3a-501c-4e6a-a336-cc04ef409f79
  401_b00cace2 [RRM] -> dd274e82-a23a-45d9-bf29-c9615dd1f54e
  403_b29b1ed4 [DEB] -> 9542ddc3-1eba-43e8-b4d0-bd8e4261627d
  403_b3a2f553 [KTN] -> 156aac90-b075-4267-b9ac-ff60fc1a9017
  403_e7509160 [KTN,9AP] -> 75ab68fb-dbca-4e40-9333-1cf4083bdad6
  403_e7509160 [ASD,DEB] -> 1816129d-616f-4720-9523-27334cafe36c
  404_7fe08af5 [DEB] -> 5dd46da2-bbaa-46f2-b69d-c1f19514cfe9
  404_a7f52c3e [DEB] -> ada84db4-9cdc-4dab-9c28-52527246942f
  404_da66167c [DEB] -> cba2bc25-9285-460b-88f5-1faa2d626605
  405_04029c87 [K2B] -> d7921719-25ef-4062-8c49-dfc53e1d1a2f
  405_90b62d6a [GWM] -> a8304553-a872-4bdc-96e0-8c13c881e345
  406_a7c41b23 [FLV] -> 5eaaba43-21ef-41ef-b45c-6acd1d567f2c
  407_496a34be [FLV] -> f6ad89f3-12c2-4177-8737-70916ddf4181
  407_6f94dcc0 [NQ] -> 044a7b9b-9993-4197-a18f-ca95dd2eb816
  407_79f598c9 [K2B,C3S] -> 81fafccd-9617-4693-9885-969ac721c006
  409_7ea29415 [NQ8] -> a990ed6c-0911-4f8a-8881-09809ca688b5
  410_33697e28 [5R0] -> 3dbbe194-c685-4c14-82b7-fab1e5c5dcda
  410_420f8942 [YJE,UB7] -> 32fcd28b-2b67-44e3-9934-0d0eb9350ba9
  410_824c8e4c [EJD,PQS] -> 48074921-990e-4b96-92c2-808035f4c5b4
  410_824c8e4c [IRJ,M4F] -> 49f5b1af-f4a2-47a7-897a-994248b2f388
  410_824c8e4c [81M] -> 031ba956-16c6-4a7b-a4da-a26f13e8f4d9
  410_83d6f89c [5R0] -> 288c6a92-6e5c-44e8-9523-e647818104f3
  410_b64fbb1a [ASD,STR] -> 31e5efad-b242-42b9-86de-92aa99a19da7
  410_b64fbb1a [PLO,TES] -> ac0fff14-820f-4e5c-8cf6-e19fea6af42a
  410_bc4a20dd [PQM,PQP] -> 59fe14df-d6c3-4946-821a-a7d709b05ca3
  410_bc4a20dd [LVC,L4I] -> 5fc02644-adf5-4e57-b2dc-b2f3e31cb4dd
  410_bc4a20dd [M4F,L3K] -> 822660d8-a25b-4dda-ba78-fc86f25dbe38
  410_bc4a20dd [OW7,8ZU] -> f2211a0e-90fd-4d84-a573-0ee0ea94fefd
  410_bc4a20dd [TWO,8ZU] -> 1062eac3-a573-4561-b99f-34e7b48d66a7
  410_bc4a20dd [K3Z,QDB] -> 892f6c6e-65be-42de-8816-3bad53c5d172
  410_bc4a20dd [1F1,ZRS] -> 215180c0-8c00-4fdd-ace8-3ae6ec710b15
  410_bc4a20dd [LVK,KQR] -> 39294bdb-5dc9-4cc4-856a-ed133a7918f7
  410_bc4a20dd [VLG,PQS] -> f744ec39-5c8a-4b2a-8496-13c8e23d4e8f
  410_bc4a20dd [KQF,Z7Z] -> 8b462dcc-aa8e-4699-84e0-c31243d9a05a
  410_bc4a20dd [JO4,JO4] -> 2e79a149-17f1-49dc-945a-d41ecb6990a8
  410_bc4a20dd [FIV,JO4] -> 3bca6845-2563-4711-b397-b2bf1ccca618
  410_bc4a20dd [JO4] -> dfefb3e3-8be4-4eee-8f2c-749bd0ed01db
  410_f7949552 [EH1,Z7Z] -> c7538ed4-9efa-432c-9439-3714a27b508f
  410_f7949552 [8ZU] -> 6b319257-e80b-49bd-a376-3e324773ce66
  411_4ad73dbc [MYR] -> b5cb41f7-b552-464c-8969-f18d1bff4609
  411_af24ac3c [ERB] -> 975a1daf-25a0-4a76-9f7a-4d6889a3fd6e
  411_e3e8183c [KLN,CL6] -> 49c3625d-f686-4626-9d82-e95d69bac5d8
  411_e3e8183c [EY5] -> 972a7c84-05a3-44f5-b321-f0ca22bf527c
  413_9c5d7a9c [226] -> 062d5816-f229-451d-b76c-60faed6dc894
  413_9f4eac9a [II2,II4] -> c9560b30-eef1-43bc-90ee-b443ecc3a29d
  414_1ba62fe9 [UYM] -> 3e4a7377-7638-4868-bfc4-22d63dbd8fa8
  414_63852e7b [ECN] -> 2ed32a3a-7405-49ec-abd1-135416e5aad9
  414_949a8532 [KKK,6XF] -> df34b06a-e5eb-47da-950e-e99c17462929
  416_8845d560 [PLM] -> 1261a823-36d2-42d2-9223-32dd00e8f8cb
  417_0e6cd8b9 [PAM] -> f36087c2-17e6-477b-bccf-8c5b1e7dbda9
  417_e0528f9e [DQE] -> a6940d76-c78f-4b18-9c06-ee583b795737
  418_8d7c0f49 [E93] -> a674f5c5-969e-4d98-ac88-85b7ab8fc887
  418_b02dd5c4 [ECL,D12] -> c9e5b3cf-458b-4c5b-9023-1366e03278da
  418_cdc79ec5 [PAM] -> 9062bdcc-8ef0-4c38-985a-52d8357a1888
  418_d6145562 [I6Y,JK9] -> 5cb969a8-0283-44ce-a7ed-e2a3001ff0fc
  418_d6145562 [JFI,5YG] -> c8bb1678-e00a-40f0-9705-b483fcdbfdeb
  418_d6145562 [EIQ,JV3] -> f75bd94c-5961-4beb-9a09-27a77017fa63
  418_d6145562 [JUR,A1H47] -> 4befdba7-cc34-4348-a799-888e2988d087
  418_d6145562 [2QC,HIH] -> 279b17e0-b653-48ce-b5d2-fd7ce2820633
  418_d6145562 [KB9,JFC] -> ae6700c2-977f-4e69-86ff-09ea7e2d3852
  418_eb9ea735 [3QO,K2B] -> 596a6ad7-e5dc-45c5-aeae-9a82f6b1c8e6
  419_2ab9350e [DXJ] -> 98aa32cc-db1b-4e7c-8efc-3feb1f98e468
  420_545c0f8c [L6X] -> e75fad22-477c-490b-b1dc-45607c4e4897
  420_6f493f38 [TES] -> 1a2814d3-08af-489d-85e8-425bab00d29d
  421_0306eb73 [MYR] -> 74b9b7c2-532f-44e8-a13a-3f7f438a8cec
  421_446a58b4 [CAH] -> ffd478d8-d546-44e6-9522-3c733f8c1c48
  421_838aa221 [CAH] -> d17c39b2-f3b0-4301-9cd1-2ba83d888d08
  423_69bac218 [0GV] -> 0c188cb8-e020-413b-acfb-b32b19254014
  425_918da379 [PAM] -> a7e5534c-8fb4-4c10-8be3-fd2642ffad87
  429_3c548ba6 [PLM] -> 2e4af110-863b-43ab-a184-e435050e9d2c
  429_42e1ecdf [TES] -> 43c40213-4661-444c-badc-cc49aa9c1873
  429_d4604a8c [TES] -> e253377c-a35d-457c-8807-300c793d5ca9
  432_82bbf621 [DCR] -> 87975991-2958-4210-b612-31209416505a
  433_1a485928 [FOF] -> b3305124-28c6-4936-af1c-e47561a3edda
  435_2f9ec93d [B9L,B9O] -> 45ae8ee3-d056-45ab-bdd8-c0c752fb40c8
  435_2f9ec93d [B9L] -> e5d55f25-7213-4b57-ac2c-8d9ae755b6c3
  435_330d7a26 [M65,M65] -> 57a17f54-dee5-423c-bf13-ebb2c6516eda
  435_330d7a26 [VGJ,M9B] -> 77fcaf33-0718-467c-94c9-ee6c659ecf74
  435_330d7a26 [VD3,RWZ] -> ee49bfa1-4375-4db1-b3ad-27c16b2e211a
  435_b1170faa [M8N,K2B] -> 04564b66-f847-4331-bffc-67fcbd918c7d
  437_6f9809c9 [CAH] -> 56b6ee85-06aa-4d32-94ff-179254acdd54
  439_20b8b15f [Y7R] -> 99e9948a-1357-464a-8cff-e8e7b170f7d4
  440_fd3539ea [K2B] -> 1fd345a2-434a-47f1-9f9c-109e12370d54
  441_9f5ce965 [NE4,NE4] -> 93aca94f-e6c3-4d75-a8e0-d6fd44646fff
  441_fdb186c9 [9LF] -> 5f021163-10cb-4060-a39e-cce80fb28c7f
  443_05636834 [VFV] -> f52b1fa8-5e46-4c99-a1c3-c8ef0f8c76cf
  444_2f85a59c [REA] -> 13740649-80b5-41fc-bc82-158aba3130f1
  446_68e6f289 [VFV,PJM] -> de04ed28-24bb-4ad1-8783-fea5895859c6
  448_7a54e61e [VFV,VNT] -> 77239992-e017-4c7d-b384-a96a4c1e5dba
  450_9c481af8 [VNI] -> 8864e1a9-d1a6-4bfc-a129-258aa254f5ca
  450_e1393289 [16A] -> 32a37cf0-7597-4f70-a481-0c705b8ad4cb
  453_31297a04 [LNP] -> 11087230-4230-4cb8-b993-61a91fd6f1ae
  453_3fc5a1f6 [TPF] -> 8a523dd1-4072-46f5-8a9c-46af8bcc9456
  454_40de364f [JKF] -> 81f3b615-beca-48f2-a9b3-65bfe37bbd44
  454_6f07a0ed [LAN] -> 6f3ae087-37fe-4c7f-8790-1b4288f95495
  455_0c860b28 [CII] -> be8db7d3-7ee6-4bd9-a40f-f3fb85f125e3
  455_48438573 [CMW,CM9] -> b6e3d07b-779d-4291-b0d6-f1be0f85ddb1
  455_48438573 [CM6,1CM] -> ad28d73a-53a6-4e4f-abba-ed2afc57703f
  455_bf9cfaeb [FW6,88L] -> b79b4b7f-9a38-4f82-8f70-407bf5306b53
  455_d4843705 [TPF] -> cc62cfbc-e652-482c-bec5-b02ef2bb025d
  456_8d7b7719 [CLR] -> 09c49b9e-c398-4116-8b55-139ba23a750b
  456_c9a58f1b [BTB] -> 109af7b2-b5d5-4381-a061-2b970903a656
  457_0da0339b [9RL] -> f6e3aa4a-e1d7-488d-afcf-ec23b263966e
  458_683cba10 [WQR] -> 3f575c50-c927-4d6d-9432-8465f72699c6
  458_c4bcedc3 [VNF,POZ] -> 5c2ddb25-06f8-44d8-92c7-e3223afd16f5
  460_0f25ea19 [CL6] -> 8fe401a6-e4ce-417f-9c84-6154fd4ba8c7
  460_2af8865f [LFD,LFS] -> 94c9592b-4b46-422c-be4f-9487855a5088
  460_2af8865f [LFT,VT1] -> 50e56519-867a-4379-ad09-1e23a3abb875
  460_2af8865f [UDO,UDD] -> 4e2822a3-a653-49c9-a046-c0c73233792e
  461_217b532e [NEE] -> d1b7c16b-6dc8-4660-b6f2-3a676ffe6219
  461_b17f2608 [ECL,ECN] -> 2adedc54-8cb7-4ef1-803e-bd8bd8553181
  461_b17f2608 [KKK] -> 90d43e2f-88a5-47e5-8a98-c80e8e8114c8
  463_2621ae02 [LSN] -> a579c297-1aae-48b9-9b02-5cedf13303ef
  464_4dc0771e [TPF] -> b2ca906d-24db-4bf6-a683-7fb00751da1b
  467_6a91af88 [26N,TW5] -> 306168cd-926f-474c-a7c8-3bea0b0891ef
  467_acd53678 [5PS,J5Y] -> 6536b435-1355-41f5-87b4-919d04bc3a4c
  467_acd53678 [TU1,WVH] -> 851bd8d1-475d-4e14-b541-3719912305b8
  467_acd53678 [25S] -> 9543c1e2-98ef-42f8-a8dc-f4f7f538b5cb
  469_ec879091 [18I] -> af43417a-3bca-4816-a8d1-455f6cd7bf27
  470_03aefc00 [T9H] -> 618dfdc7-7b91-4a35-8bd9-6299e4c34c9f
  470_4634f49c [VNI,VOR] -> 195a1cc6-9ebe-44af-ac4d-643ef8ba731c
  471_d4280bc5 [2DC] -> 2e01fd1a-3d1f-4ee6-940d-e00db8e4db3a
  473_4b734b6b [TPF,TPF] -> 71687216-e7b0-409b-9894-9a662836f547
  473_6790f922 [DMZ,DIF] -> e4722de2-7086-41b7-9614-29787da78bbe
  473_82bdfad8 [LSN] -> 26a3185a-0e18-4f9a-80aa-63be1e042758
  473_ca85e740 [VT2] -> 1dd83d81-9404-462d-83ca-6ea87b92af48
  474_5043b011 [05D,YCG] -> 6ca8129e-128e-41fe-9434-644e67f4950d
  474_5043b011 [A1BZC,0I1] -> 86ebbbb2-d5a1-4207-bafc-d88bafc169b1
  474_5043b011 [YCJ,A1BY9] -> 6e0286f8-265d-471b-b010-4834a1b2d2e8
  474_5043b011 [A1BZE,04Y] -> 23b755cd-3c10-40d2-b2a7-eda10be21645
  474_5043b011 [YBS,A1BZA] -> f595986e-519e-4361-bc34-2c202b8f8bb1
  474_5043b011 [A1BZD,A1BZB] -> af49204a-74b6-4901-8833-ef36b872e8e4
  475_07812ca9 [2QJ] -> ec97074c-0dfc-48b9-a1c4-e1d23de0c73c
  475_74349f57 [X2N] -> 39bec2c2-a711-4da2-879e-e1c7bba26a39
  475_83a489fa [TPF] -> f189a681-d337-469b-8756-902a4986de15
  475_c96c5508 [U51] -> 7602fa6b-1ff0-4abc-84d8-ed7d42213281
  476_042e6596 [9PL,OID] -> f383e920-973f-4e27-b052-06d93d54c277
  476_042e6596 [LC4,OIO] -> 0d584e30-8d64-4e33-91f8-2d30dde562a0
  476_1c30957d [LSN] -> 7fc55e38-9156-488c-95a9-22db8cd4bdf5
  476_1eccdb5d [PB2,PB2] -> d6eb8da4-ea08-47eb-9a34-58e084babce8
  476_1eccdb5d [TMI,06X] -> 441c1636-d879-4cfe-ae56-39b92f218136
  476_1eccdb5d [CPZ,CGE] -> d2e5db72-7b76-49bc-a7d1-a6a4bb93b906
  476_1eccdb5d [TB2,TIC] -> b4bac5ab-4fb3-48f1-8c77-9c87976372e5
  476_1eccdb5d [0BV,8PR] -> d0689634-c180-466c-85f5-29da43eb61ab
  476_5965a73b [CPZ] -> 4ea20783-3dc3-410b-9453-59d22e659d62
  476_5b1c057d [LSN] -> 654848bf-29d6-410f-af7a-7647a2cc427e
  476_7621de71 [CPZ] -> 1c2fc962-4f3d-48b8-ab87-4f31efdc9330
  476_7cf5aebf [LSN] -> 3e30c78b-a2f1-410f-a7bd-43795f9f87ff
  476_84104a34 [9PL,D2G] -> 1c3a1e60-920b-4f1d-85a7-e4459b9f6537
  476_84104a34 [D1G,NCT] -> 352d1804-fad6-4d0d-b089-00a7f41baa76
  476_84104a34 [8MO] -> a0af04e6-ebd6-4840-b19e-52ad085d2a2a
  476_8c5622dc [LSN] -> 3036a08f-09e9-4033-9c3c-87868f72b688
  476_9dbeadc0 [9PL,N4E] -> 2ed1df98-8093-4ede-ab7f-aeac64be15d1
  476_aca4f268 [0QA,9PL] -> c43c7835-2eba-4721-89dd-32d99184175e
  476_aca4f268 [0QA,NCT] -> 6189c501-693b-41ae-a7f8-40200500fdc1
  476_ec577891 [06X,3QU] -> 05279918-2a16-4ee7-b0d4-146e4fbd9f44
  476_ec577891 [3QO,CPZ] -> 96893fab-828b-4cf9-927e-6aa6a3ee8b9c
  476_ec577891 [9ZJ] -> d4bc6b4d-fcfa-4188-9de5-86fed6d4a511
  476_f7fff33f [MTK,9CR] -> 7e97b835-1f56-40c1-b1ba-22864fb844fb
  476_f7fff33f [225] -> f236e248-6165-468b-9bb6-2f27a1a83fa2
  477_39eada44 [0XV] -> fd08c637-2f00-41dc-97af-d2bfe2a163e0
  477_a506c224 [LFV] -> d60c9164-8e8a-42eb-a78e-0fd2519a4b00
  477_f6ac8610 [6RJ,XI1] -> 238cefec-d0be-4b12-bd96-5bbf0e7ffdca
  477_f6ac8610 [FLP,6YF] -> b70b2a98-4638-4729-90da-72057dd1561b
  478_6eb03748 [32M] -> 2bec827b-e537-48e0-96e6-2243d7123585
  478_9f6a0c23 [1CI] -> 164f5a65-5e21-4df2-bd04-2ea344289a47
  479_7301ea5f [V2H,VD3] -> f273dd21-6eac-406d-958a-c21c0c852c7c
  479_af4ae158 [PN0] -> 3edf0a58-8b65-49c2-b021-4c948abfe9de
  479_cf53e4c3 [CGE] -> c2fb2db0-36c1-4b57-8d13-6e820984f2d4
  479_f5b99101 [SI6,PN0] -> bef2a472-fd62-4053-9ee2-068b6cbfadf0
  479_f5b99101 [PN0,SI5] -> 72508e6d-66bd-4f83-ba79-68735087b193
  479_f5b99101 [AJN] -> 65b6b981-cd3b-4373-8455-33a2429a4c66
  480_0010cf69 [CL6,RIT] -> ac8ca35a-3463-42d2-ae46-2ffb325c9577
  480_0010cf69 [A1BNX,MWY] -> 75d61536-a31b-42f3-90e8-08e1b43ca718
  481_4e319598 [XRD] -> 53554dac-584d-4ba9-8cff-a8b15d9b7cf9
  481_e03083a2 [D2V] -> 32001e21-7764-44fd-9d84-05f953145c3f
  482_3314a5f9 [STR] -> e0a9947d-4fd3-4917-a1c5-4606f8bd5f02
  482_89b551e9 [CPS] -> f309c916-f16b-4a37-a0f7-2f66b23dce4d
  483_4a1aae09 [0T3,1CA] -> 410cc031-50c7-4999-9002-6765adc72993
  484_08f22cf5 [YSY] -> 2c58f054-7e13-4c22-8bb8-638b94fc19d0
  484_16b493d6 [JD7] -> 4d05d60d-ab17-464a-947d-c69ed94de9c9
  484_a14ea32d [2QH] -> 072612eb-9770-48da-afce-7d981915cb2f
  485_3260576c [DVE] -> daab14e3-0bc3-42c2-893b-a43c29d0b3d6
  485_6cd5c2fe [KLN,RIT] -> 9277ec2c-a72e-4fbb-a521-4964f30f139d
  485_6cd5c2fe [MYT,ERY] -> 3278e728-e7aa-42d7-83f6-2d52291732ca
  486_62b873ed [YNV] -> 2134f7e9-3b14-4f4e-971a-97719cd1364a
  486_c05cda03 [ZWY] -> b9ca73dd-d208-45d9-b689-c655dd0f0f1a
  486_ee37fc5f [HC9] -> bd1359f1-e8da-405f-b318-f18d1d71c1c4
  486_f605e37d [CL6,A1ASQ] -> 88868852-c746-40e5-acb6-e12e0ad9bde4
  486_f605e37d [A1ASU,A1ASV] -> 2c3282b4-539e-4767-a5dc-229d6c346ac5
  486_f605e37d [A1ASP,A1ASS] -> 2b5cd40a-0b05-4bc4-ab30-498e6979fb3f
  486_f605e37d [A1ASO,A1ASR] -> 95115857-c961-4f61-868e-bdf901c4c5d0
  486_fe430384 [MYT] -> 398a5730-9174-4461-b7f1-44db460a0aba
  487_32859637 [X1O,X4E] -> bf4e6db7-f08d-4ce0-9c3b-059ed1b4e226
  487_32859637 [X2Q,WZN] -> 2c253944-8974-4ea9-b342-fc4214489f2f
  487_32859637 [X1I,X2Q] -> 4fae9af4-b458-4c1a-9126-753a63847f15
  487_32859637 [X1C,8AW] -> 79be9e28-4c10-4b84-af66-745cae0208f1
  487_32859637 [PKT,T0K] -> 694cbd8e-9f0e-4ba7-9967-2f9fbfe3b4cc
  487_32859637 [O3L,X0E] -> 8c9aa74e-83f3-4270-9c21-a2f9898fef3c
  487_32859637 [A1A4S,7AW] -> 1cd24680-2da2-4923-a4c7-2a80ae450a09
  487_32859637 [NH0,X7D] -> 0573ca0a-047f-4263-a6c5-014e19d78a90
  487_32859637 [X6S,NI6] -> 36f6caeb-2d6f-473f-bde8-7a7d07c43427
  487_32859637 [X6V,Z8Z] -> b945911f-4b07-488f-8f94-4898ce2f20b2
  487_32859637 [NJO,6AW] -> 7ea06168-93b3-406c-8abf-e8962b48c299
  487_32859637 [D0R,X5Y] -> 7870c7e4-1cb4-4cd3-9f76-1f992509c4a6
  487_32859637 [X71,J9K] -> d8118b05-5b9e-42a8-ba88-be574fd59d3b
  487_32859637 [A1A07,D81] -> 11ded2f7-3b44-4276-830b-8c849b01652d
  487_32859637 [Z9Z,A1APA] -> 5f47b851-18b4-4d9b-acf5-50a6cdcfb23b
  487_32859637 [A1A4T,RIT] -> 02250876-f3ff-4ac7-9efa-dd562c65a0e4
  487_32859637 [1RD,X7M] -> d28a6f9a-59d2-4c44-a986-d8cbff3e681b
  487_32859637 [A1A08,A1A4V] -> 7290f097-10c2-4f36-8b56-511338c25f01
  487_32859637 [A1A06,X7P] -> a5c6213d-6bfa-4ff1-972b-5e21cd1d6cb6
  487_32859637 [QEP,A1A4U] -> d2b2d3d1-2681-48fd-8a4f-cfda755585a9
  487_32859637 [X2B,G0V] -> 0445f243-0ed9-461a-80c0-c748173245b7
  487_32859637 [D7J,Y83] -> 183eeee0-ce82-48fc-9728-5e1c83d67f27
  487_32859637 [A1A4K,G1J] -> c25866bf-92c6-4525-8b9b-4fbb8acf72ac
  487_32859637 [80K,X6J] -> ae1b8826-4a2c-4c25-96c7-af646f62d8e4
  487_32859637 [G1D,G0Y] -> 135ba00b-2a3e-4e7d-8294-89d1101ec5eb
  487_32859637 [G0M,WZN] -> 6feb48cd-79a4-4be1-99d1-99a14bed09a7
  487_32859637 [G0D,D7M] -> bfc680ae-5417-481c-804a-3736bbf76632
  487_32859637 [DEJ,D7Y] -> 3c080bce-7396-4ae1-8399-b5aaa3976d2f
  487_32859637 [O39,NJ0] -> 82de4cfd-7a69-4eb4-a7fd-a492c77fd96b
  487_32859637 [QDP,MYT] -> d06b4706-5a06-4eed-a1ff-c1bf1f649dcc
  487_32859637 [FZV,QEA] -> 66d4a028-cf5d-4e55-bd34-1cf55a909dc5
  487_32859637 [QES,5AW] -> 5982d2bc-09d9-4fee-a057-7f89ed810116
  487_32859637 [QE4,DJ1] -> f0d4f0e5-9230-4a69-9a18-77aac513b3b2
  487_32859637 [DEV,G0D] -> ea849097-4ecc-4382-b211-6b9b901ed69a
  487_32859637 [QDV,QDJ] -> d8059158-ad10-41a6-ac54-0e8c89e88ead
  487_32859637 [G0J,FZV] -> 6f712438-d026-43d6-ac8a-abce121b8ce9
  487_32859637 [QDY,08J] -> a6ab1017-2316-4c3d-9b83-59d82d65a0e5
  487_32859637 [CFF,08Y] -> 236bce06-5519-4933-96d4-70fe8e318957
  487_32859637 [CFF,MWV] -> edafeaf8-a119-4569-9119-c0025ad8eb83
  487_32859637 [X8S,TCI] -> 65431147-fd9d-49e4-948b-a64c356fe58a
  487_32859637 [MWY,A1CIW] -> cd73f5fb-ca4b-4f30-b714-9a27f31e4023
  487_32859637 [MWS] -> 88da9ffd-aeb5-4445-8f1d-65d3832c65c7
  487_3996026d [TPF] -> 97618835-7e8e-4b76-9c16-890fd6b6c08b
  487_6d9fa596 [PG4] -> 1a8e0857-c30d-450c-a119-aec1cc5aa8db
  487_8538537b [X74,X7J] -> a9d3a369-3f16-49aa-bcdb-7d53151ffefb
  487_8538537b [NXR,NYF] -> 373658ec-ff09-41da-bfee-3bef3f24f6e0
  487_932e3608 [HC9,HCD] -> 3a7f371a-5023-449b-bbf9-9957692cf1bb
  487_932e3608 [CLR] -> a20318cd-c902-4f05-a702-f964b134db73
  487_ecbf61ae [RIT,08Y] -> 6ffa84b8-a729-49c3-a051-69dc466a16fd
  487_f5412e3a [PK9,PK9] -> 12771079-768f-4ba4-adac-430ddeae6512
  489_c3fc2428 [YHM] -> 84bcf231-c379-4b4a-923a-5d1c86a61fae
  489_d6dd2913 [QHC,O4T] -> 5bd3cd29-8638-4926-898a-6af2b286f9e0
  489_d6dd2913 [O4W] -> ec34d6c8-57c1-473d-988f-7c5d032f5b41
  490_6a8e1ea2 [X2N,VT1] -> 27cea687-6c24-4ee4-8b89-3594b0c22bbd
  491_3c76f070 [UCZ] -> 053c6a2c-f8b4-4d95-9a8c-ea69ecb4be7d
  491_57ef6006 [HJJ,Q4M] -> dd5d5552-faf4-48e9-9fcc-f30659abab09
  491_57ef6006 [Q4P,BHF] -> 1c668f7c-1061-4f7e-b388-fefc16a09cbb
  491_57ef6006 [AQ4,KUV] -> ce71da25-aa3d-42e7-8156-b7ad31de80dc
  491_ec153e60 [0GV,K2B] -> e4b6bca7-8b27-40fe-afd4-b1b1c3c85057
  492_9ba7e278 [OLA] -> 4af146a4-35bb-4521-8924-d6a48ce192d8
  494_df1f3120 [XPK,3NR] -> 763eac52-476c-4427-9f85-bec39bcc9f2c
  494_df1f3120 [UDJ] -> 6e052e8a-8654-4d98-94de-32f6ecb2c5fc
  495_3cc65aad [BHF] -> dea9dcdc-8bba-4a72-a7ec-1a74e11f223f
  495_4b188212 [243,T25] -> 4471d06a-1c57-44e6-8f41-7899f41bb3de
  495_90353ec6 [243,T24] -> acde2ee2-2261-4b0e-a0b7-9f47e5d51969
  495_90353ec6 [T25] -> c78a24d9-c65a-400c-9488-9cbe3b7d89be
  497_9e5b0951 [V16] -> 215aa79d-2fcf-49b4-9328-87ebe8d6282e
  498_b2766aaa [MXD] -> 7397e906-fcee-40d4-9d1d-1b6911d9b8cd
  503_f3121c0f [ASD,ASD] -> b918293d-c88a-4109-b20c-6b595cabe76b
  503_f3121c0f [ASD,TES] -> 7aad7d4d-2708-4e3e-940a-ac47dd795916
  503_f3121c0f [ASD,ASD] -> f80a03d8-c9d9-4ae8-b7e2-c4d1e3722b9d
  503_f3121c0f [ASD] -> 47389f1a-04be-4ec3-be67-bec5d78f5631
  509_e452cdaf [AER] -> 5aafbb88-b7d7-45b9-9c1e-fb06296ac41e
  515_00bd6347 [1YN] -> 8482ae19-86c7-4fff-98c2-c6b063d4247d
  536_e0febc59 [81H,LAN] -> 7ba1cc99-09bb-4ca9-a00b-816e8ca27690
  537_fdcdbc81 [1YN] -> 3d744793-13f8-482a-9a90-d69c1e372458
  539_5aebb388 [SKX,A1AB6] -> 3279351d-4d6c-41a7-88bc-736ba64503cd
  539_5aebb388 [1YN] -> a5c88321-bfa3-4dab-8e83-f3b7d8ccd2a8
  539_5f23ede7 [VOR,1YN] -> ba2ae4e3-b144-40e2-adda-fd76e0563ea7
  539_7cd83d49 [VOR] -> 1d2ab972-e127-4e75-b883-08b65763b09c
  539_91e1b8cc [VOR] -> db4e7311-d130-47a4-8c07-556df33bacab
  551_c92602dd [LAN,JDJ] -> 01ee9498-3626-4c59-a19e-6605f74c8734
{
  "jobs_submitted": 349,
  "total_jobs": 9318
}
