skipping 2 pairs protenix_v2 cannot fold
probing 491 pairs x 4 settings on protenix_v2

  4BJK_18I recycles=5 steps=200 -> a701800f-d097-4395-b8b4-125b9e5f4e1d
  4BJK_18I recycles=7 steps=200 -> 9d9af738-d3b7-49e3-bb99-9e2713b0425f
  4BJK_18I recycles=3 steps=150 -> dca8efe2-1c8c-4ae7-9426-c661fca01655
  4BJK_18I recycles=3 steps=300 -> e1c64a23-a2d0-44c2-af2b-7a04ded0e801
  8EWN_X1O recycles=5 steps=200 -> 07cac115-84b4-41d1-8448-64884d979848
  8EWN_X1O recycles=7 steps=200 -> 9a8ed17b-8f31-4828-bfc8-2dabd624ed36
  8EWN_X1O recycles=3 steps=150 -> 0724782d-9d3e-4ee8-813a-f6a115996834
  8EWN_X1O recycles=3 steps=300 -> 7e74e318-9df2-40b8-adc4-6aa5ba1678c8
  4FDH_0T3 recycles=5 steps=200 -> 71caf079-ebf7-4e80-beb1-764fed7b40f5
  4FDH_0T3 recycles=7 steps=200 -> a5ea03e5-70c6-4b01-87be-f59878fa86f4
  4FDH_0T3 recycles=3 steps=150 -> 77af5077-a740-4e96-9a06-a7ecb4d7f441
  4FDH_0T3 recycles=3 steps=300 -> 8fb5898f-d406-44e0-94b7-cbc420e8084e
  8EXB_X4E recycles=5 steps=200 -> d0c622d1-86ce-4072-b577-eecdf3dc745a
  8EXB_X4E recycles=7 steps=200 -> 52730d8e-93f5-4f05-bf4f-86a4620e14b4
  8EXB_X4E recycles=3 steps=150 -> ea192c33-b25b-4fb4-9d88-2eee87e3a38c
  8EXB_X4E recycles=3 steps=300 -> 18be603b-144a-4cfa-ba32-c51b6a8a47e9
  3B99_U51 recycles=5 steps=200 -> 31892aab-72d2-4d18-bb7c-477dcf1e67c8
  3B99_U51 recycles=7 steps=200 -> dd236230-0e08-494a-bf57-5e204be1465c
  3B99_U51 recycles=3 steps=150 -> 1e1069ae-b3b3-45ba-9654-486e653194e0
  3B99_U51 recycles=3 steps=300 -> 862e3347-1895-458a-9eea-eefcdaf24d2e
  4WQJ_36Y recycles=5 steps=200 -> 81bcaef3-0c4b-4c9e-a8d6-5f6148854b80
  4WQJ_36Y recycles=7 steps=200 -> 85080b7d-65f0-46a7-856b-5c9dd9fe4194
  4WQJ_36Y recycles=3 steps=150 -> 1cf1c998-06f5-401b-a2b4-d47a895c9b07
  4WQJ_36Y recycles=3 steps=300 -> ab026c98-7799-421c-b0b3-2348fe1d0276
  3G93_PB2 recycles=5 steps=200 -> cbe53f98-0db1-477b-aa78-47d1aa9906fc
  3G93_PB2 recycles=7 steps=200 -> 681653cb-823d-48df-8e72-07f7b9d47083
  3G93_PB2 recycles=3 steps=150 -> 039fe5ab-eb22-49b7-b821-c01803d96aba
  3G93_PB2 recycles=3 steps=300 -> b92fc607-db4b-43bf-a8fe-03b411fbb7e8
  3L4D_TPF recycles=5 steps=200 -> eed67100-b26f-4c40-9e15-49b2c6a0c5ae
  3L4D_TPF recycles=7 steps=200 -> 9ed4bfac-809e-4cb8-a062-3c3294f41d9f
  3L4D_TPF recycles=3 steps=150 -> ae1d73a2-52e5-455c-aa17-c9b3c0eaf235
  3L4D_TPF recycles=3 steps=300 -> 18e97a74-32b4-49a9-9c99-f69fa6104d13
  8EWP_X2Q recycles=5 steps=200 -> 0ddafd49-6262-479c-918f-c2a3ea8508e3
  8EWP_X2Q recycles=7 steps=200 -> dab68596-f397-4cc7-8511-64a1392b77d2
  8EWP_X2Q recycles=3 steps=150 -> 47783abe-c213-4635-9f76-ee69cc7fdedd
  8EWP_X2Q recycles=3 steps=300 -> d117c1c1-5598-4216-ae76-a23298463a00
  8EWD_WZN recycles=5 steps=200 -> fb31ac24-cbd7-4459-9e89-d1d9136d4708
  8EWD_WZN recycles=7 steps=200 -> 73248f10-aec5-45c9-9028-723458631bbd
  8EWD_WZN recycles=3 steps=150 -> cce55996-8a9b-4957-9400-250dbe1e6547
  8EWD_WZN recycles=3 steps=300 -> 9cb3bc14-8a98-4872-a778-b7dc7ac8b31a
  3KSW_VNF recycles=5 steps=200 -> 7227d523-7c43-49d3-820c-e929c201d1d3
  3KSW_VNF recycles=7 steps=200 -> 6088dbf1-e7c5-464d-9317-5a8ccc158bf7
  3KSW_VNF recycles=3 steps=150 -> 07313685-b8e2-4fec-aac4-441656e8ab4b
  3KSW_VNF recycles=3 steps=300 -> dbfed5b6-bfee-4053-898e-5add45a457d8
  4BY0_5PS recycles=5 steps=200 -> 9060f040-7821-41b4-808b-7932c54b073d
  4BY0_5PS recycles=7 steps=200 -> 0f0bd9f0-f26f-427d-a53d-96c5fd3eded5
  4BY0_5PS recycles=3 steps=150 -> 670532fb-f3a7-4764-9ab2-8292537fdaef
  4BY0_5PS recycles=3 steps=300 -> be8a78b2-1037-479f-b4ab-fb05ddbbeff3
  2X2N_X2N recycles=5 steps=200 -> fb6a5db6-2d61-4c68-a9b4-03751b2e8e4b
  2X2N_X2N recycles=7 steps=200 -> d4719fec-fcd4-4aad-bfc1-827e4ac07d87
  2X2N_X2N recycles=3 steps=150 -> 47ddf366-a437-4a2f-b0f7-2713e4d8395d
  2X2N_X2N recycles=3 steps=300 -> 92aac5f5-b0cf-4002-9016-322711c0dc15
  8SG5_CL6 recycles=5 steps=200 -> c679b12b-35c1-4a85-99ee-b72b9da7bf4a
  8SG5_CL6 recycles=7 steps=200 -> 35a6c5c5-b4f2-4bd0-9be1-e3af4c606d74
  8SG5_CL6 recycles=3 steps=150 -> f7713e22-5698-4549-b7a5-3c40d638037f
  8SG5_CL6 recycles=3 steps=300 -> b77f3e24-cf71-4403-8409-457c6855d952
  4TUV_CPZ recycles=5 steps=200 -> b30c3296-107e-43fe-bb0f-5bf1d2150a94
  4TUV_CPZ recycles=7 steps=200 -> 3063f31f-308a-41b6-8d45-b502716fe8f3
  4TUV_CPZ recycles=3 steps=150 -> 736ac6a2-ee00-4592-8e04-763914c986af
  4TUV_CPZ recycles=3 steps=300 -> 267e3797-2217-491b-ad8c-54eaa4a42246
  3TK3_CPZ recycles=5 steps=200 -> 6dae173e-d29b-4128-9fdc-824846641467
  3TK3_CPZ recycles=7 steps=200 -> 0b50cafe-6bbf-42ef-bc82-00e4f821fb70
  3TK3_CPZ recycles=3 steps=150 -> b4653ac3-c4f9-4d81-b9fd-1f921f366ad5
  3TK3_CPZ recycles=3 steps=300 -> a224e1d8-dcb4-490f-ab54-446badcecca9
  7N3M_05D recycles=5 steps=200 -> 2eb3a020-ecfe-4583-84e3-92d9e020b14f
  7N3M_05D recycles=7 steps=200 -> 05b3ab48-44e8-4793-b870-e237a82c998d
  7N3M_05D recycles=3 steps=150 -> c2306921-a838-4e20-94f3-b158371f1b88
  7N3M_05D recycles=3 steps=300 -> cdf73d33-386b-4309-8bbf-8b1198bf5783
  8EWM_X1I recycles=5 steps=200 -> a4279943-1e76-4623-83aa-b7e15523396b
  8EWM_X1I recycles=7 steps=200 -> 265903e1-8bd3-44d2-8b9b-98f34e9864b5
  8EWM_X1I recycles=3 steps=150 -> 02194a8f-191b-4abf-8f57-61674ea01cac
  8EWM_X1I recycles=3 steps=300 -> 3e01e791-58b0-4424-91d5-596f13d6577c
  8SPD_CL6 recycles=5 steps=200 -> 36040e41-7290-49a5-9fd6-c1d364c5653d
  8SPD_CL6 recycles=7 steps=200 -> 0b53d335-cdfc-4ddf-a29c-c77eb5016b7f
  8SPD_CL6 recycles=3 steps=150 -> f99ead8b-a270-49c2-9db7-41d938b6177c
  8SPD_CL6 recycles=3 steps=300 -> c06842ac-91f0-4c65-b92a-b450bfd960fe
  8EWS_X2Q recycles=5 steps=200 -> 71a213c5-c0e6-414c-8896-624d9fb58d27
  8EWS_X2Q recycles=7 steps=200 -> f7ef0370-9951-44f4-aed1-18704b553d06
  8EWS_X2Q recycles=3 steps=150 -> f8ea10ca-760f-46ee-accc-ebf1df46508d
  8EWS_X2Q recycles=3 steps=300 -> 73a25a0c-1bc5-4762-8863-78d3b0a4ecf0
  4G7G_VFV recycles=5 steps=200 -> aea9cb55-94b5-4e5d-ad76-25ba129a280f
  4G7G_VFV recycles=7 steps=200 -> 7c31b59e-13ae-4828-8ef8-74e39ecc5e93
  4G7G_VFV recycles=3 steps=150 -> e539ca2e-0a8c-4be0-8fa4-286e9c3193d7
  4G7G_VFV recycles=3 steps=300 -> 8ab0e6b0-1019-4881-8a25-b2fc504efb00
  8EWL_X1C recycles=5 steps=200 -> 7f87b75b-96ca-44dc-96ef-86cb7ea89f70
  8EWL_X1C recycles=7 steps=200 -> a7140f15-6fff-45b8-9370-c6bfd7eafaeb
  8EWL_X1C recycles=3 steps=150 -> bc164c67-d3c2-415a-a484-a85411243188
  8EWL_X1C recycles=3 steps=300 -> 52fd68d2-350f-4756-93e5-b519c8cfa584
  4WPD_3SQ recycles=5 steps=200 -> f4974f88-0fcf-43e9-946f-060960845f2a
  4WPD_3SQ recycles=7 steps=200 -> a35aff94-5d01-42fd-ac31-81c30162ee84
  4WPD_3SQ recycles=3 steps=150 -> 19a4f17e-6bfe-4c71-b0f3-5d65e884bc23
  4WPD_3SQ recycles=3 steps=300 -> 75df0e98-e3f3-4e7c-8aeb-739675285e49
  2JJP_KLN recycles=5 steps=200 -> 5b66b7c3-3257-41f7-a8e8-fa8d96f92b80
  2JJP_KLN recycles=7 steps=200 -> 6435fb1e-4c59-4d6d-b4a6-0a1c5bb7201d
  2JJP_KLN recycles=3 steps=150 -> a44d6610-a857-4e0d-8ff6-072810b9375e
  2JJP_KLN recycles=3 steps=300 -> 31e31bcd-e383-4fde-8f59-814df139bc64
  5VCE_RIT recycles=5 steps=200 -> e19d8dc8-6589-4b80-b9a6-b40025ccec7a
  5VCE_RIT recycles=7 steps=200 -> 077b9e3d-3949-4e70-a6ba-8218cde85b90
  5VCE_RIT recycles=3 steps=150 -> a9c0209a-7cc7-4ef3-afa8-f42fbb14570a
  5VCE_RIT recycles=3 steps=300 -> b345f909-b15b-4729-9ac6-69c7705655f2
  6B82_AER recycles=5 steps=200 -> fc13def3-cbcc-496c-9c6a-43aeb17fb283
  6B82_AER recycles=7 steps=200 -> aaff393a-9944-4964-a7a2-b35c8254b6d0
  6B82_AER recycles=3 steps=150 -> 6a1dd238-738d-4e90-8864-2271c82ca70a
  6B82_AER recycles=3 steps=300 -> da70d0e9-3867-4a4e-9793-a9e1bdc98bd3
  4ZGX_QHC recycles=5 steps=200 -> 6ac4a69d-82b1-4b41-b334-0983a16782a0
  4ZGX_QHC recycles=7 steps=200 -> ee5c4b08-1cab-4176-b851-0aab7e95b8d6
  4ZGX_QHC recycles=3 steps=150 -> 2c75de8c-52aa-4319-be16-39f1bd3211ea
  4ZGX_QHC recycles=3 steps=300 -> 375d814c-03a0-42ea-b60f-2d4f3e9c1234
  4K9X_8AW recycles=5 steps=200 -> a4526041-3f5e-4156-ba83-81f0dfbf6235
  4K9X_8AW recycles=7 steps=200 -> c7e86f87-af57-457a-8aaf-c1ce592452bb
  4K9X_8AW recycles=3 steps=150 -> 5da1bbbc-83b9-4ac3-b496-14e4311c6447
  4K9X_8AW recycles=3 steps=300 -> d97345c6-1f5e-44eb-ad89-15b2d42872b8
  2WV2_TPF recycles=5 steps=200 -> 6967a39d-927e-4d93-92e6-2c2795e8e6a1
  2WV2_TPF recycles=7 steps=200 -> feb661c0-14f6-45b1-a20e-fb7d5e1bcec8
  2WV2_TPF recycles=3 steps=150 -> b3990542-9b7b-4702-a862-2bb79a0fbcfe
  2WV2_TPF recycles=3 steps=300 -> daa32655-efc4-42fe-bf55-c7cc0da2afbe
  4XRZ_SI6 recycles=5 steps=200 -> 33de7faf-28fd-4728-a2e3-15f20de6145a
  4XRZ_SI6 recycles=7 steps=200 -> 9f3efbdd-9bc3-43b6-b5b5-d2ad196f56ef
  4XRZ_SI6 recycles=3 steps=150 -> 80444b8b-b7e1-4579-a451-d70bd97b7a33
  4XRZ_SI6 recycles=3 steps=300 -> 3d497b2c-862f-4ce1-a0bf-a3bd38f8beef
  4TT5_36Y recycles=5 steps=200 -> 272613b7-2ef8-4820-97c7-d87e750f592e
  4TT5_36Y recycles=7 steps=200 -> 54e518a7-6ab1-4356-9266-1a6aafb55528
  4TT5_36Y recycles=3 steps=150 -> f0aa1483-563c-434e-98d1-91a0e351187d
  4TT5_36Y recycles=3 steps=300 -> c05c35f6-3c96-456d-87a4-e12b393d4d81
  3GW9_VNI recycles=5 steps=200 -> e6611d41-f08a-4578-ab1d-5e5e26c34962
  3GW9_VNI recycles=7 steps=200 -> 648db7bb-2695-4b1b-a4b3-9e528b57969b
  3GW9_VNI recycles=3 steps=150 -> d957cf46-9a44-4536-afa7-3aca8774bc4b
  3GW9_VNI recycles=3 steps=300 -> 86ed6ff4-8f46-4b38-825a-c5a8de8836c8
  5LI8_KKK recycles=5 steps=200 -> aa6dc87f-9f65-4586-894c-2c9d87e438d2
  5LI8_KKK recycles=7 steps=200 -> 1ae3a213-093d-4502-8425-e92b4531023e
  5LI8_KKK recycles=3 steps=150 -> fd4fb529-0bf6-4494-b12c-cafb8d67967b
  5LI8_KKK recycles=3 steps=300 -> d5921e49-30f0-4cf3-b41b-8524bc174474
  8DL4_SKX recycles=5 steps=200 -> c91d8c3b-13c1-465c-9c3f-85dc79b6e0b5
  8DL4_SKX recycles=7 steps=200 -> 11f48eee-9cc4-432e-adda-b27c2e29eefc
  8DL4_SKX recycles=3 steps=150 -> a048ff3e-95f8-4787-aeeb-23b117881d72
  8DL4_SKX recycles=3 steps=300 -> 01783216-4732-40a0-9c90-ac2edeab6cf2
  3G5N_PB2 recycles=5 steps=200 -> 78ed0d9f-bdd9-42b8-94aa-e532ecc45d50
  3G5N_PB2 recycles=7 steps=200 -> 5a48cc8d-ff91-46aa-9d04-e9c4f31eb129
  3G5N_PB2 recycles=3 steps=150 -> 45f66204-62e9-420d-9c76-265a36e26c0d
  3G5N_PB2 recycles=3 steps=300 -> b67d051f-ce7a-403d-b181-12957be064d7
  4D7D_PKT recycles=5 steps=200 -> 868b773a-984b-430b-9277-eb2576b6d8e1
  4D7D_PKT recycles=7 steps=200 -> e0c6aa7d-adb8-4956-951d-13bf99ddb9ab
  4D7D_PKT recycles=3 steps=150 -> 3c91d1a9-3397-4bf2-a165-20e76cc41145
  4D7D_PKT recycles=3 steps=300 -> 1785b31a-c179-4235-82ce-5c2f530363d8
  8VK6_A1AB6 recycles=5 steps=200 -> 50383823-0827-48ed-a723-9ee77ad21172
  8VK6_A1AB6 recycles=7 steps=200 -> 583a5260-ca41-426c-a45f-c08b704daaa5
  8VK6_A1AB6 recycles=3 steps=150 -> 644d0083-2c2f-4ab8-96e6-4a18d651da81
  8VK6_A1AB6 recycles=3 steps=300 -> 6e50b778-de91-4b02-bbea-0a991b1040ee
  6C94_V16 recycles=5 steps=200 -> 4ea0eff2-8a24-4f19-8977-3874fd630485
  6C94_V16 recycles=7 steps=200 -> c87c2096-0566-4808-a5ad-474ceaf12cff
  6C94_V16 recycles=3 steps=150 -> f854372c-c8dc-4ec0-9c34-f421a897c37c
  6C94_V16 recycles=3 steps=300 -> 40fc8ebc-ddc4-419f-abd1-aa4c963b8d97
  7LS4_YCG recycles=5 steps=200 -> 6d8d88fd-b56f-49c5-ae0a-d3b242085fc0
  7LS4_YCG recycles=7 steps=200 -> 315b20eb-173a-453c-b938-01e4e1bef46b
  7LS4_YCG recycles=3 steps=150 -> 614d9d7b-5b43-4bdc-94bd-4788b03a3112
  7LS4_YCG recycles=3 steps=300 -> ed890f8f-d999-46b4-85b7-15cf871c18df
  4UYL_VNI recycles=5 steps=200 -> 0f3cca72-3a92-4e7c-99ac-93df8567716f
  4UYL_VNI recycles=7 steps=200 -> 05aa75b0-1eb4-4d27-96b7-1145e9289c7e
  4UYL_VNI recycles=3 steps=150 -> 5fea533d-03bd-4c81-8859-2379e0b4494f
  4UYL_VNI recycles=3 steps=300 -> f5c7ab6b-7ce6-428c-bee4-9826d8441ca4
  4CK8_LFD recycles=5 steps=200 -> d8eb6891-fb20-412b-9c52-6a38f6fd651a
  4CK8_LFD recycles=7 steps=200 -> 492501ce-24ec-4e17-855f-272017302273
  4CK8_LFD recycles=3 steps=150 -> 2cd41d6b-d8a8-4d9c-a31c-8c4dc49325fb
  4CK8_LFD recycles=3 steps=300 -> 4a4f3518-01ec-4bb2-ba2c-ddd78fdc00a6
  6CR2_LFV recycles=5 steps=200 -> 032e373c-9aa6-431b-aac5-5cb155bb6d20
  6CR2_LFV recycles=7 steps=200 -> 8e01be7b-4db2-471f-a79c-8bbec2e102b8
  6CR2_LFV recycles=3 steps=150 -> 022e39c5-7504-4dd4-a526-e92860dcb68b
  6CR2_LFV recycles=3 steps=300 -> 06fe7d14-b362-4147-b80a-a2a11b09bfdd
  4CKA_LFS recycles=5 steps=200 -> 61784d09-1177-4eea-929f-3dbbfeb37034
  4CKA_LFS recycles=7 steps=200 -> 97742d8b-f4ff-4f6c-bf2a-32302a09e5bd
  4CKA_LFS recycles=3 steps=150 -> 96e5dd08-035d-4172-bc24-91596a7934fb
  4CKA_LFS recycles=3 steps=300 -> 46acc46a-c862-4acb-9dab-c9476276d6ef
  4UHL_VFV recycles=5 steps=200 -> 2e046ce6-7f08-4ace-9184-cc129ec5ed65
  4UHL_VFV recycles=7 steps=200 -> bd3aa317-a1c6-49d8-a9dc-903c00b4fd5a
  4UHL_VFV recycles=3 steps=150 -> cd04506f-8619-412b-adba-16de62436001
  4UHL_VFV recycles=3 steps=300 -> dd5bacf7-19a4-4878-a1d4-e1f395f99345
  4CK9_LFT recycles=5 steps=200 -> cefccb06-1586-43a8-a8bc-765d0ee90e22
  4CK9_LFT recycles=7 steps=200 -> 914b507d-01bd-490a-a8cb-633a88b3d8b8
  4CK9_LFT recycles=3 steps=150 -> 2620095e-b30b-4adb-bd94-bff41a8c90bc
  4CK9_LFT recycles=3 steps=300 -> 7e10b8e0-a7c0-471e-94fc-b0c381549720
  6T0L_M8N recycles=5 steps=200 -> 73b9d7b1-28f1-4d9b-8bc5-355579fec5af
  6T0L_M8N recycles=7 steps=200 -> 36ba8aa4-f3b5-48fc-9afb-f330907c5e46
  6T0L_M8N recycles=3 steps=150 -> ec2aa442-8b7b-4a10-ac10-c41f5de5c4af
  6T0L_M8N recycles=3 steps=300 -> ad95e9fa-b7aa-4db5-8ba4-8d8bdacc482d
  4UHI_VFV recycles=5 steps=200 -> b548939b-0e4a-4910-a18d-ddc1e7aa9e05
  4UHI_VFV recycles=7 steps=200 -> 1d3150d0-9d0b-461f-9871-023f1519c463
  4UHI_VFV recycles=3 steps=150 -> 2c78e0f0-f9f0-48a3-8be8-151b3ebed840
  4UHI_VFV recycles=3 steps=300 -> bf55fd31-91c0-46fa-9179-0e62df278491
  5JLC_1YN recycles=5 steps=200 -> a221ad0f-0444-445b-8a63-d0f055dff520
  5JLC_1YN recycles=7 steps=200 -> d9f0095c-c478-4378-934c-faa5ccc792b4
  5JLC_1YN recycles=3 steps=150 -> 2657977b-3844-48b8-8af9-8b3221399762
  5JLC_1YN recycles=3 steps=300 -> 47c9fda1-a735-45f3-80ff-e44c0d26323e
  7UFD_T0K recycles=5 steps=200 -> 40a04856-e05a-44d8-b8ee-5440af5aef42
  7UFD_T0K recycles=7 steps=200 -> 2254e318-b9c4-435a-bc9a-329af9521ae6
  7UFD_T0K recycles=3 steps=150 -> da10e180-020f-4f00-a79c-cf141a8a446a
  7UFD_T0K recycles=3 steps=300 -> e97a06a2-ced6-475c-b8ec-b9049f12f49e
  3T3R_9PL recycles=5 steps=200 -> 79662792-b7b1-4ef0-9ae1-8b21bf7fac1a
  3T3R_9PL recycles=7 steps=200 -> 0bc3d128-79ad-4b39-b4cf-fd32fece27af
  3T3R_9PL recycles=3 steps=150 -> 95446112-c2df-4802-a18a-6ce95b9d1926
  3T3R_9PL recycles=3 steps=300 -> 6cf7b4b1-a6ce-491a-afce-ef86a6be3f51
  4H6O_NEE recycles=5 steps=200 -> 0bbd6918-cff2-4bcd-9e6b-f9539c5b8af4
  4H6O_NEE recycles=7 steps=200 -> 5674b3bf-121c-420f-8604-5631cc27b603
  4H6O_NEE recycles=3 steps=150 -> 3f4a1ebe-6fce-4a4a-b301-9934169a37ab
  4H6O_NEE recycles=3 steps=300 -> a6b62d63-9260-4744-a416-d6fe5a832132
  1JIN_KTN recycles=5 steps=200 -> 999f36a9-cdd3-4afc-8074-62ed42f5810d
  1JIN_KTN recycles=7 steps=200 -> d0c92769-6e5d-4247-ad88-51dee45628df
  1JIN_KTN recycles=3 steps=150 -> 014f70b2-8de0-4faa-a24c-76eaadbc7fb2
  1JIN_KTN recycles=3 steps=300 -> da4850cf-b9dd-49fe-8e98-a923a371fc25
  7UAZ_O3L recycles=5 steps=200 -> 8c33cf6b-5d0a-4f63-a90f-a84f9a050878
  7UAZ_O3L recycles=7 steps=200 -> cea1488e-fbd6-4f45-9743-c4fd944f9ea3
  7UAZ_O3L recycles=3 steps=150 -> 63075d46-1a29-4037-8ada-9e3c835be231
  7UAZ_O3L recycles=3 steps=300 -> 4000c32f-a043-416f-8fcc-41053001f2ba
  4EJI_0QA recycles=5 steps=200 -> e6511cbe-8120-4bdc-8132-183a6d8f428a
  4EJI_0QA recycles=7 steps=200 -> 78991a0b-b4c6-44f8-9e95-69d845ca9413
  4EJI_0QA recycles=3 steps=150 -> 3cc8bd2a-4779-443d-bdee-f08b290d4dbe
  4EJI_0QA recycles=3 steps=300 -> f1bab702-5614-4f22-bdc7-d99479154efe
  4C27_26N recycles=5 steps=200 -> 7d078a04-aea0-44f0-b808-1f471be3c8bd
  4C27_26N recycles=7 steps=200 -> 2088f9ea-6cc3-4d1a-9194-16aca1deaa9b
  4C27_26N recycles=3 steps=150 -> 5783675e-1968-4b44-a768-15b219cc522a
  4C27_26N recycles=3 steps=300 -> bd804c95-a066-41f6-a751-10d1e2161d0d
  3TIK_JKF recycles=5 steps=200 -> 3448f824-d95e-42de-9167-25cb075d7946
  3TIK_JKF recycles=7 steps=200 -> 604b919c-2787-4c10-8b44-e708b5c8c098
  3TIK_JKF recycles=3 steps=150 -> dd557125-80c8-4207-bd4e-c29e0a70fe5b
  3TIK_JKF recycles=3 steps=300 -> 4040fc45-7f18-44c6-8c2b-0abbf454bb84
  3K1O_POZ recycles=5 steps=200 -> 2277064e-cab8-48af-9a23-e171a5b66ae0
  3K1O_POZ recycles=7 steps=200 -> 79326fe5-c3fe-413f-af6e-c6316dc3d85d
  3K1O_POZ recycles=3 steps=150 -> 02a93f7f-e9aa-4f99-b3fa-75857b16f5da
  3K1O_POZ recycles=3 steps=300 -> 4219ef8c-bdad-4f5f-8dba-1fc27fa03a2a
  8EWE_X0E recycles=5 steps=200 -> dbccb6b3-569d-4b52-af07-ebcb5adacc93
  8EWE_X0E recycles=7 steps=200 -> 9ff5f003-384f-4dac-b0c0-c8282d16df18
  8EWE_X0E recycles=3 steps=150 -> 89013e30-9e56-4dd0-a573-490758110f99
  8EWE_X0E recycles=3 steps=300 -> 2d32d64f-35fc-43a9-b4a1-16b7f33dccdb
  3T3S_9PL recycles=5 steps=200 -> 36ca6b34-4e7b-4ec1-8deb-47d08c494396
  3T3S_9PL recycles=7 steps=200 -> 6b17ae89-bc5a-424e-92a1-2bfe259ea738
  3T3S_9PL recycles=3 steps=150 -> f9d09bec-db27-49c3-b78c-ef6075ba4628
  3T3S_9PL recycles=3 steps=300 -> a84959f9-36ed-42fd-849e-5be1dab34d33
  9COV_A1A4S recycles=5 steps=200 -> 2422e5a6-2777-4e23-a28e-49dd010324d3
  9COV_A1A4S recycles=7 steps=200 -> 8847e190-a690-4393-8a48-c433751947ee
  9COV_A1A4S recycles=3 steps=150 -> 0d8eb164-f15f-451d-90bb-188a4b0a9283
  9COV_A1A4S recycles=3 steps=300 -> 449cdfcb-fb09-4f78-99fc-548a1fb58844
  9NNI_A1BZC recycles=5 steps=200 -> 0db0121f-cbd3-4644-8a8f-3ac73d50c287
  9NNI_A1BZC recycles=7 steps=200 -> f47aa0de-0b45-48a1-b6e2-53212d2b4a6d
  9NNI_A1BZC recycles=3 steps=150 -> 839091ad-be65-475e-a72b-cb1896995b8e
  9NNI_A1BZC recycles=3 steps=300 -> 9a5816e9-c691-4956-97ed-215b2b7fa21d
  2WX2_TPF recycles=5 steps=200 -> b01e9290-e33f-4414-aebc-9f04dc3e3df4
  2WX2_TPF recycles=7 steps=200 -> 635ad5a3-9c51-4aef-b412-1480db3a8a1a
  2WX2_TPF recycles=3 steps=150 -> 12b3f677-f3cd-48c0-83ec-3ca28a937e80
  2WX2_TPF recycles=3 steps=300 -> 94b41d36-1932-4303-baf7-93cf109a3a41
  4K9W_7AW recycles=5 steps=200 -> 3f4b95c0-98e0-4449-a7ce-da4885425fd0
  4K9W_7AW recycles=7 steps=200 -> d848ef2e-0f60-4eee-944e-546a5d72b6fc
  4K9W_7AW recycles=3 steps=150 -> efa69e3e-1ec3-4520-b39a-b0f7d4f2f0dc
  4K9W_7AW recycles=3 steps=300 -> 9a6c8333-0d7a-40af-a953-05d21b0bd03b
  5O4K_9KE recycles=5 steps=200 -> c8791889-83f8-48cd-b534-16f7a2eac7c8
  5O4K_9KE recycles=7 steps=200 -> a1e8ff0b-b96c-4e3e-b771-342b57ed5e8c
  5O4K_9KE recycles=3 steps=150 -> bee2851b-3d2b-4981-b183-8c80c7b84666
  5O4K_9KE recycles=3 steps=300 -> a5e901ee-1715-4de5-a5bc-05bef97b9636
  2V0M_KLN recycles=5 steps=200 -> fe51a986-8a8a-47d8-8462-09f1a49d9d87
  2V0M_KLN recycles=7 steps=200 -> 3b7c8105-36ec-4b1d-a6a1-5219bc5ddd5e
  2V0M_KLN recycles=3 steps=150 -> 818d3000-afe4-4ee4-8450-463ca355005e
  2V0M_KLN recycles=3 steps=300 -> 923f8ed3-f6f5-48b0-a32f-29e36c52abdf
  7UF9_NH0 recycles=5 steps=200 -> 158cf64c-ba4c-42f7-b66f-3d79699a3d8e
  7UF9_NH0 recycles=7 steps=200 -> e4cc38ad-c952-4f1f-a567-f4b68b25f7d0
  7UF9_NH0 recycles=3 steps=150 -> ce97e97f-39a7-4130-8311-50fbffe83998
  7UF9_NH0 recycles=3 steps=300 -> 816383f0-d8ec-42ac-a12d-3e493aff64b7
  7KVQ_X7D recycles=5 steps=200 -> f18cb1d3-0bd9-4dbc-a53c-55d75ede8158
  7KVQ_X7D recycles=7 steps=200 -> eef83009-87fe-4e10-80a5-eb055d9859ab
  7KVQ_X7D recycles=3 steps=150 -> 30c7cd44-c0dc-4973-8179-f7e19d753937
  7KVQ_X7D recycles=3 steps=300 -> 7cba1733-820b-4e6e-9e7c-442cfb340027
  8S53_3QO recycles=5 steps=200 -> 25f708c3-3d8b-47c8-9d5c-89556af9c055
  8S53_3QO recycles=7 steps=200 -> 74005dc2-4450-4ed5-aca9-9b4701416770
  8S53_3QO recycles=3 steps=150 -> aa2b769d-a353-474e-b4d7-75ea8509afe0
  8S53_3QO recycles=3 steps=300 -> f2213919-3d35-4159-84b9-caa44a0d8eb8
  7KVO_X6S recycles=5 steps=200 -> f1ec7da3-43ce-4efc-8fab-67a10d2c2ceb
  7KVO_X6S recycles=7 steps=200 -> 4e9abdf3-4e0e-43e2-bd9f-445ab0c8f908
  7KVO_X6S recycles=3 steps=150 -> 9630126f-ddea-4f37-9972-8e3f6fc41550
  7KVO_X6S recycles=3 steps=300 -> 983a13ab-2ec5-489e-a66c-e64cfd8f02a7
  4G3J_VNT recycles=5 steps=200 -> 2d5bde97-e945-40b9-b20e-ed5e42572bcd
  4G3J_VNT recycles=7 steps=200 -> fd6008f6-8aac-4c8b-8919-d1bd64aec3b9
  4G3J_VNT recycles=3 steps=150 -> ce5a98b6-5ee2-4cd8-92be-d0b5d9f0b7a1
  4G3J_VNT recycles=3 steps=300 -> 2c234d3f-2a17-4624-a23f-71ad38ce9092
  6Q2T_PJM recycles=5 steps=200 -> 0f101fcf-0f68-4648-92bb-f5e43eb0e23d
  6Q2T_PJM recycles=7 steps=200 -> ef78f47a-56e2-465a-ab2a-af833caad840
  6Q2T_PJM recycles=3 steps=150 -> f9e9c445-589d-4c42-882d-9e85ae9755ec
  6Q2T_PJM recycles=3 steps=300 -> 6d314e4e-5040-4515-8e42-5a1ee3e1fba1
  7UFA_NI6 recycles=5 steps=200 -> 46d0d16d-50a9-4383-ab0f-b278ff5f3453
  7UFA_NI6 recycles=7 steps=200 -> 72ebcd78-ee6c-477d-8553-ddd97e3a9ce2
  7UFA_NI6 recycles=3 steps=150 -> 677747b8-97bd-4f61-b1c1-7047e4075e3f
  7UFA_NI6 recycles=3 steps=300 -> 5da37b7e-d095-4c2a-808f-3d22ca01877f
  5FSA_X2N recycles=5 steps=200 -> b5797fdc-35ec-46af-b6e9-50da7f3e6a2c
  5FSA_X2N recycles=7 steps=200 -> 60aa2cd9-d8d6-4d51-9e96-613567f7eef0
  5FSA_X2N recycles=3 steps=150 -> 59e68b53-18c3-4524-8082-41c87bd7967e
  5FSA_X2N recycles=3 steps=300 -> 714da835-a7e0-4b19-b115-4364d0c445e1
  7KVN_X6V recycles=5 steps=200 -> d2ec4bec-eb6b-48ba-9788-1baaddec5914
  7KVN_X6V recycles=7 steps=200 -> 1ec114bd-202f-4ad3-854a-ce21a15fa26d
  7KVN_X6V recycles=3 steps=150 -> 91615929-0586-4832-8d10-81d48a508b0e
  7KVN_X6V recycles=3 steps=300 -> 20798bcb-4d20-48c2-8edb-239a6b6b7f65
  7KVS_X74 recycles=5 steps=200 -> 5a4856e7-be04-4718-b7f3-a45ab14f5b7d
  7KVS_X74 recycles=7 steps=200 -> d730098f-a975-4efc-8539-eb8af33f2922
  7KVS_X74 recycles=3 steps=150 -> b244305b-80e1-4413-8b74-f8545621b388
  7KVS_X74 recycles=3 steps=300 -> 523702d9-3692-4b50-97f8-117ea467ddaa
  4UVR_J5Y recycles=5 steps=200 -> 4193828f-ca14-4d97-8ec2-d5c738bcf1e3
  4UVR_J5Y recycles=7 steps=200 -> 4da20ec2-7bcd-4fd6-b16f-af0437004409
  4UVR_J5Y recycles=3 steps=150 -> dd784a9c-5f40-4eef-985f-0720e5c92eb4
  4UVR_J5Y recycles=3 steps=300 -> 60e2679c-3bec-4609-9eb7-eec9de972c19
  3JUS_ECL recycles=5 steps=200 -> c61bc38d-ff64-47fb-8882-0e4ed554c40e
  3JUS_ECL recycles=7 steps=200 -> 37f4c815-b5ec-4f01-a7de-f36c6b6c8164
  3JUS_ECL recycles=3 steps=150 -> e501f274-8cb0-4be7-b594-a168e3f46fc5
  3JUS_ECL recycles=3 steps=300 -> 63ee5f96-90e6-4ea2-9fd0-f8df8cfdfcf7
  7E7F_MYT recycles=5 steps=200 -> 3ab4c4a6-d82b-400a-b1c7-85089d413209
  7E7F_MYT recycles=7 steps=200 -> f91a2288-e93e-442d-965f-27dcd087fe87
  7E7F_MYT recycles=3 steps=150 -> b6868ce9-03fa-4eeb-ac15-f22e0218df1d
  7E7F_MYT recycles=3 steps=300 -> 5dffd731-dc1b-4b4f-a9e7-2c5830caf846
  6XZ8_O4T recycles=5 steps=200 -> 5b09427b-a980-476b-bfab-11570e74b531
  6XZ8_O4T recycles=7 steps=200 -> 525909ff-c73d-4cd9-962c-63c8f3ae9c81
  6XZ8_O4T recycles=3 steps=150 -> 7ce7f3e4-a67a-4680-8715-654f587e63cf
  6XZ8_O4T recycles=3 steps=300 -> ec95ead7-043c-42a6-877c-e033ad410d2b
  4COH_T9H recycles=5 steps=200 -> 564a349a-1fc8-4c77-86f0-b5d3c9905ddb
  4COH_T9H recycles=7 steps=200 -> 9eefca11-e3fa-454b-8f21-af4c2638fd19
  4COH_T9H recycles=3 steps=150 -> b653f695-60f7-47f7-a861-c4b4cf0b29ae
  4COH_T9H recycles=3 steps=300 -> 67bcf1a9-bed8-41c1-9ba8-f7e936e2875e
  2WH8_II2 recycles=5 steps=200 -> 4a61bb44-027c-4d01-acb2-02ef58027242
  2WH8_II2 recycles=7 steps=200 -> 546cdd24-ab98-4d7d-8f76-07e7d5933772
  2WH8_II2 recycles=3 steps=150 -> 9a34d867-dcb1-49b1-85aa-62f7a5d4ba1b
  2WH8_II2 recycles=3 steps=300 -> e8e9c9f2-dced-430a-850d-bb196d96d822
  4EJH_0QA recycles=5 steps=200 -> b79080b7-7867-452f-804e-9fddd540b423
  4EJH_0QA recycles=7 steps=200 -> 1b825c8a-7b83-4b72-8b2b-dadca7d7cf4c
  4EJH_0QA recycles=3 steps=150 -> 07fb9f6d-5c39-411e-b896-63ed9ec8daeb
  4EJH_0QA recycles=3 steps=300 -> ea3e441e-371c-421f-b6ec-adf5558e2dda
  7N6F_0I1 recycles=5 steps=200 -> 993607db-0854-444f-b436-6478b4fcc327
  7N6F_0I1 recycles=7 steps=200 -> 943cfe0e-36ff-40bb-8f03-c7f1a2b5c7e4
  7N6F_0I1 recycles=3 steps=150 -> 64777b52-8ae7-49cf-aa83-02331ef24568
  7N6F_0I1 recycles=3 steps=300 -> b5c07ba3-ee10-41b2-8a95-0443363d6e69
  7P5T_5YG recycles=5 steps=200 -> c4bff331-ce4e-4784-bcbf-e4d9cb99c4c6
  7P5T_5YG recycles=7 steps=200 -> 74a7144c-bec7-4e2a-94e6-29c4e72a517b
  7P5T_5YG recycles=3 steps=150 -> 8db9efbb-28ef-4243-b533-594d7f60e904
  7P5T_5YG recycles=3 steps=300 -> 6c528438-799b-4793-a239-e058fb7cd20c
  7LS3_YCJ recycles=5 steps=200 -> 63ae5813-c552-4a91-8dde-b333821d5477
  7LS3_YCJ recycles=7 steps=200 -> 3ed0a32a-87b9-42e3-8c0c-29202b152932
  7LS3_YCJ recycles=3 steps=150 -> c3b7e7c4-0a04-4f58-a15d-06b67c1f97ea
  7LS3_YCJ recycles=3 steps=300 -> d984a011-44f7-4ce3-b8af-a3030f81be7d
  4I4G_Z8Z recycles=5 steps=200 -> a553cde7-972d-4be7-9896-d834bc382e5b
  4I4G_Z8Z recycles=7 steps=200 -> 8061e40f-9ea7-4d22-a751-ed02ed330dd0
  4I4G_Z8Z recycles=3 steps=150 -> 94e3a61e-445a-4859-92c8-12c32413be4b
  4I4G_Z8Z recycles=3 steps=300 -> fcead3f8-7004-4dc0-9edf-21a81336058d
  8A9P_ENK recycles=5 steps=200 -> 51f1cab1-2804-4650-9672-15fbf2eff6e6
  8A9P_ENK recycles=7 steps=200 -> 3fe05fb6-88b0-444a-94d1-50203d6fbc33
  8A9P_ENK recycles=3 steps=150 -> 42ab6108-dafa-460b-be00-313cf3b5c1e3
  8A9P_ENK recycles=3 steps=300 -> e69aa7ca-a845-4ff0-993f-48b2ab4eb034
  1EGY_9AP recycles=5 steps=200 -> 8ad747ba-fc10-4a7a-9ca5-d550fe232f22
  1EGY_9AP recycles=7 steps=200 -> d10a5201-1bf1-410b-a35c-7ce9339ee524
  1EGY_9AP recycles=3 steps=150 -> 281cfec2-0764-4b33-a300-6ebe661a912d
  1EGY_9AP recycles=3 steps=300 -> 2cec0428-4d6a-4415-b64f-935bd19c3c3a
  7UFC_NJO recycles=5 steps=200 -> b914a68f-b0c4-45b5-9cf6-8cef2b9f295d
  7UFC_NJO recycles=7 steps=200 -> 94acbe1b-efcb-4b62-bea8-6989c83d109b
  7UFC_NJO recycles=3 steps=150 -> 1c515de9-1bc6-43f7-b59a-28becdda6f02
  7UFC_NJO recycles=3 steps=300 -> 742c3a07-6c47-48c6-8240-526085b15872
  2XFH_CL6 recycles=5 steps=200 -> cbd4c6e2-c031-4cfe-a09c-28ed37f62419
  2XFH_CL6 recycles=7 steps=200 -> 0835d3a8-45cc-47bf-8287-36a1f9e7e98f
  2XFH_CL6 recycles=3 steps=150 -> 8a9b0f28-dc6d-4a8e-b596-ce107e852bea
  2XFH_CL6 recycles=3 steps=300 -> d4b47575-ac7d-47cc-b806-94b772131bb4
  4K9V_6AW recycles=5 steps=200 -> e87a6392-1790-4841-9685-f010c4779709
  4K9V_6AW recycles=7 steps=200 -> 7aeeab11-8e8b-42ef-9ba8-0858bd1f70c3
  4K9V_6AW recycles=3 steps=150 -> 111dc9a2-3d17-4199-b0c4-2fe349fddd9f
  4K9V_6AW recycles=3 steps=300 -> e9d28e2e-9337-4829-a0e4-611050ee06b3
  9NNO_A1BY9 recycles=5 steps=200 -> 02529541-2f7b-46fc-ae8d-6354ccc6c45c
  9NNO_A1BY9 recycles=7 steps=200 -> d75121f9-12e1-4553-85f6-27efd341637c
  9NNO_A1BY9 recycles=3 steps=150 -> b6b6d864-f088-4a83-b7e3-e01d6f3f11bd
  9NNO_A1BY9 recycles=3 steps=300 -> 273a8b9c-e951-4349-b33b-96c9aae7421c
  6T0K_M65 recycles=5 steps=200 -> 68149612-2363-43f1-8d76-ced2945dd4f9
  6T0K_M65 recycles=7 steps=200 -> 2d43847d-80df-41f6-9e0c-6186b767e943
  6T0K_M65 recycles=3 steps=150 -> 8422c068-5d58-4caf-9d16-af097d250f48
  6T0K_M65 recycles=3 steps=300 -> 091a219a-bd5d-4cd3-b751-d1bd848ffb93
  6UW2_CL6 recycles=5 steps=200 -> 32cf86cf-5393-4226-b6f8-5488de85f6df
  6UW2_CL6 recycles=7 steps=200 -> 4f03e438-0e81-4c8a-9dda-e56dada2d570
  6UW2_CL6 recycles=3 steps=150 -> 87aebd94-483f-449a-81c4-787af4511f8a
  6UW2_CL6 recycles=3 steps=300 -> 41fc609b-0103-40b7-8007-6e1735aa8a0e
  9NNA_A1BZE recycles=5 steps=200 -> 96574b0d-d292-46da-8921-2c0c0ad80a8b
  9NNA_A1BZE recycles=7 steps=200 -> 9589cac9-2ee7-4d44-b4be-78997106b5de
  9NNA_A1BZE recycles=3 steps=150 -> 9a72c2f0-1035-4b5a-98fb-acf6e125afae
  9NNA_A1BZE recycles=3 steps=300 -> 00adf9a9-189f-4225-905e-a28f28d6ad3e
  4UYM_VOR recycles=5 steps=200 -> 94ee6ef0-6653-4076-a48f-efd83dbb9d36
  4UYM_VOR recycles=7 steps=200 -> 9cd4f4eb-a39c-4af4-a849-06e41ca7e19c
  4UYM_VOR recycles=3 steps=150 -> 717a4e37-d7c8-4bd1-b4f6-0d52416be8b8
  4UYM_VOR recycles=3 steps=300 -> 1cae2118-6556-4e71-857c-a852a2cbfd77
  3TJS_D0R recycles=5 steps=200 -> 4ea4baa2-e9a1-442a-b256-e055fa3af079
  3TJS_D0R recycles=7 steps=200 -> 9c0be997-f182-42d0-a8bf-0e5a65e69256
  3TJS_D0R recycles=3 steps=150 -> c9f38eae-dc75-4e5e-9edf-a5950fcf3797
  3TJS_D0R recycles=3 steps=300 -> 988d5a9b-a835-4e0d-bf6e-60be59b35b23
  4BMM_TU1 recycles=5 steps=200 -> 86bdf736-2fa8-466d-874f-fb841184e710
  4BMM_TU1 recycles=7 steps=200 -> 60ea6855-1ce9-4a84-894e-3cd28537c3ba
  4BMM_TU1 recycles=3 steps=150 -> b50daf1f-067c-4fc0-ae5d-2bc5ad9d54f7
  4BMM_TU1 recycles=3 steps=300 -> 132ec4d7-9aa6-467e-81e0-d1056491af43
  5EQB_1YN recycles=5 steps=200 -> 63123249-eb46-4f6e-a50c-0345f51bdcd0
  5EQB_1YN recycles=7 steps=200 -> d52fdbdf-85db-4dc2-a88f-0da84579f2a0
  5EQB_1YN recycles=3 steps=150 -> 68fb76f0-0c88-4dec-ac9a-9372803cd8f5
  5EQB_1YN recycles=3 steps=300 -> 1b3fb5dc-c288-496f-82c7-916e377908a1
  7KVH_X5Y recycles=5 steps=200 -> 8d3f46ca-9750-42bd-a0c4-8b1fa38509b1
  7KVH_X5Y recycles=7 steps=200 -> c4562e40-aefd-4828-b9f3-a081c0d249b4
  7KVH_X5Y recycles=3 steps=150 -> 1489812e-cc37-478e-8110-80086302328d
  7KVH_X5Y recycles=3 steps=300 -> 0a00221f-d531-4b59-bedd-bab701778bc8
  3R9C_ECL recycles=5 steps=200 -> b1ea57e8-2dbf-4abe-9ccc-cfc518227c5f
  3R9C_ECL recycles=7 steps=200 -> 1cf5dd6a-df1c-47e0-906b-30dccd48e36a
  3R9C_ECL recycles=3 steps=150 -> 26b97cc8-a16b-419d-a6bb-6311c821abe8
  3R9C_ECL recycles=3 steps=300 -> 283fb31d-1d03-494f-80d2-854eddd6f1ab
  7KVM_X71 recycles=5 steps=200 -> f212a13c-00b8-4aba-8a33-468e03bbb8e0
  7KVM_X71 recycles=7 steps=200 -> f3960ee4-a496-41dc-a95b-6405286a53bd
  7KVM_X71 recycles=3 steps=150 -> 1f8567e5-4399-43fc-820b-65816c5c0bf4
  7KVM_X71 recycles=3 steps=300 -> 58695642-16ba-4922-9a50-2f0e5f3d14cd
  7N3L_04Y recycles=5 steps=200 -> 4efe641d-19c5-49c8-82a5-1255a7d18f53
  7N3L_04Y recycles=7 steps=200 -> 81e067ca-2fd4-41c2-b1d6-b0ff48b1546d
  7N3L_04Y recycles=3 steps=150 -> a559a6a9-ebdb-4676-865b-0771dd28cf6b
  7N3L_04Y recycles=3 steps=300 -> 4bacfb09-6c35-418c-9c39-37dfa26e3928
  2W0B_CMW recycles=5 steps=200 -> 3f2114a1-fbcb-402d-82d2-c37f65867102
  2W0B_CMW recycles=7 steps=200 -> 0e3a2bd9-3212-4ac4-b0fc-d31fc5766669
  2W0B_CMW recycles=3 steps=150 -> bf688bc3-7772-45e6-8b4c-eec1f63b41d7
  2W0B_CMW recycles=3 steps=300 -> 2bd3cf20-6c67-4fd0-aaea-6802913c1e2f
  2WHF_II4 recycles=5 steps=200 -> 356a3b2b-9c2a-42be-8ea5-e0172cd0d07d
  2WHF_II4 recycles=7 steps=200 -> 56739787-9e9b-41c4-ab38-88d9d5730804
  2WHF_II4 recycles=3 steps=150 -> 53ba171e-eba2-4d08-9356-485c08ee3d9a
  2WHF_II4 recycles=3 steps=300 -> 3a996504-11b7-4781-933d-e27469f89785
  7LRL_YBS recycles=5 steps=200 -> 33daede5-a269-4cb8-925a-8b39165bec19
  7LRL_YBS recycles=7 steps=200 -> 1f16ec83-e5a4-4a7b-99f4-babc96251603
  7LRL_YBS recycles=3 steps=150 -> ba07351c-24e1-4a7a-9b19-a4ee4bab11c3
  7LRL_YBS recycles=3 steps=300 -> 7e80a48d-0283-48c0-aa70-1ce1279f77d2
  4D78_J9K recycles=5 steps=200 -> 3875afe7-fbac-420d-8b03-f6716d6b5b90
  4D78_J9K recycles=7 steps=200 -> 710f050e-201b-46ae-a00b-f3eceeb0368d
  4D78_J9K recycles=3 steps=150 -> c014a843-6415-4fa8-9631-3155a953a835
  4D78_J9K recycles=3 steps=300 -> 45a66e2a-46fb-414f-b0c3-a637ac35adac
  4C28_TW5 recycles=5 steps=200 -> 25056d13-27b2-4fdf-bfc4-14262034939c
  4C28_TW5 recycles=7 steps=200 -> ada1c6c4-5a61-43e2-b8f5-6a75702d9383
  4C28_TW5 recycles=3 steps=150 -> f7fbb7d4-0345-4d11-af3f-e112b4c99ccd
  4C28_TW5 recycles=3 steps=300 -> ec8605f2-8af2-4453-8c60-60e7cc6ae2a0
  9NNM_A1BZA recycles=5 steps=200 -> 9bdfe26c-bac8-43e8-916b-56990384a801
  9NNM_A1BZA recycles=7 steps=200 -> 01be7d94-dcf7-4a5d-ad63-7e75aac0dc87
  9NNM_A1BZA recycles=3 steps=150 -> c8898ef0-93b2-498f-8757-722918c87264
  9NNM_A1BZA recycles=3 steps=300 -> 8f270c24-6396-48eb-8d18-af99da2b2681
  7YXF_I6Y recycles=5 steps=200 -> 8066b39c-18a4-4400-80d3-c503f1acf861
  7YXF_I6Y recycles=7 steps=200 -> 645b01f9-2052-4b83-a56c-e0de888f8b0b
  7YXF_I6Y recycles=3 steps=150 -> 3af00e55-d6ec-439e-b3c3-1b5870e275fe
  7YXF_I6Y recycles=3 steps=300 -> 3286539a-528b-430c-bc16-acf24c968985
  9NNE_A1BZD recycles=5 steps=200 -> be458768-6aa6-4165-81be-8732a5786e88
  9NNE_A1BZD recycles=7 steps=200 -> 0b138b96-059e-42a8-85f2-c6d779be5fb5
  9NNE_A1BZD recycles=3 steps=150 -> 3e6083a3-01e8-42ab-b10e-bbb6e9c44b07
  9NNE_A1BZD recycles=3 steps=300 -> 2f18b018-f74c-4d62-a7d7-e430df965108
  9NNJ_A1BZB recycles=5 steps=200 -> 97909f01-0712-4f9c-80e0-f4a82b617634
  9NNJ_A1BZB recycles=7 steps=200 -> bb5bd0d6-79a4-46ba-8f6b-ffce38817c14
  9NNJ_A1BZB recycles=3 steps=150 -> 633273a8-a950-4504-804b-f9b2f448a2e2
  9NNJ_A1BZB recycles=3 steps=300 -> 23a7e6bb-4bfa-40f4-9cce-f2a551d0bfb0
  8FDA_XPK recycles=5 steps=200 -> 5b6dea0e-816c-46e5-a9c0-212f84db3e04
  8FDA_XPK recycles=7 steps=200 -> 985bde77-6a62-499f-9ff4-78540d1778fe
  8FDA_XPK recycles=3 steps=150 -> 16d9820b-a50a-4ea2-bb01-2b316fe2bcdc
  8FDA_XPK recycles=3 steps=300 -> af69640a-3732-4677-b181-b4e6a8afcce0
  2BDM_TMI recycles=5 steps=200 -> a7f1fe93-3318-4d29-a53e-ddd22df76f08
  2BDM_TMI recycles=7 steps=200 -> 6cffdfd2-a23d-44b2-a575-e5618377213d
  2BDM_TMI recycles=3 steps=150 -> 12756e44-b0d0-4987-9731-c2cecb1823ee
  2BDM_TMI recycles=3 steps=300 -> 0a9eb818-83aa-49e0-809d-97433fa4b358
  9VGO_A1MAI recycles=5 steps=200 -> c4c9a841-4891-4bc1-85e3-a90a2a634fd1
  9VGO_A1MAI recycles=7 steps=200 -> 61a8d32b-700f-4cce-bf4d-e235ff0e08f9
  9VGO_A1MAI recycles=3 steps=150 -> 31df4eb3-27ad-4c44-a34b-9706b341f9d7
  9VGO_A1MAI recycles=3 steps=300 -> 6622616e-de0f-4667-a386-4c1cebff0589
  3TMZ_06X recycles=5 steps=200 -> a3a28607-1f72-4476-a4a3-26dc4565e919
  3TMZ_06X recycles=7 steps=200 -> 0f7b798a-bf23-4771-b977-71ccc66f3f1a
  3TMZ_06X recycles=3 steps=150 -> cf1794eb-860c-4807-99d2-a177ae1dbbbe
  3TMZ_06X recycles=3 steps=300 -> fe90f421-1a1e-499c-bdf6-76803bbeedfe
  9COR_A1A07 recycles=5 steps=200 -> 4c07a095-f9ba-4f08-94d1-f289ef743129
  9COR_A1A07 recycles=7 steps=200 -> 5c71f99b-221b-447c-b1a6-ec3831bd65e7
  9COR_A1A07 recycles=3 steps=150 -> 6d24a5f9-f156-44e0-ba04-7ff226d328cd
  9COR_A1A07 recycles=3 steps=300 -> 16146755-3eed-4b34-a06b-46e2b139534a
  6BD8_D81 recycles=5 steps=200 -> aadd3171-8bf6-4c26-be25-4f03a0e15be9
  6BD8_D81 recycles=7 steps=200 -> 51bcb18e-388b-4d29-9712-9fd4153fc90a
  6BD8_D81 recycles=3 steps=150 -> 7f4db7ae-5359-4ce6-94b7-049d7c1fd349
  6BD8_D81 recycles=3 steps=300 -> 50c0bf82-8174-4a5c-a52a-e07bef3cb5f7
  7QJL_DQE recycles=5 steps=200 -> 6d0eb0a1-6d4f-4bc1-9f57-545df53e4ef9
  7QJL_DQE recycles=7 steps=200 -> aa31c8f2-a535-4446-8271-26861761180a
  7QJL_DQE recycles=3 steps=150 -> 16bdeee7-c6ff-4054-af3b-8e4feb9cc87b
  7QJL_DQE recycles=3 steps=300 -> c787261f-5436-4fe4-b4ae-c5b701fc9ba6
  4I4H_Z9Z recycles=5 steps=200 -> db5c5dda-5fbd-470d-b2b3-6d0c210c1b0e
  4I4H_Z9Z recycles=7 steps=200 -> b5153c3b-4527-4686-b11a-c0ed0441396b
  4I4H_Z9Z recycles=3 steps=150 -> e1d5faee-7d92-4bc0-bfad-a18c8778589c
  4I4H_Z9Z recycles=3 steps=300 -> 21be8b5e-e728-4b41-8cc4-f0ff8240b6a2
  2FDV_D2G recycles=5 steps=200 -> 91b67f98-7413-45bf-bbcb-badd61d82b87
  2FDV_D2G recycles=7 steps=200 -> ad7c50d1-a72a-44fc-93d5-71e42c31e69b
  2FDV_D2G recycles=3 steps=150 -> 36a8ba8a-4257-4d5c-b22c-65e79bdb6b3f
  2FDV_D2G recycles=3 steps=300 -> 856e14fa-f7e7-49a2-9c70-bee7ee6fb160
  5FRB_VT2 recycles=5 steps=200 -> f2f0e503-ce50-4136-a667-5fd47adb346d
  5FRB_VT2 recycles=7 steps=200 -> c1a38b86-8e58-4cb7-892a-884450bb6c1d
  5FRB_VT2 recycles=3 steps=150 -> bc85a166-a25a-4f9d-94cf-0b9ad1b45516
  5FRB_VT2 recycles=3 steps=300 -> 2b9d2de3-1bc0-4df8-98ba-e02354fde331
  2Q6N_1CI recycles=5 steps=200 -> 91fa132c-148f-4a67-8558-5792a1b381dd
  2Q6N_1CI recycles=7 steps=200 -> 6d7f03db-3eb0-4a12-b296-8b9788814049
  2Q6N_1CI recycles=3 steps=150 -> 72035617-93ab-4db5-9d92-9fadb5cacf4b
  2Q6N_1CI recycles=3 steps=300 -> 7b6ac149-5578-46dd-a051-d66ae37a0edd
  1SUO_CPZ recycles=5 steps=200 -> a2efb648-f83e-4e89-a4dd-a943dbb18aaa
  1SUO_CPZ recycles=7 steps=200 -> 569920ed-e191-47d8-a72b-61903e72a649
  1SUO_CPZ recycles=3 steps=150 -> 5852df4b-3c38-4711-a9da-e37002196748
  1SUO_CPZ recycles=3 steps=300 -> a516c493-e29d-4e55-a039-6d776d35825b
  5O4L_9KB recycles=5 steps=200 -> 77e612c5-cf24-4f6c-85a6-4c06194f3299
  5O4L_9KB recycles=7 steps=200 -> a49b3128-3821-4de4-89c3-4d2a1a050ec4
  5O4L_9KB recycles=3 steps=150 -> dbf72d94-40b0-4045-a27e-b259d06e04d1
  5O4L_9KB recycles=3 steps=300 -> bcb175d1-4e87-4c15-be31-51bbb379e7bd
  7RYX_81H recycles=5 steps=200 -> a4421763-b294-4f9e-a5b1-001945fef582
  7RYX_81H recycles=7 steps=200 -> 9d577c40-07dc-4f53-9a49-e95dca5da0ab
  7RYX_81H recycles=3 steps=150 -> 7789ca51-5956-46a5-a633-0726ca13ef2e
  7RYX_81H recycles=3 steps=300 -> dea0aa8f-5de6-472e-b5f7-31b43200c28e
  9BBB_A1APA recycles=5 steps=200 -> 39fd7c9c-f079-40db-b03a-ade40f32999d
  9BBB_A1APA recycles=7 steps=200 -> f189ebcf-1be5-438a-a8e7-b85ecc20f7c0
  9BBB_A1APA recycles=3 steps=150 -> ea79aec0-8363-4f32-a565-a057f750b5df
  9BBB_A1APA recycles=3 steps=300 -> 0872fe52-960d-4d63-8a9f-8cb1a93c3451
  9COY_A1A4T recycles=5 steps=200 -> 91d84cf0-0f2c-432a-9ccd-3f97c7561783
  9COY_A1A4T recycles=7 steps=200 -> a5cdc93d-7a65-48a9-924c-a21870d533d5
  9COY_A1A4T recycles=3 steps=150 -> 5c197b41-7eb7-490c-8c3c-f03629cd09bd
  9COY_A1A4T recycles=3 steps=300 -> f096eada-9646-4aa0-ac96-79710f823770
  7KVK_X7J recycles=5 steps=200 -> 127e6529-2c5f-47fa-8bf2-267fbcbeb8dc
  7KVK_X7J recycles=7 steps=200 -> a9df8039-2506-4084-bd4e-02221e0fb9f7
  7KVK_X7J recycles=3 steps=150 -> 7162c668-29c6-4928-8e3b-ef9530a184c2
  7KVK_X7J recycles=3 steps=300 -> ca22690f-66ca-4d1e-84e1-f6a52b95e720
  3JUS_ECN recycles=5 steps=200 -> 582aeac1-ee4e-499f-9303-06574cf100ad
  3JUS_ECN recycles=7 steps=200 -> ed138559-e03b-42d6-ae7f-711ce63e0ed3
  3JUS_ECN recycles=3 steps=150 -> e3d90d92-fdff-410c-82be-3f5a80c295c8
  3JUS_ECN recycles=3 steps=300 -> d96d134a-4e5b-4a3b-bae5-d0d716eff066
  7UFE_NXR recycles=5 steps=200 -> 3bb57888-e033-4fac-a9dd-84d120f513cf
  7UFE_NXR recycles=7 steps=200 -> de175fd6-c6f8-4f33-928c-56f6caa9877a
  7UFE_NXR recycles=3 steps=150 -> e141e635-5906-4945-954d-a4f9cfdf0cf4
  7UFE_NXR recycles=3 steps=300 -> 4b784f21-786f-4c98-b95a-46948ad0e869
  5VEU_RIT recycles=5 steps=200 -> e70f79ac-78d5-441b-98ac-2c20044389c9
  5VEU_RIT recycles=7 steps=200 -> 0a7f16ab-0ef3-4a3b-b5dd-4c7f385c2135
  5VEU_RIT recycles=3 steps=150 -> 8946913b-9bfb-45f3-a65a-f223cc91d674
  5VEU_RIT recycles=3 steps=300 -> 485e6b6d-132c-43fb-a5a5-8eaf498b2508
  5VC0_RIT recycles=5 steps=200 -> 978c3b2f-a757-4758-8dd1-d59ddda23670
  5VC0_RIT recycles=7 steps=200 -> 65ccae38-d8db-4651-b12b-89e4ded92b17
  5VC0_RIT recycles=3 steps=150 -> e271eb4f-281f-48dd-bbe2-8c7e664386c4
  5VC0_RIT recycles=3 steps=300 -> 39e627be-b2a5-4a12-b848-b64007badae9
  7QQ7_PG4 recycles=5 steps=200 -> 5cf44db1-3b93-4f83-af0a-8c8369b8959c
  7QQ7_PG4 recycles=7 steps=200 -> fa0e1c5a-f30b-4c3f-9d29-6e2d64fe92b8
  7QQ7_PG4 recycles=3 steps=150 -> 8145db29-2fcc-486a-ba25-69a62caa85de
  7QQ7_PG4 recycles=3 steps=300 -> 2277a5ad-79d4-46fe-9ceb-80325c807a91
  7ZQR_JK9 recycles=5 steps=200 -> 25604ab9-1421-44b1-a335-072386b9119f
  7ZQR_JK9 recycles=7 steps=200 -> ae3d8344-a5c2-4b8f-9a94-63e4c2489ab8
  7ZQR_JK9 recycles=3 steps=150 -> bba0f294-207e-45dd-894a-6dd1cc42dd02
  7ZQR_JK9 recycles=3 steps=300 -> e8b11c89-9306-430a-9dba-6dbcd1c5f9d7
  7RY9_VOR recycles=5 steps=200 -> a68a710e-80c8-43da-9dfd-e2b669c14a20
  7RY9_VOR recycles=7 steps=200 -> 81f7c3fc-5616-4028-9d29-5b53c5d54b8c
  7RY9_VOR recycles=3 steps=150 -> 305070e0-5981-46be-8d05-db0afc5b36bd
  7RY9_VOR recycles=3 steps=300 -> b24e445a-4421-4143-a3e7-1b8c17dc49d9
  3KHM_TPF recycles=5 steps=200 -> c369b9f7-a265-46ad-af71-bc5b32c31da8
  3KHM_TPF recycles=7 steps=200 -> cbcf520c-8b26-4ded-9f31-d1635e8333de
  3KHM_TPF recycles=3 steps=150 -> a50510ce-ffde-477d-83b6-6ca333d910e0
  3KHM_TPF recycles=3 steps=300 -> d6d75ef1-581e-4935-913f-b7ba08ad0118
  4C0C_WVH recycles=5 steps=200 -> 743106c0-c9f2-43ac-aec6-1d6ec6b8bd63
  4C0C_WVH recycles=7 steps=200 -> f3690ada-20ee-425a-9d74-735ef2f01996
  4C0C_WVH recycles=3 steps=150 -> 5ca3618f-c0f9-45d7-8cc9-18e517a0933e
  4C0C_WVH recycles=3 steps=300 -> a1d10636-7126-4619-a678-7dbe0bed7dec
  4K9T_1RD recycles=5 steps=200 -> 159ec0af-98e4-4ff3-afe7-8884f6c4783f
  4K9T_1RD recycles=7 steps=200 -> 94b9c197-473d-40d6-8669-e1664205e3fc
  4K9T_1RD recycles=3 steps=150 -> 8afe5908-a17a-4f2c-9503-491530a832ae
  4K9T_1RD recycles=3 steps=300 -> 464ff57a-30fb-4206-b261-3e1507606193
  7RYA_1YN recycles=5 steps=200 -> c62c6e7a-c92f-4373-8825-d9356c4d630c
  7RYA_1YN recycles=7 steps=200 -> 8e6cb377-a9a8-430e-ba08-ac7e75900f40
  7RYA_1YN recycles=3 steps=150 -> 63b1238a-4615-4c5a-b41d-12719b577733
  7RYA_1YN recycles=3 steps=300 -> 8020fe8a-78d7-437e-b001-6abaa152b994
  3B6H_MXD recycles=5 steps=200 -> 773a7e73-8c47-438b-91c8-a61e02d02ce5
  3B6H_MXD recycles=7 steps=200 -> 82143262-c371-457d-bcad-635cb5ebdcdd
  3B6H_MXD recycles=3 steps=150 -> 6708dcb6-f001-427f-be91-8794a838c025
  3B6H_MXD recycles=3 steps=300 -> 413def3a-339d-47a5-9798-0104a99ef7dc
  2WUZ_TPF recycles=5 steps=200 -> 62a8e6ab-fc9a-440b-ac19-7736e4a7a220
  2WUZ_TPF recycles=7 steps=200 -> 3662a4dc-9a97-483d-b0ed-e9217278d08d
  2WUZ_TPF recycles=3 steps=150 -> 0f80360a-c8e9-47b8-9ba9-7402c7be86e2
  2WUZ_TPF recycles=3 steps=300 -> 9423d043-6757-4c3f-8a1e-52c1cacda92d
  7ZLT_JFI recycles=5 steps=200 -> 2632c5d6-a532-4122-9c91-e85b5ef964df
  7ZLT_JFI recycles=7 steps=200 -> 4e7304f1-f69d-4a44-a707-931102ba8d83
  7ZLT_JFI recycles=3 steps=150 -> ecd76e49-03fa-483d-8bcd-2e620c2dfeb3
  7ZLT_JFI recycles=3 steps=300 -> 9f97e17c-caa2-4bdb-9d47-2777ebcc9144
  3T3Z_9PL recycles=5 steps=200 -> aed77811-3517-42ea-bfd0-8df5630536b9
  3T3Z_9PL recycles=7 steps=200 -> e8f89d6a-d41f-4b81-844f-13762a1199ae
  3T3Z_9PL recycles=3 steps=150 -> f2a7331d-e31c-4d4c-bffa-85b8983fb16f
  3T3Z_9PL recycles=3 steps=300 -> 5528d5ed-4a8c-467c-ba4f-54ab0b760a81
  7KVJ_X7M recycles=5 steps=200 -> d94681d1-0a8c-4428-b2fa-589f27a0646b
  7KVJ_X7M recycles=7 steps=200 -> 91459157-8822-48fe-9307-181a9247abff
  7KVJ_X7M recycles=3 steps=150 -> dcdb3a5d-4b4d-4b5c-b0f6-163e958a6951
  7KVJ_X7M recycles=3 steps=300 -> 482a534c-54fe-4df2-a32c-e6ceddf23689
  7ZB9_M65 recycles=5 steps=200 -> bdfef87e-7657-49fd-b7a7-6bc46beabda4
  7ZB9_M65 recycles=7 steps=200 -> 2c31d4ea-b4cc-4da5-a419-5e63aed66a7c
  7ZB9_M65 recycles=3 steps=150 -> 5852a484-c14d-44af-9128-a2c26dbb6f69
  7ZB9_M65 recycles=3 steps=300 -> 6a12ec3d-1d42-47ee-8010-9e320b008ecd
  9COT_A1A08 recycles=5 steps=200 -> c5cee951-d8e0-49f1-85bb-03df56dbeb3a
  9COT_A1A08 recycles=7 steps=200 -> deb4f380-4f55-489c-9d37-3173b038ed0f
  9COT_A1A08 recycles=3 steps=150 -> ed18c130-1f48-4c01-bcee-a565ef71daa5
  9COT_A1A08 recycles=3 steps=300 -> b8ed11ac-360f-4f25-afb3-1f9f120b175b
  5IBE_69M recycles=5 steps=200 -> 034213f3-0c63-46f0-bb76-b0257e16c188
  5IBE_69M recycles=7 steps=200 -> 29def988-20e9-46ef-b2be-6d552a96540a
  5IBE_69M recycles=3 steps=150 -> f913665f-b12d-4a9d-bb4d-e4eead653008
  5IBE_69M recycles=3 steps=300 -> 4a25e9ca-7030-4e44-b86c-3a39b8fbd013
  2W09_CM9 recycles=5 steps=200 -> 3531420c-c034-4634-a101-fbf60bdd3c58
  2W09_CM9 recycles=7 steps=200 -> ebbc9359-26cd-40e3-88eb-e3f1d6fa61ba
  2W09_CM9 recycles=3 steps=150 -> c16e0c4d-2f8f-4522-8119-288a63fd376d
  2W09_CM9 recycles=3 steps=300 -> dcc6044c-7315-4e45-be62-956ea107bafd
  5V5Z_1YN recycles=5 steps=200 -> 933dae06-fadc-4961-8bc8-d61d6bf9fe43
  5V5Z_1YN recycles=7 steps=200 -> fa870c7b-03c7-4c4e-8800-1f8f7ff0e3a9
  5V5Z_1YN recycles=3 steps=150 -> 71f896af-7ba7-41fe-8988-5f115a5176ee
  5V5Z_1YN recycles=3 steps=300 -> ddfd351a-435f-4813-98ff-06eb7c366f92
  4MGJ_CPZ recycles=5 steps=200 -> 20c36278-54fd-4752-be35-4e6a1442dd1f
  4MGJ_CPZ recycles=7 steps=200 -> 4bac22b8-3a54-42f5-abb7-9bd26df083a2
  4MGJ_CPZ recycles=3 steps=150 -> 39045933-6a77-466c-a55b-e636b4fd43b1
  4MGJ_CPZ recycles=3 steps=300 -> b5164a94-992c-4a83-a568-58960b209ac8
  9COW_A1A4V recycles=5 steps=200 -> abe33513-501c-49ee-8e15-8263721a89a9
  9COW_A1A4V recycles=7 steps=200 -> 8a902ccc-6290-4386-9f99-adadd7236c18
  9COW_A1A4V recycles=3 steps=150 -> 3435b6d7-6ee1-4467-8573-f7dd7570de7a
  9COW_A1A4V recycles=3 steps=300 -> 71b1c2db-0f47-40a8-b5ab-03c2c4008475
  7RY8_VOR recycles=5 steps=200 -> 0f4ba42d-2633-4cb7-a417-147f51d4e7a7
  7RY8_VOR recycles=7 steps=200 -> 25662722-d5e2-46be-aaf0-b07e63415e0c
  7RY8_VOR recycles=3 steps=150 -> 580fd8ec-90fc-40b3-bc5f-6cd9ffeb0925
  7RY8_VOR recycles=3 steps=300 -> fbd6deb7-37a7-4a7d-a65f-3f01e743d52c
  9COS_A1A06 recycles=5 steps=200 -> 5be1ff56-8d2d-4f25-a97d-8ecf23681711
  9COS_A1A06 recycles=7 steps=200 -> 8bed7301-bf97-4da0-95bf-da90f869bdff
  9COS_A1A06 recycles=3 steps=150 -> 9e3b66f0-f988-4c32-8362-a878a22c07bf
  9COS_A1A06 recycles=3 steps=300 -> ae69c001-692a-4def-a16f-09d6c508eae9
  6U30_PQM recycles=5 steps=200 -> fa923ecb-da2c-438b-862c-09593b8337a1
  6U30_PQM recycles=7 steps=200 -> d129cbb4-687a-413b-ac2b-fecd6a922c53
  6U30_PQM recycles=3 steps=150 -> 3ae48187-b0dc-40c7-a9fa-d1eae1c74002
  6U30_PQM recycles=3 steps=300 -> 5b839017-b8dc-42d1-b2f7-99745f582f1a
  4G44_TZM recycles=5 steps=200 -> 9608a4be-1e45-4b0d-93c9-d558a03aa07b
  4G44_TZM recycles=7 steps=200 -> de1b7527-6c8c-4d35-a138-8bf108c05f25
  4G44_TZM recycles=3 steps=150 -> 45aab5e3-87f8-4232-89fb-3ed4478ff10d
  4G44_TZM recycles=3 steps=300 -> 6101566f-edce-4b03-a369-cc93a541417a
  3TDA_PN0 recycles=5 steps=200 -> 4d821bf7-5538-4674-9e0d-aeef857a61e0
  3TDA_PN0 recycles=7 steps=200 -> 49a86674-0c38-4c43-98e3-92a8d9bba1c6
  3TDA_PN0 recycles=3 steps=150 -> 1b4fc886-e4e2-4e37-b3ee-68a50fba59bc
  3TDA_PN0 recycles=3 steps=300 -> 2b273619-1d0f-4fec-b4da-6dfd8e294606
  5TZ1_VT1 recycles=5 steps=200 -> a42e14f8-77c0-4bb7-8322-b2f33b546099
  5TZ1_VT1 recycles=7 steps=200 -> e41400d6-dc8f-4450-8f64-7fef4f5015f1
  5TZ1_VT1 recycles=3 steps=150 -> 41397ad1-1516-42f8-bd90-87dea374d384
  5TZ1_VT1 recycles=3 steps=300 -> 00943a5d-d595-4a6b-8981-660c3e38e3af
  6MA7_TPF recycles=5 steps=200 -> f8fd1587-1faf-4fa1-8c51-7f77f454bac2
  6MA7_TPF recycles=7 steps=200 -> 9595e0b4-c347-49f2-8fc4-697b0a1b3ff3
  6MA7_TPF recycles=3 steps=150 -> c641207f-d653-42e1-a544-b208f09bfb89
  6MA7_TPF recycles=3 steps=300 -> 399bc69c-9a6a-4ecf-8eee-dbf9b3a6c105
  7KVI_X7P recycles=5 steps=200 -> 272d8c11-7cff-4776-b45b-479163d3139d
  7KVI_X7P recycles=7 steps=200 -> 6eda51ec-4c4e-4657-93a7-8b0b74d4d62e
  7KVI_X7P recycles=3 steps=150 -> 5557a49f-a724-4871-97bd-69b63059b627
  7KVI_X7P recycles=3 steps=300 -> 81f116d1-0386-4329-84d7-59118235474e
  6UNG_QEP recycles=5 steps=200 -> 7afda8ff-e083-49c6-9bb3-2aa29ebbdfa0
  6UNG_QEP recycles=7 steps=200 -> 7204e382-fcd4-424d-bb41-f0ef74e116f6
  6UNG_QEP recycles=3 steps=150 -> 336c48db-9855-4d94-b6b9-3faaf9dd3bc8
  6UNG_QEP recycles=3 steps=300 -> be73ff29-48b9-4c7f-93c7-5937caf39550
  9BVA_A1ASQ recycles=5 steps=200 -> 45673257-d5dc-478d-be42-4b4aee0331fc
  9BVA_A1ASQ recycles=7 steps=200 -> 5389712a-c64f-4dfb-b858-917416110269
  9BVA_A1ASQ recycles=3 steps=150 -> cbaaf34c-7830-4cb0-8a9d-eb266fdb6658
  9BVA_A1ASQ recycles=3 steps=300 -> 84ed66a6-dbda-42f9-9182-97b6205330b1
  9COU_A1A4U recycles=5 steps=200 -> 7b445aa7-1e47-49e2-a98c-e7275de85f92
  9COU_A1A4U recycles=7 steps=200 -> b00d2c9d-1635-4429-8157-62cd09b2a9ae
  9COU_A1A4U recycles=3 steps=150 -> dba56862-b49e-4425-b8df-13be6fa373bb
  9COU_A1A4U recycles=3 steps=300 -> 1542bcbd-f99d-463d-9775-3895faf4f5a4
  8EWQ_X2B recycles=5 steps=200 -> bc7cfbe5-aa7e-4c74-bcda-bc86811676c1
  8EWQ_X2B recycles=7 steps=200 -> b676e017-063c-43c8-b12e-9760455d64bf
  8EWQ_X2B recycles=3 steps=150 -> 5f98e068-c7da-4e03-a2fe-02dcefe7e350
  8EWQ_X2B recycles=3 steps=300 -> 53487d1f-0fb4-4dce-afe2-cc1bbf6da2b7
  4UQH_25S recycles=5 steps=200 -> 21e819e8-ec3e-4c85-8a40-6816299e60c3
  4UQH_25S recycles=7 steps=200 -> 3b161b57-8338-4ae6-86ed-153a7c994248
  4UQH_25S recycles=3 steps=150 -> 6456ef93-c0e2-4126-bb69-8db6e72cf5f7
  4UQH_25S recycles=3 steps=300 -> eacde2d9-57e0-416d-81f9-50c6bbb6dd06
  3QM4_PN0 recycles=5 steps=200 -> b2eaf951-329b-482f-97fc-1356fda94027
  3QM4_PN0 recycles=7 steps=200 -> 4ed349e2-fcb9-4c72-920f-a0370065883b
  3QM4_PN0 recycles=3 steps=150 -> 0fadfcd7-4fdc-4b76-aeb8-ba90bd96eb33
  3QM4_PN0 recycles=3 steps=300 -> b1fce848-136a-45f7-9414-a61664c77521
  2W0A_CII recycles=5 steps=200 -> a2af8e6e-4e7b-48a6-bbdd-c32f6abaf067
  2W0A_CII recycles=7 steps=200 -> 48bbd25d-00ee-4623-927d-b35f3aa077a1
  2W0A_CII recycles=3 steps=150 -> cfe7b989-b595-4f7e-a901-0c23dd71c733
  2W0A_CII recycles=3 steps=300 -> a58c6963-82f5-41b3-bf5e-49888b17fe28
  7QQ7_EIQ recycles=5 steps=200 -> 108e8be9-82e6-4161-ac08-c5046ba1bf0d
  7QQ7_EIQ recycles=7 steps=200 -> 56d0d26f-1a99-4357-bc52-fe65ffc536b4
  7QQ7_EIQ recycles=3 steps=150 -> 23df3d98-91ed-4a75-bf02-ff31fe5aa3d8
  7QQ7_EIQ recycles=3 steps=300 -> 124a9d87-213b-477d-88cb-1684ec4266cc
  6DAB_G0V recycles=5 steps=200 -> 795d83a5-89a5-4112-8c30-c8e6eeea9129
  6DAB_G0V recycles=7 steps=200 -> c9edd5e6-0514-4276-8210-cfc567d11dd7
  6DAB_G0V recycles=3 steps=150 -> bd3b4aa7-57be-41d1-8d35-185fd02be8c2
  6DAB_G0V recycles=3 steps=300 -> dc7bff56-02f9-4e54-99f2-573da3c38b79
  5AJR_VT1 recycles=5 steps=200 -> 8a56db18-6b43-4f5c-bad3-12ee947b021c
  5AJR_VT1 recycles=7 steps=200 -> 78417495-2d51-4857-8e2f-eb860c8d20c6
  5AJR_VT1 recycles=3 steps=150 -> 1e252f71-49b4-48ab-a2f5-d4976a67beee
  5AJR_VT1 recycles=3 steps=300 -> 54d585b4-7f38-4a02-bdf8-64a634fd16ab
  9BV6_A1ASU recycles=5 steps=200 -> d227c0ca-3cd1-443e-8424-0c1b4db54501
  9BV6_A1ASU recycles=7 steps=200 -> ec5d92f5-8449-4494-aa06-8f11e8aff735
  9BV6_A1ASU recycles=3 steps=150 -> a7e4e80c-112d-45a2-96a4-02b8d9cf9bd2
  9BV6_A1ASU recycles=3 steps=300 -> 20677f44-5789-49e3-b784-6668f7f47808
  7RYB_VOR recycles=5 steps=200 -> f9b7e947-020b-42c6-9f78-8fa056cafc5e
  7RYB_VOR recycles=7 steps=200 -> c2250baa-b49f-4dd3-9070-6932893da77f
  7RYB_VOR recycles=3 steps=150 -> dae8f0d2-7569-4e2b-a79a-2245c72b8cd0
  7RYB_VOR recycles=3 steps=300 -> b936d3a7-1c0b-4458-84af-f61604c659d5
  7UFF_NYF recycles=5 steps=200 -> 756c173d-a9b8-43a9-9254-420e25379911
  7UFF_NYF recycles=7 steps=200 -> 11f9612c-3e5b-404f-96f5-a87f72fc72f7
  7UFF_NYF recycles=3 steps=150 -> 1433c320-8f6f-4a13-a940-e173d718020c
  7UFF_NYF recycles=3 steps=300 -> 87b41219-90fd-4108-8bad-366eca148b34
  3UA5_06X recycles=5 steps=200 -> d415fe6b-708c-4309-8f50-5b009ec3cf69
  3UA5_06X recycles=7 steps=200 -> d3cf036a-b72c-4508-bc5a-8a280dd9a1ee
  3UA5_06X recycles=3 steps=150 -> e60153f8-b10e-4e45-923b-ffbe7ba5c49e
  3UA5_06X recycles=3 steps=300 -> 63cc8d08-106c-46ca-882b-802b1e2a2b10
  9BV5_A1ASV recycles=5 steps=200 -> 293d47ba-0ba4-48e1-807f-b798aaa38973
  9BV5_A1ASV recycles=7 steps=200 -> 08e52b16-6fdb-4774-b7de-132403700171
  9BV5_A1ASV recycles=3 steps=150 -> 1232d073-2a67-4f01-b922-155c41382b42
  9BV5_A1ASV recycles=3 steps=300 -> 4698b179-b70a-4125-a179-08d339ea4d81
  6CIZ_3NR recycles=5 steps=200 -> 8b5895e0-aa89-4946-babc-055e0ab3c32e
  6CIZ_3NR recycles=7 steps=200 -> 0b1e5156-2a50-492e-8366-54169cd223c3
  6CIZ_3NR recycles=3 steps=150 -> a21aa3ca-bc2c-41b5-98e0-844dc779b1df
  6CIZ_3NR recycles=3 steps=300 -> 1958c7b9-0ef0-42be-b60e-25f1f4f12eba
  6BD7_D7J recycles=5 steps=200 -> 6cc3b78f-d6b2-4828-b5a6-6e74e204179b
  6BD7_D7J recycles=7 steps=200 -> 97ace2f5-9041-409e-a260-af6946e87554
  6BD7_D7J recycles=3 steps=150 -> 9f041df3-99c6-4203-a292-69c51f7de23c
  6BD7_D7J recycles=3 steps=300 -> 38445079-2cf0-4764-b862-14f7a4f9a7c9
  6BDM_Y83 recycles=5 steps=200 -> 1fe53bb4-88bd-477f-bcd8-b7742c3babce
  6BDM_Y83 recycles=7 steps=200 -> c1f5869f-80bf-46de-bc7d-7d45770d8393
  6BDM_Y83 recycles=3 steps=150 -> 8550874b-4848-4740-adc7-fb866092b8bf
  6BDM_Y83 recycles=3 steps=300 -> 2097ac7b-a403-4982-af80-96b9ce3220a4
  5K7K_6RJ recycles=5 steps=200 -> 9367ea8a-5965-425d-8a38-37a9a4abdf59
  5K7K_6RJ recycles=7 steps=200 -> 429f2417-6c64-4a4d-b4f1-7403e70bd55f
  5K7K_6RJ recycles=3 steps=150 -> 1683b8ed-307f-4623-9e88-9ed48f36963f
  5K7K_6RJ recycles=3 steps=300 -> 740af3eb-2d23-401e-aec8-1c94a442836f
  9COX_A1A4K recycles=5 steps=200 -> 8e4cc2b2-e96f-4727-a677-b7bd8d5e5197
  9COX_A1A4K recycles=7 steps=200 -> a44b4bd2-41b2-4559-91f2-356fb4bbc933
  9COX_A1A4K recycles=3 steps=150 -> 891ac490-e66d-4efa-8d36-19285263cb94
  9COX_A1A4K recycles=3 steps=300 -> cfc879de-4f82-4193-a534-08bf3425f2aa
  6A16_UCZ recycles=5 steps=200 -> 66eb9354-b0dd-4fe9-80fb-e73c58a7137a
  6A16_UCZ recycles=7 steps=200 -> 610cd4a4-1dd0-43db-9197-f89af9da9bfa
  6A16_UCZ recycles=3 steps=150 -> 30ebb85e-3f62-4ac9-a7f9-324f6abe40d1
  6A16_UCZ recycles=3 steps=300 -> 69fbe79c-8ebb-4d82-b808-d2258fc1d113
  6DA5_G1J recycles=5 steps=200 -> bbad0dfd-b127-41a4-8760-9e901282edfa
  6DA5_G1J recycles=7 steps=200 -> 15b977ed-8e07-4adb-9c66-f48c5f74ccbe
  6DA5_G1J recycles=3 steps=150 -> 7be6b9d0-fb65-40d8-adeb-654aac72e127
  6DA5_G1J recycles=3 steps=300 -> e23b63d0-1fd7-4783-99e6-1fcb1804a69a
  9BVB_A1ASP recycles=5 steps=200 -> 12594337-852b-4a3a-8c99-b96d7d75a2ca
  9BVB_A1ASP recycles=7 steps=200 -> e97dddea-075d-413f-8f13-eaf59105dc4b
  9BVB_A1ASP recycles=3 steps=150 -> db05c8f2-9132-4293-9260-077f70c38f26
  9BVB_A1ASP recycles=3 steps=300 -> 0730c333-dcd1-4f52-83f9-64170e7469e3
  9BV8_A1ASS recycles=5 steps=200 -> 426a965d-5e47-4915-b81c-ba39f50c14ab
  9BV8_A1ASS recycles=7 steps=200 -> d779acd2-44d9-41f3-9ab8-41c71c0159b0
  9BV8_A1ASS recycles=3 steps=150 -> 56c85d4e-e482-4503-954a-731bccad4dc9
  9BV8_A1ASS recycles=3 steps=300 -> 1230cbaa-a682-434b-8fcd-d209dca64553
  3NXU_RIT recycles=5 steps=200 -> 1ff1e73f-49b8-49f4-b781-7d6793fb2c98
  3NXU_RIT recycles=7 steps=200 -> 2eaaffc3-c3fc-4565-a505-fcd39d0a8773
  3NXU_RIT recycles=3 steps=150 -> 101ef3fd-01c7-4b30-b1f4-98e5252a8a42
  3NXU_RIT recycles=3 steps=300 -> 131c229d-c99d-496b-bf5f-28b844d61ed3
  1JIP_KTN recycles=5 steps=200 -> cf6859d4-5281-4825-bcf5-79ccffb83c09
  1JIP_KTN recycles=7 steps=200 -> 28d51cea-e4b9-4dee-866a-cf801cdd985b
  1JIP_KTN recycles=3 steps=150 -> 25e2d573-d30d-41d3-bed0-5b71ee9b5566
  1JIP_KTN recycles=3 steps=300 -> 520ce38b-7ca9-4f71-aeb0-410bea05b98f
  6CSD_PN0 recycles=5 steps=200 -> 276f7bcd-457c-4b64-b6ed-169e81efd872
  6CSD_PN0 recycles=7 steps=200 -> dd8e6f05-6bbd-4c9a-beb6-e2fd9d41249e
  6CSD_PN0 recycles=3 steps=150 -> 31fc7818-bbf4-4a83-98be-7fe2974e4f77
  6CSD_PN0 recycles=3 steps=300 -> 24f4aeb5-fa0d-4147-b38d-63bd2db60123
  9BVC_A1ASO recycles=5 steps=200 -> efd1f797-9702-4b73-87ef-f2940b96dd45
  9BVC_A1ASO recycles=7 steps=200 -> 27bf5466-c7e9-4bbe-8cdf-a51fa7af35d3
  9BVC_A1ASO recycles=3 steps=150 -> 937fb179-9e42-4d6e-9197-34b875a00212
  9BVC_A1ASO recycles=3 steps=300 -> c09ab294-35da-4fe8-abe4-422330bc075a
  6BD6_80K recycles=5 steps=200 -> 79152f40-e7ca-46f7-811f-d1038ae9214b
  6BD6_80K recycles=7 steps=200 -> 7ddecdcd-43be-472e-9f16-3e96444d40ab
  6BD6_80K recycles=3 steps=150 -> e61657a6-cc1a-4b57-acc8-d06f8d8d18a3
  6BD6_80K recycles=3 steps=300 -> 01acf7f5-8d1e-41d8-b870-aa7fe23a7862
  3LD6_KKK recycles=5 steps=200 -> 61c965d9-7ad1-4d61-8c13-17c5af7adc9d
  3LD6_KKK recycles=7 steps=200 -> fe6c8660-34fe-467d-9d22-93c681aad595
  3LD6_KKK recycles=3 steps=150 -> 789d7ce2-8725-460e-9c54-8dd67f899c5f
  3LD6_KKK recycles=3 steps=300 -> 13a8256f-0d5e-4550-b759-60d6ebb520e3
  7KVP_X6J recycles=5 steps=200 -> b46952f7-c531-4ccf-aba0-bcb64625d32d
  7KVP_X6J recycles=7 steps=200 -> dd0a3a1c-bdb7-45b1-bfbe-23b749059cc6
  7KVP_X6J recycles=3 steps=150 -> c076eb95-66ef-499f-8190-85196a494240
  7KVP_X6J recycles=3 steps=300 -> e3b39b49-c019-499d-93e1-41c81afb567b
  6U31_PQP recycles=5 steps=200 -> 21ef1324-c894-4dad-a8b6-53c7a4b88a94
  6U31_PQP recycles=7 steps=200 -> 2822f943-9f15-41c7-aba6-0189800fcb82
  6U31_PQP recycles=3 steps=150 -> 4da0e392-ca30-4cf1-9c38-8e7229d4eb88
  6U31_PQP recycles=3 steps=300 -> 4a995e5a-b3b6-459f-a9f4-c77e6d68c8d0
  6XZ9_O4W recycles=5 steps=200 -> 257fe4f7-98d7-4dc3-89a3-e1a867243a46
  6XZ9_O4W recycles=7 steps=200 -> 33285e59-ee6b-4e4b-b2cd-d6ea3a3b6019
  6XZ9_O4W recycles=3 steps=150 -> 08893ac9-e7c5-4bb2-98ba-3da138a31a55
  6XZ9_O4W recycles=3 steps=300 -> c0a922db-ed7c-4678-a4e1-fb61664bc6ca
  6DAL_G1D recycles=5 steps=200 -> 3d70a133-c57c-46c4-a0b5-8a81442c73e8
  6DAL_G1D recycles=7 steps=200 -> 37ad9b80-dfd5-44ff-ada7-7f031614e895
  6DAL_G1D recycles=3 steps=150 -> 719348d4-0fc7-4572-b8ba-189c726253d0
  6DAL_G1D recycles=3 steps=300 -> 57cc8796-0b29-430b-8d2a-aeb5f8410752
  6DAG_G0Y recycles=5 steps=200 -> ef8be452-2ab9-4cf5-bb59-3accf8fe8aff
  6DAG_G0Y recycles=7 steps=200 -> edcc9ae7-1507-4222-82a6-7b509302a110
  6DAG_G0Y recycles=3 steps=150 -> 3b1ddbda-6e10-4787-bfbc-f99c51fde273
  6DAG_G0Y recycles=3 steps=300 -> 3e5bf84b-734c-45ea-816e-7b74b9ade876
  6DAA_G0M recycles=5 steps=200 -> 99f2aa2d-40c0-418e-a6a9-4df54f48ced9
  6DAA_G0M recycles=7 steps=200 -> eb3cd1bd-098a-4bcb-a987-a3e26c638868
  6DAA_G0M recycles=3 steps=150 -> 78a7f9d5-1376-4530-8aa7-f73f972395fd
  6DAA_G0M recycles=3 steps=300 -> da975ff4-f085-4fc7-bbc0-01ecfcbaa026
  5IBD_GGJ recycles=5 steps=200 -> e9cc75cb-0fc8-4b6b-b4ea-345c048be800
  5IBD_GGJ recycles=7 steps=200 -> 26ec1517-a557-4800-8cf6-6751f959ade3
  5IBD_GGJ recycles=3 steps=150 -> ca3b4516-fadd-4e8c-a875-710c546cd1dd
  5IBD_GGJ recycles=3 steps=300 -> eb487c48-ff70-4e8a-bd96-c7c661c5ed9b
  8EWR_WZN recycles=5 steps=200 -> 34c1584b-2874-41bf-ae6a-d1a75c24f680
  8EWR_WZN recycles=7 steps=200 -> 56dacbd2-4041-45ad-b81d-709511baefa5
  8EWR_WZN recycles=3 steps=150 -> e2982bd8-b215-4968-b87e-ad6069e13c9c
  8EWR_WZN recycles=3 steps=300 -> 49e8eb50-b5e1-49e5-bd17-6bf4e18dd2b2
  9BV9_A1ASR recycles=5 steps=200 -> 20890d2e-4834-48cf-b316-78e7e716d0ce
  9BV9_A1ASR recycles=7 steps=200 -> f885855f-cc3b-475e-ac6e-a367961139f7
  9BV9_A1ASR recycles=3 steps=150 -> 3c6290b3-c018-4d40-a3c8-fe36395face5
  9BV9_A1ASR recycles=3 steps=300 -> f7db7479-3299-47fb-b24a-1b7da2e54068
  3QU8_3QU recycles=5 steps=200 -> a66420b4-d2c7-4dd5-a194-17fe4f2acf7c
  3QU8_3QU recycles=7 steps=200 -> 4ee47c1c-9583-4512-8db2-c57cdc65780a
  3QU8_3QU recycles=3 steps=150 -> 0c922e02-9ec6-49e6-9709-fb6780481585
  3QU8_3QU recycles=3 steps=300 -> e6e8993e-59a8-422e-a10b-264ea6555e93
  6DA3_G0D recycles=5 steps=200 -> 7c7f4261-e4a2-4166-a7dd-efc0346488f1
  6DA3_G0D recycles=7 steps=200 -> 96f7f6dc-800c-4b68-a84b-071caa1d12f7
  6DA3_G0D recycles=3 steps=150 -> 00b7420d-f01f-4f53-8a7c-5b855e84e75f
  6DA3_G0D recycles=3 steps=300 -> dc0d9e42-3fdf-4cb8-8ace-e74467ff7b6f
  6BD5_D7M recycles=5 steps=200 -> 7fd32a54-1f82-454b-a503-635d9002ee91
  6BD5_D7M recycles=7 steps=200 -> 5033a6d7-cfbe-43ee-86dc-d1db540130c6
  6BD5_D7M recycles=3 steps=150 -> 1c244e45-2bab-4dea-8ab6-671755d4f46c
  6BD5_D7M recycles=3 steps=300 -> c7cf1547-d4e2-415c-8554-196a75704f96
  1W0G_MYT recycles=5 steps=200 -> e941a1b8-2bfc-4ebc-b707-8137d5c87226
  1W0G_MYT recycles=7 steps=200 -> d6ef4f23-a514-4a4f-915a-b4f26f0bd896
  1W0G_MYT recycles=3 steps=150 -> 7fce6f47-cfc7-4a28-bfda-8efe62d4c370
  1W0G_MYT recycles=3 steps=300 -> 1f9d3aba-75e3-4706-9c5c-3824a77671be
  6BDI_DEJ recycles=5 steps=200 -> d59ff10b-9c72-4d90-a9e6-7fe7f4a07973
  6BDI_DEJ recycles=7 steps=200 -> 7b034d24-441d-4237-9c34-6b98c95c64a7
  6BDI_DEJ recycles=3 steps=150 -> 6422da50-98dd-41bc-aed7-bf30d264a9ad
  6BDI_DEJ recycles=3 steps=300 -> c7a4aaf3-67a3-4aaf-93c1-857d7fd7ae73
  7ZIC_5YG recycles=5 steps=200 -> ab88121d-6762-4230-b60f-17b1375819e3
  7ZIC_5YG recycles=7 steps=200 -> 6cb822aa-0ca0-445a-8d56-c2138f117f7a
  7ZIC_5YG recycles=3 steps=150 -> b1209112-3d78-4bf7-9494-31f72c10d598
  7ZIC_5YG recycles=3 steps=300 -> 2df7b454-cd07-4680-89e9-b4593994f632
  6BCZ_D7Y recycles=5 steps=200 -> 7e830207-3796-492a-8f40-84aad8cdf7f3
  6BCZ_D7Y recycles=7 steps=200 -> 7e7622e3-6241-4353-8a91-736df7b8fc38
  6BCZ_D7Y recycles=3 steps=150 -> 1042e2ae-bcdf-485f-a32b-1302e20e8d97
  6BCZ_D7Y recycles=3 steps=300 -> 2548c8a3-5fcb-4295-b98a-07af2a17c76d
  7UAY_O39 recycles=5 steps=200 -> 23e08b9e-3325-44a6-b3cd-94d3ab8c40f5
  7UAY_O39 recycles=7 steps=200 -> 091bc571-2b3d-44d3-950f-0b39c16b5920
  7UAY_O39 recycles=3 steps=150 -> 4f09577b-5fe6-4534-b29e-e535f02911f7
  7UAY_O39 recycles=3 steps=300 -> 599940dc-35a8-4081-bc03-6609f6056461
  7UFB_NJ0 recycles=5 steps=200 -> 3f4da020-f614-4bd4-83c9-9047dc65fc0e
  7UFB_NJ0 recycles=7 steps=200 -> 82bd79bf-c0a4-4a7e-a457-8763641628ed
  7UFB_NJ0 recycles=3 steps=150 -> 8e57de0d-b2aa-4074-86db-48e5cd8f3a4d
  7UFB_NJ0 recycles=3 steps=300 -> 8a381e22-5cbf-4b8e-9e70-aa4b37b48287
  5IBF_69W recycles=5 steps=200 -> 4612034b-7ee3-4d2e-8449-c9fb11b52633
  5IBF_69W recycles=7 steps=200 -> 7b55ca90-c3ae-49d8-9972-318906412168
  5IBF_69W recycles=3 steps=150 -> 41d3f290-1f7b-4c72-984a-884e302e96d5
  5IBF_69W recycles=3 steps=300 -> ae32e99a-8d43-49e1-bef1-96ca57ae3d0c
  9VGP_L0O recycles=5 steps=200 -> 2d5ca947-8d27-446f-860f-a2c6c83c9034
  9VGP_L0O recycles=7 steps=200 -> 8fff2fab-950c-4a63-8797-ce4c4bf80146
  9VGP_L0O recycles=3 steps=150 -> 8795fd5a-9d50-4669-b94c-a8741a7f0a75
  9VGP_L0O recycles=3 steps=300 -> dc7f6367-c26d-4540-8388-3eca78319a3e
  2IJ7_TPF recycles=5 steps=200 -> 18faaf98-dd81-4d8d-ad89-8192ee52106f
  2IJ7_TPF recycles=7 steps=200 -> e29f121a-e346-4ecb-9a56-b285d089cf39
  2IJ7_TPF recycles=3 steps=150 -> bfe35756-16ea-442a-bc88-125ceedf2bf0
  2IJ7_TPF recycles=3 steps=300 -> b2f7227a-47a5-4c8b-84f5-cb601e8ecd3f
  9MS2_A1BNX recycles=5 steps=200 -> ef6facee-a90e-4c19-ba75-0ca5244973c5
  9MS2_A1BNX recycles=7 steps=200 -> 73c23e8b-3229-4733-8dde-1d165f653add
  9MS2_A1BNX recycles=3 steps=150 -> b30883d7-565e-4c45-88b9-ac6451d89859
  9MS2_A1BNX recycles=3 steps=300 -> fb75b86a-119d-459a-9df2-ede2078418ca
  6J86_B9L recycles=5 steps=200 -> 257f5a4b-c180-403b-9cb9-2686eafc8064
  6J86_B9L recycles=7 steps=200 -> f277f138-01ab-472a-aaa3-24400be44e9d
  6J86_B9L recycles=3 steps=150 -> 61c98872-c061-48ad-8f39-31391045418c
  6J86_B9L recycles=3 steps=300 -> 388e2297-4363-4613-8433-4dbce59eb8bf
  6UNM_QDP recycles=5 steps=200 -> e2189bf2-2fc1-4ad8-be86-adc81eac383a
  6UNM_QDP recycles=7 steps=200 -> d7858cdc-71de-46b5-bf95-05a54a1a0886
  6UNM_QDP recycles=3 steps=150 -> 9eb844cd-aedb-4b92-affd-e4652913e42b
  6UNM_QDP recycles=3 steps=300 -> a40bb66e-efc0-45f7-80a5-895447c6952e
  7ZGL_EIQ recycles=5 steps=200 -> 22276b44-a440-4fd9-af5f-3771dec24bfc
  7ZGL_EIQ recycles=7 steps=200 -> ce920e9e-a03b-472b-a2fa-ccb8a22c799a
  7ZGL_EIQ recycles=3 steps=150 -> f82fd80e-3e5a-4c74-841c-711240f7bdf8
  7ZGL_EIQ recycles=3 steps=300 -> d4686dd7-f8a1-4a28-bcc8-16335273fa9b
  6MA6_MYT recycles=5 steps=200 -> d2746835-29c1-43b6-9ef0-91a710f794da
  6MA6_MYT recycles=7 steps=200 -> 781c4bd7-55a4-462c-91c0-23738ceac064
  6MA6_MYT recycles=3 steps=150 -> e83efad6-8994-459f-af4b-16511c2141df
  6MA6_MYT recycles=3 steps=300 -> bfa466ed-4a7d-4013-a027-d740774d8fcb
  3ZG2_UDO recycles=5 steps=200 -> 23a2a611-61c9-4553-82f7-62a6c1040cc9
  3ZG2_UDO recycles=7 steps=200 -> e1b52d1c-82ee-4ce3-a993-e7414402e4ef
  3ZG2_UDO recycles=3 steps=150 -> 34e6289c-5532-4f2c-8331-3617acea615d
  3ZG2_UDO recycles=3 steps=300 -> fdfb9c92-4764-4dc4-b7e6-6e5c8730f416
  6DAJ_FZV recycles=5 steps=200 -> de4e3ca8-d5f4-476b-9ac9-f15f55a33d2c
  6DAJ_FZV recycles=7 steps=200 -> 73828012-618f-4685-8238-b7b0f3e8df69
  6DAJ_FZV recycles=3 steps=150 -> 7437fef3-562c-4c08-81ed-05bd98c00223
  6DAJ_FZV recycles=3 steps=300 -> 0a6a6685-6052-4b8a-b2dd-42ee78375d35
  4G45_MQN recycles=5 steps=200 -> 84c35409-f593-4a09-8f99-0ff85e648408
  4G45_MQN recycles=7 steps=200 -> 55c1d0be-e3cd-4fab-9d64-adb7b720deb7
  4G45_MQN recycles=3 steps=150 -> d483be09-01dd-4635-8450-2f61daf1f405
  4G45_MQN recycles=3 steps=300 -> aae2164f-5dbd-495b-9ac1-ecefa41a1bf1
  6UNH_QEA recycles=5 steps=200 -> 33453f4e-982a-4e03-ad01-1e8a4427844e
  6UNH_QEA recycles=7 steps=200 -> 53f4a23d-c7e4-45e0-b9e5-2f6e35e07506
  6UNH_QEA recycles=3 steps=150 -> 105f73b7-5069-474d-9ffe-17e01121f68f
  6UNH_QEA recycles=3 steps=300 -> b1c21bbb-682e-4d95-8afc-83d90093e81d
  6WW0_UDJ recycles=5 steps=200 -> ba08ed4f-097f-4e89-be56-074f768132e8
  6WW0_UDJ recycles=7 steps=200 -> 8f9e1b35-1246-4e8e-9653-7e0d8fc95445
  6WW0_UDJ recycles=3 steps=150 -> 0d4ea6e5-9e2f-4abd-95a8-a8938e0820b7
  6WW0_UDJ recycles=3 steps=300 -> b967170b-415d-4a31-8861-6f6367eed41d
  2FDU_D1G recycles=5 steps=200 -> 73138106-a16a-440e-a77a-ae5ef304200b
  2FDU_D1G recycles=7 steps=200 -> a9b80da5-a3c4-4936-a61e-7fbfa9c3999c
  2FDU_D1G recycles=3 steps=150 -> 0409b38a-15e7-48eb-8187-a878ed0cd411
  2FDU_D1G recycles=3 steps=300 -> c15de490-9ca5-4ac4-a853-a0693c8b6f39
  3GPH_OID recycles=5 steps=200 -> 37ef17cf-5a51-48cd-9312-aa6eeb9e9865
  3GPH_OID recycles=7 steps=200 -> e18ea467-5b6f-488d-8fb2-6877cece90dd
  3GPH_OID recycles=3 steps=150 -> 7c53f80d-97b4-42cc-a420-14fd75e59db9
  3GPH_OID recycles=3 steps=300 -> ad5e9537-6351-4ee4-802d-141ac62bf435
  6UNE_QES recycles=5 steps=200 -> 00e3a047-d647-4d1b-aef1-c636d8b7bf74
  6UNE_QES recycles=7 steps=200 -> accfdf2f-da4e-41c4-b036-281f7832d8cf
  6UNE_QES recycles=3 steps=150 -> e2e7ec78-b22e-4893-a710-74d8b14872f7
  6UNE_QES recycles=3 steps=300 -> 93938259-24a8-48bc-82fd-9d3793afd067
  3ZG3_UDD recycles=5 steps=200 -> 39c45e5a-b1ca-4514-b2b0-ac03dbfeea24
  3ZG3_UDD recycles=7 steps=200 -> 1cc41b57-cbc4-4460-97b1-66d55c7918ee
  3ZG3_UDD recycles=3 steps=150 -> 1a0887a6-c589-4d76-ad8b-453f41b8a716
  3ZG3_UDD recycles=3 steps=300 -> 7396af3f-5c9c-4bb8-8c54-b12e2befd1a7
  7ZSU_JV3 recycles=5 steps=200 -> d7fc5539-6b6c-41c2-a570-3e8c24c8a41f
  7ZSU_JV3 recycles=7 steps=200 -> 70ac983e-62fb-40ec-b740-5e6de0032e08
  7ZSU_JV3 recycles=3 steps=150 -> 1c105447-1b52-4744-9ba9-6c00a5e2abb7
  7ZSU_JV3 recycles=3 steps=300 -> dac35f7c-78ec-44b5-9eec-4fac3e0c088e
  3MZS_HC9 recycles=5 steps=200 -> 3d976303-6101-4de5-afee-b7430afcef60
  3MZS_HC9 recycles=7 steps=200 -> ec19c408-0634-4c9c-89a8-08760e2c91cf
  3MZS_HC9 recycles=3 steps=150 -> 736b856b-4eef-487c-9c52-c1daa694dbc6
  3MZS_HC9 recycles=3 steps=300 -> ee3684cb-7d58-4a37-b63e-93da3a75a4bb
  4EJJ_NCT recycles=5 steps=200 -> d924d1c0-53d0-44fc-8e87-c2e4cd7562bb
  4EJJ_NCT recycles=7 steps=200 -> 30ecf400-34b5-4954-b32b-fa60dba1e55e
  4EJJ_NCT recycles=3 steps=150 -> ec05216c-9dc0-4287-8bbc-b789145aa00c
  4EJJ_NCT recycles=3 steps=300 -> ce10cd5e-83ea-4406-b5b0-effaf98e5462
  1EA1_TPF recycles=5 steps=200 -> f38515c7-3735-4d50-ab01-959906faed79
  1EA1_TPF recycles=7 steps=200 -> f2ffcf26-a20b-46f8-a163-ae9222d1e8fa
  1EA1_TPF recycles=3 steps=150 -> aaf8b3c8-fab4-4b77-9780-908b955c4f44
  1EA1_TPF recycles=3 steps=300 -> 981a58c8-7dd9-4189-99c2-20c4d5a10750
  4K9U_5AW recycles=5 steps=200 -> 540dd2cb-91aa-4f11-b344-d094960229fb
  4K9U_5AW recycles=7 steps=200 -> bd1cc74b-e7dd-42bd-8698-00ed57a1331b
  4K9U_5AW recycles=3 steps=150 -> 02279e2b-612a-4214-9925-9b64956f1eea
  4K9U_5AW recycles=3 steps=300 -> b51d92bf-b274-44a7-b1e9-fd2da2b0a484
  3QOA_3QO recycles=5 steps=200 -> 6d52ee3f-1497-41f7-a094-6da4793924c0
  3QOA_3QO recycles=7 steps=200 -> 7af1cbe1-a124-4712-8c8e-f488053c00be
  3QOA_3QO recycles=3 steps=150 -> 404da33d-0778-4932-a7a4-34ee17c9293b
  3QOA_3QO recycles=3 steps=300 -> cdadcf8e-6e69-487c-a0a3-e31316f5b50f
  7M8V_YSY recycles=5 steps=200 -> dba0e888-85eb-43a9-98b0-6bd5d184b9cc
  7M8V_YSY recycles=7 steps=200 -> 08571bda-1857-4e34-9a4c-06a8192505e9
  7M8V_YSY recycles=3 steps=150 -> 0732b6fb-d168-4431-81a5-7cff986341b8
  7M8V_YSY recycles=3 steps=300 -> 1c02c0de-ec9a-4e5c-b966-555c9d81596b
  6UNK_QE4 recycles=5 steps=200 -> 59c6f57d-f22c-4c03-8dc5-0ae30086b946
  6UNK_QE4 recycles=7 steps=200 -> 7a57d90c-9ef5-4ec5-a0ad-822422903583
  6UNK_QE4 recycles=3 steps=150 -> ca83ce44-9f88-4bc9-8985-d4e199750b4f
  6UNK_QE4 recycles=3 steps=300 -> 3b777798-8c19-4302-9432-3980b4f46b97
  6BDK_DJ1 recycles=5 steps=200 -> ea2fa465-7732-4497-ba5f-30285c753729
  6BDK_DJ1 recycles=7 steps=200 -> 74ec8924-0cb7-4d7b-b336-20603f2c3a0e
  6BDK_DJ1 recycles=3 steps=150 -> f9727b4c-7777-4793-8c61-4fcf83dd7c53
  6BDK_DJ1 recycles=3 steps=300 -> 8175172d-582f-4a4b-aa0b-a858f807c36b
  3IBD_CPZ recycles=5 steps=200 -> 48493b74-f6de-4b20-a8fc-4d45886efa73
  3IBD_CPZ recycles=7 steps=200 -> 61c85d88-00ae-483e-8d19-74a5cc5dd630
  3IBD_CPZ recycles=3 steps=150 -> fb07f32e-2ab8-4421-8af2-3b53b4ca9c6b
  3IBD_CPZ recycles=3 steps=300 -> a66424fc-747c-48e1-aa17-b3c06dfac861
  6BDH_DEV recycles=5 steps=200 -> 03d58cc4-0959-4e33-889b-dfbfcef2d8b3
  6BDH_DEV recycles=7 steps=200 -> 39db4f4a-a319-4272-8d0f-956a2893f725
  6BDH_DEV recycles=3 steps=150 -> 6e165b66-d70d-4d9b-b50f-be5231eede4c
  6BDH_DEV recycles=3 steps=300 -> 5f7a842b-0e5f-4b1f-a5b0-a77dfffe8f41
  6M7X_JD7 recycles=5 steps=200 -> 7cf22797-43e5-4440-aab4-1e8c12d26383
  6M7X_JD7 recycles=7 steps=200 -> 51100fba-e05d-44c5-bab9-9220fd806f2d
  6M7X_JD7 recycles=3 steps=150 -> 0fb60563-f0f4-4c44-b607-e482c1e82b3e
  6M7X_JD7 recycles=3 steps=300 -> 5ee2663e-fab3-41f1-a952-ace7b476c347
  6DA2_G0D recycles=5 steps=200 -> 604a70c3-1036-474e-b928-b50ce98e4d14
  6DA2_G0D recycles=7 steps=200 -> b1816534-96cc-4fa8-a246-cdca5b5967b3
  6DA2_G0D recycles=3 steps=150 -> e0d187f4-abd5-4c7a-a4a3-9f940b33f519
  6DA2_G0D recycles=3 steps=300 -> 49e0d963-98d7-4018-8081-01e30f318c4c
  4D75_PK9 recycles=5 steps=200 -> 261d89d2-8373-4651-9b55-feb2711f208a
  4D75_PK9 recycles=7 steps=200 -> 947a8b2b-5320-4a1a-aac6-60f715d5f40a
  4D75_PK9 recycles=3 steps=150 -> bbc1a7a1-4eaa-4cf7-8e94-a57a58e822f8
  4D75_PK9 recycles=3 steps=300 -> 977925c8-c952-44eb-83c1-42e5b6aefcbc
  7QWN_DQE recycles=5 steps=200 -> e3bab8b9-a713-4ad7-94e4-a83d85897bb3
  7QWN_DQE recycles=7 steps=200 -> 7fc8096e-651c-4b66-9af2-6f5e8f3b467f
  7QWN_DQE recycles=3 steps=150 -> e0161318-3a26-40f9-85f5-03770633779c
  7QWN_DQE recycles=3 steps=300 -> 1be06237-b0dd-4bed-9ac9-f74567c4a504
  7ZT0_JUR recycles=5 steps=200 -> 32abb603-92ec-4e5f-bcfb-7004787edd6b
  7ZT0_JUR recycles=7 steps=200 -> 16f28bc5-cc14-4d44-b673-70370842a709
  7ZT0_JUR recycles=3 steps=150 -> 42b76cfc-72ed-48de-89cb-7d738d7d2c45
  7ZT0_JUR recycles=3 steps=300 -> c3cc15a4-aef6-4501-92ec-1bcf7e1577f6
  6UNI_QDV recycles=5 steps=200 -> 7eba2f3e-1928-48c0-8790-1525d87affe0
  6UNI_QDV recycles=7 steps=200 -> da938fec-a557-427b-900a-26d65c80882f
  6UNI_QDV recycles=3 steps=150 -> 805c5c08-9fd2-40e6-a1d1-d78492eabb5a
  6UNI_QDV recycles=3 steps=300 -> 035d8c05-b1ad-442e-8dca-3e1c68db750d
  6UNL_QDJ recycles=5 steps=200 -> 3acec5b7-fc9f-4176-882a-1ba4b97950ba
  6UNL_QDJ recycles=7 steps=200 -> fcfc1242-0c04-4d5c-b1ec-85142dd359b0
  6UNL_QDJ recycles=3 steps=150 -> 72f75fee-3b4f-4da6-a62f-04eef309825e
  6UNL_QDJ recycles=3 steps=300 -> 858f11ea-e1f9-40ff-af2a-722a670c42fa
  6DA8_G0J recycles=5 steps=200 -> 9dd8eda1-2cad-470b-bae3-1c56f8a541c3
  6DA8_G0J recycles=7 steps=200 -> 6d9c219a-62eb-49b2-95b7-ca956ae3b5fa
  6DA8_G0J recycles=3 steps=150 -> a7a1b93b-3dfd-404f-89bc-1e11e8fc408a
  6DA8_G0J recycles=3 steps=300 -> baf5fda3-eaa9-439d-881d-7fcc4c3812be
  4G1X_TQU recycles=5 steps=200 -> ee36f690-ed9c-4bd5-b750-99762c2421a8
  4G1X_TQU recycles=7 steps=200 -> 5efb71b9-9860-4f2e-b46f-ab7109b4da64
  4G1X_TQU recycles=3 steps=150 -> c8f356b6-c1bd-4ee5-8fca-6591b5690115
  4G1X_TQU recycles=3 steps=300 -> 9cc53584-bf3c-46b1-b8ae-67b770bdae87
  8S4M_A1H47 recycles=5 steps=200 -> 17591452-006b-4c65-922c-b9ad62b70905
  8S4M_A1H47 recycles=7 steps=200 -> 1c6ddad1-7654-4ad9-9318-869d39085d30
  8S4M_A1H47 recycles=3 steps=150 -> aef9c4f9-3a68-47ee-915a-43461a345d7d
  8S4M_A1H47 recycles=3 steps=300 -> 1d181309-138c-4421-af7a-bc3727f0f9c4
  6A17_9RL recycles=5 steps=200 -> 5b927648-8965-426d-bb11-c1372e693ef5
  6A17_9RL recycles=7 steps=200 -> 9514d8cf-a0ae-4fff-9bf4-8fe1d0b4270f
  6A17_9RL recycles=3 steps=150 -> 24967e02-c39e-4c97-96b6-080fd443f1b0
  6A17_9RL recycles=3 steps=300 -> 2cc3924e-d9b7-4337-8816-0cea0b5a3b80
  6DAC_FZV recycles=5 steps=200 -> 08883eec-50ae-414d-9f96-bcf53dbcb53a
  6DAC_FZV recycles=7 steps=200 -> c7acde3b-efa7-449e-a5fa-36c6cb6b9f9c
  6DAC_FZV recycles=3 steps=150 -> 114978b2-3c3e-4c29-9da4-727f5de4bd8b
  6DAC_FZV recycles=3 steps=300 -> a4f8640e-7743-4258-8821-ea277aa00da1
  3T3Q_9PL recycles=5 steps=200 -> b4cb94b5-8a9e-41d7-be02-3c48a7d43605
  3T3Q_9PL recycles=7 steps=200 -> d7835de0-e928-465c-9528-094510664101
  3T3Q_9PL recycles=3 steps=150 -> 72bdc9bc-d0f6-43c2-af89-880e11386067
  3T3Q_9PL recycles=3 steps=300 -> 745df6cd-60a0-495a-a9b2-8992973f7c09
  3LC4_LC4 recycles=5 steps=200 -> c138fa24-cf65-4381-86f5-02ef9ce9093f
  3LC4_LC4 recycles=7 steps=200 -> 7230d271-ed17-4949-a259-c77dfc259cdb
  3LC4_LC4 recycles=3 steps=150 -> 93650e56-4fc6-45fb-a5a2-b1c409d40bd0
  3LC4_LC4 recycles=3 steps=300 -> a5212629-4cb8-4fdb-95a3-2e2912c64d18
  2CIB_CM6 recycles=5 steps=200 -> 1ac2317c-8469-4728-aedc-fec8308ea761
  2CIB_CM6 recycles=7 steps=200 -> e06a94a0-56f8-419c-874d-126ecb797425
  2CIB_CM6 recycles=3 steps=150 -> 04ca78cc-bd6c-4015-bbd3-8afba07546c1
  2CIB_CM6 recycles=3 steps=300 -> bca995c0-f201-4f8c-baf3-4a8fb1d6157e
  5IBG_69S recycles=5 steps=200 -> f8266735-9d17-4b2f-9ff4-05db18dd5c3c
  5IBG_69S recycles=7 steps=200 -> e57e522e-beba-459e-a040-c8472d81deff
  5IBG_69S recycles=3 steps=150 -> 71bceb64-fb10-4756-9e72-45d394debe7b
  5IBG_69S recycles=3 steps=300 -> 6757b0bf-eac8-40f9-b0a0-1069b16dd5da
  7R3U_2QC recycles=5 steps=200 -> 896b9c56-b1f0-43bf-b915-ed0ca73e10db
  7R3U_2QC recycles=7 steps=200 -> 4c216948-86f9-48ba-a428-2191e6f098be
  7R3U_2QC recycles=3 steps=150 -> 53c9866a-9614-4032-874f-74b6ffea04b9
  7R3U_2QC recycles=3 steps=300 -> e70596c4-4ad7-488a-b4db-ed3b53a8b904
  3KOH_OIO recycles=5 steps=200 -> b56f40bd-0652-4f93-a14e-d169e813c02f
  3KOH_OIO recycles=7 steps=200 -> 71388b87-1f36-4b00-affd-20fc33909d8a
  3KOH_OIO recycles=3 steps=150 -> 82bbd2a7-a638-4334-bdb1-ba8ee46a8173
  3KOH_OIO recycles=3 steps=300 -> 6a2d9a48-2c6d-42c7-884b-c04898921c6d
  3N9Z_HC9 recycles=5 steps=200 -> d10b201a-f0be-4c81-bac8-9b4e4a851dd1
  3N9Z_HC9 recycles=7 steps=200 -> 4f2ccd9e-d049-4a86-9457-4b9bd3225960
  3N9Z_HC9 recycles=3 steps=150 -> f71815b7-37ef-45fe-b6fe-226428b6ce72
  3N9Z_HC9 recycles=3 steps=300 -> 434577bf-619c-449b-b09a-2646107f31d8
  7LYX_YHM recycles=5 steps=200 -> 493d82ae-f3d2-4272-bdc4-7232f3204839
  7LYX_YHM recycles=7 steps=200 -> d9368c42-2673-4cf7-b712-3fb920d6aa67
  7LYX_YHM recycles=3 steps=150 -> 694c410c-f9b9-4bb6-ae22-93855be65af0
  7LYX_YHM recycles=3 steps=300 -> 588e9984-b4ca-4862-9f5c-13afb489fb7d
  4NY4_2QH recycles=5 steps=200 -> 395624a1-c68b-4957-97f2-1ac2c3524b99
  4NY4_2QH recycles=7 steps=200 -> d16c000d-05bb-4cdb-bb0e-f4b2972d6cf7
  4NY4_2QH recycles=3 steps=150 -> 98c81bc3-66f6-4ea0-8c9d-3595e9092924
  4NY4_2QH recycles=3 steps=300 -> 7a480b3b-7636-457c-91fc-3a04ccc69df8
  2CI0_1CM recycles=5 steps=200 -> e79c7443-a180-4844-82a3-0c1445b3559e
  2CI0_1CM recycles=7 steps=200 -> 09ef22c9-5fdc-4948-94ab-4bad9930d340
  2CI0_1CM recycles=3 steps=150 -> 72f21894-9319-46a8-bf6a-1b4c9a7b270d
  2CI0_1CM recycles=3 steps=300 -> 235eae9b-28d3-40b2-9989-883085916bf1
  6WGW_CAH recycles=5 steps=200 -> 165b0857-dd88-49f9-831d-e9d5be760117
  6WGW_CAH recycles=7 steps=200 -> 55b3cff7-35b7-4c7c-9b1e-0082839c4ef6
  6WGW_CAH recycles=3 steps=150 -> b4b7730f-44cf-4b4e-ab97-c3879a24c470
  6WGW_CAH recycles=3 steps=300 -> 67cfbbfb-d4d4-4173-9ea1-4a4710297417
  2UVN_ECN recycles=5 steps=200 -> d8f6cffa-f67d-4cf5-912e-077e7527fb56
  2UVN_ECN recycles=7 steps=200 -> beebc52b-7803-4527-995f-8fab73583260
  2UVN_ECN recycles=3 steps=150 -> dd822f67-cd65-4854-8b82-07c4cdc22c75
  2UVN_ECN recycles=3 steps=300 -> 6e8d1f31-9871-490b-ba54-5bf14ab1a792
  2NZ5_226 recycles=5 steps=200 -> cfe00a63-cfcd-4545-81dd-1b86f1a1068a
  2NZ5_226 recycles=7 steps=200 -> 733d69dd-48c0-4036-8d22-d94c055e6e0c
  2NZ5_226 recycles=3 steps=150 -> d4d83691-0649-481c-bac1-81ca2efe1aca
  2NZ5_226 recycles=3 steps=300 -> a74c0c13-3347-417d-8ed3-ee540042ad15
  5IUT_32M recycles=5 steps=200 -> 62063564-748d-4cdb-917c-2201171aa9e8
  5IUT_32M recycles=7 steps=200 -> 37a848f3-bce0-42d0-a8e5-09eaab0b8336
  5IUT_32M recycles=3 steps=150 -> 650dc0dd-94a0-4b33-bcdd-f8d9efa2e635
  5IUT_32M recycles=3 steps=300 -> b79d0243-1c2e-4b77-ae29-e92e011b00b0
  4C9K_CAH recycles=5 steps=200 -> 1ed0ffa3-4ae2-40e0-b3ee-1d89fb10533f
  4C9K_CAH recycles=7 steps=200 -> 424a3aa4-a95a-40bd-93db-c60ad5714413
  4C9K_CAH recycles=3 steps=150 -> ddd86893-793d-411d-a9ed-6470258deae8
  4C9K_CAH recycles=3 steps=300 -> 97c9ff43-28cc-4029-8d84-054b17f79cff
  6UNJ_QDY recycles=5 steps=200 -> fc3fab6b-384e-4051-acf5-7b8ec0019ff1
  6UNJ_QDY recycles=7 steps=200 -> 2e4699cc-787f-473d-863a-87bc2efc26b0
  6UNJ_QDY recycles=3 steps=150 -> 56497ef1-8c36-4f00-a224-80189c939106
  6UNJ_QDY recycles=3 steps=300 -> 05f13197-67b1-4e28-8387-d851ead00d22
  8HKD_PAM recycles=5 steps=200 -> fa43ed8d-ad03-404d-a5f9-3529547e1112
  8HKD_PAM recycles=7 steps=200 -> 2b953da3-5a90-4fb7-b589-84517cc5e3a3
  8HKD_PAM recycles=3 steps=150 -> 17bf88c6-508e-4284-aa48-6280ff4ecab7
  8HKD_PAM recycles=3 steps=300 -> d28ab10d-f11d-406c-9b6e-4221f781a12a
  4C9N_CAH recycles=5 steps=200 -> ac6a1cc5-6c86-4fda-a075-4d668c81a6b6
  4C9N_CAH recycles=7 steps=200 -> 8d82f003-57e1-4153-94fc-6c2446cc4633
  4C9N_CAH recycles=3 steps=150 -> 7103f44b-1a2f-47dd-b253-610e8f03fb60
  4C9N_CAH recycles=3 steps=300 -> 2c763a32-2fbc-427b-a6c3-7795148c5672
  5TE8_08J recycles=5 steps=200 -> 6d21cdac-87be-4d29-9ef6-3773138a30ab
  5TE8_08J recycles=7 steps=200 -> 9845f4ed-a027-4671-89f5-cf28a207a07c
  5TE8_08J recycles=3 steps=150 -> 1a66258a-9b3f-4ec2-a068-6f2eb01aec71
  5TE8_08J recycles=3 steps=300 -> 252ba570-6d75-45b9-8a8a-b9f8568ad5a5
  6UPI_QFD recycles=5 steps=200 -> b19bf504-743d-48d4-8144-2ff2bf235441
  6UPI_QFD recycles=7 steps=200 -> a23de46e-b7d5-47eb-af00-6741b7e900ee
  6UPI_QFD recycles=3 steps=150 -> 6d47e108-500d-41ed-9395-b8b965a18651
  6UPI_QFD recycles=3 steps=300 -> d3b0f987-3e8a-463e-967c-4323f7cd3f93
  9JQM_DCR recycles=5 steps=200 -> 97729cc0-4444-4636-be04-753fcfe4831e
  9JQM_DCR recycles=7 steps=200 -> d11c0ae2-c18c-4e02-bb4e-5feaee7887d6
  9JQM_DCR recycles=3 steps=150 -> e9eaf099-e204-4e57-9cfb-2616698ee3ca
  9JQM_DCR recycles=3 steps=300 -> 9f47c446-7f42-4347-8fbf-a820f667ccc4
  8VL0_LVC recycles=5 steps=200 -> 1871356a-a260-459f-abe2-16e2249b01fe
  8VL0_LVC recycles=7 steps=200 -> 59a37c8b-48b8-4144-8800-9c657b970aa6
  8VL0_LVC recycles=3 steps=150 -> 8933a6d8-5a5f-418d-a7cd-be6489f9ecd9
  8VL0_LVC recycles=3 steps=300 -> 6bb32768-a9ac-4553-9ff7-a27465cffba5
  3EBS_N4E recycles=5 steps=200 -> 5e8ac66f-39d3-4f3f-bffa-704ebe07c7dc
  3EBS_N4E recycles=7 steps=200 -> 4c108690-9256-4072-93ed-48646aae640c
  3EBS_N4E recycles=3 steps=150 -> f63f74f2-02a0-45af-a088-6cccd9770e60
  3EBS_N4E recycles=3 steps=300 -> 86320f1c-5d7a-4d51-9269-58a8475b003d
  7SHI_4UH recycles=5 steps=200 -> a4c0149d-632d-4511-a883-a6917bd25b40
  7SHI_4UH recycles=7 steps=200 -> a9b91d07-50f7-496f-8019-54d4e2a80c71
  7SHI_4UH recycles=3 steps=150 -> 6864ce1d-7c02-42eb-ab9d-2fa0038131ba
  7SHI_4UH recycles=3 steps=300 -> ccf07321-cfab-4fed-ad15-5668d05a1893
  7U00_L4I recycles=5 steps=200 -> 38ec3ad1-b132-47a4-aac2-8e9a119c90c4
  7U00_L4I recycles=7 steps=200 -> 2964412f-e135-4db4-87ee-71bf57d3dc7c
  7U00_L4I recycles=3 steps=150 -> f2306192-3155-4ab2-9b6e-d1da83f6c77b
  7U00_L4I recycles=3 steps=300 -> 5a3d9350-c59c-42d1-9279-dfb55144dca9
  8VOC_M4F recycles=5 steps=200 -> d42c1a6f-5f3a-4ea9-8200-1d0b8b048c5e
  8VOC_M4F recycles=7 steps=200 -> 4b164ab2-44b3-4344-a44e-2ea6209b3714
  8VOC_M4F recycles=3 steps=150 -> ec5d356c-ef42-4b34-811b-c7f5524d4d24
  8VOC_M4F recycles=3 steps=300 -> 7ac7f7fc-bde6-4b9b-8619-2f4bccda5038
  7TZY_L3K recycles=5 steps=200 -> 330c6e42-d509-4086-988a-51fd464f9e06
  7TZY_L3K recycles=7 steps=200 -> 11a6d7b8-525e-4f57-be7b-6f4b11626655
  7TZY_L3K recycles=3 steps=150 -> 075a527a-56c2-47f0-a3b1-847f3130dd30
  7TZY_L3K recycles=3 steps=300 -> 9a134e1e-00ad-447c-b264-3397bc604c0f
  3ME6_CGE recycles=5 steps=200 -> 1dd13651-f2df-4a32-b3a3-fa18d2d2f91e
  3ME6_CGE recycles=7 steps=200 -> 46d54117-c1ed-477b-ad1c-b0102a0370ff
  3ME6_CGE recycles=3 steps=150 -> b7905007-d9c6-452a-922b-aee294616998
  3ME6_CGE recycles=3 steps=300 -> 956ee95d-1fa3-4470-8d35-ac17feba485a
  1Z11_8MO recycles=5 steps=200 -> 31d2df7c-ba0c-49f0-b37c-a5d9e5a16bec
  1Z11_8MO recycles=7 steps=200 -> bce036cd-dda7-4f8a-bd5a-161fa5e929c8
  1Z11_8MO recycles=3 steps=150 -> e67b7f10-3b02-4ee8-9e05-74cc8c3d29d8
  1Z11_8MO recycles=3 steps=300 -> b9cf6b8f-1c65-489d-95ed-d22fbb24f741
  9KPU_A1EGF recycles=5 steps=200 -> 8c248691-50ae-4fdc-bb4e-161a97949741
  9KPU_A1EGF recycles=7 steps=200 -> 14fdc416-9719-4239-b84a-0311b0931869
  9KPU_A1EGF recycles=3 steps=150 -> 59b6ea30-27ce-4d3c-a4c5-a7f9a6e5fe8c
  9KPU_A1EGF recycles=3 steps=300 -> 732bbb1b-f0d9-4846-9bfb-8a650145cf5f
  5LI6_6XF recycles=5 steps=200 -> af144065-5b5e-4114-8bb3-69175d0f8ead
  5LI6_6XF recycles=7 steps=200 -> d01c3c58-b3ab-42e6-865d-5717505c379a
  5LI6_6XF recycles=3 steps=150 -> a8dcfda1-811e-49af-a4ab-efa595468738
  5LI6_6XF recycles=3 steps=300 -> 093a8862-9395-445b-8a85-4948590a1050
  3NA0_2DC recycles=5 steps=200 -> 659c724a-f22e-424e-a6f7-956d00633316
  3NA0_2DC recycles=7 steps=200 -> ca5be581-4cbb-47d3-848f-7b1d5fa4b984
  3NA0_2DC recycles=3 steps=150 -> ce3b2d38-90f7-4142-839f-22ce9c8df6fa
  3NA0_2DC recycles=3 steps=300 -> fa25d88d-4f09-41c3-b007-e1fa406fdad1
  8SS0_WQR recycles=5 steps=200 -> e5d203cf-93df-4d75-b208-2db8acd25e7c
  8SS0_WQR recycles=7 steps=200 -> 784a41c5-2886-4f21-b68f-fdf45b5061d7
  8SS0_WQR recycles=3 steps=150 -> 0ea2ba7e-e7bd-4218-879c-35c2837593fc
  8SS0_WQR recycles=3 steps=300 -> e06f9ab0-0829-40c5-ab3e-712d0fc8901f
  2RCH_243 recycles=5 steps=200 -> 1cc910c7-4593-47e1-be1c-f7051f32591c
  2RCH_243 recycles=7 steps=200 -> 07abb285-42de-457a-b392-ebec6a7bbc85
  2RCH_243 recycles=3 steps=150 -> fa8a3f45-31f4-4246-becc-019bc26f69b8
  2RCH_243 recycles=3 steps=300 -> 4496cbfa-b14d-4ffb-9447-2cbefcb818e5
  8SO2_CFF recycles=5 steps=200 -> 860688f8-25ae-425d-b262-f4a3604a23fd
  8SO2_CFF recycles=7 steps=200 -> 829787c0-0442-443f-a80c-76a6292d5fd5
  8SO2_CFF recycles=3 steps=150 -> 7b6cadb5-44c9-40a1-a1bf-bc7d1f2866b0
  8SO2_CFF recycles=3 steps=300 -> bcd08433-7122-496d-a1a5-5b21ad051e4c
  3DSI_T24 recycles=5 steps=200 -> f0562dbd-09e5-4f42-b924-5f4f767d1b50
  3DSI_T24 recycles=7 steps=200 -> f4e4e6be-a354-45ff-8b47-0c152382c6a4
  3DSI_T24 recycles=3 steps=150 -> b0a43d65-6d82-4c5e-9994-f111655d6f2d
  3DSI_T24 recycles=3 steps=300 -> 1e8ebbed-27d4-41da-a090-f16de53f5d9d
  5VCG_08Y recycles=5 steps=200 -> 451d97a5-e1fa-4263-b07b-abb53e107da3
  5VCG_08Y recycles=7 steps=200 -> 31985887-eb0a-4c1e-bf2b-fe3120af8906
  5VCG_08Y recycles=3 steps=150 -> d1f7e4a7-fbf5-4666-8963-a24159f0d0fc
  5VCG_08Y recycles=3 steps=300 -> 808f8223-7b1b-4a2e-bbf4-17e55a45f3fa
  9VGQ_A1MAJ recycles=5 steps=200 -> a2c6bce4-bfec-48d0-a873-e61790fbb272
  9VGQ_A1MAJ recycles=7 steps=200 -> d0103f65-1c57-44e7-a323-507257251f20
  9VGQ_A1MAJ recycles=3 steps=150 -> 08740fbb-7871-47e6-b228-919bf2477b50
  9VGQ_A1MAJ recycles=3 steps=300 -> a95e2d19-9001-4b55-9ef7-860b6d9ab76b
  3R9B_D12 recycles=5 steps=200 -> 9f64ec51-9f5a-4bf9-ac0c-63452c714aac
  3R9B_D12 recycles=7 steps=200 -> 47de8be3-1b4f-4521-b893-c3c6fbf81884
  3R9B_D12 recycles=3 steps=150 -> 031ccb02-12b5-407a-83f2-142312634a97
  3R9B_D12 recycles=3 steps=300 -> 9585269f-4347-4f2a-b46c-7b3ddd31e85d
  6VLT_LSN recycles=5 steps=200 -> 2b7f5348-d2cc-453b-b6d1-ad0174abeda5
  6VLT_LSN recycles=7 steps=200 -> 302f8305-b99f-4f08-b833-7da14fa42740
  6VLT_LSN recycles=3 steps=150 -> ab91b08b-bc94-4458-bf18-1a01edfcc8e7
  6VLT_LSN recycles=3 steps=300 -> 877383e5-14ad-42db-845f-6318719f3915
  8G35_YJE recycles=5 steps=200 -> c30fc126-e034-4cb8-889a-05e2a2390646
  8G35_YJE recycles=7 steps=200 -> c2b3cc9c-36ea-411e-b8cd-70e8e8310d16
  8G35_YJE recycles=3 steps=150 -> f54859bf-9afb-447d-9450-417870ed0af7
  8G35_YJE recycles=3 steps=300 -> 5a3536ce-f223-4613-b5cc-9827e2a6e0a6
  9IY1_PLM recycles=5 steps=200 -> 22030ebb-cdfe-4c91-8dd3-2fe5aabf274e
  9IY1_PLM recycles=7 steps=200 -> dc264cd1-8b5b-460f-94fa-d60ce2c638cd
  9IY1_PLM recycles=3 steps=150 -> 0bf38efe-af4a-4016-aef4-ef883bd4e947
  9IY1_PLM recycles=3 steps=300 -> af518299-792e-4b61-9d0b-64db61e3afae
  3DSJ_243 recycles=5 steps=200 -> a3ac8cdb-acf4-4a58-9975-4bc13ab73838
  3DSJ_243 recycles=7 steps=200 -> 57cda3ab-9e4a-48f2-8037-0db88913fd03
  3DSJ_243 recycles=3 steps=150 -> 7c3af7b7-cbd4-4f21-a9ec-b0afe5e37ff3
  3DSJ_243 recycles=3 steps=300 -> e7216e1f-9e57-428a-9d2a-b110740b34cf
  3P99_LNP recycles=5 steps=200 -> 00b7c52b-ed0d-499a-931a-528b2b6a14f3
  3P99_LNP recycles=7 steps=200 -> bd439afe-f59a-4aee-8dfb-df19d78d52cd
  3P99_LNP recycles=3 steps=150 -> cadf4a3b-ca2a-4bf6-b0fb-185f1e3ca373
  3P99_LNP recycles=3 steps=300 -> 692cdce1-6ef8-4ff5-9871-4192c2fb3d67
  6PRS_OW7 recycles=5 steps=200 -> c8ba83e1-35c4-4b71-9e8c-d19592d5e369
  6PRS_OW7 recycles=7 steps=200 -> b0c1edad-a890-406d-8854-fdc9ceb30c1c
  6PRS_OW7 recycles=3 steps=150 -> f6343821-1793-4cc7-a586-6bed9e3c3f97
  6PRS_OW7 recycles=3 steps=300 -> 9362715c-99ba-401c-85f9-487fcdd06013
  3UA1_08Y recycles=5 steps=200 -> d66033cd-79aa-4715-8bf9-53ee3eed36de
  3UA1_08Y recycles=7 steps=200 -> 4d37d90d-d408-4537-a83a-4ccc85a83010
  3UA1_08Y recycles=3 steps=150 -> f5abff29-e4f5-4677-90df-be90244ba7da
  3UA1_08Y recycles=3 steps=300 -> ede3b231-cb1c-42b7-ac73-2f60a53cbea3
  5UVB_8QM recycles=5 steps=200 -> dee8d031-4fa2-49cb-b3c0-d6dc41a2f9ad
  5UVB_8QM recycles=7 steps=200 -> c317f9eb-2a0a-4bf7-96aa-982a49660fec
  5UVB_8QM recycles=3 steps=150 -> 07e16811-eac7-424e-9055-2f54b216c1fe
  5UVB_8QM recycles=3 steps=300 -> fca43654-933d-423e-ad2f-f375647e1496
  7CCF_FW6 recycles=5 steps=200 -> 3bcb3cfe-5f0f-410b-92b6-cd251394f54c
  7CCF_FW6 recycles=7 steps=200 -> b68131af-0874-44e6-8769-3263afaf9fd2
  7CCF_FW6 recycles=3 steps=150 -> 923c0ec7-e01d-467e-ab68-c2bf9e984c96
  7CCF_FW6 recycles=3 steps=300 -> 6963ecb5-7871-49d9-83b2-c3a1ff4d1a00
  8SO1_CFF recycles=5 steps=200 -> 746b5ea1-6028-4442-8fab-06e3694e5427
  8SO1_CFF recycles=7 steps=200 -> a4b7d7db-b0e4-4e40-b912-40c5c15c3907
  8SO1_CFF recycles=3 steps=150 -> b9fe20c0-2743-4e34-89a9-0f9a8b173b93
  8SO1_CFF recycles=3 steps=300 -> a885ab52-7be4-4fd8-96a3-bc8701879bd9
  9DXW_5R0 recycles=5 steps=200 -> 3f2607fd-9806-4651-9b00-aba74b01c89e
  9DXW_5R0 recycles=7 steps=200 -> 2187dfeb-450e-4afd-88ac-7c15eac086ac
  9DXW_5R0 recycles=3 steps=150 -> 7fd7d193-ab33-4f4b-8530-3e47c7da8765
  9DXW_5R0 recycles=3 steps=300 -> 4aec92e9-9124-49ae-bb32-28dec53540f3
  3R1B_TB2 recycles=5 steps=200 -> aef35980-9224-41d4-a1cd-d93fd54e838d
  3R1B_TB2 recycles=7 steps=200 -> 27a57d44-537f-4a2c-8738-e0908782e1bd
  3R1B_TB2 recycles=3 steps=150 -> 639e645c-cd2e-47c9-bf69-ab292ce2c548
  3R1B_TB2 recycles=3 steps=300 -> 057fbd6b-9e25-415a-aaf8-01ee6c3fe6ba
  5KDB_4IA recycles=5 steps=200 -> cad100bc-e50b-4ab2-950b-ba321c12e97b
  5KDB_4IA recycles=7 steps=200 -> 6cf21a52-1bdf-47bf-9e12-15e3de736d4a
  5KDB_4IA recycles=3 steps=150 -> ffce0d7d-27d4-4d18-b881-2c9fb12943c3
  5KDB_4IA recycles=3 steps=300 -> 0603746f-de79-45aa-ba50-ab0665ec2fae
  3NA1_HCD recycles=5 steps=200 -> ee23f4b6-757a-4ce9-8171-861e5fcc0822
  3NA1_HCD recycles=7 steps=200 -> 02c9fb72-e6e3-4095-bee0-9d938d422fe8
  3NA1_HCD recycles=3 steps=150 -> 7d93d39b-9fc0-48b0-9bc4-95e63a860f94
  3NA1_HCD recycles=3 steps=300 -> 938dc141-d735-4ea5-9cd8-43009603b9a7
  7LXL_YNV recycles=5 steps=200 -> 704ecf08-c258-4c9d-aaed-83b9935e5204
  7LXL_YNV recycles=7 steps=200 -> a7bf5629-34f5-458f-a986-d08949753d1b
  7LXL_YNV recycles=3 steps=150 -> 3f751f6f-80ec-442e-a0cf-b6ad0bd82c3f
  7LXL_YNV recycles=3 steps=300 -> a1fed91e-0688-476a-a976-0237de1a289b
  5JL7_ASD recycles=5 steps=200 -> 0fc3dc29-d2dd-4eb3-9eae-99d76aedaa6d
  5JL7_ASD recycles=7 steps=200 -> 254542ad-089d-45fe-89e2-e528b8fe31af
  5JL7_ASD recycles=3 steps=150 -> 060af4c1-792f-4d4a-9dd0-3a73164e44f3
  5JL7_ASD recycles=3 steps=300 -> d75e8de6-a780-4e0a-a6c5-b8cd28d66501
  6OOX_4IA recycles=5 steps=200 -> c061a04e-5fbf-44ff-8061-f6b1c3db54e9
  6OOX_4IA recycles=7 steps=200 -> 0fa631d6-462e-4f95-8214-738bd50ef60c
  6OOX_4IA recycles=3 steps=150 -> 3a3dc3d2-c69b-4149-ad0d-0ab27afe9566
  6OOX_4IA recycles=3 steps=300 -> 7bee3011-262a-4c24-adda-48805fd5a346
  2D0E_NQ recycles=5 steps=200 -> 7ff0c093-4bbd-4c17-a07c-58bf494a3fae
  2D0E_NQ recycles=7 steps=200 -> 68406716-2437-4efc-9bbb-caf561dff0dc
  2D0E_NQ recycles=3 steps=150 -> c4e4a30c-fcaa-494c-a192-51c7a4426cff
  2D0E_NQ recycles=3 steps=300 -> 6b806e7b-a8f5-4ec6-aaf2-88f8aef5ba10
  3KW4_TIC recycles=5 steps=200 -> 0f9a3abc-94bc-4c74-98e3-2f03a13cbdf8
  3KW4_TIC recycles=7 steps=200 -> 4f2c3b1c-fa20-47a1-a6ae-ec6292d59dd7
  3KW4_TIC recycles=3 steps=150 -> 629d4d35-c935-4c26-8123-8decca6bc1f3
  3KW4_TIC recycles=3 steps=300 -> 65cba523-e7a1-437c-86ed-b07fd5094797
  4EJG_NCT recycles=5 steps=200 -> 6f551d29-a7b5-47fc-aece-adf1fcaadb63
  4EJG_NCT recycles=7 steps=200 -> 677ad6e3-f171-484f-be32-efe0caef6b9b
  4EJG_NCT recycles=3 steps=150 -> fc482298-1293-44b4-9e2f-d0ac534ec30a
  4EJG_NCT recycles=3 steps=300 -> 87c6c6f8-de39-44a2-a416-6bdc9f85e114
  7WYG_PAM recycles=5 steps=200 -> eac8caaf-bfec-4a48-a8ef-af8aa2812232
  7WYG_PAM recycles=7 steps=200 -> 02be45e1-ceed-4966-88d6-0188c103dbe5
  7WYG_PAM recycles=3 steps=150 -> e84b544d-f8af-44c6-af6b-206bc07ce42d
  7WYG_PAM recycles=3 steps=300 -> 954dd74e-5428-4a08-833e-e36e7327e0c4
  6OO9_MWV recycles=5 steps=200 -> 7a093b99-9fc3-4702-9715-54431559b6c7
  6OO9_MWV recycles=7 steps=200 -> bfb753a4-7a39-4994-9ff5-62fe83d77d3b
  6OO9_MWV recycles=3 steps=150 -> 49d8fb59-05a5-4da8-9b24-4f4cfcd49f6a
  6OO9_MWV recycles=3 steps=300 -> d90a5081-2a6d-4d4c-9627-e26062adde91
  1EUP_ASD recycles=5 steps=200 -> 8a6796c4-a9ff-4dd4-bd9a-b9e503b4a0f5
  1EUP_ASD recycles=7 steps=200 -> b2d3fe1a-824d-4cb5-8c32-c28d650cf81a
  1EUP_ASD recycles=3 steps=150 -> 54254e92-aeb7-487c-9d24-b20b12eb359f
  1EUP_ASD recycles=3 steps=300 -> 9f4fbaa9-b25b-4526-b376-593fb5438814
  5JL6_ASD recycles=5 steps=200 -> f615e85e-e470-456e-a3b0-1f679ac50b16
  5JL6_ASD recycles=7 steps=200 -> be739990-ae3b-4b36-bc72-6f2bb4fbf1de
  5JL6_ASD recycles=3 steps=150 -> bbbaf6f5-41a7-475f-adf6-c8c92e4a38c0
  5JL6_ASD recycles=3 steps=300 -> efd02b50-f5e7-4309-b394-4dfbc4ab75e7
  6UPG_KEQ recycles=5 steps=200 -> b6dd1154-93d4-4377-a3ea-4ea53a67ff9e
  6UPG_KEQ recycles=7 steps=200 -> 8b042ed7-fbf4-4f5c-852e-486ab1e5d95a
  6UPG_KEQ recycles=3 steps=150 -> d794a117-4b64-453f-811a-8a93d2189ac5
  6UPG_KEQ recycles=3 steps=300 -> 4cbbc083-a5ee-4c08-8a5e-3b357cb2ab13
  5JL9_ASD recycles=5 steps=200 -> 4ef16a33-adb0-470b-8dbb-d2496c4cac06
  5JL9_ASD recycles=7 steps=200 -> c9a6a2ac-4d8a-4a5e-ae88-eda0cc8fb8ad
  5JL9_ASD recycles=3 steps=150 -> c5766554-e196-499e-a669-1e0042e7ab8e
  5JL9_ASD recycles=3 steps=300 -> d2288d39-1058-4096-b958-c5871b4ba920
  5XJN_88L recycles=5 steps=200 -> f9d93fa5-caa5-498f-9636-68d2445ab145
  5XJN_88L recycles=7 steps=200 -> 24368c52-3973-4eb0-b184-50d38481ea3d
  5XJN_88L recycles=3 steps=150 -> e46469aa-b8fc-4cc5-9d2a-030aa82c7d2f
  5XJN_88L recycles=3 steps=300 -> 4bbb20b5-1043-400f-9b80-74ef7719d38d
  5YQA_8ZU recycles=5 steps=200 -> 4e4cf88c-7523-41fa-a81d-59009ce43f82
  5YQA_8ZU recycles=7 steps=200 -> eb755ca4-b639-4c61-8dc1-3d93ac12f64a
  5YQA_8ZU recycles=3 steps=150 -> 2c1b7dc9-2c7e-4def-b7af-8af6c0045ee6
  5YQA_8ZU recycles=3 steps=300 -> 7c6311e3-164c-43bd-b329-eed1a11c1ec1
  4DVQ_1CA recycles=5 steps=200 -> f8c32a8a-f24a-4a2a-b516-21ae0b5a0ca4
  4DVQ_1CA recycles=7 steps=200 -> 5f0def80-23b0-46c4-b47b-4e40291192f4
  4DVQ_1CA recycles=3 steps=150 -> f3027f90-c91f-4b31-a636-30bbdac78d21
  4DVQ_1CA recycles=3 steps=300 -> 62059fc0-3848-4707-9786-f03dbce7b88c
  3DSK_T25 recycles=5 steps=200 -> f2f054b7-a791-4d6e-ace2-dafc3b55b40e
  3DSK_T25 recycles=7 steps=200 -> e752d506-49f5-48a3-873a-becc362e4d90
  3DSK_T25 recycles=3 steps=150 -> e9bcb747-fd9d-4bd6-9936-8f3574c1125c
  3DSK_T25 recycles=3 steps=300 -> 959b98f6-6bf4-4ed5-8be8-71012592c117
  5JKW_TES recycles=5 steps=200 -> 7bdaca15-4788-47a2-b7c8-40435563823a
  5JKW_TES recycles=7 steps=200 -> fd950c32-63ef-4b2f-9d95-2a64fb2255f0
  5JKW_TES recycles=3 steps=150 -> dc397f54-bfdb-42b8-955c-e8082cbfe8f7
  5JKW_TES recycles=3 steps=300 -> c28d1d13-b4c4-46fa-adfc-4ce5be5bc708
  9DX9_5R0 recycles=5 steps=200 -> 90310323-5c33-4c98-9eb8-0c4af4bf105a
  9DX9_5R0 recycles=7 steps=200 -> d27d6034-ddf5-4f3e-9762-5ef3e780771d
  9DX9_5R0 recycles=3 steps=150 -> e0e770be-e678-46cb-a9e3-c43b49a5224f
  9DX9_5R0 recycles=3 steps=300 -> 1694d108-d52f-48ac-a88f-0e5818e37756
  7R1I_HIH recycles=5 steps=200 -> 44fa968a-709e-47ec-9efb-0ae7acaaf740
  7R1I_HIH recycles=7 steps=200 -> 30a6fecb-10ae-4ee5-b794-f611056a1ec3
  7R1I_HIH recycles=3 steps=150 -> 0ba63055-a7d0-4720-b256-313f66236181
  7R1I_HIH recycles=3 steps=300 -> 997a5098-2984-4b83-bc9a-df7429c4d15b
  5JKV_ASD recycles=5 steps=200 -> 4a6088e7-55b7-4ed4-842c-463bae215faf
  5JKV_ASD recycles=7 steps=200 -> a7502e97-3826-4887-a2e6-0c37d5d0b457
  5JKV_ASD recycles=3 steps=150 -> cfa16d8a-59e3-4b65-b1b8-f1a22b72a89a
  5JKV_ASD recycles=3 steps=300 -> f6418b01-02bf-492f-8626-d9985e850e74
  3S79_ASD recycles=5 steps=200 -> 85a3ef86-8d31-42c6-ad07-f343f3a3bdb0
  3S79_ASD recycles=7 steps=200 -> d804bf1a-d680-4b7b-acdf-68f73091ec69
  3S79_ASD recycles=3 steps=150 -> 411cc5c7-fc43-4d16-9663-e82ef4577e81
  3S79_ASD recycles=3 steps=300 -> ea62f0c6-ed08-41d6-b768-1c1b26a65487
  6FMO_DVE recycles=5 steps=200 -> d44e862a-4323-4409-9029-ef2f3ece14cf
  6FMO_DVE recycles=7 steps=200 -> 2987701d-e881-45e6-81ca-108c8dca6dad
  6FMO_DVE recycles=3 steps=150 -> bed52069-e6ca-40a6-b242-f999ce37b15e
  6FMO_DVE recycles=3 steps=300 -> d50734b8-c582-4990-b41c-ce1bb460e270
  2WM4_VGJ recycles=5 steps=200 -> 55517aeb-b680-423c-9255-aa4e7b1444a1
  2WM4_VGJ recycles=7 steps=200 -> 996d29da-215c-4bea-b98a-6e165b734d9a
  2WM4_VGJ recycles=3 steps=150 -> c4916937-7d73-4ce7-a04e-ae6d65ac165c
  2WM4_VGJ recycles=3 steps=300 -> 114b9ddd-5ea2-40a1-b595-ff85bcaed015
  4EGN_TWO recycles=5 steps=200 -> ce061dbf-609d-4820-9c74-6746a5a82596
  4EGN_TWO recycles=7 steps=200 -> fda8677c-fdc7-4bfa-a7f2-bc0bacaa2e65
  4EGN_TWO recycles=3 steps=150 -> e28a3d70-b34d-4390-bb6a-ab5b56a05441
  4EGN_TWO recycles=3 steps=300 -> 9237dac2-75c1-4d37-8eb1-3a275c09d8d1
  6RQ9_KEQ recycles=5 steps=200 -> f8f550fb-745a-4619-a102-937dcd3594df
  6RQ9_KEQ recycles=7 steps=200 -> 03dcbf0c-ec5c-4c4d-a9a9-3d2f2add20ef
  6RQ9_KEQ recycles=3 steps=150 -> 994cf102-f8a4-47d4-80a4-83da25e4961e
  6RQ9_KEQ recycles=3 steps=300 -> c47ecc1a-3f5b-4db2-9af2-66823e3ef168
  7KS8_X8S recycles=5 steps=200 -> 907cfe29-6215-4d49-b9f9-e9ce9f13588e
  7KS8_X8S recycles=7 steps=200 -> d3e58f82-c789-4ef1-92ff-089c7efb7e3f
  7KS8_X8S recycles=3 steps=150 -> b3bdf1cd-f2f5-4f44-b75e-ac98fe5762d0
  7KS8_X8S recycles=3 steps=300 -> 763bef85-789d-4954-9521-308c06736bb9
  6RQE_KEZ recycles=5 steps=200 -> 8e3c1a8b-f5c3-41f7-91b7-81204678e498
  6RQE_KEZ recycles=7 steps=200 -> 4e1c7215-2b09-432d-9f1e-7f7d38e9a6fe
  6RQE_KEZ recycles=3 steps=150 -> 0eed72cb-3eba-4dc5-ab72-faa59d82fd5c
  6RQE_KEZ recycles=3 steps=300 -> 18b1e8cd-3adf-4d16-93fd-ef4b69b4ad72
  7R8S_8ZU recycles=5 steps=200 -> 0061bcb1-b5eb-435e-9e0b-ebdf2236c6b1
  7R8S_8ZU recycles=7 steps=200 -> 52fce4b6-f1cb-405d-9c0a-7a443712d44d
  7R8S_8ZU recycles=3 steps=150 -> d468af36-7ca0-477a-af30-3906a988bb08
  7R8S_8ZU recycles=3 steps=300 -> 497a0346-29b3-472c-9cbb-142da44c8bb9
  6T0F_K2B recycles=5 steps=200 -> 1c865a82-13cf-4dbb-8ac6-6e4cec34657e
  6T0F_K2B recycles=7 steps=200 -> c5f4762b-75e2-48e8-b5db-db470cd9d5c2
  6T0F_K2B recycles=3 steps=150 -> 9713a045-f42f-44eb-80e3-198d3e6c90b1
  6T0F_K2B recycles=3 steps=300 -> 01ec7a53-0140-4606-be55-422acfc9e651
  2YOO_K2B recycles=5 steps=200 -> 159d19db-587e-4cfa-87ca-4d83b3267a0e
  2YOO_K2B recycles=7 steps=200 -> 371eff14-5323-47f0-8abb-2162546c492b
  2YOO_K2B recycles=3 steps=150 -> bb3e6b91-3262-4871-aff0-9c1af9d32873
  2YOO_K2B recycles=3 steps=300 -> 4187d951-804e-4361-a080-e6f37ee20956
  6UNN_K3Z recycles=5 steps=200 -> 9b905b11-9c67-49d1-b510-90ccad6aa07c
  6UNN_K3Z recycles=7 steps=200 -> a9471e0d-3fc7-41c3-81c1-9256ca621966
  6UNN_K3Z recycles=3 steps=150 -> 9810d93b-763b-46e5-b419-262d45660e16
  6UNN_K3Z recycles=3 steps=300 -> 1782b24a-c04c-40d6-a761-3bb5d22e1a4e
  5WBG_9ZJ recycles=5 steps=200 -> b952ce22-5f4b-4131-ba0e-2f6ac1320228
  5WBG_9ZJ recycles=7 steps=200 -> 93604e9b-0194-44f9-81e6-53490196f62e
  5WBG_9ZJ recycles=3 steps=150 -> 025a9a6e-6cfe-456f-b48d-9578fdc58517
  5WBG_9ZJ recycles=3 steps=300 -> 8f38e44e-58a0-4654-9ad8-745471d2452a
  6GK6_MYR recycles=5 steps=200 -> 22a88f9c-1a7e-49f0-a96d-85fa4fb92a89
  6GK6_MYR recycles=7 steps=200 -> 32222147-af58-4d42-89cc-d84e275bf533
  6GK6_MYR recycles=3 steps=150 -> 811909a4-0bec-4997-b871-0229e1f012c7
  6GK6_MYR recycles=3 steps=300 -> 667e4d03-9a91-4d1c-953d-624a5233b69c
  6T0H_M9B recycles=5 steps=200 -> c7bb3e41-e70d-4471-9394-6afbdb1c1f40
  6T0H_M9B recycles=7 steps=200 -> 3c4c195c-b5e6-4149-af44-e79c3f1dadda
  6T0H_M9B recycles=3 steps=150 -> ab023368-b439-4c38-8a61-16ab29d5c68a
  6T0H_M9B recycles=3 steps=300 -> 147d5f64-3abf-4fa0-b54e-34a1310381e2
  6DWM_HJJ recycles=5 steps=200 -> 46e37c83-e87e-4aed-a864-ffdcae814636
  6DWM_HJJ recycles=7 steps=200 -> 3be0fb3f-e0d4-4d59-818d-926d6d9bc51a
  6DWM_HJJ recycles=3 steps=150 -> 3206388d-fc3b-489e-a273-8e198274856f
  6DWM_HJJ recycles=3 steps=300 -> 32e0ea4f-2b2e-4bb6-abe6-8e56ea869514
  6C2D_EH1 recycles=5 steps=200 -> 471434c6-c75e-48c2-8512-6ad13022b3f3
  6C2D_EH1 recycles=7 steps=200 -> 5a20dd96-1991-466a-8af1-78a372f0c1ae
  6C2D_EH1 recycles=3 steps=150 -> e0d0b2c7-b6a6-4e81-b8ff-05d429141b6e
  6C2D_EH1 recycles=3 steps=300 -> 0e38ef8d-3f6f-4cab-9ee3-bc46b0017c14
  6T0G_VD3 recycles=5 steps=200 -> c67254f1-fa4a-4f8b-b60d-ff162b4b1495
  6T0G_VD3 recycles=7 steps=200 -> 63c3ef86-692e-40c7-933e-e912e406d0d7
  6T0G_VD3 recycles=3 steps=150 -> 6f592d43-d22a-4a07-9fbf-eb5febe55684
  6T0G_VD3 recycles=3 steps=300 -> 05b8ce6e-0303-4900-8d04-a88477bd7791
  3EQM_ASD recycles=5 steps=200 -> 8d7aed2d-98cc-46a6-9fcd-dd365613006f
  3EQM_ASD recycles=7 steps=200 -> 37675da5-24f9-4401-9012-88e94fc2a148
  3EQM_ASD recycles=3 steps=150 -> 251aa655-6896-4074-9543-a992f3c20626
  3EQM_ASD recycles=3 steps=300 -> 9fce4e4b-be62-4459-9633-f19f8322ada9
  7TNU_EH1 recycles=5 steps=200 -> 3edab537-5482-40fc-a69b-52b1f59787eb
  7TNU_EH1 recycles=7 steps=200 -> 2818388b-a3bb-43a2-bad6-aa83138eb144
  7TNU_EH1 recycles=3 steps=150 -> fbee8709-4cde-4edc-9ae9-4bb02c569473
  7TNU_EH1 recycles=3 steps=300 -> 1193dc09-6ecb-4b26-915c-110bffd3ba1e
  6T0J_RWZ recycles=5 steps=200 -> e46ea971-c69d-4e93-8d65-839ca46d0601
  6T0J_RWZ recycles=7 steps=200 -> ef33fdb6-d45e-4c35-a374-cff5622845a1
  6T0J_RWZ recycles=3 steps=150 -> 16611d55-e33c-4328-a89c-aca31e336c62
  6T0J_RWZ recycles=3 steps=300 -> 252be063-1b64-432e-9a44-93992301e843
  7ZXD_KB9 recycles=5 steps=200 -> da3ca6ea-5ce6-4755-92c5-e04ef36ded3b
  7ZXD_KB9 recycles=7 steps=200 -> 4a288501-05b9-4ecf-9daa-de83b9a89e56
  7ZXD_KB9 recycles=3 steps=150 -> 5b20ba3b-9713-41ab-a2a5-89c64bcde30b
  7ZXD_KB9 recycles=3 steps=300 -> 82b528a3-5b28-426e-b670-e40f4e9d53c1
  6UDL_Q4M recycles=5 steps=200 -> 49c1cba2-7dcf-4c16-b3f2-27b5a4b66b79
  6UDL_Q4M recycles=7 steps=200 -> b554c72f-d493-49ee-8a43-e4d4b136d4ed
  6UDL_Q4M recycles=3 steps=150 -> 9e8d8313-ce4e-457c-9673-c5a64283ecb8
  6UDL_Q4M recycles=3 steps=300 -> ee8dad2c-602c-4a0e-a96e-c4e7af61fd39
  4Y8W_STR recycles=5 steps=200 -> 5008eb63-3dd9-4469-b69f-9d3f1af18b99
  4Y8W_STR recycles=7 steps=200 -> d4796a00-9cdc-4b0c-9a19-5fe99018bef5
  4Y8W_STR recycles=3 steps=150 -> 40a93461-d291-4550-9541-d1431121e3ac
  4Y8W_STR recycles=3 steps=300 -> 0c23dde9-2c9f-4424-bf5b-016bb9ab2e03
  8D39_QDB recycles=5 steps=200 -> 346d6302-02f4-4ff7-96ae-06e1d06374b7
  8D39_QDB recycles=7 steps=200 -> e693fc07-b9d5-491d-8481-935d7e8a0ef8
  8D39_QDB recycles=3 steps=150 -> 63f5e1b1-3010-45fe-b325-1ec59fb83775
  8D39_QDB recycles=3 steps=300 -> d461702e-3d01-487e-956c-625340579a4a
  8GK3_ZWY recycles=5 steps=200 -> f9c69f68-a641-4d50-9726-c657b3136eab
  8GK3_ZWY recycles=7 steps=200 -> 9a7d7fce-83f9-4352-bf7e-a6443df20007
  8GK3_ZWY recycles=3 steps=150 -> 61ea5e84-1fa7-4402-9a3e-03cf36622521
  8GK3_ZWY recycles=3 steps=300 -> a1370eb7-c206-4ae4-99a9-4903d8211adf
  6J88_B9O recycles=5 steps=200 -> 2c675430-5492-4a69-8c4c-eb91be39128b
  6J88_B9O recycles=7 steps=200 -> 07e2193b-2fc3-480a-9682-23beb97d8368
  6J88_B9O recycles=3 steps=150 -> 5efc251a-428d-44e2-839b-341c0aca3fd1
  6J88_B9O recycles=3 steps=300 -> 317a13d2-1fc6-4263-922c-f0d2b4ec4d94
  7SMZ_K2B recycles=5 steps=200 -> 113d0da7-b9e9-434c-a4bc-70b859a6920b
  7SMZ_K2B recycles=7 steps=200 -> 7b7e762e-e3ca-4d61-bd45-0ae78e69c3cf
  7SMZ_K2B recycles=3 steps=150 -> 5efbd999-b148-441d-97e8-1d8629f85d70
  7SMZ_K2B recycles=3 steps=300 -> 5015c3e3-8195-423b-a3ab-f4a285dbcec3
  9JS9_TES recycles=5 steps=200 -> c05c9b5c-ef4c-4358-b724-0ecc5543fb35
  9JS9_TES recycles=7 steps=200 -> 95b427a3-0217-484f-a2ab-7549c1e0ad1b
  9JS9_TES recycles=3 steps=150 -> e1f01353-872b-496f-9d9d-2eef0928c936
  9JS9_TES recycles=3 steps=300 -> c0572ae3-2976-41b5-a58c-cfd2855a1483
  8A6W_K2B recycles=5 steps=200 -> 518591f1-98ea-43dc-a211-630663e908ad
  8A6W_K2B recycles=7 steps=200 -> 491e4215-b084-445b-a1d5-29d575d06f01
  8A6W_K2B recycles=3 steps=150 -> a8a14aa0-b083-4228-a849-c2da44eda4a3
  8A6W_K2B recycles=3 steps=300 -> 88189048-a463-43bf-96a1-68e2c6897d87
  3V8D_0GV recycles=5 steps=200 -> 00c8b5a3-8dd6-44dd-9972-177b6f0beeea
  3V8D_0GV recycles=7 steps=200 -> ffa602c4-92fb-4470-9459-9104c7daf91e
  3V8D_0GV recycles=3 steps=150 -> 9992961a-be7e-419a-99f5-ebfee5c94142
  3V8D_0GV recycles=3 steps=300 -> a7f1bfc4-5658-4755-869c-344ceb5b2369
  6A15_CLR recycles=5 steps=200 -> eee4498d-a802-4c4f-bc99-913352df7e03
  6A15_CLR recycles=7 steps=200 -> 128d56ed-f42f-4836-9d18-a99803741622
  6A15_CLR recycles=3 steps=150 -> e072eaaf-ff60-4ea0-9fc2-0b54e689ba7b
  6A15_CLR recycles=3 steps=300 -> 9b6c4a69-781a-4c30-afd5-353cd49f2010
  7SNM_LAN recycles=5 steps=200 -> c35c1569-d5a9-4cf9-a896-3c0b9355d125
  7SNM_LAN recycles=7 steps=200 -> 855016a0-26b0-41c7-bf7d-36e7c0451d92
  7SNM_LAN recycles=3 steps=150 -> 5be80c41-2d9a-4346-8359-15077160811c
  7SNM_LAN recycles=3 steps=300 -> 859abe95-edd2-4ebe-8555-8cd1869427bd
  6UEZ_LAN recycles=5 steps=200 -> 66fafcc5-b5e7-4079-8aec-b2507b34916e
  6UEZ_LAN recycles=7 steps=200 -> 11c6f5d2-7dda-40d2-b28c-dce0b0b56fc0
  6UEZ_LAN recycles=3 steps=150 -> 3a811a73-b630-416b-9392-faa6d0d251b0
  6UEZ_LAN recycles=3 steps=300 -> 6be0a610-4ba4-4976-988b-a2eba328884d
  6F8C_STR recycles=5 steps=200 -> 69ef9510-df9d-4622-a85c-e016e1016d07
  6F8C_STR recycles=7 steps=200 -> 0bd1edd1-347f-4964-a145-54f4dacfa45b
  6F8C_STR recycles=3 steps=150 -> ae9b3c9d-2d99-448e-8859-f956cbcbe1fd
  6F8C_STR recycles=3 steps=300 -> b0ccd045-674c-4e88-b57b-71a1087220ff
  5CWE_DAO recycles=5 steps=200 -> 3eb82434-bde4-4375-b81b-c4b467c85731
  5CWE_DAO recycles=7 steps=200 -> 7990a417-e665-4819-8466-a2e751a14bbb
  5CWE_DAO recycles=3 steps=150 -> 8fda2855-a3f5-470d-9510-bf52857389e0
  5CWE_DAO recycles=3 steps=300 -> ea2d9340-99dd-455a-9dba-5eac28b8585e
  6RQB_Q47 recycles=5 steps=200 -> 1fae9ef0-f5bf-45e7-aa48-37455a0f4714
  6RQB_Q47 recycles=7 steps=200 -> 6564dde9-23b6-406c-bf52-b9f421f20157
  6RQB_Q47 recycles=3 steps=150 -> fb00a0ea-b6fa-4950-a0ca-934971338712
  6RQB_Q47 recycles=3 steps=300 -> ced5d56d-5542-4325-a5b6-af90256c7b8a
  9PLJ_TCI recycles=5 steps=200 -> e23792fd-e721-461e-8343-bb25d683f475
  9PLJ_TCI recycles=7 steps=200 -> 408a79b4-8e18-4765-92d2-a9422ade26d3
  9PLJ_TCI recycles=3 steps=150 -> 0d8a0533-97a6-4ac2-8651-aaffd143d3ae
  9PLJ_TCI recycles=3 steps=300 -> 79c02342-e629-4534-9c31-5f299e770965
  4EGO_1F1 recycles=5 steps=200 -> f0856765-5aa5-4c7c-bfc0-b80a2f2d6ccb
  4EGO_1F1 recycles=7 steps=200 -> 84058bd8-67bb-4cab-937a-4fd572d71cf0
  4EGO_1F1 recycles=3 steps=150 -> 4e5de4b7-4a0d-44e1-8f34-28bc9adb32a8
  4EGO_1F1 recycles=3 steps=300 -> cea87689-d106-4668-8528-4d65e13acf1b
  7SV2_MWY recycles=5 steps=200 -> 1b76ee11-1514-49f2-9dc0-51f2f5f66e83
  7SV2_MWY recycles=7 steps=200 -> 82c93c9c-2855-4087-9c83-5fed20fdec3b
  7SV2_MWY recycles=3 steps=150 -> 258b45a9-04a1-4da6-8b03-53e45a67b129
  7SV2_MWY recycles=3 steps=300 -> a2b14b45-2002-4336-94df-607d62fe1250
  7N14_ZRS recycles=5 steps=200 -> 307d68a8-267e-4383-9438-25aa76b1db9e
  7N14_ZRS recycles=7 steps=200 -> 8d73a001-3d69-4a2a-9322-a217f7f97418
  7N14_ZRS recycles=3 steps=150 -> b5f95710-7c4e-42c8-8823-cb8abdc48179
  7N14_ZRS recycles=3 steps=300 -> bb5389c9-2a31-4760-a76d-112f129bcad1
  5U6T_81J recycles=5 steps=200 -> c5a40e73-29a5-4d7b-bfcf-4337f369707b
  5U6T_81J recycles=7 steps=200 -> 63827edf-16f9-45d3-a7a2-a09861df9a0a
  5U6T_81J recycles=3 steps=150 -> 03e4b754-30c2-4f3f-a680-a05555108ad0
  5U6T_81J recycles=3 steps=300 -> bd2487e8-2d2e-4de8-ae89-2c696cca9244
  8VKF_LVK recycles=5 steps=200 -> 145223a6-e20b-4bd4-a95b-0d6c2c715608
  8VKF_LVK recycles=7 steps=200 -> 44037c4e-ed18-4c29-8776-d056fc9067aa
  8VKF_LVK recycles=3 steps=150 -> 7cf93fc9-2740-45d2-bad2-779285e832b5
  8VKF_LVK recycles=3 steps=300 -> 4dd8fe1b-106b-4db5-b619-6a77f59cec8c
  7TRU_KQR recycles=5 steps=200 -> 1fa74b38-c730-4e67-b5f7-28f1442ed8c6
  7TRU_KQR recycles=7 steps=200 -> dcc4071f-8126-46a4-8008-2adef0c033ad
  7TRU_KQR recycles=3 steps=150 -> 3bda30b3-ac9e-431d-b4d0-e62e9db2e73b
  7TRU_KQR recycles=3 steps=300 -> 6922f4e5-5075-4127-bf2b-6e0d841ed512
  4XRY_SI5 recycles=5 steps=200 -> fafed3c9-dd7a-43d3-9644-dcb29f2fe736
  4XRY_SI5 recycles=7 steps=200 -> 2f6fac1d-b476-4464-8bd9-7020e86d227b
  4XRY_SI5 recycles=3 steps=150 -> 4d598c0b-3d9a-4429-8dd0-b213a670b84d
  4XRY_SI5 recycles=3 steps=300 -> 3b3fd3d5-75b7-46c0-a632-9fd967dbb9a9
  4JBT_ASD recycles=5 steps=200 -> ffe750cd-2c2a-4cfe-96f9-08f132787890
  4JBT_ASD recycles=7 steps=200 -> c9566342-3623-42b0-9d91-53022a756ae3
  4JBT_ASD recycles=3 steps=150 -> f59b647a-5943-46cc-acb7-be6ef207d8c4
  4JBT_ASD recycles=3 steps=300 -> 6e28b764-61d4-43c1-afdc-79f69cd14de5
  2NNI_MTK recycles=5 steps=200 -> 6743aed5-73fc-485e-85a3-389e1633baa8
  2NNI_MTK recycles=7 steps=200 -> 67db6f61-5992-4d7f-b6c8-ada0ff78e5ad
  2NNI_MTK recycles=3 steps=150 -> bb14fe08-34e8-4772-9bc3-6adb747957aa
  2NNI_MTK recycles=3 steps=300 -> 5855e145-f3fb-4bf2-a48d-db6dbf64291b
  2RCL_T25 recycles=5 steps=200 -> ea7b16b5-7f32-466b-8afc-9bf3aa695f09
  2RCL_T25 recycles=7 steps=200 -> 43bba8a1-013f-49b0-aad7-eafcf5b1e818
  2RCL_T25 recycles=3 steps=150 -> fb92ccbe-27e6-444b-9702-a062986c2373
  2RCL_T25 recycles=3 steps=300 -> 25b8458b-f14f-4bd4-a1b2-99e151e461ba
  6F88_STR recycles=5 steps=200 -> 6c2f104c-b340-420e-913f-3bc507820165
  6F88_STR recycles=7 steps=200 -> 37c910b1-8666-4e85-b0a1-80667c8ecc44
  6F88_STR recycles=3 steps=150 -> 34578852-636a-4aea-a2bf-83c17bc404af
  6F88_STR recycles=3 steps=300 -> 9beffd84-4cac-4663-97c7-a95588e4b2ec
  6MCW_JDJ recycles=5 steps=200 -> c3879dfa-992e-47c8-9db9-aabb31d21ce9
  6MCW_JDJ recycles=7 steps=200 -> 93aacb98-670f-4fd4-ac36-30ae59c8d680
  6MCW_JDJ recycles=3 steps=150 -> 35df64e2-4641-4a85-bf84-b4fc78287a7e
  6MCW_JDJ recycles=3 steps=300 -> 4d180cf6-44d4-46b5-9207-7418159e6b59
  6UDM_Q4P recycles=5 steps=200 -> ec94c429-4772-46a1-b3fb-01cc951765b0
  6UDM_Q4P recycles=7 steps=200 -> ecc6c783-c84d-42fc-8203-b9c6875a3114
  6UDM_Q4P recycles=3 steps=150 -> 86ec176c-0ce7-4564-acc4-422d5c844b3f
  6UDM_Q4P recycles=3 steps=300 -> 934d9383-336a-44e1-a0cf-40fccd02ff44
  7JXB_VLG recycles=5 steps=200 -> 7d669032-6feb-4f76-848d-31a219b0d91f
  7JXB_VLG recycles=7 steps=200 -> e8970a44-3fe5-4a7f-b02c-7e37e837f61c
  7JXB_VLG recycles=3 steps=150 -> 51218451-ebce-4ebf-9351-1266d25bd47d
  7JXB_VLG recycles=3 steps=300 -> bccd78b7-43e7-4d68-ba81-05b9331455f6
  8GDI_0GV recycles=5 steps=200 -> f71e9bf9-8375-40f1-9b82-f069864647de
  8GDI_0GV recycles=7 steps=200 -> ffaf32d5-4d6b-4f74-ba5e-0f2c02a22133
  8GDI_0GV recycles=3 steps=150 -> d27902f7-2788-4534-a1d9-1bac9fb49fff
  8GDI_0GV recycles=3 steps=300 -> 6af35792-0a5e-4a03-b98a-e2c1bfc0ec44
  6RQ8_KEH recycles=5 steps=200 -> 6fdd22f9-5803-4835-86f9-9b9a5b57f730
  6RQ8_KEH recycles=7 steps=200 -> 8ca08e1d-cc5b-465b-a828-8386fc3416ce
  6RQ8_KEH recycles=3 steps=150 -> 38345259-52ba-4d5c-9bd1-681e2a30755d
  6RQ8_KEH recycles=3 steps=300 -> 80d2bd00-86db-4396-8458-e496042905df
  8TAY_EJD recycles=5 steps=200 -> 46b03c49-c769-456c-9d7c-7fc07f7340fb
  8TAY_EJD recycles=7 steps=200 -> 0d943f74-9f52-425a-b286-4069b9608a39
  8TAY_EJD recycles=3 steps=150 -> 94d48543-1ed7-490d-885a-747d4dec2310
  8TAY_EJD recycles=3 steps=300 -> b6a80685-2d78-4f46-8d47-829c7820cb89
  4TRI_C3S recycles=5 steps=200 -> 9382c05f-9929-4886-98ab-943ec974a001
  4TRI_C3S recycles=7 steps=200 -> 14ff5811-ca0a-48de-9770-cb14a697076d
  4TRI_C3S recycles=3 steps=150 -> 1eef05be-3920-4b8f-a54e-539eb94ff951
  4TRI_C3S recycles=3 steps=300 -> 88ab0982-39e5-4131-b765-1bce553a6dbf
  6U3K_PQS recycles=5 steps=200 -> f92c1040-67af-44ec-afba-251d0e1b6939
  6U3K_PQS recycles=7 steps=200 -> 09c344fa-d437-4779-a3de-ca8017bbb114
  6U3K_PQS recycles=3 steps=150 -> ca187333-6de6-4616-ad15-b01645ccb8e6
  6U3K_PQS recycles=3 steps=300 -> d816d0c3-6405-487e-a522-dd8abc53b51a
  6C3J_EJD recycles=5 steps=200 -> 6d23ca32-47e3-4651-b6ae-d241d8393a2b
  6C3J_EJD recycles=7 steps=200 -> 3058754b-586a-4500-bc7f-963934b92672
  6C3J_EJD recycles=3 steps=150 -> 63bac95d-0293-4ec2-9a77-705f4c8fe02e
  6C3J_EJD recycles=3 steps=300 -> 9f2feb27-6df6-419b-890e-d4b1d84d08ca
  7LAD_XRD recycles=5 steps=200 -> 07fef9b3-1f16-4fc5-9d91-1240909e1ea0
  7LAD_XRD recycles=7 steps=200 -> f17c5e6f-d2a6-442c-bac8-5c0663bad9da
  7LAD_XRD recycles=3 steps=150 -> cb660c48-7308-4cfa-afc3-47ff264e5c5b
  7LAD_XRD recycles=3 steps=300 -> 82753ec7-ea70-4b29-ab72-631b73fbf3ca
  9KG5_TES recycles=5 steps=200 -> 92214424-66b5-4643-a6aa-63b30df37a2e
  9KG5_TES recycles=7 steps=200 -> d48b4833-32fa-4819-b735-32b94fcbefae
  9KG5_TES recycles=3 steps=150 -> 800f3be8-ba0a-44e6-8c18-baef0bd8bad2
  9KG5_TES recycles=3 steps=300 -> b1b18983-3247-42a8-9b14-0d7aecdf03a3
  8HGB_L6X recycles=5 steps=200 -> 55f22708-35ea-4711-9a35-2549c733c8ae
  8HGB_L6X recycles=7 steps=200 -> c841f993-e429-4032-b7c2-1a5a9f7d056b
  8HGB_L6X recycles=3 steps=150 -> 596e00d8-43e4-4a4e-b6d7-aaec0ba3fa3f
  8HGB_L6X recycles=3 steps=300 -> 700a373b-769d-4285-a2a0-87f9919045ec
  6OOA_MWY recycles=5 steps=200 -> f8558807-7bcb-4089-a26e-59bb86518f17
  6OOA_MWY recycles=7 steps=200 -> 5fe8cd25-446b-42c4-aa5d-94a880d52869
  6OOA_MWY recycles=3 steps=150 -> 8efb5601-40ee-4f75-9ecc-aa2512a2ab16
  6OOA_MWY recycles=3 steps=300 -> 09e52587-a9da-471a-85c1-f13852740017
  6G5Q_EMZ recycles=5 steps=200 -> eb97bd65-a999-4e9f-8bbd-245dadb537e5
  6G5Q_EMZ recycles=7 steps=200 -> 6a7c1dcf-da23-4e13-8e50-7fb16dfd16fb
  6G5Q_EMZ recycles=3 steps=150 -> 5dc8a1cb-5d12-405d-a6a2-444af650daac
  6G5Q_EMZ recycles=3 steps=300 -> 7661ed53-6107-4916-9273-f5162e84ba6d
  1N6B_DMZ recycles=5 steps=200 -> 5817adb9-ce82-4298-b1be-1226e762ce47
  1N6B_DMZ recycles=7 steps=200 -> c0db8b72-e6b3-4305-baee-26a5f9b9763c
  1N6B_DMZ recycles=3 steps=150 -> ee87d5c2-a1eb-471b-af6e-ed57d6ffa711
  1N6B_DMZ recycles=3 steps=300 -> 7be44460-dbd6-4a25-ab20-3976b7a7d402
  8FID_NE4 recycles=5 steps=200 -> b4527fa0-8cac-4343-9b0c-65d5982b6524
  8FID_NE4 recycles=7 steps=200 -> f303175b-e67b-446c-a24b-b77da5648330
  8FID_NE4 recycles=3 steps=150 -> 00c0940a-0c2c-406b-8894-b2e5b75416f8
  8FID_NE4 recycles=3 steps=300 -> e2f0c8f2-5822-4b95-8467-6f77d61c2c74
  2X5W_K2B recycles=5 steps=200 -> d9bb6968-df1a-4dbc-bfc1-3cda78ab9025
  2X5W_K2B recycles=7 steps=200 -> 3fba7471-d6c0-4962-a821-d1b901dd4b1f
  2X5W_K2B recycles=3 steps=150 -> ad35ca8d-379d-4ca2-bf52-b2db7c1b870a
  2X5W_K2B recycles=3 steps=300 -> 1da3b482-8294-4fe9-83c2-28f2d956d05e
  8TAW_PQS recycles=5 steps=200 -> 7de9dc97-6405-4d07-aa28-89a4a7553077
  8TAW_PQS recycles=7 steps=200 -> b6e177bd-c6b0-47d0-bc59-fe478f9fe96b
  8TAW_PQS recycles=3 steps=150 -> 931cb094-0791-455a-95da-c8318521f443
  8TAW_PQS recycles=3 steps=300 -> 615652d1-08f5-4892-9db0-d85664e00240
  7TRT_KQF recycles=5 steps=200 -> 7ddcc703-4486-4435-b6e7-8710410011e5
  7TRT_KQF recycles=7 steps=200 -> 10848eb3-71bb-40e5-8a43-7b2511970a19
  7TRT_KQF recycles=3 steps=150 -> 922a6760-5636-41d3-82eb-e406cf59ced2
  7TRT_KQF recycles=3 steps=300 -> ac7b5dc6-8db1-4b44-b797-fe27dadd13a0
  6TO2_NQ8 recycles=5 steps=200 -> 4fba2c10-c0c1-4077-80a2-07a051f6cb0d
  6TO2_NQ8 recycles=7 steps=200 -> cd407af9-88a5-43ec-80ae-de09737a8622
  6TO2_NQ8 recycles=3 steps=150 -> 953ed273-df0b-48c1-949f-15acab3b25fd
  6TO2_NQ8 recycles=3 steps=300 -> 09e230c8-0393-45f7-afb3-ce43edc7ced1
  4J6C_STR recycles=5 steps=200 -> 1bbdb2a4-ee6c-4dba-b772-1874eb236183
  4J6C_STR recycles=7 steps=200 -> 393ee13d-391e-48cd-b489-e59f0e3448b7
  4J6C_STR recycles=3 steps=150 -> 9d3599db-1cd5-45f7-bb7c-81b8bf2f52b4
  4J6C_STR recycles=3 steps=300 -> 58158920-612c-4ecf-b9f5-7a86084de8c9
  6BLD_DXJ recycles=5 steps=200 -> d318b8d5-8284-4082-9623-e6b8d81d33a8
  6BLD_DXJ recycles=7 steps=200 -> f1a852d4-b53b-4140-bb4d-ad3768f4791e
  6BLD_DXJ recycles=3 steps=150 -> 25794915-aebc-4995-b334-b8561617fddf
  6BLD_DXJ recycles=3 steps=300 -> 1521168f-37a0-4f68-a6ec-0242ac040844
  3N9Y_CLR recycles=5 steps=200 -> 65bfed0a-df53-4aa7-a775-1b742aa24d17
  3N9Y_CLR recycles=7 steps=200 -> 702027e3-6f49-4cf6-9372-8ab33d9f0fdc
  3N9Y_CLR recycles=3 steps=150 -> 516e1046-ae9e-43f6-be18-78f24f0cc920
  3N9Y_CLR recycles=3 steps=300 -> cfc81eb8-1f86-44bd-af01-37ce531bf6d0
  8FIC_NE4 recycles=5 steps=200 -> 2d0f23d5-b157-4716-9acc-09262e5e35ce
  8FIC_NE4 recycles=7 steps=200 -> 5a7f3260-87ff-4dee-8f02-40e43c9b0411
  8FIC_NE4 recycles=3 steps=150 -> 3a088ea9-3952-495c-9145-df28a3534eee
  8FIC_NE4 recycles=3 steps=300 -> 1bad3342-b17e-489c-9c96-be040e6f5dc7
  8FKB_FOF recycles=5 steps=200 -> 59202f3d-7a27-4993-8584-241242ff0927
  8FKB_FOF recycles=7 steps=200 -> b87cd88e-9445-416f-a8f0-c53893f499ae
  8FKB_FOF recycles=3 steps=150 -> 0483a0df-bb6a-4761-9b1d-ee76eafdee1f
  8FKB_FOF recycles=3 steps=300 -> a0643e52-c9a2-4f30-82fd-dc72d9090ad6
  8D8P_PLM recycles=5 steps=200 -> 7b91acba-276b-4d53-8d86-784dce5880f7
  8D8P_PLM recycles=7 steps=200 -> f7a01351-366c-422f-92be-07af252a7f87
  8D8P_PLM recycles=3 steps=150 -> 2b73bb92-3fd7-4ea5-b8c2-4e2920edf582
  8D8P_PLM recycles=3 steps=300 -> 5fc8547a-0551-4c0d-948c-1b497b9b8515
  6TET_N5Z recycles=5 steps=200 -> cb980950-dd66-45ac-b94c-be13a5d49ab9
  6TET_N5Z recycles=7 steps=200 -> 496a0566-19a3-4e19-8fdb-962129cf0646
  6TET_N5Z recycles=3 steps=150 -> 791f9d9d-0e1c-4eb3-bf41-0c6622d4b289
  6TET_N5Z recycles=3 steps=300 -> dd9b1e7d-392f-4eae-bc14-df5f0a185946
  2VE3_REA recycles=5 steps=200 -> 933aeea8-a07e-4320-a491-78db078ac477
  2VE3_REA recycles=7 steps=200 -> ff3785d7-876f-4d44-be2d-913250603a17
  2VE3_REA recycles=3 steps=150 -> 0dd7d6d2-dc89-49f2-8de9-26d945d95ee5
  2VE3_REA recycles=3 steps=300 -> d71c04f5-492f-4ece-afa6-1492be9579a2
  7JW5_Z7Z recycles=5 steps=200 -> 352aaa8b-464b-468a-a3a5-56a8636c7f3b
  7JW5_Z7Z recycles=7 steps=200 -> 1be6cc90-d6fb-4cfe-9ef0-a980e193f19e
  7JW5_Z7Z recycles=3 steps=150 -> a850447f-4e5e-4868-a794-a5f7f5338114
  7JW5_Z7Z recycles=3 steps=300 -> 6bc8e4df-fe38-4680-9046-ef376ee31088
  1NR6_DIF recycles=5 steps=200 -> 70b42948-6c55-49e4-bcd3-1acd7f1696a3
  1NR6_DIF recycles=7 steps=200 -> d1442ed9-3f58-4c44-b498-e54f8decb023
  1NR6_DIF recycles=3 steps=150 -> 855ea261-7761-4c36-b6ed-d524fae1e91c
  1NR6_DIF recycles=3 steps=300 -> 415971cb-6e95-4de4-ae6b-0b3da6003d5d
  4I8V_BHF recycles=5 steps=200 -> 90afd10f-d36d-4c60-ac81-319712a9cf09
  4I8V_BHF recycles=7 steps=200 -> a3c4217d-0c09-4f14-aad2-1db208681215
  4I8V_BHF recycles=3 steps=150 -> af431879-7fe7-4605-b46b-fd00d3f831c9
  4I8V_BHF recycles=3 steps=300 -> a29d26b3-1a74-431f-94a9-aef5a397cc00
  4J6B_PLO recycles=5 steps=200 -> 733950f8-3e99-42f2-97c6-662d694758b8
  4J6B_PLO recycles=7 steps=200 -> c9286c35-b47f-4775-8adc-d26d69934fc0
  4J6B_PLO recycles=3 steps=150 -> aff52f04-96bd-4b6c-919b-9bce3d98c1fd
  4J6B_PLO recycles=3 steps=300 -> 4aadc657-6d65-45ff-a3f6-19c255bece33
  7ZLZ_JFC recycles=5 steps=200 -> bfd679ae-bddc-44d7-851f-34307a0aafd5
  7ZLZ_JFC recycles=7 steps=200 -> a1d4009b-5136-443f-9684-61c272b69ca3
  7ZLZ_JFC recycles=3 steps=150 -> 8f2fbed9-2fc0-4120-94a3-5122d782a339
  7ZLZ_JFC recycles=3 steps=300 -> 9d515658-4a1f-4c89-9de0-6a3db08026d2
  5A5I_XI1 recycles=5 steps=200 -> 0a3cc824-2d02-4340-b8ea-e6d603bf281d
  5A5I_XI1 recycles=7 steps=200 -> e3771020-a80d-4cd6-ab07-2a3f1fd4c27e
  5A5I_XI1 recycles=3 steps=150 -> e2983932-bc56-43c5-b666-54845751f8ce
  5A5I_XI1 recycles=3 steps=300 -> 4d804252-452e-4164-b924-b2dc98ecdde5
  3WVS_RRM recycles=5 steps=200 -> b7778c6e-b982-47fd-9515-4ef775ce2c5d
  3WVS_RRM recycles=7 steps=200 -> 9f3d0ce4-7087-4c32-bf42-db2775398673
  3WVS_RRM recycles=3 steps=150 -> 76c13c92-1309-4539-8152-3218f3621041
  3WVS_RRM recycles=3 steps=300 -> d652db92-2bcc-462c-b150-f05ac00b2e6b
  7TEF_BTB recycles=5 steps=200 -> 1ee0ddb2-15d6-42ce-b90f-60a694cdbc24
  7TEF_BTB recycles=7 steps=200 -> 5105a999-78a6-4965-a66b-c5a6d76e2fbc
  7TEF_BTB recycles=3 steps=150 -> a315cf51-233c-4d27-ba15-aec4f64cba87
  7TEF_BTB recycles=3 steps=300 -> 8d07eca9-456a-4a7a-bbbb-b3fe11a60ed1
  6TEV_N5W recycles=5 steps=200 -> 2b451ec9-5d74-4b44-9367-86a2084ea8d7
  6TEV_N5W recycles=7 steps=200 -> bf58ac5d-5a3e-4ee0-a90a-cbc1bbea58c2
  6TEV_N5W recycles=3 steps=150 -> b9e1499d-4814-41d8-9474-0bca64408928
  6TEV_N5W recycles=3 steps=300 -> 4ccf8611-2ea4-4d40-b119-b779193db9ed
  2J0D_ERY recycles=5 steps=200 -> 751d0c54-21a5-4f63-b570-b66f1b93bbe9
  2J0D_ERY recycles=7 steps=200 -> 04004ca2-6394-49f7-9c86-217ba6c73d65
  2J0D_ERY recycles=3 steps=150 -> 8e2005f3-a359-46b7-9915-9f69a971cb5b
  2J0D_ERY recycles=3 steps=300 -> 1aade1e3-3579-4e35-89b7-410356f6018f
  6DWN_AQ4 recycles=5 steps=200 -> 0ff15258-affa-4fc7-99ff-e2c6e31cb32f
  6DWN_AQ4 recycles=7 steps=200 -> 7abf30bc-e3f0-424d-8ecc-ccf511b2ff50
  6DWN_AQ4 recycles=3 steps=150 -> f2f637a5-859b-4a91-a788-4152b645fb2e
  6DWN_AQ4 recycles=3 steps=300 -> 4744bf1d-3e69-4eeb-93cf-b9d16bdda6b2
  9LN5_RRM recycles=5 steps=200 -> dc58cc37-736d-4037-88bd-248a028d23da
  9LN5_RRM recycles=7 steps=200 -> 4cac0549-cc66-40e8-91ab-b0e44424ebc9
  9LN5_RRM recycles=3 steps=150 -> a447d79d-7f6c-41d6-bc5e-b352f892ecfd
  9LN5_RRM recycles=3 steps=300 -> 5f2116d2-63f6-4637-8088-186122f99d17
  6C3H_EJV recycles=5 steps=200 -> baa210d8-2f9d-493f-b939-1d236833d8e2
  6C3H_EJV recycles=7 steps=200 -> 09447f37-cd7f-4380-aaf0-8febc84042e4
  6C3H_EJV recycles=3 steps=150 -> 6e16985f-a5d4-4cc6-b1f2-a5aa9051a1fe
  6C3H_EJV recycles=3 steps=300 -> 62c47050-dfc3-4c94-b705-7a71731a40d8
  2NNH_9CR recycles=5 steps=200 -> be8b9f8f-869a-42dc-9933-74b790550c0d
  2NNH_9CR recycles=7 steps=200 -> 77764d83-a492-4c95-9063-5b9f6e032af5
  2NNH_9CR recycles=3 steps=150 -> 2f772844-9eb3-4cb0-b37c-a08380ef566e
  2NNH_9CR recycles=3 steps=300 -> 94c99a88-5662-4c7d-b387-fbd2f9ca63c9
  8E5J_HX1 recycles=5 steps=200 -> 33e96f19-1cec-4572-b2d5-24f2a32f8bf8
  8E5J_HX1 recycles=7 steps=200 -> 43c01621-1b21-45ca-afcd-0b45410343c8
  8E5J_HX1 recycles=3 steps=150 -> d2f0c90d-e053-4832-8d2a-9ba0cda510fb
  8E5J_HX1 recycles=3 steps=300 -> 8f446694-488c-484f-be1f-a5cfecfcb07c
  1T93_FLV recycles=5 steps=200 -> 66bf9843-de10-4d78-beb6-90d7bb29233f
  1T93_FLV recycles=7 steps=200 -> 436617f5-5f99-4c63-96b6-13c152c1878e
  1T93_FLV recycles=3 steps=150 -> be2f7adc-a7d0-4179-8981-b2471a6afeca
  1T93_FLV recycles=3 steps=300 -> f6c1a89a-648e-44de-b721-c548a13de6f1
  7TND_JO4 recycles=5 steps=200 -> 4add75bc-2411-41d1-bc65-73a72836374f
  7TND_JO4 recycles=7 steps=200 -> 2586e82c-fb04-4078-ad68-b3bd9cd07c92
  7TND_JO4 recycles=3 steps=150 -> e663d7a4-4a0e-46a7-82b6-a17f0504a853
  7TND_JO4 recycles=3 steps=300 -> 1de03ddb-ab6a-4ed3-ad02-8213ceb817a8
  1Z8P_DEB recycles=5 steps=200 -> b8ebb512-2b0b-457a-b0b5-f2389ee4a14a
  1Z8P_DEB recycles=7 steps=200 -> 4ae74692-8806-4330-be02-c2ae1b0f1dd4
  1Z8P_DEB recycles=3 steps=150 -> e1e610e3-dd19-4651-a2c1-a9e625fe66ae
  1Z8P_DEB recycles=3 steps=300 -> 6cb87201-7e4c-4a2a-b7c9-6da7f91a7d7d
  9ZEG_JO4 recycles=5 steps=200 -> 2450d80f-049a-4d51-9da4-df2f95337d58
  9ZEG_JO4 recycles=7 steps=200 -> 3c5c384c-a9b9-47d7-be02-67388e5e3c58
  9ZEG_JO4 recycles=3 steps=150 -> 6f890171-28a4-474b-b287-17cccf81d92d
  9ZEG_JO4 recycles=3 steps=300 -> e280fc82-24f9-40e2-b396-0db4f7cbe07d
  4GQS_0XV recycles=5 steps=200 -> c58c9a0c-b242-49b8-92da-955b03457a11
  4GQS_0XV recycles=7 steps=200 -> 7ceb3fd0-1158-4b18-8738-ac6dfb9cf771
  4GQS_0XV recycles=3 steps=150 -> 9c8b3ccb-abce-4e1f-882e-2483d48ae7c0
  4GQS_0XV recycles=3 steps=300 -> 7dc30f58-e434-4ea7-9c47-dfee4d819cf7
  1Z8Q_DEB recycles=5 steps=200 -> cd8d6002-6dbe-44a8-ac78-d764f52e674c
  1Z8Q_DEB recycles=7 steps=200 -> 5f2db558-df88-416f-802d-3b397dc71136
  1Z8Q_DEB recycles=3 steps=150 -> c4e39b20-216a-45b5-891b-dccabc1d4579
  1Z8Q_DEB recycles=3 steps=300 -> c434a1b3-db9a-406a-9fb8-5d14269c0be2
  1Z8O_DEB recycles=5 steps=200 -> 4fa9b01d-6d01-46ad-979a-e1c12b265699
  1Z8O_DEB recycles=7 steps=200 -> ff2aca95-6a69-4ed8-ac8c-3f1e3123a106
  1Z8O_DEB recycles=3 steps=150 -> 52a6a6fb-a5b8-4506-8be6-f16e2ee9ce47
  1Z8O_DEB recycles=3 steps=300 -> 3213f521-d80c-46a3-a452-19f5547d0d98
  7CL8_TES recycles=5 steps=200 -> 76188781-3ac0-45ad-afd6-9794482181a2
  7CL8_TES recycles=7 steps=200 -> e44f9250-5b96-4acf-bd27-1691e41e3b83
  7CL8_TES recycles=3 steps=150 -> 4c3fcd03-bd10-4166-a012-a1c085ef4b21
  7CL8_TES recycles=3 steps=300 -> c7649eff-a353-4385-8138-96ec440e2de3
  7WZM_OLA recycles=5 steps=200 -> 0abfbd15-7b5e-4566-88e6-58873c6941ba
  7WZM_OLA recycles=7 steps=200 -> 9dd055f1-08a0-4b41-97cb-395a5c3dcb76
  7WZM_OLA recycles=3 steps=150 -> f3cf6a47-8ac7-45f9-b0ca-601d3e282a2c
  7WZM_OLA recycles=3 steps=300 -> f79cf1d8-041c-4019-a8ce-4eb8ae1a00fd
  2D09_FLV recycles=5 steps=200 -> 23911171-c174-4b7b-adad-7ffabd95e8ef
  2D09_FLV recycles=7 steps=200 -> 02cd31b3-285c-48cd-a86e-a8ca81664c31
  2D09_FLV recycles=3 steps=150 -> d7770298-a992-4283-bb5d-04ba06e8fe30
  2D09_FLV recycles=3 steps=300 -> a2b8294e-c940-4ff0-812e-1aa8593ca1da
  3UAS_0BV recycles=5 steps=200 -> 72440770-79b3-4f83-be3b-35400d30a078
  3UAS_0BV recycles=7 steps=200 -> 8e828d2b-152e-4ac2-bf4a-701b7addb958
  3UAS_0BV recycles=3 steps=150 -> 13b010d5-d95e-4223-95d0-8ce908b4ee55
  3UAS_0BV recycles=3 steps=300 -> 8258e37d-d17b-4f5e-8ccc-f2a20157b453
  7TNF_Z7Z recycles=5 steps=200 -> c4ade597-196e-4d4c-b6eb-1b05426c816e
  7TNF_Z7Z recycles=7 steps=200 -> f063e741-41b8-463f-9991-1491176bd8d3
  7TNF_Z7Z recycles=3 steps=150 -> 3784a675-9c52-4c26-90ed-edb67ad0242d
  7TNF_Z7Z recycles=3 steps=300 -> dfe12206-ee68-4b70-94dd-8e4484661947
  4EGP_FIV recycles=5 steps=200 -> fef77ce5-ae1a-4ec5-b88e-b6a911a07122
  4EGP_FIV recycles=7 steps=200 -> 9e4fc64b-9499-4910-acad-cb3d240d72ea
  4EGP_FIV recycles=3 steps=150 -> 66908044-61f2-426b-b5da-62eed4cf2364
  4EGP_FIV recycles=3 steps=300 -> 66057d5c-65dd-475a-b675-98fdc67d32e8
  2NNJ_225 recycles=5 steps=200 -> 611100e1-07da-4068-aaef-0581dcdf9cd0
  2NNJ_225 recycles=7 steps=200 -> cbb0149b-e933-452a-8e89-d4d47bc818d7
  2NNJ_225 recycles=3 steps=150 -> f9a1639a-c7c2-4005-9aa0-9e56d3ca8aba
  2NNJ_225 recycles=3 steps=300 -> fab3d940-127a-49d6-b5b7-5bd9169cbfa7
  5GWE_GWM recycles=5 steps=200 -> 85c9db13-3d53-46f9-ac89-f8763409b32b
  5GWE_GWM recycles=7 steps=200 -> b6040a01-f03d-4e41-ae25-53dfdf0da14c
  5GWE_GWM recycles=3 steps=150 -> 8e3dde89-a031-420c-9ce3-a1b8b6ff766a
  5GWE_GWM recycles=3 steps=300 -> fe58de8b-8a3c-407d-a272-207bcfec8de5
  9PLK_A1CIW recycles=5 steps=200 -> 4e82ecdb-4a36-4a52-9590-f933b9f01235
  9PLK_A1CIW recycles=7 steps=200 -> b7840bb4-ed6a-48cc-b0c8-02bf5999f19d
  9PLK_A1CIW recycles=3 steps=150 -> 225991ce-4367-46b2-a467-b95f553b2605
  9PLK_A1CIW recycles=3 steps=300 -> e4d5b80d-5d15-4489-935b-2f276deeb2e1
  6RQ5_KEB recycles=5 steps=200 -> 628cb963-edc9-42ce-9721-dfe298de135e
  6RQ5_KEB recycles=7 steps=200 -> e89bb6b2-03a8-4771-b82c-a6017b6835e0
  6RQ5_KEB recycles=3 steps=150 -> c02522fa-0aaa-46f6-bb73-33b54cde95e9
  6RQ5_KEB recycles=3 steps=300 -> f87690c7-3d89-4f2b-8c3f-5dbf5cb9b9bd
  1JIO_DEB recycles=5 steps=200 -> a30f326f-2f97-4323-a19b-0d62e3f68604
  1JIO_DEB recycles=7 steps=200 -> df5e1c11-6e39-4326-9257-20944fbb720b
  1JIO_DEB recycles=3 steps=150 -> bd79c3aa-cb0c-4c33-a690-bb57fc3039cd
  1JIO_DEB recycles=3 steps=300 -> 86888524-ee06-421e-b792-a71f654bcc54
  5XXI_LSN recycles=5 steps=200 -> 681dad93-1024-4cf2-af86-fca63bec28f2
  5XXI_LSN recycles=7 steps=200 -> 66d361d6-bde3-4f3f-8f4e-7a488a9b4af1
  5XXI_LSN recycles=3 steps=150 -> d8d73d7e-abd0-4d98-8c09-810682508ce1
  5XXI_LSN recycles=3 steps=300 -> bc140597-ba4a-402e-9250-0c95dfef32df
  7CL9_ASD recycles=5 steps=200 -> de6f641a-6555-40d6-b4b3-6dcfe281830d
  7CL9_ASD recycles=7 steps=200 -> 0eb9e8ed-6c48-4871-994a-589d315ae221
  7CL9_ASD recycles=3 steps=150 -> 517a365e-d8e2-4f48-84ee-9f3be37d4ca4
  7CL9_ASD recycles=3 steps=300 -> 5a6c12ba-3042-491b-9348-0370536d5e1d
  6RQD_KEW recycles=5 steps=200 -> 07c5ba81-0de9-4ae7-b82e-a8056c4ea3d3
  6RQD_KEW recycles=7 steps=200 -> 574a13e6-b964-4533-8946-7c0d1fab9c31
  6RQD_KEW recycles=3 steps=150 -> 90322295-83a8-4791-85f9-0ae33be3deb7
  6RQD_KEW recycles=3 steps=300 -> d63bff20-3399-476e-a5df-ad0ba8885b7c
  5X23_LSN recycles=5 steps=200 -> 8fdc6c10-d664-491e-aabf-4dae44e0a2ae
  5X23_LSN recycles=7 steps=200 -> 90c30ea4-3684-4cfb-8857-73528e1c1462
  5X23_LSN recycles=3 steps=150 -> 660342aa-e45f-424e-b5ad-ded3cdb5802b
  5X23_LSN recycles=3 steps=300 -> 9e4e5a48-58fc-4509-9f1c-188642c78285
  9ZEH_JO4 recycles=5 steps=200 -> dd806614-da75-4fe0-811f-9fc3430dd218
  9ZEH_JO4 recycles=7 steps=200 -> b17a75df-99f4-4405-a425-92026d896189
  9ZEH_JO4 recycles=3 steps=150 -> 24f8c8eb-23ac-4fba-987d-732411ad2434
  9ZEH_JO4 recycles=3 steps=300 -> 6915f0ae-4d93-4ada-a2f7-4148b64ba7d5
  9O4D_UYM recycles=5 steps=200 -> 77008d5b-5420-4456-90a3-53019f51b737
  9O4D_UYM recycles=7 steps=200 -> b0200939-87f0-4510-b61b-8f2556697962
  9O4D_UYM recycles=3 steps=150 -> e9cae038-a018-4d03-8cf5-5e90b8f9066e
  9O4D_UYM recycles=3 steps=300 -> a8311583-1596-4b13-88ab-def9d4bc44e4
  7NQO_ULZ recycles=5 steps=200 -> 4ac42a78-34d9-4585-8ffd-30208ce03a94
  7NQO_ULZ recycles=7 steps=200 -> 7fee282b-5a5a-43a6-99fc-a3cc14537aa1
  7NQO_ULZ recycles=3 steps=150 -> cf77714e-6481-4288-83a5-0591f17feb05
  7NQO_ULZ recycles=3 steps=300 -> 57b28398-711e-4fac-a3c7-01b127f46791
  2HI4_BHF recycles=5 steps=200 -> 394ad3b8-3fc2-4776-bda6-e9a11c3b7237
  2HI4_BHF recycles=7 steps=200 -> 331a1fa0-152c-400c-80a2-e2d01132b0d6
  2HI4_BHF recycles=3 steps=150 -> 362ced5e-a408-44d3-9589-757b49016894
  2HI4_BHF recycles=3 steps=300 -> d3543d89-d254-4eed-b238-90b0e9270392
  9ZEI_JO4 recycles=5 steps=200 -> e4e2e7fd-6439-42d1-9239-ca27503b0da2
  9ZEI_JO4 recycles=7 steps=200 -> af4a211b-c781-4bc0-9018-1454787c527f
  9ZEI_JO4 recycles=3 steps=150 -> be87f03d-812e-4449-958f-3e417641c53d
  9ZEI_JO4 recycles=3 steps=300 -> 1ba594e3-8246-4c2d-b217-b6a7b279823d
  5U6U_81M recycles=5 steps=200 -> 13872b84-1ce0-4ae3-9b80-033f54e129de
  5U6U_81M recycles=7 steps=200 -> ea7641b2-b728-490d-9493-e176ef15e4e1
  5U6U_81M recycles=3 steps=150 -> 4d22feef-1037-45d2-87a7-28e9242fbb1a
  5U6U_81M recycles=3 steps=300 -> f725f94a-e1a1-4f53-a900-ccc363d21b87
  7UDF_8ZU recycles=5 steps=200 -> 8d323d38-3151-45b0-a2d8-12a20a1bc35c
  7UDF_8ZU recycles=7 steps=200 -> fdf0e21e-488d-4c55-b2dc-807597c9abcd
  7UDF_8ZU recycles=3 steps=150 -> 85d1c4dc-0920-4292-b73d-1ded228198f3
  7UDF_8ZU recycles=3 steps=300 -> 7b4486dc-b44e-4e58-94af-378d7d7cf284
  8TNK_IRJ recycles=5 steps=200 -> 6305af67-4c07-4615-9f44-4bcbf841b13e
  8TNK_IRJ recycles=7 steps=200 -> e5476c83-6760-48f7-815f-3036d13f9235
  8TNK_IRJ recycles=3 steps=150 -> 1c936664-070b-431e-a4cd-324b219f9c32
  8TNK_IRJ recycles=3 steps=300 -> 434d4aec-94c7-4b25-94a8-5cb65ee3cfe0
  1OXA_DEB recycles=5 steps=200 -> 554f8587-a1db-415c-a870-67025b17ed77
  1OXA_DEB recycles=7 steps=200 -> 78714a3f-86f0-430f-a649-843690f72919
  1OXA_DEB recycles=3 steps=150 -> 852c42c9-37ff-4c73-88fc-6a8cd22fc1f8
  1OXA_DEB recycles=3 steps=300 -> 05fa68f7-af83-4c4b-9626-4c8f0eb50476
  6J87_B9L recycles=5 steps=200 -> 7ea6e8fe-df00-4a29-9099-648decf9a5bd
  6J87_B9L recycles=7 steps=200 -> 4477e143-88fd-4deb-b9a4-b3ff0b7895c8
  6J87_B9L recycles=3 steps=150 -> 6b47b135-aedc-43f0-b50e-a9f3fca47589
  6J87_B9L recycles=3 steps=300 -> 1abc3df9-ef08-48ee-b35f-601d51f5c3a3
  6O5Y_KUV recycles=5 steps=200 -> 304155a7-c250-4155-a134-d6c996a3c82d
  6O5Y_KUV recycles=7 steps=200 -> 9d09f899-34d5-4f65-ad50-bea9e61d3604
  6O5Y_KUV recycles=3 steps=150 -> cc277810-4040-4662-a73b-fea3666fa152
  6O5Y_KUV recycles=3 steps=300 -> ee1a6d7f-0328-4fc3-96e5-f1c54d271987
  7DLS_EV1 recycles=5 steps=200 -> 0f0b3f3e-8a4a-400e-9de3-1f7524340bab
  7DLS_EV1 recycles=7 steps=200 -> fc092dd8-052f-4d57-b614-c8c1f373d289
  7DLS_EV1 recycles=3 steps=150 -> 448d481b-b9a4-4cc1-b7d3-654e9b71f7c1
  7DLS_EV1 recycles=3 steps=300 -> 3bfd027e-94cb-4735-9077-0bc2adc87e15
  6FYJ_MYR recycles=5 steps=200 -> 8aca3796-bbd1-48f8-b370-6ac05d2ef045
  6FYJ_MYR recycles=7 steps=200 -> a81dcfda-266d-444a-97bf-fc0e30e243a1
  6FYJ_MYR recycles=3 steps=150 -> 1a334c36-892b-4502-a057-03fb457b7833
  6FYJ_MYR recycles=3 steps=300 -> 2ab73627-74cb-4d8d-83f0-5760a95a2f8b
  4UBS_DIF recycles=5 steps=200 -> f9069801-c671-4742-8be2-1ab9fc7afa72
  4UBS_DIF recycles=7 steps=200 -> cc58f131-a3d2-4e00-987b-a6ab1f4c725a
  4UBS_DIF recycles=3 steps=150 -> b6e3b5c2-5756-4384-b0bc-8c09c495356f
  4UBS_DIF recycles=3 steps=300 -> 5be02cdf-e036-4169-a3e5-c3e5a632cf1f
  8VX0_LSN recycles=5 steps=200 -> bdd5b620-35d5-47e8-bf73-5d4217ecf083
  8VX0_LSN recycles=7 steps=200 -> 4217d3e9-9760-4962-8a91-da5e5fe1639e
  8VX0_LSN recycles=3 steps=150 -> 0ab19793-ecce-4a61-aac9-2a73a7eb8d85
  8VX0_LSN recycles=3 steps=300 -> e39449cc-fb25-45f9-a397-62ed2ae6cd33
  4J6D_TES recycles=5 steps=200 -> 5971db8c-5d97-41b5-a85a-ecd405e26cf3
  4J6D_TES recycles=7 steps=200 -> d1904f0e-cd83-45e2-9110-ce6c6fc86037
  4J6D_TES recycles=3 steps=150 -> 30a60b56-59f7-43ee-a9fe-ca14662bac70
  4J6D_TES recycles=3 steps=300 -> d8673a45-348d-444d-8f52-8f5cd245925d
  3CZH_D2V recycles=5 steps=200 -> af0f7ebb-fcec-43eb-a5a2-16c927402781
  3CZH_D2V recycles=7 steps=200 -> 485b0ac7-7b5f-404a-8797-ed0726cb0a11
  3CZH_D2V recycles=3 steps=150 -> 7da889b8-aa1e-4759-a627-1cc376384f1f
  3CZH_D2V recycles=3 steps=300 -> 1d933f70-6f0e-4646-9a30-d1be258aace0
  8D1C_M4F recycles=5 steps=200 -> 6c8b56b6-068d-4d23-93ff-4265f907ab44
  8D1C_M4F recycles=7 steps=200 -> 86f043d0-b161-4829-a7c3-56000615cd12
  8D1C_M4F recycles=3 steps=150 -> 173ed14f-0f49-4e4c-b4fe-7b482dbf22ca
  8D1C_M4F recycles=3 steps=300 -> 17b78df7-836f-458c-a74e-a47e9734312e
  6VJX_QZP recycles=5 steps=200 -> 24d15598-c844-4e91-9ce3-7dfa7a01a277
  6VJX_QZP recycles=7 steps=200 -> 44bdc586-0557-4659-a0a4-9562d3087ab6
  6VJX_QZP recycles=3 steps=150 -> 178b6006-574a-4244-82a8-b74ac3c4f761
  6VJX_QZP recycles=3 steps=300 -> 1a19cea4-b0d1-4250-86fc-4980969cc2cc
  7TP5_81M recycles=5 steps=200 -> def4b1c1-7c84-4543-a32e-fa9486d7bbc2
  7TP5_81M recycles=7 steps=200 -> e8a33fb7-db1b-4da5-98aa-5af18ab2f6e7
  7TP5_81M recycles=3 steps=150 -> 42c1c40a-9405-4cd1-8960-31e4adf5ff70
  7TP5_81M recycles=3 steps=300 -> d6294082-a572-4db8-9f8d-39a17334ef17
  1R9O_FLP recycles=5 steps=200 -> ef438c2e-f40b-4235-b854-68fce389a1bb
  1R9O_FLP recycles=7 steps=200 -> 48a21dff-31f6-43ce-b7cf-43204648eb45
  1R9O_FLP recycles=3 steps=150 -> 1928ee9e-ac4d-433a-b62d-87a22b3f925f
  1R9O_FLP recycles=3 steps=300 -> bbf28ce2-1048-4342-bab5-fec11d87ad43
  8VZ7_LSN recycles=5 steps=200 -> 2b3caa03-fbfa-47ef-be98-65db5d3f49a4
  8VZ7_LSN recycles=7 steps=200 -> 64e3a87c-e2e1-46ff-bf95-c5ffcebf2c23
  8VZ7_LSN recycles=3 steps=150 -> 039e55a8-655e-4af6-a8f3-4b5798ec3a5b
  8VZ7_LSN recycles=3 steps=300 -> 9a51a3c2-1975-4f06-9be5-abe9a426d4ea
  7RL2_LSN recycles=5 steps=200 -> 30de0adc-d591-456d-b6f3-017f69cb78a9
  7RL2_LSN recycles=7 steps=200 -> 3cabc4ef-a83c-455a-8a24-326e0556a902
  7RL2_LSN recycles=3 steps=150 -> 8a27fc6d-6066-4c01-b58e-0f53b9dadf05
  7RL2_LSN recycles=3 steps=300 -> fb74b468-9b0a-437c-b977-539b9a9dbd6c
  4JLT_8PR recycles=5 steps=200 -> 4a5920e6-5c2c-404e-bdeb-3c762fce3bdc
  4JLT_8PR recycles=7 steps=200 -> e6b8cfeb-5461-4cb7-b9a2-4d4fa9a661a6
  4JLT_8PR recycles=3 steps=150 -> 89e81989-f57b-4a3d-8ab7-1029fd2d9e30
  4JLT_8PR recycles=3 steps=300 -> 8062f27a-92a2-4d67-a5bd-26213a277852
  3ZKP_ERB recycles=5 steps=200 -> 31cb373b-dc59-4579-85a2-8b20edb6c70d
  3ZKP_ERB recycles=7 steps=200 -> 9b8ba510-f73a-4c86-a3a9-7fa7c283c250
  3ZKP_ERB recycles=3 steps=150 -> edeaee2d-763e-4b95-bda8-314c0106aab0
  3ZKP_ERB recycles=3 steps=300 -> d1ad4351-ba3a-4897-b575-a08d61b378b3
  8G36_UB7 recycles=5 steps=200 -> 92f329d0-3465-450d-ad2c-538d6e94f265
  8G36_UB7 recycles=7 steps=200 -> c27ad704-4544-4797-a84c-6a1860ae8b0f
  8G36_UB7 recycles=3 steps=150 -> 770816b0-9b0a-4ce2-b12a-8762fdb1f983
  8G36_UB7 recycles=3 steps=300 -> 465fb03c-2c7d-4030-a826-d94a3a70a51f
  1IZO_PAM recycles=5 steps=200 -> 2caea56f-cce7-4a5e-b711-e20699df283e
  1IZO_PAM recycles=7 steps=200 -> 8ce2347b-d3f1-41fd-bab7-67dcec632ab6
  1IZO_PAM recycles=3 steps=150 -> e8413690-5109-4d0d-9a00-11597d1d46f7
  1IZO_PAM recycles=3 steps=300 -> 4852aaeb-5d4b-47db-83de-d116f41dda8f
  3SN5_K2B recycles=5 steps=200 -> 0799df1b-272d-4783-aa60-1c685ad0bfb7
  3SN5_K2B recycles=7 steps=200 -> 16ab822b-475b-4d79-9dfc-09380554efce
  3SN5_K2B recycles=3 steps=150 -> 9e262e16-d4fe-457f-b389-bf86ece74634
  3SN5_K2B recycles=3 steps=300 -> 96e8173e-4c25-42da-b236-41ef9ed8e910
  3DL9_V2H recycles=5 steps=200 -> 058e8d9f-12ad-4dfc-98a8-697e0a24fe52
  3DL9_V2H recycles=7 steps=200 -> 0cc6ff06-4170-4e0c-b6b2-5e1a604aa05d
  3DL9_V2H recycles=3 steps=150 -> dd977e5b-2387-4d6d-9d02-cc432f2e0a21
  3DL9_V2H recycles=3 steps=300 -> bc96d1d9-b04a-4f20-88c6-42c9691636b1
  2JJO_EY5 recycles=5 steps=200 -> 7e4f4bf0-b566-4967-94e3-260da8e352e3
  2JJO_EY5 recycles=7 steps=200 -> fcea569d-95ce-4519-90e0-0f5bb0c52552
  2JJO_EY5 recycles=3 steps=150 -> 63b8d684-64bb-489a-91da-87a100479a9d
  2JJO_EY5 recycles=3 steps=300 -> 60b0191c-7f8a-4733-a98e-d87bfcbd65d3
  9YK4_PG4 recycles=5 steps=200 -> ea31d557-bf5c-421e-b5dc-41ffd8dadfc6
  9YK4_PG4 recycles=7 steps=200 -> 618dc463-5c1d-404d-b631-0af33e8fcc0f
  9YK4_PG4 recycles=3 steps=150 -> e30213ee-1b93-431f-9ecb-3ae8821c6dd1
  9YK4_PG4 recycles=3 steps=300 -> 966ecb9a-1fed-4122-ba5b-f68b71caf5e0
  8FJO_Y7R recycles=5 steps=200 -> c4e1e982-508d-4d1e-a24e-75ca1c12dc89
  8FJO_Y7R recycles=7 steps=200 -> 87f715a2-8266-4436-84f9-b8ba29fe4176
  8FJO_Y7R recycles=3 steps=150 -> 04cf7083-a429-449d-8c51-6cdca3e3f9e7
  8FJO_Y7R recycles=3 steps=300 -> 6dee7636-1330-493d-9247-43cc79270425
  3K9V_CPS recycles=5 steps=200 -> cc081b2a-cf17-4a32-bcce-dcd1cfb2b29f
  3K9V_CPS recycles=7 steps=200 -> 105e96b1-0882-40bd-8b01-939cc403c296
  3K9V_CPS recycles=3 steps=150 -> 0496b6cd-4637-4153-85c2-4a61538feb41
  3K9V_CPS recycles=3 steps=300 -> 56d4cccf-492a-4e4b-a19f-8a4481e016b0
  6OOB_MWS recycles=5 steps=200 -> f9ffe189-dc9a-43f4-acf6-481d29bdf7b5
  6OOB_MWS recycles=7 steps=200 -> 6ae7ac14-599b-4815-95ba-3656ce89c820
  6OOB_MWS recycles=3 steps=150 -> 3ce985ca-7777-493f-b216-008fa16e58c9
  6OOB_MWS recycles=3 steps=300 -> 3879e022-b7d5-4929-970f-34d645c077c8
  4ICT_1ED recycles=5 steps=200 -> a47269cc-e3bb-4461-a518-e30fde82db97
  4ICT_1ED recycles=7 steps=200 -> d40417ab-3603-41a6-b0b1-c18557bb6f3d
  4ICT_1ED recycles=3 steps=150 -> d03a7f27-08f8-4a05-8c06-140c734c3fb4
  4ICT_1ED recycles=3 steps=300 -> fac15aa4-db46-468d-bced-861241e0e05c
  6RQ3_OUC recycles=5 steps=200 -> a20701f7-96a1-4325-9e60-bacd24e7a839
  6RQ3_OUC recycles=7 steps=200 -> 6b31059e-2b8a-4469-9775-d81222238a2a
  6RQ3_OUC recycles=3 steps=150 -> d2a8921c-5dc3-4023-ba70-78c622f766d7
  6RQ3_OUC recycles=3 steps=300 -> d411e95c-c3d8-413a-bc74-57564d7106f0
  5WP2_YTT recycles=5 steps=200 -> 69f78f96-1cb0-4867-9714-6d04daf95a8e
  5WP2_YTT recycles=7 steps=200 -> 2c289e03-c531-4228-b08d-a2e65ea38a92
  5WP2_YTT recycles=3 steps=150 -> 639a41a5-fda7-4cb5-9953-08d1cbc2fd37
  5WP2_YTT recycles=3 steps=300 -> a5dd4da8-154b-4d88-a686-d5b3acb73f1c
  6RQ1_KE5 recycles=5 steps=200 -> d0391ae2-95bf-4507-a608-698593e767f6
  6RQ1_KE5 recycles=7 steps=200 -> 11b75630-60ba-4dc0-a409-d8c258e2c0ec
  6RQ1_KE5 recycles=3 steps=150 -> 67dd398e-f7b9-409f-b214-52be4a34745d
  6RQ1_KE5 recycles=3 steps=300 -> cabc627c-937c-4bcd-859e-87dec2f88d8b
  3C6G_VD3 recycles=5 steps=200 -> 7d027d0a-829e-45e4-aa22-8a3dcbabb066
  3C6G_VD3 recycles=7 steps=200 -> e3edbb2c-b1a5-47c3-be98-578320c3bcf8
  3C6G_VD3 recycles=3 steps=150 -> 810456f9-5b25-43e5-b09f-528c3b65d238
  3C6G_VD3 recycles=3 steps=300 -> a6d4ebdf-d646-4dab-ba43-d673582845aa
  4H1N_CGE recycles=5 steps=200 -> 28de7b61-6eb0-4a12-9233-21bc5eeca1a5
  4H1N_CGE recycles=7 steps=200 -> 92e8dc53-b547-42e8-a763-06606d50c346
  4H1N_CGE recycles=3 steps=150 -> f6130fc1-c218-4e12-b4e2-ae969fca4030
  4H1N_CGE recycles=3 steps=300 -> 985e08d8-25a9-41f9-a2f9-3949080fd7ed
  4IQ9_1GB recycles=5 steps=200 -> bfd30ea1-5b3c-4e14-bdf3-03104291be91
  4IQ9_1GB recycles=7 steps=200 -> bf063545-e323-44e2-a0b4-164eda0380c2
  4IQ9_1GB recycles=3 steps=150 -> e6e1ccad-fd10-450b-8ed0-d3d5f555c5dd
  4IQ9_1GB recycles=3 steps=300 -> 47e89aaf-2f4d-4c33-8ef6-8331c50c9793
  3OFU_ID3 recycles=5 steps=200 -> 4f02175c-3f86-4448-baca-62be8cef3498
  3OFU_ID3 recycles=7 steps=200 -> aab9f83c-b0d4-40d3-bbe5-5f2a10aeac64
  3OFU_ID3 recycles=3 steps=150 -> cf92e739-ca1c-4df7-bdbc-6d9e3d539cf3
  3OFU_ID3 recycles=3 steps=300 -> 7eecf467-6f07-4898-8193-ee56ffd27a86
  4LXJ_LAN recycles=5 steps=200 -> 56d5e608-b012-4916-a476-de09c02663ae
  4LXJ_LAN recycles=7 steps=200 -> 78d1bcb7-a54e-46f8-97e5-1ea5795ff937
  4LXJ_LAN recycles=3 steps=150 -> 8c724ddd-7461-47cb-b4a6-199e77be0e21
  4LXJ_LAN recycles=3 steps=300 -> 707d293b-6764-46b3-92e2-7a73d19b2ddd
  7JJ1_16A recycles=5 steps=200 -> 5e7055a3-f68e-4616-9dd0-e3793b0cd13c
  7JJ1_16A recycles=7 steps=200 -> 1f5bca1c-6d66-409b-b3d1-71effbc62525
  7JJ1_16A recycles=3 steps=150 -> c5306412-145a-4636-8feb-008b6e9d4fa5
  7JJ1_16A recycles=3 steps=300 -> aa94dfbd-63ac-40e0-a2b2-5c42736fd2f7
  8TDP_YTT recycles=5 steps=200 -> 054b4032-1843-4cf8-bc07-aaf3e4ec8431
  8TDP_YTT recycles=7 steps=200 -> 3d1bd9cf-91c0-4b44-97be-405a7c946c85
  8TDP_YTT recycles=3 steps=150 -> 17a8654e-0d8e-41cd-b629-c60501298321
  8TDP_YTT recycles=3 steps=300 -> a4eb1f0f-23c4-41f8-a2eb-5aceb8226e53
  8TDQ_YTT recycles=5 steps=200 -> d6f9c452-2aaa-4cf2-8e33-097d0710a376
  8TDQ_YTT recycles=7 steps=200 -> 7c251a77-0bb2-4992-bb9c-769fd526936d
  8TDQ_YTT recycles=3 steps=150 -> e1680747-f2e0-4784-a2c1-af2dcba00022
  8TDQ_YTT recycles=3 steps=300 -> 085f03df-2327-4d53-b911-0615b0709833
  6TE7_N55 recycles=5 steps=200 -> b827bc9c-48ee-425b-8618-4d0f4b8df3ce
  6TE7_N55 recycles=7 steps=200 -> 33a1481c-9a35-4af8-a4cb-9e96d9d1471d
  6TE7_N55 recycles=3 steps=150 -> c78c52b9-f339-4de9-ab13-3611dd30ca2b
  6TE7_N55 recycles=3 steps=300 -> c4a4317e-9a43-43ec-9b71-df9154069ffc
  5A5J_6YF recycles=5 steps=200 -> a859adb6-3d9d-45b1-8fbe-ed801acfdc01
  5A5J_6YF recycles=7 steps=200 -> 12e7b2cb-8340-4b9d-8ff9-bcf25a1a1a5c
  5A5J_6YF recycles=3 steps=150 -> 9a151a83-0ce8-4828-9145-d82d4c11a602
  5A5J_6YF recycles=3 steps=300 -> 8a80750f-8545-4f7d-9b17-3239eb6f28b8
  4IPW_1G7 recycles=5 steps=200 -> 10783a29-1490-412e-b503-e6b93144ab44
  4IPW_1G7 recycles=7 steps=200 -> 9cd10a5e-5784-4b34-afa0-bf7baa7bd5ae
  4IPW_1G7 recycles=3 steps=150 -> 7d29e888-3b5e-4f39-931d-69ee9726d269
  4IPW_1G7 recycles=3 steps=300 -> 70551e63-f028-4f64-89c3-b632838738eb
  6RQ6_R2H recycles=5 steps=200 -> 8ad55704-45e2-43f7-86dd-a764b253d38e
  6RQ6_R2H recycles=7 steps=200 -> 84556cb6-3951-4898-a15b-4e4750dbe50c
  6RQ6_R2H recycles=3 steps=150 -> 8f58d43d-dff6-4f96-a9f3-68b0bcc9164a
  6RQ6_R2H recycles=3 steps=300 -> 80c5b137-d4a8-4f20-8cf0-3ca6eabbddd4
  6RQ0_KE2 recycles=5 steps=200 -> 3941c07e-15b1-4fc4-852d-b7309e32396e
  6RQ0_KE2 recycles=7 steps=200 -> 15bcb506-264a-4eac-9d0b-0ae655c3855b
  6RQ0_KE2 recycles=3 steps=150 -> 40b1c729-bcfd-4214-bee4-358b93be86ba
  6RQ0_KE2 recycles=3 steps=300 -> 29b17526-825b-473b-99e7-6536577ba944
  4WNT_AJN recycles=5 steps=200 -> 8ecca054-040f-4860-ac71-ba483b4969e0
  4WNT_AJN recycles=7 steps=200 -> 236b1606-5725-45f4-bc0b-f48f02e7759c
  4WNT_AJN recycles=3 steps=150 -> b8a784e6-91db-4f69-b2c8-dd78df42ac5f
  4WNT_AJN recycles=3 steps=300 -> 04a41d2d-6642-406c-bb0a-e2789b58dcbd
  3G5H_YTT recycles=5 steps=200 -> 25b52b00-2fea-4529-9962-8dac816d4ba7
  3G5H_YTT recycles=7 steps=200 -> 3e623800-9320-43cd-a302-9c7b68320ac7
  3G5H_YTT recycles=3 steps=150 -> e76d2653-8b78-487d-b156-e66224d5b007
  3G5H_YTT recycles=3 steps=300 -> 7e8a2218-0446-48f9-a1f5-c485c9d7505d
  4D6Z_PK9 recycles=5 steps=200 -> d1c7109b-f593-4d3c-8d42-0deb60d983ab
  4D6Z_PK9 recycles=7 steps=200 -> 3fa0d376-5d20-4082-8c68-fa3cab7e6950
  4D6Z_PK9 recycles=3 steps=150 -> 805f373a-398e-4793-adea-c71b5cbfb4f0
  4D6Z_PK9 recycles=3 steps=300 -> c375b138-ff50-43ad-8486-5c3cd17510b4
  5YSW_9LF recycles=5 steps=200 -> aef41e4c-67af-4c76-8834-def5298eb86e
  5YSW_9LF recycles=7 steps=200 -> a5992576-dd34-4c30-993a-9eeee295e39a
  5YSW_9LF recycles=3 steps=150 -> 34891407-235f-4545-b304-d8988f5529c2
  5YSW_9LF recycles=3 steps=300 -> 6b0bba3f-48b0-45eb-a065-a8f7bf9a6863
  4NZ2_2QJ recycles=5 steps=200 -> 0193a687-d139-4685-86df-23dccd2f2e5c
  4NZ2_2QJ recycles=7 steps=200 -> ab888b3d-0e2b-4fd4-986e-3f08e8556709
  4NZ2_2QJ recycles=3 steps=150 -> b7769473-82a0-49c2-af1e-2579a83e54a5
  4NZ2_2QJ recycles=3 steps=300 -> 33435622-c78b-4e41-9d41-ffe603fb4448
  7QNN_E93 recycles=5 steps=200 -> ce63979d-4c3b-4ab7-ae81-367986667bac
  7QNN_E93 recycles=7 steps=200 -> 0e778094-4738-46f6-9b85-b8c81b064ce2
  7QNN_E93 recycles=3 steps=150 -> 131c7ff7-fe3f-4868-a037-324305ce9e99
  7QNN_E93 recycles=3 steps=300 -> f1a5ed39-0e27-43f3-8796-49c55d8e4ef0

waiting...
  6DA5_G1J r=5 s=200: never retrievable
  1EUP_ASD r=3 s=300: never retrievable
  4EGO_1F1 r=3 s=300: never retrievable
  7JW5_Z7Z r=5 s=200: never retrievable
  7UDF_8ZU r=3 s=150: never retrievable

pair            settings  distinct ligand placements
1EA1_TPF               4  4 distinct, max atom displacement 6.072 A
1EGY_9AP               4  4 distinct, max atom displacement 1.024 A
1EUP_ASD               3  3 distinct, max atom displacement 4.492 A
1IZO_PAM               4  4 distinct, max atom displacement 2.386 A
1JIN_KTN               4  4 distinct, max atom displacement 3.210 A
1JIO_DEB               4  4 distinct, max atom displacement 1.128 A
1JIP_KTN               4  4 distinct, max atom displacement 2.258 A
1N6B_DMZ               4  4 distinct, max atom displacement 4.170 A
1NR6_DIF               4  4 distinct, max atom displacement 4.637 A
1OXA_DEB               4  4 distinct, max atom displacement 0.791 A
1R9O_FLP               4  4 distinct, max atom displacement 3.629 A
1SUO_CPZ               4  4 distinct, max atom displacement 2.169 A
1T93_FLV               4  4 distinct, max atom displacement 6.384 A
1W0G_MYT               4  4 distinct, max atom displacement 2.297 A
1Z11_8MO               4  4 distinct, max atom displacement 0.987 A
1Z8O_DEB               4  4 distinct, max atom displacement 0.530 A
1Z8P_DEB               4  4 distinct, max atom displacement 1.008 A
1Z8Q_DEB               4  4 distinct, max atom displacement 0.959 A
2BDM_TMI               4  4 distinct, max atom displacement 10.585 A
2CI0_1CM               4  4 distinct, max atom displacement 2.456 A
2CIB_CM6               4  4 distinct, max atom displacement 2.834 A
2D09_FLV               4  4 distinct, max atom displacement 0.853 A
2D0E_NQ                4  4 distinct, max atom displacement 5.327 A
2FDU_D1G               4  4 distinct, max atom displacement 1.946 A
2FDV_D2G               4  4 distinct, max atom displacement 0.256 A
2HI4_BHF               4  4 distinct, max atom displacement 5.189 A
2IJ7_TPF               4  4 distinct, max atom displacement 8.885 A
2J0D_ERY               4  4 distinct, max atom displacement 4.219 A
2JJO_EY5               4  4 distinct, max atom displacement 1.576 A
2JJP_KLN               4  4 distinct, max atom displacement 2.798 A
2NNH_9CR               4  4 distinct, max atom displacement 4.379 A
2NNI_MTK               4  4 distinct, max atom displacement 2.088 A
2NNJ_225               4  4 distinct, max atom displacement 9.989 A
2NZ5_226               4  4 distinct, max atom displacement 6.810 A
2Q6N_1CI               4  4 distinct, max atom displacement 2.113 A
2RCH_243               4  4 distinct, max atom displacement 2.813 A
2RCL_T25               4  4 distinct, max atom displacement 1.328 A
2UVN_ECN               4  4 distinct, max atom displacement 5.788 A
2V0M_KLN               4  4 distinct, max atom displacement 4.227 A
2VE3_REA               4  4 distinct, max atom displacement 2.851 A
2W09_CM9               4  4 distinct, max atom displacement 2.508 A
2W0A_CII               4  4 distinct, max atom displacement 2.828 A
2W0B_CMW               4  4 distinct, max atom displacement 6.010 A
2WH8_II2               4  4 distinct, max atom displacement 3.620 A
2WHF_II4               4  4 distinct, max atom displacement 6.693 A
2WM4_VGJ               4  4 distinct, max atom displacement 3.026 A
2WUZ_TPF               4  4 distinct, max atom displacement 5.737 A
2WV2_TPF               4  4 distinct, max atom displacement 5.432 A
2WX2_TPF               4  4 distinct, max atom displacement 5.713 A
2X2N_X2N               4  4 distinct, max atom displacement 3.613 A
2X5W_K2B               4  4 distinct, max atom displacement 3.274 A
2XFH_CL6               4  4 distinct, max atom displacement 6.194 A
2YOO_K2B               4  4 distinct, max atom displacement 4.070 A
3B6H_MXD               4  4 distinct, max atom displacement 2.839 A
3B99_U51               4  4 distinct, max atom displacement 1.485 A
3C6G_VD3               4  4 distinct, max atom displacement 0.537 A
3CZH_D2V               4  4 distinct, max atom displacement 0.840 A
3DL9_V2H               4  4 distinct, max atom displacement 2.584 A
3DSI_T24               4  4 distinct, max atom displacement 2.533 A
3DSJ_243               4  4 distinct, max atom displacement 2.071 A
3DSK_T25               4  4 distinct, max atom displacement 4.512 A
3EBS_N4E               4  4 distinct, max atom displacement 0.984 A
3EQM_ASD               4  4 distinct, max atom displacement 0.270 A
3G5H_YTT               4  4 distinct, max atom displacement 5.976 A
3G5N_PB2               4  4 distinct, max atom displacement 5.394 A
3G93_PB2               4  4 distinct, max atom displacement 5.394 A
3GPH_OID               4  4 distinct, max atom displacement 0.961 A
3GW9_VNI               4  4 distinct, max atom displacement 10.841 A
3IBD_CPZ               4  4 distinct, max atom displacement 0.409 A
3JUS_ECL               4  4 distinct, max atom displacement 0.611 A
3JUS_ECN               4  4 distinct, max atom displacement 0.492 A
3K1O_POZ               4  4 distinct, max atom displacement 4.938 A
3K9V_CPS               4  4 distinct, max atom displacement 9.541 A
3KHM_TPF               4  4 distinct, max atom displacement 0.499 A
3KOH_OIO               4  4 distinct, max atom displacement 0.982 A
3KSW_VNF               4  4 distinct, max atom displacement 1.038 A
3KW4_TIC               4  4 distinct, max atom displacement 4.258 A
3L4D_TPF               4  4 distinct, max atom displacement 6.827 A
3LC4_LC4               4  4 distinct, max atom displacement 3.201 A
3LD6_KKK               4  4 distinct, max atom displacement 2.621 A
3ME6_CGE               4  4 distinct, max atom displacement 8.940 A
3MZS_HC9               4  4 distinct, max atom displacement 0.466 A
3N9Y_CLR               4  4 distinct, max atom displacement 1.888 A
3N9Z_HC9               4  4 distinct, max atom displacement 0.406 A
3NA0_2DC               4  4 distinct, max atom displacement 0.320 A
3NA1_HCD               4  4 distinct, max atom displacement 0.285 A
3NXU_RIT               4  4 distinct, max atom displacement 2.726 A
3OFU_ID3               4  4 distinct, max atom displacement 2.917 A
3P99_LNP               4  4 distinct, max atom displacement 2.753 A
3QM4_PN0               4  4 distinct, max atom displacement 3.497 A
3QOA_3QO               4  4 distinct, max atom displacement 2.466 A
3QU8_3QU               4  4 distinct, max atom displacement 2.747 A
3R1B_TB2               4  4 distinct, max atom displacement 8.399 A
3R9B_D12               4  4 distinct, max atom displacement 7.474 A
3R9C_ECL               4  4 distinct, max atom displacement 10.576 A
3S79_ASD               4  4 distinct, max atom displacement 0.309 A
3SN5_K2B               4  4 distinct, max atom displacement 2.238 A
3T3Q_9PL               4  4 distinct, max atom displacement 2.182 A
3T3R_9PL               4  4 distinct, max atom displacement 0.239 A
3T3S_9PL               4  4 distinct, max atom displacement 0.330 A
3T3Z_9PL               4  4 distinct, max atom displacement 5.399 A
3TDA_PN0               4  4 distinct, max atom displacement 2.200 A
3TIK_JKF               4  4 distinct, max atom displacement 1.924 A
3TJS_D0R               4  4 distinct, max atom displacement 8.421 A
3TK3_CPZ               4  4 distinct, max atom displacement 0.649 A
3TMZ_06X               4  4 distinct, max atom displacement 8.274 A
3UA1_08Y               4  4 distinct, max atom displacement 2.929 A
3UA5_06X               4  4 distinct, max atom displacement 9.510 A
3UAS_0BV               4  4 distinct, max atom displacement 6.762 A
3V8D_0GV               4  4 distinct, max atom displacement 2.239 A
3WVS_RRM               4  4 distinct, max atom displacement 3.421 A
3ZG2_UDO               4  4 distinct, max atom displacement 2.586 A
3ZG3_UDD               4  4 distinct, max atom displacement 2.093 A
3ZKP_ERB               4  4 distinct, max atom displacement 2.221 A
4BJK_18I               4  4 distinct, max atom displacement 2.837 A
4BMM_TU1               4  4 distinct, max atom displacement 1.189 A
4BY0_5PS               4  4 distinct, max atom displacement 0.789 A
4C0C_WVH               4  4 distinct, max atom displacement 2.417 A
4C27_26N               4  4 distinct, max atom displacement 3.160 A
4C28_TW5               4  4 distinct, max atom displacement 1.197 A
4C9K_CAH               4  4 distinct, max atom displacement 2.265 A
4C9N_CAH               4  4 distinct, max atom displacement 4.936 A
4CK8_LFD               4  4 distinct, max atom displacement 2.286 A
4CK9_LFT               4  4 distinct, max atom displacement 2.489 A
4CKA_LFS               4  4 distinct, max atom displacement 2.852 A
4COH_T9H               4  4 distinct, max atom displacement 1.085 A
4D6Z_PK9               4  4 distinct, max atom displacement 4.590 A
4D75_PK9               4  4 distinct, max atom displacement 9.011 A
4D78_J9K               4  4 distinct, max atom displacement 3.145 A
4D7D_PKT               4  4 distinct, max atom displacement 10.185 A
4DVQ_1CA               4  4 distinct, max atom displacement 0.517 A
4EGN_TWO               4  4 distinct, max atom displacement 0.384 A
4EGO_1F1               3  3 distinct, max atom displacement 2.106 A
4EGP_FIV               4  4 distinct, max atom displacement 3.540 A
4EJG_NCT               4  4 distinct, max atom displacement 3.568 A
4EJH_0QA               4  4 distinct, max atom displacement 1.794 A
4EJI_0QA               4  4 distinct, max atom displacement 1.794 A
4EJJ_NCT               4  4 distinct, max atom displacement 0.768 A
4FDH_0T3               4  4 distinct, max atom displacement 0.199 A
4G1X_TQU               4  4 distinct, max atom displacement 0.697 A
4G3J_VNT               4  4 distinct, max atom displacement 3.401 A
4G44_TZM               4  4 distinct, max atom displacement 8.077 A
4G45_MQN               4  4 distinct, max atom displacement 0.551 A
4G7G_VFV               4  4 distinct, max atom displacement 2.402 A
4GQS_0XV               4  4 distinct, max atom displacement 1.476 A
4H1N_CGE               4  4 distinct, max atom displacement 7.277 A
4H6O_NEE               4  4 distinct, max atom displacement 0.429 A
4I4G_Z8Z               4  4 distinct, max atom displacement 3.665 A
4I4H_Z9Z               4  4 distinct, max atom displacement 4.934 A
4I8V_BHF               4  4 distinct, max atom displacement 2.395 A
4ICT_1ED               4  4 distinct, max atom displacement 1.770 A
4IPW_1G7               4  4 distinct, max atom displacement 0.524 A
4IQ9_1GB               4  4 distinct, max atom displacement 1.808 A
4J6B_PLO               4  4 distinct, max atom displacement 0.361 A
4J6C_STR               4  4 distinct, max atom displacement 0.521 A
4J6D_TES               4  4 distinct, max atom displacement 0.804 A
4JBT_ASD               4  4 distinct, max atom displacement 0.627 A
4JLT_8PR               4  4 distinct, max atom displacement 4.984 A
4K9T_1RD               4  4 distinct, max atom displacement 3.706 A
4K9U_5AW               4  4 distinct, max atom displacement 8.169 A
4K9V_6AW               4  4 distinct, max atom displacement 2.779 A
4K9W_7AW               4  4 distinct, max atom displacement 2.708 A
4K9X_8AW               4  4 distinct, max atom displacement 3.995 A
4LXJ_LAN               4  4 distinct, max atom displacement 17.797 A
4MGJ_CPZ               4  4 distinct, max atom displacement 2.158 A
4NY4_2QH               4  4 distinct, max atom displacement 2.962 A
4NZ2_2QJ               4  4 distinct, max atom displacement 2.848 A
4TRI_C3S               4  4 distinct, max atom displacement 3.403 A
4TT5_36Y               4  4 distinct, max atom displacement 2.954 A
4TUV_CPZ               4  4 distinct, max atom displacement 1.874 A
4UBS_DIF               4  4 distinct, max atom displacement 5.257 A
4UHI_VFV               4  4 distinct, max atom displacement 1.761 A
4UHL_VFV               4  4 distinct, max atom displacement 3.862 A
4UQH_25S               4  4 distinct, max atom displacement 6.844 A
4UVR_J5Y               4  4 distinct, max atom displacement 1.989 A
4UYL_VNI               4  4 distinct, max atom displacement 1.950 A
4UYM_VOR               4  4 distinct, max atom displacement 1.571 A
4WNT_AJN               4  4 distinct, max atom displacement 2.112 A
4WPD_3SQ               4  4 distinct, max atom displacement 2.157 A
4WQJ_36Y               4  4 distinct, max atom displacement 2.954 A
4XRY_SI5               4  4 distinct, max atom displacement 2.385 A
4XRZ_SI6               4  4 distinct, max atom displacement 1.940 A
4Y8W_STR               4  4 distinct, max atom displacement 0.446 A
4ZGX_QHC               4  4 distinct, max atom displacement 3.341 A
5A5I_XI1               4  4 distinct, max atom displacement 5.371 A
5A5J_6YF               4  4 distinct, max atom displacement 5.787 A
5AJR_VT1               4  4 distinct, max atom displacement 2.547 A
5CWE_DAO               4  4 distinct, max atom displacement 4.548 A
5EQB_1YN               4  4 distinct, max atom displacement 2.808 A
5FRB_VT2               4  4 distinct, max atom displacement 2.860 A
5FSA_X2N               4  4 distinct, max atom displacement 2.424 A
5GWE_GWM               4  3 distinct, max atom displacement 2.234 A
5IBD_GGJ               4  4 distinct, max atom displacement 0.436 A
5IBE_69M               4  4 distinct, max atom displacement 3.444 A
5IBF_69W               4  4 distinct, max atom displacement 3.253 A
5IBG_69S               4  4 distinct, max atom displacement 2.437 A
5IUT_32M               4  4 distinct, max atom displacement 18.671 A
5JKV_ASD               4  4 distinct, max atom displacement 0.309 A
5JKW_TES               4  4 distinct, max atom displacement 0.336 A
5JL6_ASD               4  4 distinct, max atom displacement 0.257 A
5JL7_ASD               4  4 distinct, max atom displacement 0.258 A
5JL9_ASD               4  4 distinct, max atom displacement 0.257 A
5JLC_1YN               4  4 distinct, max atom displacement 3.084 A
5K7K_6RJ               4  4 distinct, max atom displacement 1.862 A
5KDB_4IA               4  4 distinct, max atom displacement 2.400 A
5LI6_6XF               4  4 distinct, max atom displacement 2.413 A
5LI8_KKK               4  4 distinct, max atom displacement 2.964 A
5O4K_9KE               4  4 distinct, max atom displacement 1.402 A
5O4L_9KB               4  4 distinct, max atom displacement 0.661 A
5TE8_08J               4  4 distinct, max atom displacement 6.648 A
5TZ1_VT1               4  4 distinct, max atom displacement 3.733 A
5U6T_81J               4  4 distinct, max atom displacement 0.127 A
5U6U_81M               4  4 distinct, max atom displacement 4.220 A
5UVB_8QM               4  4 distinct, max atom displacement 1.427 A
5V5Z_1YN               4  4 distinct, max atom displacement 3.927 A
5VC0_RIT               4  4 distinct, max atom displacement 4.036 A
5VCE_RIT               4  4 distinct, max atom displacement 2.586 A
5VCG_08Y               4  4 distinct, max atom displacement 3.267 A
5VEU_RIT               4  4 distinct, max atom displacement 5.626 A
5WBG_9ZJ               4  4 distinct, max atom displacement 2.019 A
5WP2_YTT               4  4 distinct, max atom displacement 6.343 A
5X23_LSN               4  4 distinct, max atom displacement 8.933 A
5XJN_88L               4  4 distinct, max atom displacement 2.421 A
5XXI_LSN               4  4 distinct, max atom displacement 5.996 A
5YQA_8ZU               4  4 distinct, max atom displacement 0.416 A
5YSW_9LF               4  4 distinct, max atom displacement 14.280 A
6A15_CLR               4  4 distinct, max atom displacement 0.495 A
6A16_UCZ               4  4 distinct, max atom displacement 1.014 A
6A17_9RL               4  4 distinct, max atom displacement 1.980 A
6B82_AER               4  4 distinct, max atom displacement 0.721 A
6BCZ_D7Y               4  4 distinct, max atom displacement 6.011 A
6BD5_D7M               4  4 distinct, max atom displacement 7.442 A
6BD6_80K               4  4 distinct, max atom displacement 2.579 A
6BD7_D7J               4  4 distinct, max atom displacement 4.246 A
6BD8_D81               4  4 distinct, max atom displacement 5.826 A
6BDH_DEV               4  4 distinct, max atom displacement 7.555 A
6BDI_DEJ               4  4 distinct, max atom displacement 11.855 A
6BDK_DJ1               4  4 distinct, max atom displacement 5.987 A
6BDM_Y83               4  4 distinct, max atom displacement 7.803 A
6BLD_DXJ               4  4 distinct, max atom displacement 2.581 A
6C2D_EH1               4  4 distinct, max atom displacement 0.263 A
6C3H_EJV               4  4 distinct, max atom displacement 2.729 A
6C3J_EJD               4  4 distinct, max atom displacement 2.501 A
6C94_V16               4  4 distinct, max atom displacement 0.526 A
6CIZ_3NR               4  4 distinct, max atom displacement 1.750 A
6CR2_LFV               4  4 distinct, max atom displacement 8.272 A
6CSD_PN0               4  4 distinct, max atom displacement 2.413 A
6DA2_G0D               4  4 distinct, max atom displacement 5.760 A
6DA3_G0D               4  4 distinct, max atom displacement 9.026 A
6DA5_G1J               3  3 distinct, max atom displacement 7.642 A
6DA8_G0J               4  4 distinct, max atom displacement 5.061 A
6DAA_G0M               4  4 distinct, max atom displacement 4.952 A
6DAB_G0V               4  4 distinct, max atom displacement 9.662 A
6DAC_FZV               4  4 distinct, max atom displacement 9.309 A
6DAG_G0Y               4  4 distinct, max atom displacement 9.579 A
6DAJ_FZV               4  4 distinct, max atom displacement 9.309 A
6DAL_G1D               4  4 distinct, max atom displacement 11.778 A
6DWM_HJJ               4  4 distinct, max atom displacement 2.449 A
6DWN_AQ4               4  4 distinct, max atom displacement 3.045 A
6F88_STR               4  4 distinct, max atom displacement 12.403 A
6F8C_STR               4  4 distinct, max atom displacement 1.025 A
6FMO_DVE               4  4 distinct, max atom displacement 0.882 A
6FYJ_MYR               4  4 distinct, max atom displacement 1.028 A
6G5Q_EMZ               4  4 distinct, max atom displacement 1.866 A
6GK6_MYR               4  4 distinct, max atom displacement 8.593 A
6J86_B9L               4  4 distinct, max atom displacement 2.569 A
6J87_B9L               4  4 distinct, max atom displacement 0.446 A
6J88_B9O               4  4 distinct, max atom displacement 0.719 A
6M7X_JD7               4  4 distinct, max atom displacement 0.166 A
6MA6_MYT               4  4 distinct, max atom displacement 1.464 A
6MA7_TPF               4  4 distinct, max atom displacement 7.362 A
6MCW_JDJ               4  4 distinct, max atom displacement 11.829 A
6O5Y_KUV               4  4 distinct, max atom displacement 2.774 A
6OO9_MWV               4  4 distinct, max atom displacement 2.292 A
6OOA_MWY               4  4 distinct, max atom displacement 6.863 A
6OOB_MWS               4  4 distinct, max atom displacement 3.326 A
6OOX_4IA               4  4 distinct, max atom displacement 2.653 A
6PRS_OW7               4  4 distinct, max atom displacement 0.183 A
6Q2T_PJM               4  4 distinct, max atom displacement 1.540 A
6RQ0_KE2               4  4 distinct, max atom displacement 0.515 A
6RQ1_KE5               4  4 distinct, max atom displacement 6.187 A
6RQ3_OUC               4  4 distinct, max atom displacement 3.342 A
6RQ5_KEB               4  4 distinct, max atom displacement 0.535 A
6RQ6_R2H               4  4 distinct, max atom displacement 7.148 A
6RQ8_KEH               4  4 distinct, max atom displacement 0.184 A
6RQ9_KEQ               4  4 distinct, max atom displacement 3.188 A
6RQB_Q47               4  4 distinct, max atom displacement 0.152 A
6RQD_KEW               4  4 distinct, max atom displacement 0.283 A
6RQE_KEZ               4  4 distinct, max atom displacement 1.049 A
6T0F_K2B               4  4 distinct, max atom displacement 3.158 A
6T0G_VD3               4  4 distinct, max atom displacement 2.894 A
6T0H_M9B               4  4 distinct, max atom displacement 3.180 A
6T0J_RWZ               4  4 distinct, max atom displacement 3.519 A
6T0K_M65               4  4 distinct, max atom displacement 3.801 A
6T0L_M8N               4  4 distinct, max atom displacement 2.687 A
6TE7_N55               4  4 distinct, max atom displacement 4.757 A
6TET_N5Z               4  4 distinct, max atom displacement 5.661 A
6TEV_N5W               4  4 distinct, max atom displacement 2.236 A
6TO2_NQ8               4  4 distinct, max atom displacement 0.592 A
6U30_PQM               4  4 distinct, max atom displacement 0.204 A
6U31_PQP               4  4 distinct, max atom displacement 2.001 A
6U3K_PQS               4  4 distinct, max atom displacement 0.460 A
6UDL_Q4M               4  4 distinct, max atom displacement 6.179 A
6UDM_Q4P               4  4 distinct, max atom displacement 12.451 A
6UEZ_LAN               4  4 distinct, max atom displacement 1.967 A
6UNE_QES               4  4 distinct, max atom displacement 10.189 A
6UNG_QEP               4  4 distinct, max atom displacement 3.924 A
6UNH_QEA               4  4 distinct, max atom displacement 6.470 A
6UNI_QDV               4  4 distinct, max atom displacement 8.790 A
6UNJ_QDY               4  4 distinct, max atom displacement 3.869 A
6UNK_QE4               4  4 distinct, max atom displacement 5.764 A
6UNL_QDJ               4  4 distinct, max atom displacement 4.614 A
6UNM_QDP               4  4 distinct, max atom displacement 4.806 A
6UNN_K3Z               4  4 distinct, max atom displacement 2.492 A
6UPG_KEQ               4  4 distinct, max atom displacement 0.333 A
6UPI_QFD               4  4 distinct, max atom displacement 0.704 A
6UW2_CL6               4  4 distinct, max atom displacement 5.198 A
6VJX_QZP               4  4 distinct, max atom displacement 0.287 A
6VLT_LSN               4  4 distinct, max atom displacement 3.719 A
6WGW_CAH               4  4 distinct, max atom displacement 4.184 A
6WW0_UDJ               4  4 distinct, max atom displacement 0.301 A
6XZ8_O4T               4  4 distinct, max atom displacement 3.253 A
6XZ9_O4W               4  4 distinct, max atom displacement 1.332 A
7CCF_FW6               4  4 distinct, max atom displacement 3.787 A
7CL8_TES               4  4 distinct, max atom displacement 2.104 A
7CL9_ASD               4  4 distinct, max atom displacement 9.784 A
7DLS_EV1               4  4 distinct, max atom displacement 11.991 A
7E7F_MYT               4  4 distinct, max atom displacement 8.346 A
7JJ1_16A               4  4 distinct, max atom displacement 3.505 A
7JW5_Z7Z               3  3 distinct, max atom displacement 0.402 A
7JXB_VLG               4  4 distinct, max atom displacement 0.581 A
7KS8_X8S               4  4 distinct, max atom displacement 9.653 A
7KVH_X5Y               4  4 distinct, max atom displacement 3.140 A
7KVI_X7P               4  4 distinct, max atom displacement 6.043 A
7KVJ_X7M               4  4 distinct, max atom displacement 4.088 A
7KVK_X7J               4  4 distinct, max atom displacement 3.368 A
7KVM_X71               4  4 distinct, max atom displacement 7.232 A
7KVN_X6V               4  4 distinct, max atom displacement 1.865 A
7KVO_X6S               4  4 distinct, max atom displacement 5.492 A
7KVP_X6J               4  4 distinct, max atom displacement 2.722 A
7KVQ_X7D               4  4 distinct, max atom displacement 3.592 A
7KVS_X74               4  4 distinct, max atom displacement 3.155 A
7LAD_XRD               4  4 distinct, max atom displacement 5.377 A
7LRL_YBS               4  4 distinct, max atom displacement 2.078 A
7LS3_YCJ               4  4 distinct, max atom displacement 2.331 A
7LS4_YCG               4  4 distinct, max atom displacement 2.393 A
7LXL_YNV               4  4 distinct, max atom displacement 9.934 A
7LYX_YHM               4  4 distinct, max atom displacement 6.378 A
7M8V_YSY               4  4 distinct, max atom displacement 0.279 A
7N14_ZRS               4  4 distinct, max atom displacement 0.204 A
7N3L_04Y               4  4 distinct, max atom displacement 2.421 A
7N3M_05D               4  4 distinct, max atom displacement 0.363 A
7N6F_0I1               4  4 distinct, max atom displacement 2.416 A
7NQO_ULZ               4  4 distinct, max atom displacement 1.017 A
7P5T_5YG               4  4 distinct, max atom displacement 6.150 A
7QJL_DQE               4  4 distinct, max atom displacement 2.527 A
7QNN_E93               4  4 distinct, max atom displacement 9.928 A
7QQ7_EIQ               4  4 distinct, max atom displacement 4.311 A
7QQ7_PG4               4  4 distinct, max atom displacement 19.895 A
7QWN_DQE               4  4 distinct, max atom displacement 3.694 A
7R1I_HIH               4  4 distinct, max atom displacement 2.600 A
7R3U_2QC               4  4 distinct, max atom displacement 11.787 A
7R8S_8ZU               4  4 distinct, max atom displacement 0.416 A
7RL2_LSN               4  4 distinct, max atom displacement 3.850 A
7RY8_VOR               4  4 distinct, max atom displacement 0.513 A
7RY9_VOR               4  4 distinct, max atom displacement 0.337 A
7RYA_1YN               4  4 distinct, max atom displacement 4.004 A
7RYB_VOR               4  4 distinct, max atom displacement 0.666 A
7RYX_81H               4  4 distinct, max atom displacement 0.937 A
7SHI_4UH               4  4 distinct, max atom displacement 5.850 A
7SMZ_K2B               4  4 distinct, max atom displacement 3.302 A
7SNM_LAN               4  4 distinct, max atom displacement 9.098 A
7SV2_MWY               4  4 distinct, max atom displacement 5.819 A
7TEF_BTB               4  4 distinct, max atom displacement 34.400 A
7TND_JO4               4  4 distinct, max atom displacement 2.059 A
7TNF_Z7Z               4  4 distinct, max atom displacement 0.345 A
7TNU_EH1               4  4 distinct, max atom displacement 0.215 A
7TP5_81M               4  4 distinct, max atom displacement 0.861 A
7TRT_KQF               4  4 distinct, max atom displacement 2.069 A
7TRU_KQR               4  4 distinct, max atom displacement 1.234 A
7TZY_L3K               4  4 distinct, max atom displacement 0.470 A
7U00_L4I               4  4 distinct, max atom displacement 0.719 A
7UAY_O39               4  4 distinct, max atom displacement 8.866 A
7UAZ_O3L               4  4 distinct, max atom displacement 7.935 A
7UDF_8ZU               3  3 distinct, max atom displacement 0.857 A
7UF9_NH0               4  4 distinct, max atom displacement 4.562 A
7UFA_NI6               4  4 distinct, max atom displacement 4.679 A
7UFB_NJ0               4  4 distinct, max atom displacement 9.693 A
7UFC_NJO               4  4 distinct, max atom displacement 11.082 A
7UFD_T0K               4  4 distinct, max atom displacement 9.119 A
7UFE_NXR               4  4 distinct, max atom displacement 6.393 A
7UFF_NYF               4  4 distinct, max atom displacement 2.891 A
7WYG_PAM               4  4 distinct, max atom displacement 3.057 A
7WZM_OLA               4  4 distinct, max atom displacement 1.520 A
7YXF_I6Y               4  4 distinct, max atom displacement 4.323 A
7ZB9_M65               4  4 distinct, max atom displacement 1.382 A
7ZGL_EIQ               4  4 distinct, max atom displacement 2.379 A
7ZIC_5YG               4  4 distinct, max atom displacement 1.729 A
7ZLT_JFI               4  4 distinct, max atom displacement 2.301 A
7ZLZ_JFC               4  4 distinct, max atom displacement 10.439 A
7ZQR_JK9               4  4 distinct, max atom displacement 2.547 A
7ZSU_JV3               4  4 distinct, max atom displacement 2.470 A
7ZT0_JUR               4  4 distinct, max atom displacement 8.076 A
7ZXD_KB9               4  4 distinct, max atom displacement 3.662 A
8A6W_K2B               4  4 distinct, max atom displacement 2.731 A
8A9P_ENK               4  4 distinct, max atom displacement 2.059 A
8D1C_M4F               4  4 distinct, max atom displacement 0.237 A
8D39_QDB               4  4 distinct, max atom displacement 2.303 A
8D8P_PLM               4  4 distinct, max atom displacement 1.443 A
8DL4_SKX               4  4 distinct, max atom displacement 3.219 A
8E5J_HX1               4  4 distinct, max atom displacement 0.268 A
8EWD_WZN               4  4 distinct, max atom displacement 9.726 A
8EWE_X0E               4  4 distinct, max atom displacement 9.109 A
8EWL_X1C               4  4 distinct, max atom displacement 9.855 A
8EWM_X1I               4  4 distinct, max atom displacement 9.950 A
8EWN_X1O               4  4 distinct, max atom displacement 8.996 A
8EWP_X2Q               4  4 distinct, max atom displacement 10.464 A
8EWQ_X2B               4  4 distinct, max atom displacement 9.826 A
8EWR_WZN               4  4 distinct, max atom displacement 9.726 A
8EWS_X2Q               4  4 distinct, max atom displacement 10.464 A
8EXB_X4E               4  4 distinct, max atom displacement 11.648 A
8FDA_XPK               4  4 distinct, max atom displacement 3.043 A
8FIC_NE4               4  4 distinct, max atom displacement 2.032 A
8FID_NE4               4  4 distinct, max atom displacement 2.032 A
8FJO_Y7R               4  4 distinct, max atom displacement 7.958 A
8FKB_FOF               4  4 distinct, max atom displacement 4.188 A
8G35_YJE               4  4 distinct, max atom displacement 4.195 A
8G36_UB7               4  4 distinct, max atom displacement 2.181 A
8GDI_0GV               4  4 distinct, max atom displacement 7.047 A
8GK3_ZWY               4  4 distinct, max atom displacement 3.992 A
8HGB_L6X               4  4 distinct, max atom displacement 0.188 A
8HKD_PAM               4  4 distinct, max atom displacement 5.639 A
8S4M_A1H47             4  4 distinct, max atom displacement 4.754 A
8S53_3QO               4  4 distinct, max atom displacement 2.365 A
8SG5_CL6               4  4 distinct, max atom displacement 7.549 A
8SO1_CFF               4  4 distinct, max atom displacement 5.861 A
8SO2_CFF               4  4 distinct, max atom displacement 5.861 A
8SPD_CL6               4  4 distinct, max atom displacement 6.960 A
8SS0_WQR               4  4 distinct, max atom displacement 3.322 A
8TAW_PQS               4  4 distinct, max atom displacement 0.179 A
8TAY_EJD               4  4 distinct, max atom displacement 2.150 A
8TDP_YTT               4  4 distinct, max atom displacement 6.343 A
8TDQ_YTT               4  4 distinct, max atom displacement 6.343 A
8TNK_IRJ               4  4 distinct, max atom displacement 2.332 A
8VK6_A1AB6             4  4 distinct, max atom displacement 3.316 A
8VKF_LVK               4  4 distinct, max atom displacement 0.688 A
8VL0_LVC               4  4 distinct, max atom displacement 2.080 A
8VOC_M4F               4  4 distinct, max atom displacement 0.325 A
8VX0_LSN               4  4 distinct, max atom displacement 4.577 A
8VZ7_LSN               4  4 distinct, max atom displacement 9.120 A
9BBB_A1APA             4  4 distinct, max atom displacement 3.482 A
9BV5_A1ASV             4  4 distinct, max atom displacement 4.451 A
9BV6_A1ASU             4  4 distinct, max atom displacement 12.438 A
9BV8_A1ASS             4  4 distinct, max atom displacement 3.748 A
9BV9_A1ASR             4  4 distinct, max atom displacement 4.581 A
9BVA_A1ASQ             4  4 distinct, max atom displacement 2.530 A
9BVB_A1ASP             4  4 distinct, max atom displacement 7.427 A
9BVC_A1ASO             4  4 distinct, max atom displacement 10.665 A
9COR_A1A07             4  4 distinct, max atom displacement 8.850 A
9COS_A1A06             4  4 distinct, max atom displacement 6.754 A
9COT_A1A08             4  4 distinct, max atom displacement 4.146 A
9COU_A1A4U             4  4 distinct, max atom displacement 5.109 A
9COV_A1A4S             4  4 distinct, max atom displacement 4.521 A
9COW_A1A4V             4  4 distinct, max atom displacement 4.669 A
9COX_A1A4K             4  4 distinct, max atom displacement 3.590 A
9COY_A1A4T             4  4 distinct, max atom displacement 11.842 A
9DX9_5R0               4  4 distinct, max atom displacement 2.336 A
9DXW_5R0               4  4 distinct, max atom displacement 2.509 A
9IY1_PLM               4  4 distinct, max atom displacement 5.684 A
9JQM_DCR               4  4 distinct, max atom displacement 2.217 A
9JS9_TES               4  4 distinct, max atom displacement 0.619 A
9KG5_TES               4  4 distinct, max atom displacement 0.429 A
9KPU_A1EGF             4  4 distinct, max atom displacement 8.977 A
9LN5_RRM               4  4 distinct, max atom displacement 2.496 A
9MS2_A1BNX             4  4 distinct, max atom displacement 11.517 A
9NNA_A1BZE             4  4 distinct, max atom displacement 3.076 A
9NNE_A1BZD             4  4 distinct, max atom displacement 2.623 A
9NNI_A1BZC             4  4 distinct, max atom displacement 1.523 A
9NNJ_A1BZB             4  4 distinct, max atom displacement 9.336 A
9NNM_A1BZA             4  4 distinct, max atom displacement 2.955 A
9NNO_A1BY9             4  4 distinct, max atom displacement 2.249 A
9O4D_UYM               4  4 distinct, max atom displacement 7.068 A
9PLJ_TCI               4  4 distinct, max atom displacement 13.049 A
9PLK_A1CIW             4  4 distinct, max atom displacement 3.236 A
9VGO_A1MAI             4  4 distinct, max atom displacement 14.682 A
9VGP_L0O               4  4 distinct, max atom displacement 13.373 A
9VGQ_A1MAJ             4  4 distinct, max atom displacement 12.347 A
9YK4_PG4               4  4 distinct, max atom displacement 4.496 A
9ZEG_JO4               4  4 distinct, max atom displacement 2.059 A
9ZEH_JO4               4  4 distinct, max atom displacement 2.059 A
9ZEI_JO4               4  4 distinct, max atom displacement 2.059 A

pairs with >= 3 settings retrieved: 491 of 491   (jobs never retrievable: 5)
median distinct placements across 4 settings: 4.0
VERDICT: these knobs DO diversify - 4.0 distinct from 4 settings. This is a usable depth lever.
