probing 491 pairs x 4 settings on protenix_v2

  4BJK_18I recycles=3 steps=200 -> f7f70c2e-5eb6-436d-8504-977732f21c83
  4BJK_18I recycles=10 steps=200 -> b35eccce-2b1d-49d0-b10d-42319b20a804
  4BJK_18I recycles=3 steps=50 -> a496c56f-e3ec-43ed-abc3-41353377d935
  4BJK_18I recycles=3 steps=400 -> b53a3bd8-24ae-47e0-9b47-ae8652813dd8
  8EWN_X1O recycles=3 steps=200 -> e0aabc28-7a45-4a56-a242-ee93ed18f3e3
  8EWN_X1O recycles=10 steps=200 -> 2427755b-f1bb-4159-b94c-b9c7c6c08334
  8EWN_X1O recycles=3 steps=50 -> c452929c-f890-4297-a67d-f8e6184d792f
  8EWN_X1O recycles=3 steps=400 -> 2f414c00-5478-484b-8884-a762bd3ea20b
  4FDH_0T3 recycles=3 steps=200 -> 6fef8cfd-6072-4679-920b-7bfd0b2c4986
  4FDH_0T3 recycles=10 steps=200 -> bc4c1532-b52b-400f-98fd-b7de138a54fa
  4FDH_0T3 recycles=3 steps=50 -> 3bc0f00d-1301-42ab-add3-813c4e76b1a8
  4FDH_0T3 recycles=3 steps=400 -> e3475b9d-3af2-4d57-ae84-e2726d40d948
  8EXB_X4E recycles=3 steps=200 -> 7ef01454-d2af-4e37-9ade-4edc63841292
  8EXB_X4E recycles=10 steps=200 -> fd5d5209-c432-4cc3-9911-31ca0879f0b5
  8EXB_X4E recycles=3 steps=50 -> bf52b608-05c2-4898-b305-41646b956117
  8EXB_X4E recycles=3 steps=400 -> 517c7cd0-baae-4485-a24f-9314c6454956
  3B99_U51 recycles=3 steps=200 -> c3cb755b-d27f-41b3-82a5-9d6c4bf5228b
  3B99_U51 recycles=10 steps=200 -> 64b9dd37-074e-47b7-9bd0-525ac9e8851b
  3B99_U51 recycles=3 steps=50 -> 5f6486c7-d7db-44d9-93a8-6d5d7c509eb8
  3B99_U51 recycles=3 steps=400 -> d100b885-904c-4981-873d-f32d59890dd5
  4WQJ_36Y recycles=3 steps=200 -> c82b9a22-4319-4338-b7ad-e5606326ae5c
  4WQJ_36Y recycles=10 steps=200 -> 7c7bca8d-043d-45ef-8256-e689aac66b25
  4WQJ_36Y recycles=3 steps=50 -> 12a7a567-f67a-4ea0-b36e-d0a133f8014b
  4WQJ_36Y recycles=3 steps=400 -> dcb95a44-414f-4125-a9e6-d433195f950e
  3G93_PB2 recycles=3 steps=200 -> 31f3d4d9-eb15-4606-976b-d68c2cf6aeb4
  3G93_PB2 recycles=10 steps=200 -> 53bd40d4-f1a3-470b-a51f-c91ce042fd91
  3G93_PB2 recycles=3 steps=50 -> e2fafc40-a21f-44b8-8766-5b23c15f7159
  3G93_PB2 recycles=3 steps=400 -> 05d57a8f-418f-497b-893b-6c91882ee98f
  3L4D_TPF recycles=3 steps=200 -> 1643aafb-efff-4e23-92d5-cda318eab619
  3L4D_TPF recycles=10 steps=200 -> 224f9bf6-f4a6-4487-b4b3-28265066b86f
  3L4D_TPF recycles=3 steps=50 -> 5fd90aae-d426-45dc-822f-52f4872b1884
  3L4D_TPF recycles=3 steps=400 -> 439f8c77-3654-4c29-bd17-2fba40cbbe10
  8EWP_X2Q recycles=3 steps=200 -> d860add6-2b03-42f8-bc23-ac9b918c2010
  8EWP_X2Q recycles=10 steps=200 -> c7d65a9b-2135-40f6-9943-e885fc6f5155
  8EWP_X2Q recycles=3 steps=50 -> 64086631-d9da-4100-98bc-d0ee680d976f
  8EWP_X2Q recycles=3 steps=400 -> 4294ac56-4e75-428c-995b-282719ffa242
  8EWD_WZN recycles=3 steps=200 -> b6ce7964-891b-49da-ab2d-d0ef12f943b3
  8EWD_WZN recycles=10 steps=200 -> 42169239-c323-41e6-81c3-4791e41e4c25
  8EWD_WZN recycles=3 steps=50 -> 8dacb2f5-90d5-4ed4-a9f7-592b44f70d20
  8EWD_WZN recycles=3 steps=400 -> bf2cddef-b78e-4845-a40a-6ea1d16fcbc7
  3KSW_VNF recycles=3 steps=200 -> 4ce0ce99-c9df-4f60-beb4-42d868e22545
  3KSW_VNF recycles=10 steps=200 -> 435551e2-c9ea-414d-be8a-bdda5e5f70f9
  3KSW_VNF recycles=3 steps=50 -> 1b667e10-6331-4aa2-9cdc-2692945e3867
  3KSW_VNF recycles=3 steps=400 -> 3348b7d9-600f-4753-86fb-0985f2cfb5dd
  4BY0_5PS recycles=3 steps=200 -> 5a9f7b3c-bbfe-41bf-bb4a-ea0b818ca127
  4BY0_5PS recycles=10 steps=200 -> b5564ab9-dc8e-44bf-81c3-656d2b93d1ff
  4BY0_5PS recycles=3 steps=50 -> b95fad2f-0300-4cdf-8ca7-2af960d5fba5
  4BY0_5PS recycles=3 steps=400 -> a1734f69-587e-4783-9d85-d9c20f7bf7c3
  2X2N_X2N recycles=3 steps=200 -> 615005f5-8068-4ad3-b74f-22ad40a4fdcb
  2X2N_X2N recycles=10 steps=200 -> 0394650f-25e0-457d-91d0-187d0a7cf899
  2X2N_X2N recycles=3 steps=50 -> 19d819d2-eca8-44f6-beb7-4bdbe87fd969
  2X2N_X2N recycles=3 steps=400 -> 50a9ea91-6bda-4101-b296-66407d54cf5c
  8SG5_CL6 recycles=3 steps=200 -> e42492bc-c481-4aed-ad7d-22cae52e70c5
  8SG5_CL6 recycles=10 steps=200 -> 2239d24a-d1da-4bf8-81cf-535de9b889a7
  8SG5_CL6 recycles=3 steps=50 -> e7c2530a-7259-4d46-98e4-8210fa28c56d
  8SG5_CL6 recycles=3 steps=400 -> 2eefcbcb-d736-4ae6-9f9f-f843e139b57d
  4TUV_CPZ recycles=3 steps=200 -> 9179f33d-3b41-43f9-bcf6-75b6848e7808
  4TUV_CPZ recycles=10 steps=200 -> 239e6c26-eeb5-41b2-9021-6191641f3c83
  4TUV_CPZ recycles=3 steps=50 -> f4c87f5b-2cbc-4c4b-83b8-1b5aa0ae8524
  4TUV_CPZ recycles=3 steps=400 -> b0ebbbd7-e843-4a2e-b19c-e2515708fed9
  3TK3_CPZ recycles=3 steps=200 -> ec3dae5d-00ee-4ec7-86b5-b63e328e5fe8
  3TK3_CPZ recycles=10 steps=200 -> f4a89478-02f8-49e2-beed-29915f61802f
  3TK3_CPZ recycles=3 steps=50 -> d4fa9eaa-cb80-4f21-a002-a8ebd89eeabe
  3TK3_CPZ recycles=3 steps=400 -> c2e57848-7794-4ac9-8c3f-5eec2052e80d
  7N3M_05D recycles=3 steps=200 -> 6ee9c1f2-cff8-435e-9fb3-c12199fb6c4e
  7N3M_05D recycles=10 steps=200 -> 123d317c-140f-45a5-b312-3b2910e47ec4
  7N3M_05D recycles=3 steps=50 -> 252d6110-dafe-4110-ba68-119eaf565fd3
  7N3M_05D recycles=3 steps=400 -> 94cccbd6-ee72-4a94-a688-158b044efeed
  8EWM_X1I recycles=3 steps=200 -> d810303c-1a99-4697-a312-11a82d4f8ff3
  8EWM_X1I recycles=10 steps=200 -> eac87b40-ab01-44a6-b509-e88f4019fce2
  8EWM_X1I recycles=3 steps=50 -> bf139f17-4749-43ff-bf50-25ecca8f49fb
  8EWM_X1I recycles=3 steps=400 -> 178abd8f-7bc8-4997-aaff-6bf115f6d87a
  8SPD_CL6 recycles=3 steps=200 -> bf85fc84-d22f-43f8-bb57-6f0edf3f65d2
  8SPD_CL6 recycles=10 steps=200 -> 6565289c-c041-44ea-be42-27fc005cfb85
  8SPD_CL6 recycles=3 steps=50 -> b884fe11-0753-4bfe-b5e3-48af92b9a93d
  8SPD_CL6 recycles=3 steps=400 -> ef9f98c3-5d94-4f7b-bea8-abc4f7fb7f81
  8EWS_X2Q recycles=3 steps=200 -> 1b841a70-82b6-40c1-9503-d2637d7eba10
  8EWS_X2Q recycles=10 steps=200 -> 90e6b3db-15e6-4e5d-be2b-07eab091c9ce
  8EWS_X2Q recycles=3 steps=50 -> 79b96e6b-9cef-44c3-8d0f-df60635fbef4
  8EWS_X2Q recycles=3 steps=400 -> b6b28c49-eb94-41a4-9b70-b1eb12c24088
  4G7G_VFV recycles=3 steps=200 -> c0e6de1a-a67f-4148-acfd-3bc366a27226
  4G7G_VFV recycles=10 steps=200 -> bdb35e22-3971-42a8-b322-d4e6763cf104
  4G7G_VFV recycles=3 steps=50 -> c6be187e-0b2e-4a26-8df9-35595f31a521
  4G7G_VFV recycles=3 steps=400 -> e284a696-3ed8-4f3a-bba2-0cf557712d57
  8EWL_X1C recycles=3 steps=200 -> c11badca-79ca-4030-902f-b6e51fe37d4e
  8EWL_X1C recycles=10 steps=200 -> bb85bc9e-d66a-449a-b721-dba46c439409
  8EWL_X1C recycles=3 steps=50 -> 2ea948fa-e0bc-4c9a-8c9e-b0dde3bd49ec
  8EWL_X1C recycles=3 steps=400 -> a3c1ff09-c22c-4f7c-bd9d-e677aa3c562d
  4WPD_3SQ recycles=3 steps=200 -> a2be16f2-b0da-482b-a515-6d6547b46c34
  4WPD_3SQ recycles=10 steps=200 -> 4f0bdc84-9f1f-497d-9428-03ac2df18ff6
  4WPD_3SQ recycles=3 steps=50 -> 3a38ed03-d7ab-4e2c-944c-acb3f2ff6c42
  4WPD_3SQ recycles=3 steps=400 -> 01658386-19da-4c9f-b8c0-fb0c9dd8e85b
  2JJP_KLN recycles=3 steps=200 -> a8b44a11-e8d6-42c7-9c81-149a53122521
  2JJP_KLN recycles=10 steps=200 -> 2c8bbf9b-0f74-4f51-949b-b0eb38cd5c47
  2JJP_KLN recycles=3 steps=50 -> 062255ba-c6aa-44f4-9c7f-7b363c5e475e
  2JJP_KLN recycles=3 steps=400 -> fa8862f0-a132-40df-bebd-86d3ab9c192e
  5VCE_RIT recycles=3 steps=200 -> 558b08fb-7f4f-4bf6-9d19-5fa298f645bb
  5VCE_RIT recycles=10 steps=200 -> dba68f28-68da-4d37-aa58-9e6d12e59e50
  5VCE_RIT recycles=3 steps=50 -> e5c9654e-d916-4b7e-9c33-888b30f07655
  5VCE_RIT recycles=3 steps=400 -> 2e5b69f7-e3d5-4df7-8261-18793d9ef4d3
  6B82_AER recycles=3 steps=200 -> 2ae545e3-01d8-49dc-ae34-bcd9cf3e7e05
  6B82_AER recycles=10 steps=200 -> 4b5e07e9-6cdc-47c3-8cf7-58598b886721
  6B82_AER recycles=3 steps=50 -> aa02bfd1-06cb-45bb-a61c-d611d009fdd4
  6B82_AER recycles=3 steps=400 -> ddc36129-0253-437e-8c6a-c582ed8d94e1
  4ZGX_QHC recycles=3 steps=200 -> cf78dee1-bff8-436d-8db3-fcfc4d818db4
  4ZGX_QHC recycles=10 steps=200 -> a0bbc4b6-e3c2-4ba7-bd74-6dcdc4d74fdf
  4ZGX_QHC recycles=3 steps=50 -> 50520e4d-6804-4bc9-8e8e-a569ae1808ab
  4ZGX_QHC recycles=3 steps=400 -> 108b713a-3603-4583-87e5-6975ee5c430e
  4K9X_8AW recycles=3 steps=200 -> 5d805550-c61a-42a9-846d-6ea1b0f788fa
  4K9X_8AW recycles=10 steps=200 -> 5118324d-6f7c-4f0f-8f01-639bd5828102
  4K9X_8AW recycles=3 steps=50 -> b0b5ffc1-7c6c-4072-b7d3-5d251bc19b86
  4K9X_8AW recycles=3 steps=400 -> 9a30c6d7-ac69-4559-8a3d-4036964782d8
  2WV2_TPF recycles=3 steps=200 -> 8c17c37e-521c-418f-a7b3-1a88acb66ac0
  2WV2_TPF recycles=10 steps=200 -> c4b99499-36a4-4afd-b727-8e5040884b75
  2WV2_TPF recycles=3 steps=50 -> a66986e0-c93c-4e87-a3cb-6124ea0ba6c0
  2WV2_TPF recycles=3 steps=400 -> 8f766cce-0f68-4a39-bb5b-7ab649130df5
  4XRZ_SI6 recycles=3 steps=200 -> ceff8f95-7763-4caf-a6a9-5ff98fb95dd4
  4XRZ_SI6 recycles=10 steps=200 -> 39be3434-5532-42e2-8457-d2966e437793
  4XRZ_SI6 recycles=3 steps=50 -> bd650904-c095-430c-a5a9-5a49b2bfdc6d
  4XRZ_SI6 recycles=3 steps=400 -> 757001f4-074b-4242-a24d-9135d6708355
  4TT5_36Y recycles=3 steps=200 -> f3af0501-2ad1-4302-8e4d-6fa684da50a3
  4TT5_36Y recycles=10 steps=200 -> 3d76f8e3-c269-446f-8059-bfdd6f35d34e
  4TT5_36Y recycles=3 steps=50 -> 67568295-3049-4ff5-a47c-9757fba566aa
  4TT5_36Y recycles=3 steps=400 -> 0c9170ca-2ac9-4e11-b239-bd60669aa8fc
  3GW9_VNI recycles=3 steps=200 -> 2f28f3ef-ecd5-4f95-8a92-6e662ad94e38
  3GW9_VNI recycles=10 steps=200 -> 6976bfa9-ac05-4936-b983-d679d8e3c39d
  3GW9_VNI recycles=3 steps=50 -> b84dccbf-983c-48e8-b3cf-68cc31d12301
  3GW9_VNI recycles=3 steps=400 -> 0b51ebce-a46f-4c74-a89d-41c76d680b8d
  5LI8_KKK recycles=3 steps=200 -> d2a8673f-ae6a-4b5a-9dfb-3eae84fda2c5
  5LI8_KKK recycles=10 steps=200 -> c3e7502a-f9d4-480c-8f69-f6344e09b20f
  5LI8_KKK recycles=3 steps=50 -> a913440b-bb05-480d-a5e2-e57b1fe26845
  5LI8_KKK recycles=3 steps=400 -> 779433ab-07e5-493f-ae3d-57b8e560dd29
  8DL4_SKX recycles=3 steps=200 -> b35a1256-34ef-495d-9196-5e34b517098e
  8DL4_SKX recycles=10 steps=200 -> 9d21543b-3aad-4a33-a7f9-0a0fb9587115
  8DL4_SKX recycles=3 steps=50 -> a290e51f-0840-44bc-93c0-e4d27e644828
  8DL4_SKX recycles=3 steps=400 -> 92fe1d60-2b67-410c-b44b-3dc654147bd9
  3G5N_PB2 recycles=3 steps=200 -> bffd6a1a-cde0-49a6-80e2-2520f98b3518
  3G5N_PB2 recycles=10 steps=200 -> f5751573-3955-4dcb-b7a5-f005761d23dd
  3G5N_PB2 recycles=3 steps=50 -> 09ba8a6c-7f8f-4bf8-9715-bfd29b5c0715
  3G5N_PB2 recycles=3 steps=400 -> 1e648255-71ea-4201-9b01-fc1176f15d74
  4D7D_PKT recycles=3 steps=200 -> 906d1a74-8ef4-43a6-8d64-5953bea2aa69
  4D7D_PKT recycles=10 steps=200 -> 8ca5c477-4b3e-4d6f-87f7-c86678bbf9eb
  4D7D_PKT recycles=3 steps=50 -> 4e63de56-e36e-4cff-ac53-80255a61c065
  4D7D_PKT recycles=3 steps=400 -> b0c7dbf8-da86-4bf0-bb3c-952b0e53db8f
  8VK6_A1AB6 recycles=3 steps=200 -> befee81d-5325-450e-bf72-ab7b87f0be63
  8VK6_A1AB6 recycles=10 steps=200 -> d6d3afad-9c50-40f7-8732-7a93c34135d7
  8VK6_A1AB6 recycles=3 steps=50 -> 0066bed5-0bba-4b11-845c-7e6e41a8510f
  8VK6_A1AB6 recycles=3 steps=400 -> e8e4cf7b-1c43-4bf7-a3fb-df7e127fcbc6
  6C94_V16 recycles=3 steps=200 -> fab13c50-21ea-465c-82c1-3e566d7ac282
  6C94_V16 recycles=10 steps=200 -> 72712a12-7637-435e-b079-340512ef5b8c
  6C94_V16 recycles=3 steps=50 -> c617649d-412d-424e-9877-25e1e1e86bcb
  6C94_V16 recycles=3 steps=400 -> 4c7f6e52-c911-4f08-ac91-a2be9a9f502a
  7LS4_YCG recycles=3 steps=200 -> 128423c7-42af-4163-baeb-140b3a311b60
  7LS4_YCG recycles=10 steps=200 -> ac53cf8f-7d8d-46d2-9297-76fd94c63df4
  7LS4_YCG recycles=3 steps=50 -> 967afa35-d995-48ac-b35e-fa0908314fd8
  7LS4_YCG recycles=3 steps=400 -> 62fe05aa-5c34-43ff-8e09-6625a05ab795
  4UYL_VNI recycles=3 steps=200 -> babb80c2-c3bc-4b3a-889c-b7ac36107a0e
  4UYL_VNI recycles=10 steps=200 -> 960777cb-ad10-4c28-9c15-1b3c7a90a4ee
  4UYL_VNI recycles=3 steps=50 -> d29ebbe8-ac43-4bf1-b239-7752ef1e74d5
  4UYL_VNI recycles=3 steps=400 -> 1a0f97a8-261b-4a49-ba17-7b7acdc4c1e3
  4CK8_LFD recycles=3 steps=200 -> 3e17b576-8c2d-47f0-8f46-10a431bf1f8b
  4CK8_LFD recycles=10 steps=200 -> 565ff117-63d6-415c-be4e-22f3a2e4d80f
  4CK8_LFD recycles=3 steps=50 -> c7ac93ad-0af2-47d2-8134-ec08f1060306
  4CK8_LFD recycles=3 steps=400 -> f7be4bb9-0a8f-47d4-97e5-cb7fcadefcc7
  6CR2_LFV recycles=3 steps=200 -> d4fa3448-953d-4433-a5cd-251b60174b58
  6CR2_LFV recycles=10 steps=200 -> 9e21a5ff-98db-46a0-91a4-81268c38792c
  6CR2_LFV recycles=3 steps=50 -> 4d4416b3-1b45-4c53-af3b-0a2ced521db1
  6CR2_LFV recycles=3 steps=400 -> 794f5730-2160-4230-b0fb-7f6f6b5ea22e
  4CKA_LFS recycles=3 steps=200 -> 51d11c94-ff28-400b-9554-78b242fcce69
  4CKA_LFS recycles=10 steps=200 -> ac8e5d82-b25d-49c1-a971-d42a3031e036
  4CKA_LFS recycles=3 steps=50 -> 4bc9dcd3-c4ff-4a55-a5b7-358071079a45
  4CKA_LFS recycles=3 steps=400 -> 2e8f98b1-1cd7-4d9f-991e-58f596c272c8
  4UHL_VFV recycles=3 steps=200 -> 616de55a-4939-4f88-98df-c803fcd95406
  4UHL_VFV recycles=10 steps=200 -> 0084ded3-d935-41e7-a5e4-d65eb2c4c0c2
  4UHL_VFV recycles=3 steps=50 -> 98bd29b4-eebf-4542-a843-7539cdbae779
  4UHL_VFV recycles=3 steps=400 -> d5c7faf5-46bb-4b46-be36-f9bb5651a160
  4CK9_LFT recycles=3 steps=200 -> fdd8ae4f-17b8-424a-ae2a-f1532f82858a
  4CK9_LFT recycles=10 steps=200 -> 114b3fc6-6d64-4aa3-90d7-85b1dc4b2e5d
  4CK9_LFT recycles=3 steps=50 -> 65754e64-b0b4-479e-acd2-0f378891b6eb
  4CK9_LFT recycles=3 steps=400 -> 94a43660-96a4-4d89-9408-6b6aca90906d
  6T0L_M8N recycles=3 steps=200 -> e722debd-239f-4c39-9ef2-d25d40efdb7e
  6T0L_M8N recycles=10 steps=200 -> 85509316-3b4f-4f1b-b0fe-dee5b2c1ed0d
  6T0L_M8N recycles=3 steps=50 -> eebd721f-5e2c-433b-9b2f-614a2cdbfe87
  6T0L_M8N recycles=3 steps=400 -> 964febbc-bddb-431b-a649-04584493fdd1
  4UHI_VFV recycles=3 steps=200 -> 2916bb2f-fdd7-40b7-9c7a-30088c0606e7
  4UHI_VFV recycles=10 steps=200 -> 3498b754-2e7b-4e50-9466-3dac723ae415
  4UHI_VFV recycles=3 steps=50 -> 5c45b011-c85d-40f4-91d5-72967aa5dbbd
  4UHI_VFV recycles=3 steps=400 -> d8c6cea0-6a1f-4a6b-b2cd-b708ff5ed287
  5JLC_1YN recycles=3 steps=200 -> 794c5ffe-0365-47f7-b15f-0ec61b2143da
  5JLC_1YN recycles=10 steps=200 -> 3d5d7735-b07e-499c-a4b7-d2a921470b9a
  5JLC_1YN recycles=3 steps=50 -> b7e8257c-e03c-4bd6-8594-452b663effd9
  5JLC_1YN recycles=3 steps=400 -> 2817ed2a-8cd5-43f7-a007-6fd6ded750d6
  7UFD_T0K recycles=3 steps=200 -> 05bb0c27-be86-4e06-8ba2-7c41aee482cd
  7UFD_T0K recycles=10 steps=200 -> fa9680ed-b27b-4b71-ac6e-763abbd8fc2c
  7UFD_T0K recycles=3 steps=50 -> a8f3cb25-e550-4133-bb50-9b1a52a04532
  7UFD_T0K recycles=3 steps=400 -> cb09c027-cf20-45a1-b555-086199edaca1
  3T3R_9PL recycles=3 steps=200 -> 15b65174-71bf-426e-b87f-345f074a2a61
  3T3R_9PL recycles=10 steps=200 -> 804f0e09-0dbc-4bc4-b0a6-7fd8f3261fec
  3T3R_9PL recycles=3 steps=50 -> beb06436-e978-43c1-b0be-b08c4449a1ae
  3T3R_9PL recycles=3 steps=400 -> 5b470487-9369-45e5-8fd4-2256f4935e42
  4H6O_NEE recycles=3 steps=200 -> 0a4a968c-51c0-407b-83e1-0abd24256494
  4H6O_NEE recycles=10 steps=200 -> b88264fb-f125-4a23-a051-7f395de78396
  4H6O_NEE recycles=3 steps=50 -> 09cb3ccf-a7e0-41c6-aef4-57e48587c8d1
  4H6O_NEE recycles=3 steps=400 -> 22687098-5c90-47ab-b650-be7578466790
  1JIN_KTN recycles=3 steps=200 -> 23b34965-ff83-4a4e-a5d5-6627b84fa1aa
  1JIN_KTN recycles=10 steps=200 -> dc3615f6-622f-4dea-aa0a-9d27c35da075
  1JIN_KTN recycles=3 steps=50 -> b1e424dc-ca9b-4e88-86c2-84065a532f08
  1JIN_KTN recycles=3 steps=400 -> 6b44f431-a992-4f3a-9284-a4722f54f476
  7UAZ_O3L recycles=3 steps=200 -> 963c63ca-0fcf-476f-866f-18c113c9962d
  7UAZ_O3L recycles=10 steps=200 -> c984c9e0-37bf-4302-9024-fd5b61939a29
  7UAZ_O3L recycles=3 steps=50 -> 69ad253f-f1fc-450d-84d7-a10334875c05
  7UAZ_O3L recycles=3 steps=400 -> e0b62a2e-efc3-462c-8d45-326e5971b0b8
  4EJI_0QA recycles=3 steps=200 -> 55a641d3-e5c6-43e7-8a8e-5da61f00497a
  4EJI_0QA recycles=10 steps=200 -> 25dfd762-2058-446a-bee1-6b25fa378abb
  4EJI_0QA recycles=3 steps=50 -> f4a3387b-6421-4a1e-a719-16be6be6049f
  4EJI_0QA recycles=3 steps=400 -> cc70873c-42b8-4879-9f42-12e370322a60
  4C27_26N recycles=3 steps=200 -> 832e5a76-ee58-4164-8c39-42da52852821
  4C27_26N recycles=10 steps=200 -> 0ca9e066-fd39-48d2-8bd5-7633bdd6b991
  4C27_26N recycles=3 steps=50 -> f028b0e1-8e55-4cca-b035-074a9531aa66
  4C27_26N recycles=3 steps=400 -> c329eddc-fe45-426c-b5fe-852906af66f4
  3TIK_JKF recycles=3 steps=200 -> 833c3b0d-4dab-4f0f-b680-c9dd1335ba9f
  3TIK_JKF recycles=10 steps=200 -> 1599ee41-348a-4df8-83e7-88533931bcf1
  3TIK_JKF recycles=3 steps=50 -> 099421d1-9eeb-4270-878e-66d2acd87f9f
  3TIK_JKF recycles=3 steps=400 -> e508d43d-e81d-4aba-9d56-8fe81887850a
  3K1O_POZ recycles=3 steps=200 -> b22244c5-12cb-42d3-8b3c-067546794a8c
  3K1O_POZ recycles=10 steps=200 -> a4242b6b-623d-47ca-a0c3-3d0ab1da4722
  3K1O_POZ recycles=3 steps=50 -> fc7840b5-48b8-4e39-8323-c78f2d14a20b
  3K1O_POZ recycles=3 steps=400 -> 392ab89f-35e5-4fb5-bd01-7cb50c2cb9dd
  8EWE_X0E recycles=3 steps=200 -> d8ae6975-b2e6-4c0a-92d8-cb3527a5ef79
  8EWE_X0E recycles=10 steps=200 -> 1cf03bb0-7a53-4e16-8501-40b829aa05a3
  8EWE_X0E recycles=3 steps=50 -> aa6692c7-9d2a-4ffb-af1b-ce6bb902f810
  8EWE_X0E recycles=3 steps=400 -> 99be5467-190f-4270-b71f-f221d48b037f
  3T3S_9PL recycles=3 steps=200 -> 7599131f-2be8-4d17-97f2-3e6f65753add
  3T3S_9PL recycles=10 steps=200 -> faf4e151-2ed2-432f-a046-3dcb4fc22e10
  3T3S_9PL recycles=3 steps=50 -> 4e2d9099-accb-43a4-8fbc-20eb2f4a54b5
  3T3S_9PL recycles=3 steps=400 -> 3952fdd7-7956-4d09-b03a-384b68aa36e3
  9COV_A1A4S recycles=3 steps=200 -> aa279040-79db-4925-b5cb-24aeb3f3ec0e
  9COV_A1A4S recycles=10 steps=200 -> c28f1016-b02a-42c7-aded-c0369e208868
  9COV_A1A4S recycles=3 steps=50 -> e386e216-06e6-4e55-8443-81718a99509d
  9COV_A1A4S recycles=3 steps=400 -> 752b95bf-54d2-458b-9901-4d54641af2de
  9NNI_A1BZC recycles=3 steps=200 -> 4ed228d7-ff3b-4ab7-93c4-5f04e264cf89
  9NNI_A1BZC recycles=10 steps=200 -> 44df2c69-fbbc-4f7b-8971-5930e620ebbc
  9NNI_A1BZC recycles=3 steps=50 -> 388d6ee3-3682-4492-be5f-d71d7e1979ac
  9NNI_A1BZC recycles=3 steps=400 -> 1cfee9c6-825e-4f86-b45d-b394674d8312
  2WX2_TPF recycles=3 steps=200 -> d6bd50f8-8bd2-491b-89b2-104bb7ce15e8
  2WX2_TPF recycles=10 steps=200 -> e700a8a3-0f02-4d1b-a22e-8d8dafb3bc4c
  2WX2_TPF recycles=3 steps=50 -> da4e27e7-17b7-4abd-9065-0d62eda7101a
  2WX2_TPF recycles=3 steps=400 -> 492a05db-2ced-4087-bc13-ceae9295ee12
  4K9W_7AW recycles=3 steps=200 -> e514d19f-fdfa-49ae-8d53-fb57428db543
  4K9W_7AW recycles=10 steps=200 -> eb88f92d-5f1f-4c89-a062-d14085a2b7d1
  4K9W_7AW recycles=3 steps=50 -> b70d6aa0-5d0c-43bc-9540-b97c5a99bdcb
  4K9W_7AW recycles=3 steps=400 -> ecc185d5-29e3-46a6-902a-ad99e101623c
  5O4K_9KE recycles=3 steps=200 -> c8ee3df4-e9d1-44cd-9de0-fb5b351def25
  5O4K_9KE recycles=10 steps=200 -> f365836f-5bdb-4dae-990c-7887aa7afb62
  5O4K_9KE recycles=3 steps=50 -> 049ab01a-5e63-4cdd-aa1c-2c0d9689fa85
  5O4K_9KE recycles=3 steps=400 -> 5b3f08c8-4b08-46d2-bdd8-a490a4da1c12
  2V0M_KLN recycles=3 steps=200 -> 95f09b99-5303-4180-a24f-dfb909b570d2
  2V0M_KLN recycles=10 steps=200 -> cdefd489-6d44-435e-a252-659384c22bca
  2V0M_KLN recycles=3 steps=50 -> 81c7bef6-721b-45f2-a083-ebc47ae98e9d
  2V0M_KLN recycles=3 steps=400 -> 482849d1-10c6-4547-b357-f45593cc9682
  7UF9_NH0 recycles=3 steps=200 -> fdb52728-7ceb-4387-a6b7-41e63dbfc3fb
  7UF9_NH0 recycles=10 steps=200 -> d8dbd9b7-c4c1-4141-b51f-7ff429a2a7bb
  7UF9_NH0 recycles=3 steps=50 -> 9331a902-e6bd-4b8b-85fd-92eae442a576
  7UF9_NH0 recycles=3 steps=400 -> 55f15a3b-aa0a-4d55-8fdd-9c6958a18526
  7KVQ_X7D recycles=3 steps=200 -> ea54df47-95ed-48a0-bda5-015a7e212964
  7KVQ_X7D recycles=10 steps=200 -> c24ec4d2-54fb-4f59-b894-12c118856747
  7KVQ_X7D recycles=3 steps=50 -> f9ed90bc-1681-4f21-aa4d-f06a99bdaa77
  7KVQ_X7D recycles=3 steps=400 -> 9310cecb-1875-431f-be64-11c9e5577f25
  8S53_3QO recycles=3 steps=200 -> 731cdc99-c40c-4299-a862-ccc0b10fb7fc
  8S53_3QO recycles=10 steps=200 -> d42db61f-5d8c-45f9-9318-cf77b0a6d599
  8S53_3QO recycles=3 steps=50 -> c2e546bc-d53a-4315-8e9f-3c479cbbd084
  8S53_3QO recycles=3 steps=400 -> becea6ec-d6cd-4a6b-8dc0-aafc64b82f25
  7KVO_X6S recycles=3 steps=200 -> 99aecde6-bd66-41d3-abff-291f965b1e12
  7KVO_X6S recycles=10 steps=200 -> 50c8bd55-0d91-4c20-86c3-f530977bd872
  7KVO_X6S recycles=3 steps=50 -> d8b0bf11-4de4-4c07-a462-472e01e16de2
  7KVO_X6S recycles=3 steps=400 -> 34b762e5-b978-435b-a9e5-b01691d20484
  4G3J_VNT recycles=3 steps=200 -> 42e2c174-5437-4abc-9637-03f5386e9587
  4G3J_VNT recycles=10 steps=200 -> 597ba75f-9458-41ab-a425-a7b9f387d342
  4G3J_VNT recycles=3 steps=50 -> 71cf7b8c-ca1d-4474-8bbc-345ef3da19b1
  4G3J_VNT recycles=3 steps=400 -> a13ef160-813c-4418-8428-b62c63410c4e
  6Q2T_PJM recycles=3 steps=200 -> 6b695b7a-0bd1-4b50-a681-8ea94e88f75b
  6Q2T_PJM recycles=10 steps=200 -> 4113a8e6-9010-4dd3-aeb2-236b3b80601d
  6Q2T_PJM recycles=3 steps=50 -> 9c745445-f359-40b5-88a9-1a2429085ba9
  6Q2T_PJM recycles=3 steps=400 -> cddf716a-06d3-4281-a957-39968ff0d0b9
  7UFA_NI6 recycles=3 steps=200 -> ba82a7d0-ede6-4719-a1bb-47c6335bd574
  7UFA_NI6 recycles=10 steps=200 -> 30e66f50-52cd-4f13-9964-e90afa9e2f8f
  7UFA_NI6 recycles=3 steps=50 -> 3a7e0de2-2ae1-47fb-a4bc-5c8b4d53db2a
  7UFA_NI6 recycles=3 steps=400 -> 727883fb-43fc-4554-9c97-4d19d567aa22
  5FSA_X2N recycles=3 steps=200 -> 57b1188e-c11b-4f99-a5b9-94bf93bf990a
  5FSA_X2N recycles=10 steps=200 -> bc730b42-d300-4d96-bc92-5369fb8becce
  5FSA_X2N recycles=3 steps=50 -> 550afbf5-fd8d-447f-896b-0b1ec8e9a568
  5FSA_X2N recycles=3 steps=400 -> 55d26418-3402-478f-804b-69de4dbd1bd6
  7KVN_X6V recycles=3 steps=200 -> eda134be-8de2-41d4-ad1f-edee8325740f
  7KVN_X6V recycles=10 steps=200 -> 2ff96210-4ae4-48f6-a32f-e60d5c06b029
  7KVN_X6V recycles=3 steps=50 -> 3b93a6dc-a2ea-4842-97da-16c451900905
  7KVN_X6V recycles=3 steps=400 -> 9d1fcb05-6298-49d6-9372-92dfe30f8276
  7KVS_X74 recycles=3 steps=200 -> 398641a0-977e-4f68-8765-d63c8c5ed51e
  7KVS_X74 recycles=10 steps=200 -> b02d1f58-4524-41ae-b326-5523ac39b691
  7KVS_X74 recycles=3 steps=50 -> 72218a93-89f1-46bd-a50e-439ba33fa16b
  7KVS_X74 recycles=3 steps=400 -> bfdafd52-8e84-4f7c-a437-f9482fce624a
  4UVR_J5Y recycles=3 steps=200 -> 4f2ef696-013a-4fe3-9c4e-e89eb31b820e
  4UVR_J5Y recycles=10 steps=200 -> 9a9c7f58-9e67-47b5-b668-c05736381af1
  4UVR_J5Y recycles=3 steps=50 -> 02d5a75d-25c6-4b57-b3f6-e19a1dba848c
  4UVR_J5Y recycles=3 steps=400 -> fc3c0604-428a-49b4-ace4-e7d50e45aed7
  3JUS_ECL recycles=3 steps=200 -> 3c6ec6c8-51f5-4f33-8328-fab717188356
  3JUS_ECL recycles=10 steps=200 -> be824b42-3d77-4fbe-a71d-478b390b2409
  3JUS_ECL recycles=3 steps=50 -> 5d6dd070-a158-4caf-8ce0-4c18fa9e2369
  3JUS_ECL recycles=3 steps=400 -> 1d55bd98-c4e6-41c7-9f25-37d396c7c417
  7E7F_MYT recycles=3 steps=200 -> c4a3c957-5324-4cdb-9853-9bd818733a8a
  7E7F_MYT recycles=10 steps=200 -> c9e6c73b-9be9-4d18-aa75-bb7de8fd9ce8
  7E7F_MYT recycles=3 steps=50 -> f07943cc-3f19-472a-951c-1cbced22a7a0
  7E7F_MYT recycles=3 steps=400 -> 56601026-648f-42ea-97a7-ac7454fb4fc3
  6XZ8_O4T recycles=3 steps=200 -> 5ec3ef90-4da2-4e06-abb8-66d63b953b5a
  6XZ8_O4T recycles=10 steps=200 -> 9a014660-9bdd-4d7e-83a9-8b66f591d606
  6XZ8_O4T recycles=3 steps=50 -> d7604cba-fb5c-4b7e-a507-af3ff1fc3770
  6XZ8_O4T recycles=3 steps=400 -> 192b5b85-a564-4382-99d2-e14579abb438
  4COH_T9H recycles=3 steps=200 -> 44e9b033-be4e-4cdd-a47b-9ca1a0fa1223
  4COH_T9H recycles=10 steps=200 -> 1d86dec6-6c69-45ee-94e6-df536674b572
  4COH_T9H recycles=3 steps=50 -> b43e70c8-8cfa-4434-a883-80977bdcb21a
  4COH_T9H recycles=3 steps=400 -> a930343d-1b94-4b20-971f-8b06e62fdfaf
  2WH8_II2 recycles=3 steps=200 -> 539322fc-6b0c-4b5a-8631-a8e9d9bd6326
  2WH8_II2 recycles=10 steps=200 -> 4f87351e-03b4-4282-9d70-8621452b1402
  2WH8_II2 recycles=3 steps=50 -> 1a3b7d5e-30d4-4adc-83ec-36abcaa9cdcc
  2WH8_II2 recycles=3 steps=400 -> 92f7901a-fbf4-4227-a56b-57bf0a9bd7bd
  4EJH_0QA recycles=3 steps=200 -> fe6d647d-6b70-4f61-88b2-5adaca8f0e78
  4EJH_0QA recycles=10 steps=200 -> 96efdf1a-f571-44b1-b8b1-75543ba762aa
  4EJH_0QA recycles=3 steps=50 -> 9fefa4b1-6c3d-4904-b8c7-ef42d7b3496c
  4EJH_0QA recycles=3 steps=400 -> bf258e3c-6a92-4aba-b6ac-0d7d52b23fcf
  7N6F_0I1 recycles=3 steps=200 -> 46eab87c-3bd5-415d-9956-2d02ae5268ae
  7N6F_0I1 recycles=10 steps=200 -> 5989d1e8-85d4-45ff-94ac-9c23fabbde34
  7N6F_0I1 recycles=3 steps=50 -> 24c4a313-0a62-4b35-bf54-9443af9aed9a
  7N6F_0I1 recycles=3 steps=400 -> f5444bb2-5194-47cb-a175-ccac03d7445e
  7P5T_5YG recycles=3 steps=200 -> 3aa099e5-98c1-4f81-ba85-936298e3f1b3
  7P5T_5YG recycles=10 steps=200 -> 7029642a-70f0-4d4c-b444-bd3a3a155276
  7P5T_5YG recycles=3 steps=50 -> 3b67a11c-0808-4fba-bc20-912ea974c0dc
  7P5T_5YG recycles=3 steps=400 -> aba4fa04-a680-44a2-9867-77ac6df9e9c1
  7LS3_YCJ recycles=3 steps=200 -> 0910435f-cc91-4286-91fd-d0fb96b866ef
  7LS3_YCJ recycles=10 steps=200 -> ce4803f7-154a-4c8a-a84a-c1b57501ad36
  7LS3_YCJ recycles=3 steps=50 -> 548ebf37-6b66-4e73-8a2b-94b452998f5e
  7LS3_YCJ recycles=3 steps=400 -> a152b100-8a33-4f81-880e-48273190a8eb
  4I4G_Z8Z recycles=3 steps=200 -> 9675030b-caa8-45eb-adfc-46cf19a1b722
  4I4G_Z8Z recycles=10 steps=200 -> f57ca4ea-afdf-45af-bdfb-34f8fac6d5b0
  4I4G_Z8Z recycles=3 steps=50 -> 05e9c039-30d6-48f3-b171-a020089b52b4
  4I4G_Z8Z recycles=3 steps=400 -> f3efb890-5601-4abe-b811-66e8cbb876b0
  8A9P_ENK recycles=3 steps=200 -> bcc40248-f6d6-4052-9008-3b97323cc50f
  8A9P_ENK recycles=10 steps=200 -> c94e3b1e-bdd4-4aa6-91d5-528113bc47f6
  8A9P_ENK recycles=3 steps=50 -> 0414d8bd-1aea-43b8-8ebc-c8d8e9651734
  8A9P_ENK recycles=3 steps=400 -> eaf6b001-203d-47d6-af57-b607b92a552d
  1EGY_9AP recycles=3 steps=200 -> 915bbc6f-198f-401b-9170-4a70bd5aa71f
  1EGY_9AP recycles=10 steps=200 -> b80cea12-0e43-4551-b28d-587dee124a72
  1EGY_9AP recycles=3 steps=50 -> f5962a37-1fe2-40c8-b893-c37eea7e433c
  1EGY_9AP recycles=3 steps=400 -> f59c3ccf-6e27-4ff1-8101-eff7e4797790
  7UFC_NJO recycles=3 steps=200 -> dfc65310-0485-4d56-9069-a805f592b1c3
  7UFC_NJO recycles=10 steps=200 -> 1d7ff332-8e36-41ff-9282-10b11e7438e8
  7UFC_NJO recycles=3 steps=50 -> a5f43eb3-21b3-451c-a399-a30bb70e5666
  7UFC_NJO recycles=3 steps=400 -> 453c7872-1ba4-4f1a-8df0-fb45bedea1fc
  2XFH_CL6 recycles=3 steps=200 -> 08f85d6c-28be-4951-972a-f08fd26f1cdf
  2XFH_CL6 recycles=10 steps=200 -> 3dd56064-85ff-4479-b956-6ffa6df943ca
  2XFH_CL6 recycles=3 steps=50 -> 5dc51725-ea58-408d-a511-bbbd19939156
  2XFH_CL6 recycles=3 steps=400 -> 7567c31d-bde2-4690-b961-cf342f566867
  4K9V_6AW recycles=3 steps=200 -> 28590947-6523-4baf-b8ed-71fac2fe6bb6
  4K9V_6AW recycles=10 steps=200 -> 4fe7b00a-af82-4563-b7b3-8d0a24bf7f85
  4K9V_6AW recycles=3 steps=50 -> 83a15f5f-67c3-4860-9bf0-e82394ee0f6b
  4K9V_6AW recycles=3 steps=400 -> 9cfe18ee-bbb9-4535-b205-68e09a8fe651
  9NNO_A1BY9 recycles=3 steps=200 -> 314ba82e-94fe-4f3f-8ad5-a7c53b8e9666
  9NNO_A1BY9 recycles=10 steps=200 -> e2a2f27c-414e-40ff-8963-bc9819461c3c
  9NNO_A1BY9 recycles=3 steps=50 -> 426d16f9-f09f-4983-9cc5-f6a76cbfff7c
  9NNO_A1BY9 recycles=3 steps=400 -> 5e6ab777-7cc2-4aa3-8d44-052a3c57b728
  6T0K_M65 recycles=3 steps=200 -> 70c115bd-c4fa-4474-a067-6984f6f2d93a
  6T0K_M65 recycles=10 steps=200 -> 9d5e5080-23e8-4934-8280-a266cc60c961
  6T0K_M65 recycles=3 steps=50 -> e2ba9b1e-658d-4ed7-9f4b-d5569f67f378
  6T0K_M65 recycles=3 steps=400 -> 874797bc-becf-4b37-a351-23fdd65bcee8
  6UW2_CL6 recycles=3 steps=200 -> 3e1c2d72-20db-4428-8718-446e99f13a72
  6UW2_CL6 recycles=10 steps=200 -> d867b6f2-b2cf-46b7-aec5-1c8f3eee376b
  6UW2_CL6 recycles=3 steps=50 -> db41ffb8-357a-4b69-9d0e-a8ddfc5a1f26
  6UW2_CL6 recycles=3 steps=400 -> 4be71ee4-74a6-4d18-ad82-b3c9e5a7f6c6
  9NNA_A1BZE recycles=3 steps=200 -> f5cf9c36-c754-4d30-9796-f1afff033363
  9NNA_A1BZE recycles=10 steps=200 -> 62e2a56a-ad92-4f81-8027-d5e6101a6331
  9NNA_A1BZE recycles=3 steps=50 -> c827ed7b-7aff-4d92-aedd-55166d95fe5c
  9NNA_A1BZE recycles=3 steps=400 -> a7e4736e-198e-417f-a61f-f489871f8e94
  4UYM_VOR recycles=3 steps=200 -> d58a0424-f0d3-4d7f-bc2b-76f71ab1d90c
  4UYM_VOR recycles=10 steps=200 -> 21968f51-5533-4a96-99a4-333a688851bd
  4UYM_VOR recycles=3 steps=50 -> 31696432-1e6f-4f3b-8afa-9d257d0baa36
  4UYM_VOR recycles=3 steps=400 -> 95671862-5162-4234-8b93-fcfd4581da65
  3TJS_D0R recycles=3 steps=200 -> 09582a3b-6518-43af-87b9-6efd7a197d89
  3TJS_D0R recycles=10 steps=200 -> 8457aa67-4e4a-4179-89d1-4819341c2dc7
  3TJS_D0R recycles=3 steps=50 -> 9341e905-73ad-4546-b458-816c406c9c0f
  3TJS_D0R recycles=3 steps=400 -> 92879b8b-879a-421c-af0e-674e721ad2ad
  4BMM_TU1 recycles=3 steps=200 -> 1924b667-96ee-493a-9b8c-ace683a97f92
  4BMM_TU1 recycles=10 steps=200 -> fe473443-5713-48fd-86fd-f9978b48ff27
  4BMM_TU1 recycles=3 steps=50 -> 823b3d86-47e2-48d4-a96d-4f249e7598da
  4BMM_TU1 recycles=3 steps=400 -> 5cc3f242-96e4-491d-b491-7295974ff17a
  5EQB_1YN recycles=3 steps=200 -> 7a00dc1b-61ee-422d-95ae-0f27a532c77f
  5EQB_1YN recycles=10 steps=200 -> df0e32c4-ef09-49ce-91b1-9fc176cdde4b
  5EQB_1YN recycles=3 steps=50 -> 39d4f532-87a8-41cc-b3da-061d44487f19
  5EQB_1YN recycles=3 steps=400 -> d885c974-6bea-4bbc-a56d-49a8434a34dd
  7KVH_X5Y recycles=3 steps=200 -> 5dc800a1-1cf2-4eda-aa83-5d5cdf23e122
  7KVH_X5Y recycles=10 steps=200 -> 71d88f52-2aa1-4203-9aec-e7c7a5b91267
  7KVH_X5Y recycles=3 steps=50 -> 88d378a5-e9e9-4a7a-9020-c839fe82acef
  7KVH_X5Y recycles=3 steps=400 -> 62cb990b-0835-49cb-8634-58a9e6e278e2
  3R9C_ECL recycles=3 steps=200 -> 7bbfd778-85de-4d71-86b0-1cf7b0fda50f
  3R9C_ECL recycles=10 steps=200 -> a9cfe433-5da9-46f9-8140-99e047b1f1e2
  3R9C_ECL recycles=3 steps=50 -> 608f892f-e22d-4c19-b2da-89ed21492ca2
  3R9C_ECL recycles=3 steps=400 -> f850c0cb-a840-4349-bcf5-313bf5abc0e7
  7KVM_X71 recycles=3 steps=200 -> da12b472-021c-4b2d-9d2d-622f7707074a
  7KVM_X71 recycles=10 steps=200 -> 4354d20b-e84c-4375-932b-51a85af962b9
  7KVM_X71 recycles=3 steps=50 -> d64502f5-8914-4e6e-849e-f6be1e0499c4
  7KVM_X71 recycles=3 steps=400 -> a39080c8-6c03-4577-ad91-62fa6d867edb
  7N3L_04Y recycles=3 steps=200 -> 42495292-334b-4b01-afdb-3246d2a027fd
  7N3L_04Y recycles=10 steps=200 -> 1dd36f87-a0df-45a7-9e4a-f74bee7ec568
  7N3L_04Y recycles=3 steps=50 -> 02f1e4e0-57b6-4c16-91bd-7522015e149b
  7N3L_04Y recycles=3 steps=400 -> dab7ff03-6861-4536-914a-0128f3814d7c
  2W0B_CMW recycles=3 steps=200 -> 550fafa2-4d10-4d5b-aaa1-23e98ca72218
  2W0B_CMW recycles=10 steps=200 -> 15c915c8-d42f-4e6a-b4a4-3f48259f7c17
  2W0B_CMW recycles=3 steps=50 -> eec2a8ab-f2b5-4e37-bc5f-2e6ab2f230c7
  2W0B_CMW recycles=3 steps=400 -> 44cfd18e-bfed-4d8c-bfe4-a590a9220f69
  2WHF_II4 recycles=3 steps=200 -> 512e4750-adad-4108-945d-4f561afc8063
  2WHF_II4 recycles=10 steps=200 -> d9c69952-03ab-40b9-8df5-25f3fe907934
  2WHF_II4 recycles=3 steps=50 -> aa54349e-62e4-4c7f-8be6-cf990967afee
  2WHF_II4 recycles=3 steps=400 -> fb02f374-5d2a-490c-a8c9-c184576af6ac
  7LRL_YBS recycles=3 steps=200 -> 662a7019-8b4d-4916-ab84-68c6e9b2db07
  7LRL_YBS recycles=10 steps=200 -> d847431f-f02c-4223-a9dd-eea8a74b9d4a
  7LRL_YBS recycles=3 steps=50 -> 28104903-df6f-4bf8-9789-de2cf1bcfa3d
  7LRL_YBS recycles=3 steps=400 -> 24741819-0c58-4c6d-a009-3b34fbd5f9ee
  4D78_J9K recycles=3 steps=200 -> acee1615-66cb-4857-837e-397d2829b6a4
  4D78_J9K recycles=10 steps=200 -> 9c77ffb4-eecc-4cbc-9175-b21d30e3d25a
  4D78_J9K recycles=3 steps=50 -> 6104478b-230e-4eb8-b058-3bee36bdc0cd
  4D78_J9K recycles=3 steps=400 -> e2f142ae-2615-4269-96f2-8cc6ac6af633
  4C28_TW5 recycles=3 steps=200 -> 9783fe1f-0283-4365-ace6-bc62965d397a
  4C28_TW5 recycles=10 steps=200 -> bcadbda1-3db5-4485-9576-434332fa7818
  4C28_TW5 recycles=3 steps=50 -> 9694e4fe-47eb-43db-8b0c-ed160f698283
  4C28_TW5 recycles=3 steps=400 -> 483a7ae8-e9bc-4e0c-8c24-3ed5c446b698
  9NNM_A1BZA recycles=3 steps=200 -> e8cc7e34-67ac-40ec-a0cc-1f959f555706
  9NNM_A1BZA recycles=10 steps=200 -> e49e9648-b1a9-4ec2-b56a-da58bffe44cf
  9NNM_A1BZA recycles=3 steps=50 -> f9ba4881-456f-4f4c-bdaa-fb5511c14849
  9NNM_A1BZA recycles=3 steps=400 -> 3f78d4bb-a3b7-492b-9f0c-60eaab711fec
  7YXF_I6Y recycles=3 steps=200 -> 9e2b6227-6176-49b3-890c-55d4c0630f5a
  7YXF_I6Y recycles=10 steps=200 -> 18e3e0c2-4778-43f1-a48f-c30773c85fa6
  7YXF_I6Y recycles=3 steps=50 -> 4f02c7f2-7a64-4d23-9c6f-2a913e79b155
  7YXF_I6Y recycles=3 steps=400 -> 95d4b30e-70dc-488a-a947-85efe53bf056
  9NNE_A1BZD recycles=3 steps=200 -> e17c3da1-8cae-472b-9660-3c7f4c2f9472
  9NNE_A1BZD recycles=10 steps=200 -> ced40dbd-99c1-4a0e-bbee-253dd3c9238b
  9NNE_A1BZD recycles=3 steps=50 -> cc9f863a-85f0-4341-b39d-7dfeba1f1c33
  9NNE_A1BZD recycles=3 steps=400 -> 797baa29-2acc-4562-ad6e-53e6bab985d2
  9NNJ_A1BZB recycles=3 steps=200 -> 124d84b3-96d1-4ba3-b93c-37a400295472
  9NNJ_A1BZB recycles=10 steps=200 -> 67b345b0-3497-4ac6-a337-524a12a75796
  9NNJ_A1BZB recycles=3 steps=50 -> eeeb498f-6bda-4211-ba4e-00a0d44d87a0
  9NNJ_A1BZB recycles=3 steps=400 -> 289ca02b-bab5-41fb-86a6-faca198df660
  8FDA_XPK recycles=3 steps=200 -> c6659f7e-e4f8-4d2e-a434-cfbccdf0c31c
  8FDA_XPK recycles=10 steps=200 -> d5cc3132-a8af-4405-8948-4313cdddb38a
  8FDA_XPK recycles=3 steps=50 -> 4a2f3da9-4b5a-45fa-be2f-3f27a2050e4f
  8FDA_XPK recycles=3 steps=400 -> 576436bc-4731-46c6-887b-5b93c0d7ce78
  2BDM_TMI recycles=3 steps=200 -> 834ac43d-c7d9-4ff0-a14f-dbe30dece88e
  2BDM_TMI recycles=10 steps=200 -> e55b6cb0-1879-43aa-b1b8-7a54ec3711bb
  2BDM_TMI recycles=3 steps=50 -> ea8598fc-040f-4629-bfc6-e74ae5c19c75
  2BDM_TMI recycles=3 steps=400 -> cc801885-86e4-479d-8b26-b4dbae9dd8a4
  9VGO_A1MAI recycles=3 steps=200 -> dcc16bd5-9a31-4576-9cbe-43e5afb3a72e
  9VGO_A1MAI recycles=10 steps=200 -> 0735d930-9b59-402b-bce6-9747a49b9c19
  9VGO_A1MAI recycles=3 steps=50 -> c4e41a7b-f041-42a1-93d4-e2168d1554dc
  9VGO_A1MAI recycles=3 steps=400 -> f98c1fc9-7891-4356-b1fe-04be003fc011
  3TMZ_06X recycles=3 steps=200 -> c3f7c035-8efb-475a-a22a-1754b3a24cda
  3TMZ_06X recycles=10 steps=200 -> 5f0da1cc-5461-4605-b2a4-1f9e27bccbd0
  3TMZ_06X recycles=3 steps=50 -> 2967654c-5c3d-4d7a-8972-ab9756393243
  3TMZ_06X recycles=3 steps=400 -> e3cd3cee-79de-447a-8952-ba1176016f24
  9COR_A1A07 recycles=3 steps=200 -> 21a92a1b-aaf7-4a66-b0c7-a262ba697fe2
  9COR_A1A07 recycles=10 steps=200 -> a9d352a1-3e2c-4850-9b9d-fd19ffa496ea
  9COR_A1A07 recycles=3 steps=50 -> 993c3243-fdde-4d2f-8219-f933b276bccd
  9COR_A1A07 recycles=3 steps=400 -> f99a23fd-f2ba-4f6c-979a-90b23d0a3819
  6BD8_D81 recycles=3 steps=200 -> c275ada9-6a86-404c-b6f6-0d6e3c20ef19
  6BD8_D81 recycles=10 steps=200 -> db223d92-e949-40b8-a521-8c3a2af8e460
  6BD8_D81 recycles=3 steps=50 -> 6916ab6e-2d30-4047-b25e-75732e1f0737
  6BD8_D81 recycles=3 steps=400 -> e4df93ef-91b6-475c-a13b-2265ed364abb
  7QJL_DQE recycles=3 steps=200 -> 738e5674-0fd8-4427-b5d5-7b1807774ea9
  7QJL_DQE recycles=10 steps=200 -> 1695a906-79e7-4b99-a713-6e5065e6871b
  7QJL_DQE recycles=3 steps=50 -> ed6247f0-790d-486d-99df-5dd0a1f0132b
  7QJL_DQE recycles=3 steps=400 -> 9289ab11-2426-4f52-9db7-1c6f394f28f1
  4I4H_Z9Z recycles=3 steps=200 -> d00f4772-521a-4ce2-8962-4739f3edd910
  4I4H_Z9Z recycles=10 steps=200 -> c10a2f6c-d1ed-43e4-8051-560b6328f947
  4I4H_Z9Z recycles=3 steps=50 -> fada8503-4274-468b-9c5a-23a535351cbd
  4I4H_Z9Z recycles=3 steps=400 -> bc5c446b-d192-4f32-8fab-d00a1342d96c
  2FDV_D2G recycles=3 steps=200 -> 5a2a03e5-6c50-487e-9831-18d99e583ebb
  2FDV_D2G recycles=10 steps=200 -> f137c490-bd33-4a8f-a6d7-85bdb6a2239a
  2FDV_D2G recycles=3 steps=50 -> 9cbc6c31-65a9-4c0c-99b1-57a0f0ff53e1
  2FDV_D2G recycles=3 steps=400 -> 7b360e08-1520-44c5-be5d-a7011c9ec2df
  5FRB_VT2 recycles=3 steps=200 -> 0589f18d-0de6-46ce-a15a-3d4bdba0196f
  5FRB_VT2 recycles=10 steps=200 -> b887e293-8410-4e9b-a4c7-6b63e9255d07
  5FRB_VT2 recycles=3 steps=50 -> aba0d572-66a1-4e3d-a7e9-8a135c731193
  5FRB_VT2 recycles=3 steps=400 -> 56779d34-4d90-4330-9993-fc57a8f8d140
  2Q6N_1CI recycles=3 steps=200 -> 764c6218-3566-4d68-9ce4-452e667c73ad
  2Q6N_1CI recycles=10 steps=200 -> 6a991b4c-6b6b-437f-8627-4d74576e82a2
  2Q6N_1CI recycles=3 steps=50 -> e1861456-ea21-4273-b2fc-6c4c03d84868
  2Q6N_1CI recycles=3 steps=400 -> 4aef3c54-99f2-4314-ba42-ae168ca45a5d
  1SUO_CPZ recycles=3 steps=200 -> 342824c3-04bf-4f7d-a10e-b87d936296ec
  1SUO_CPZ recycles=10 steps=200 -> 74bed73e-79a6-4f98-b448-98f149341a86
  1SUO_CPZ recycles=3 steps=50 -> be0dfff2-f10c-479e-a9e0-073412ca3b28
  1SUO_CPZ recycles=3 steps=400 -> 0e6f811b-5fb0-44ca-842d-1e32e664a5f1
  5O4L_9KB recycles=3 steps=200 -> 5fc9970d-c19f-4ebf-82c6-4d110d0935be
  5O4L_9KB recycles=10 steps=200 -> 52cebd9f-5e40-4604-a081-366f2ba07693
  5O4L_9KB recycles=3 steps=50 -> 2b32dafc-f0bb-4883-a52a-169b7b8fd185
  5O4L_9KB recycles=3 steps=400 -> ae0377bb-6a99-46c6-924e-ffc450e1d693
  7RYX_81H recycles=3 steps=200 -> ed921e26-9eaf-4b30-a598-12138ad89a49
  7RYX_81H recycles=10 steps=200 -> 7c6165a1-0540-48ff-ac86-45adb090b77b
  7RYX_81H recycles=3 steps=50 -> 84593923-b2f3-4a0f-b460-c335a2f14fc9
  7RYX_81H recycles=3 steps=400 -> f1e6951f-75ba-4818-aea8-95dc7140e7ba
  9BBB_A1APA recycles=3 steps=200 -> 78c66fe6-698f-45ff-80aa-d673d5871b51
  9BBB_A1APA recycles=10 steps=200 -> 4ea6c36d-31a2-4543-b5d0-136d8930ce7c
  9BBB_A1APA recycles=3 steps=50 -> 353cc8d0-6b67-48f0-8b7c-59fa29af4ed5
  9BBB_A1APA recycles=3 steps=400 -> 73e1011d-db9f-40b3-9093-ce47a76dd552
  9COY_A1A4T recycles=3 steps=200 -> 6502dc6e-66d6-4ec9-9e7a-16f22ae80f1e
  9COY_A1A4T recycles=10 steps=200 -> c05fc08d-6124-4114-b4e4-2e71174b4e01
  9COY_A1A4T recycles=3 steps=50 -> 39ace9c4-8937-4a0a-929f-9131ebda3cd1
  9COY_A1A4T recycles=3 steps=400 -> 4e8d2f4f-9055-486a-bce2-f3e5d7fd2a88
  7KVK_X7J recycles=3 steps=200 -> 1dd8ffc6-dafe-4582-b36e-06b644813ba7
  7KVK_X7J recycles=10 steps=200 -> 528e9e8d-5b1a-4476-ab15-d68c84f4491a
  7KVK_X7J recycles=3 steps=50 -> f7573872-6ae3-4a77-b404-0880d17abdfd
  7KVK_X7J recycles=3 steps=400 -> 27182a3f-77c5-45a4-bd9a-16b5b3b3416f
  3JUS_ECN recycles=3 steps=200 -> 837f489c-9f3f-44d1-8071-6e1fddc9cf2a
  3JUS_ECN recycles=10 steps=200 -> c7d6fcf0-1d8f-4381-8d5c-a4e1fb842119
  3JUS_ECN recycles=3 steps=50 -> 4b9bbae3-e6d2-4f21-81f3-5c17553ed733
  3JUS_ECN recycles=3 steps=400 -> 2a052c07-a298-4a49-8b70-5631eb53c2bd
  7UFE_NXR recycles=3 steps=200 -> 8f01fb35-8648-4cb4-90b1-d5eada0d4024
  7UFE_NXR recycles=10 steps=200 -> 6bb5f7c4-02b7-4f0c-94dc-2446f096ec01
  7UFE_NXR recycles=3 steps=50 -> b4a6b195-ef13-406c-99fd-eb5def503346
  7UFE_NXR recycles=3 steps=400 -> 91a332ae-4f29-449a-9b64-0a5c9749258f
  5VEU_RIT recycles=3 steps=200 -> b0a8af83-a73f-4fab-bdff-34e962d9d188
  5VEU_RIT recycles=10 steps=200 -> 4e723c0b-4c36-4142-81ad-e4e44ca77469
  5VEU_RIT recycles=3 steps=50 -> 9b06429a-03d8-4e8a-a7f3-2e950b492906
  5VEU_RIT recycles=3 steps=400 -> 5dad9215-2bb3-45ff-82f2-7adb1cd4b553
  5VC0_RIT recycles=3 steps=200 -> 97a17b41-cdeb-4f95-bd3f-478bd30de7ca
  5VC0_RIT recycles=10 steps=200 -> 51b17e02-e024-4038-bdd5-6a01e3b08009
  5VC0_RIT recycles=3 steps=50 -> d7396c2d-75a2-4afd-8d14-87ee61b3dcc4
  5VC0_RIT recycles=3 steps=400 -> 287aabfe-75b6-4730-b93e-04865beee57b
  7QQ7_PG4 recycles=3 steps=200 -> 6dbae7e1-cc10-4a4d-8ce4-1cd4c6ffcbdd
  7QQ7_PG4 recycles=10 steps=200 -> dc38fa1c-d585-4f83-906c-8d2bfea529be
  7QQ7_PG4 recycles=3 steps=50 -> f2289edb-2351-42ce-a710-cef6b48bc79a
  7QQ7_PG4 recycles=3 steps=400 -> 5649a8ac-56b8-4de9-bfa0-b9a1f8672404
  7ZQR_JK9 recycles=3 steps=200 -> 7fc888b8-9559-4811-a319-1a7d3e20e277
  7ZQR_JK9 recycles=10 steps=200 -> 20e6da1b-e2f6-4709-91d2-74a27d91ecfb
  7ZQR_JK9 recycles=3 steps=50 -> 568a7474-16cf-4716-a57f-cb70650ce0d9
  7ZQR_JK9 recycles=3 steps=400 -> c3f07128-29d5-49e5-b492-fe99f78c97c3
  7RY9_VOR recycles=3 steps=200 -> 520f50a0-00f2-412d-9e94-8a0dc773bf89
  7RY9_VOR recycles=10 steps=200 -> da6e3d88-f9bf-45e0-9093-609166dcbf67
  7RY9_VOR recycles=3 steps=50 -> 05dffd75-6303-4cf3-9252-20d6cfa19ae2
  7RY9_VOR recycles=3 steps=400 -> c6b9769f-95aa-4585-bce4-57246fb0ab72
  3KHM_TPF recycles=3 steps=200 -> 2037cad7-e3c3-4568-8c6e-b1facf098961
  3KHM_TPF recycles=10 steps=200 -> ac13479f-f071-4109-8ab0-1c75beb01a3b
  3KHM_TPF recycles=3 steps=50 -> 220869a8-df50-49c8-ac31-4bd70be7272b
  3KHM_TPF recycles=3 steps=400 -> d93030ba-526f-498d-93d5-e1a94e655481
  4C0C_WVH recycles=3 steps=200 -> 49e59da9-cb99-45a9-a6b0-cfa17c265896
  4C0C_WVH recycles=10 steps=200 -> fc589265-5a91-49fa-9754-faae38283231
  4C0C_WVH recycles=3 steps=50 -> 1e3cd148-5406-4f1f-968a-37117c5cbc29
  4C0C_WVH recycles=3 steps=400 -> 24a78f4d-eb33-4be6-bb40-7d87361b49b4
  4K9T_1RD recycles=3 steps=200 -> eca89636-e41d-41db-9078-3498546aee4a
  4K9T_1RD recycles=10 steps=200 -> 07a6c06a-67ef-4937-9e2c-e328d62716f4
  4K9T_1RD recycles=3 steps=50 -> bffbcecc-55e0-411e-a3a1-01a8e9fc6a6e
  4K9T_1RD recycles=3 steps=400 -> e08f2820-73f2-4f3b-8cd7-a4f1a55275fc
  7RYA_1YN recycles=3 steps=200 -> 2245fadc-f4a1-4712-958c-f93a1f7bdc41
  7RYA_1YN recycles=10 steps=200 -> af456774-3cf2-4f67-a82a-f4ea9d4a7aa2
  7RYA_1YN recycles=3 steps=50 -> d74cd0d9-935b-4eba-9e6e-5a5ff12420c5
  7RYA_1YN recycles=3 steps=400 -> 9d7e6441-c834-4123-839c-aa78fc42cc7d
  3B6H_MXD recycles=3 steps=200 -> 732ab3f3-731d-4556-a42f-dc9265c1b8ea
  3B6H_MXD recycles=10 steps=200 -> 39bf8559-14d7-4657-b189-fcb1e81a928d
  3B6H_MXD recycles=3 steps=50 -> b2402779-1836-476a-982f-647b96bb5165
  3B6H_MXD recycles=3 steps=400 -> 58c87b90-0d2b-4ddb-9af3-9667aab0d9e9
  2WUZ_TPF recycles=3 steps=200 -> a71f2755-aaac-491f-bda5-faf2ba42664f
  2WUZ_TPF recycles=10 steps=200 -> 8543e484-399e-4680-8ab2-19c38845f968
  2WUZ_TPF recycles=3 steps=50 -> 43606625-c135-4133-badc-9195d5b2ebaf
  2WUZ_TPF recycles=3 steps=400 -> d44a2877-d13f-43f2-bbf6-a5420912eb41
  7ZLT_JFI recycles=3 steps=200 -> 49f0fdb7-f640-4d4c-bb7d-3a3a157591ce
  7ZLT_JFI recycles=10 steps=200 -> e9673cec-6846-4194-bec7-ff68c103c15b
  7ZLT_JFI recycles=3 steps=50 -> 6308f82d-b369-4b54-822d-641cb6a640f1
  7ZLT_JFI recycles=3 steps=400 -> e1d37b97-9676-462c-a766-e9475f1bf607
  3T3Z_9PL recycles=3 steps=200 -> 231c6e9a-afef-4910-827a-b0653f351d76
  3T3Z_9PL recycles=10 steps=200 -> faec9e5a-91fb-4dbb-969e-4e8ec6ee6539
  3T3Z_9PL recycles=3 steps=50 -> da304252-5d55-4443-8f84-c1718d6013d5
  3T3Z_9PL recycles=3 steps=400 -> e514e366-1e36-4b80-b853-3b02962adcfd
  7KVJ_X7M recycles=3 steps=200 -> c164bbdb-fc15-4e77-aa9b-9b7f9bc463f3
  7KVJ_X7M recycles=10 steps=200 -> eeab3c88-8bca-405a-920b-f0556cd2b8fd
  7KVJ_X7M recycles=3 steps=50 -> 059032d1-4f5c-4289-ba11-033b8ec732d6
  7KVJ_X7M recycles=3 steps=400 -> 28a72cf0-96f3-404b-a804-66d418360139
  7ZB9_M65 recycles=3 steps=200 -> 253fcc10-0a84-47d1-a0a9-7cfed77a4f97
  7ZB9_M65 recycles=10 steps=200 -> 6945d6c5-42c8-428c-acef-2bc4d016d39f
  7ZB9_M65 recycles=3 steps=50 -> 40128f54-e327-4f93-9f8b-7855e4a732bc
  7ZB9_M65 recycles=3 steps=400 -> e029c0b8-f559-4499-aeeb-ed3ed4571b8c
  9COT_A1A08 recycles=3 steps=200 -> 4437930d-0874-4d6b-a580-7e8db4b14a02
  9COT_A1A08 recycles=10 steps=200 -> d10e307d-4fad-4678-93e0-9952469ad572
  9COT_A1A08 recycles=3 steps=50 -> 4874d24e-1f2f-42cd-9e2e-a9efbdcb0799
  9COT_A1A08 recycles=3 steps=400 -> 82fe68e1-f644-4314-af98-0342f01ea38b
  5IBE_69M recycles=3 steps=200 -> 75475ae2-4645-4203-a1c8-f486e4b91c06
  5IBE_69M recycles=10 steps=200 -> e25ebbe7-2aa3-433b-b0fe-8e01a0e4463b
  5IBE_69M recycles=3 steps=50 -> 6ba794b2-4728-4196-8963-9a8453e1f45c
  5IBE_69M recycles=3 steps=400 -> f7023189-52ce-462b-99ad-1950fa096bfe
  2W09_CM9 recycles=3 steps=200 -> 168c6a26-67ee-4b35-b1e8-3fd7329a5b65
  2W09_CM9 recycles=10 steps=200 -> 56d6ef15-9078-4895-a955-76309bb55181
  2W09_CM9 recycles=3 steps=50 -> 4bf73835-f130-49bf-bcd5-5ac4618a60f7
  2W09_CM9 recycles=3 steps=400 -> e92ffa92-3d24-49c1-aab5-70bef2275642
  5V5Z_1YN recycles=3 steps=200 -> 45725649-6b64-428a-8e8d-fbc9fd3dd553
  5V5Z_1YN recycles=10 steps=200 -> 9305fc79-c090-465d-a732-5d68f98fbc41
  5V5Z_1YN recycles=3 steps=50 -> 7cb1f054-d759-48fd-bd9e-ac327c42b07e
  5V5Z_1YN recycles=3 steps=400 -> b3428ba7-5286-4c36-97f9-13440f506f1e
  4MGJ_CPZ recycles=3 steps=200 -> ef1f2918-98a3-4a26-835d-18b72a74f015
  4MGJ_CPZ recycles=10 steps=200 -> a5a45c7c-6f5a-4a0e-82f6-7927e86c1feb
  4MGJ_CPZ recycles=3 steps=50 -> 6e6a82a3-ce28-4356-ad73-eaae3a614642
  4MGJ_CPZ recycles=3 steps=400 -> d3a829e8-610e-4c4e-90b0-17781c737364
  9COW_A1A4V recycles=3 steps=200 -> 28396b7e-2e59-4392-92e7-00db5ae4a62b
  9COW_A1A4V recycles=10 steps=200 -> 55c707fd-3cab-4112-a388-294769f4b5e8
  9COW_A1A4V recycles=3 steps=50 -> bb58e48b-8584-4dc4-9d1c-efd01f9d78d3
  9COW_A1A4V recycles=3 steps=400 -> 50d3c91e-ed5a-4ec9-80ff-46dd469354e5
  7RY8_VOR recycles=3 steps=200 -> ed62e2a4-43f1-477b-9c77-68a6a092ae48
  7RY8_VOR recycles=10 steps=200 -> fc6b9be6-b16f-4755-9455-f7d982e7d95f
  7RY8_VOR recycles=3 steps=50 -> d9e50224-cab3-45de-a1c3-d7ec1a079772
  7RY8_VOR recycles=3 steps=400 -> dd1952a2-61cc-44aa-938d-d123d506b232
  9COS_A1A06 recycles=3 steps=200 -> 3e7636b9-9093-48c8-93b7-5d30bbaa6ab6
  9COS_A1A06 recycles=10 steps=200 -> abd8f6b9-50b1-49a8-a1b3-a74e014800fa
  9COS_A1A06 recycles=3 steps=50 -> 69b75b0e-a9fa-4d6f-8df7-a29369a61568
  9COS_A1A06 recycles=3 steps=400 -> ec44a2c6-74cd-4754-8020-cc54f3638cca
  6U30_PQM recycles=3 steps=200 -> 345996aa-bc1b-493a-a507-81727ec6d602
  6U30_PQM recycles=10 steps=200 -> b29032cb-0f46-415f-bb30-555ba3af9670
  6U30_PQM recycles=3 steps=50 -> a773724f-edd2-4990-a132-db7f7569a6aa
  6U30_PQM recycles=3 steps=400 -> 4fc9189b-c6c3-4b24-bcbb-aa00fb3fb371
  4G44_TZM recycles=3 steps=200 -> 673366ea-99bd-4a4e-a5b6-14162ee8eede
  4G44_TZM recycles=10 steps=200 -> 739d2936-11d1-4d2a-a93b-6279a10f89b8
  4G44_TZM recycles=3 steps=50 -> 179acaff-2a45-46fb-9f23-be447ed8f2ae
  4G44_TZM recycles=3 steps=400 -> 7ddf36dc-aac7-417d-ab05-3f6fa57b0123
  3TDA_PN0 recycles=3 steps=200 -> 528c1435-6516-4696-802d-758b7d661e3a
  3TDA_PN0 recycles=10 steps=200 -> 30bf2170-ea2b-4025-b587-b38037549ad4
  3TDA_PN0 recycles=3 steps=50 -> a2996d13-6acb-459f-af5f-e4f47f9cc18c
  3TDA_PN0 recycles=3 steps=400 -> 200f6f29-9a8a-47d0-8206-f9cb78264f31
  5TZ1_VT1 recycles=3 steps=200 -> bfc04b47-f8a6-45e0-9253-f04acd3a2843
  5TZ1_VT1 recycles=10 steps=200 -> 03175905-31b3-4131-b22c-086556ab4a23
  5TZ1_VT1 recycles=3 steps=50 -> f263617b-82d8-4e0e-a725-fba33c42c711
  5TZ1_VT1 recycles=3 steps=400 -> 3eafc0ab-8136-4bba-a793-656b2fa4c9d0
  6MA7_TPF recycles=3 steps=200 -> 13005a2b-4e7c-445a-9dde-f7109716937a
  6MA7_TPF recycles=10 steps=200 -> e460496e-f74a-4a85-a9f8-95d821354ba5
  6MA7_TPF recycles=3 steps=50 -> 8e06d255-9540-4df9-82ef-fb4511969adb
  6MA7_TPF recycles=3 steps=400 -> ad18a1e5-9861-4851-a7c4-e9e8f6c224cb
  7KVI_X7P recycles=3 steps=200 -> 3eee2569-f206-4657-adc4-9ff62df5a484
  7KVI_X7P recycles=10 steps=200 -> 8f0df74a-5f40-49e2-b425-5f2ef5bf6ce4
  7KVI_X7P recycles=3 steps=50 -> dbbc771d-62e7-430b-8b24-d63bd27a8a27
  7KVI_X7P recycles=3 steps=400 -> 94be4703-e961-484f-92a0-6797f3e55d9e
  6UNG_QEP recycles=3 steps=200 -> aaf6c698-ecc3-434f-a4be-73ca5f48cbdc
  6UNG_QEP recycles=10 steps=200 -> a5487333-71b8-402f-a97c-eb3a405eeeb2
  6UNG_QEP recycles=3 steps=50 -> c067dd09-83eb-4fc4-ae76-bdb4cd885ecc
  6UNG_QEP recycles=3 steps=400 -> 5ed659ca-cc45-4b23-ad6f-f0b239f47e70
  9BVA_A1ASQ recycles=3 steps=200 -> 1a6b0b11-2fe5-4955-851c-c7f70916d606
  9BVA_A1ASQ recycles=10 steps=200 -> d2c51583-5dc1-4293-a2a8-48832525cf89
  9BVA_A1ASQ recycles=3 steps=50 -> c8f6a742-5771-4a19-9731-220082a9ed9f
  9BVA_A1ASQ recycles=3 steps=400 -> 10c2afbd-b99c-4719-b1cc-8d203a292d96
  9COU_A1A4U recycles=3 steps=200 -> 3e88cd68-6b92-4483-aeeb-cbb4ae689dc6
  9COU_A1A4U recycles=10 steps=200 -> 8a0442b4-14af-4586-9011-f0a97242d5fb
  9COU_A1A4U recycles=3 steps=50 -> cf3be53f-429b-4d5c-a217-04e3250001a2
  9COU_A1A4U recycles=3 steps=400 -> 6698af72-9150-4719-8bf1-4dd80ff47d73
  8EWQ_X2B recycles=3 steps=200 -> 1063cfae-6a2a-4afc-b789-eb3e8c0ac53e
  8EWQ_X2B recycles=10 steps=200 -> f61447d4-13df-4f36-a1f1-090676966e2f
  8EWQ_X2B recycles=3 steps=50 -> c5978230-c5a5-4fd2-adf8-b58eb85b1d08
  8EWQ_X2B recycles=3 steps=400 -> 2a137410-1875-470b-bd34-ce6209929dba
  4UQH_25S recycles=3 steps=200 -> 491469ce-4c40-4af6-96ae-25756521eb65
  4UQH_25S recycles=10 steps=200 -> 5c819ae8-7d04-45db-a711-1daced6560e4
  4UQH_25S recycles=3 steps=50 -> dedce646-7de9-41d9-afaf-5e506c3f51fd
  4UQH_25S recycles=3 steps=400 -> 58f42be5-5535-4f9f-a8a8-76b29634bf8d
  3QM4_PN0 recycles=3 steps=200 -> 79038396-a178-41cc-b935-9b31b7c3491d
  3QM4_PN0 recycles=10 steps=200 -> a606d225-bd13-4462-ac0e-2d93a702f45d
  3QM4_PN0 recycles=3 steps=50 -> 3a2291a4-ea55-46bd-a0b5-b4a70d4db814
  3QM4_PN0 recycles=3 steps=400 -> 18d48d1d-6a9d-4195-bda0-c47da55b08f2
  2W0A_CII recycles=3 steps=200 -> 4775a044-218c-4110-b8c0-fdb7c21ed651
  2W0A_CII recycles=10 steps=200 -> 4a1f2589-dbe8-427f-904b-1f15e2a8b063
  2W0A_CII recycles=3 steps=50 -> 64f98153-e88d-4ea7-a425-bbaf14824295
  2W0A_CII recycles=3 steps=400 -> 6c026798-fe36-4ab3-8609-9b0813abce0a
  7QQ7_EIQ recycles=3 steps=200 -> 1ea11c8d-ba4c-4d6a-bbc8-154717462215
  7QQ7_EIQ recycles=10 steps=200 -> f5176f8b-5057-47a4-9537-0a064c043443
  7QQ7_EIQ recycles=3 steps=50 -> f8bea5dc-ae62-4c4b-867e-3083c7e08e1b
  7QQ7_EIQ recycles=3 steps=400 -> e8a87c72-0416-433b-a2da-00ca440d79fe
  6DAB_G0V recycles=3 steps=200 -> c648f07e-abf0-4296-97d3-2bbf1a6d1aa5
  6DAB_G0V recycles=10 steps=200 -> 1b974cc7-4abd-4cad-b78b-e3a4d69c1191
  6DAB_G0V recycles=3 steps=50 -> 27093df9-8b9d-471a-b9fc-a005bdaa5af5
  6DAB_G0V recycles=3 steps=400 -> cb484701-64f6-4780-bfa4-d1164ade76b3
  5AJR_VT1 recycles=3 steps=200 -> 43c62b78-9698-4fc1-b2a4-5ac6ff8b96e9
  5AJR_VT1 recycles=10 steps=200 -> a45986a5-b165-47a2-9a01-5a66b44b434a
  5AJR_VT1 recycles=3 steps=50 -> 19b744d9-cc3b-4ffa-83a5-8e5176ec8e8a
  5AJR_VT1 recycles=3 steps=400 -> 30f45054-3974-486a-82b9-732f55001842
  9BV6_A1ASU recycles=3 steps=200 -> c594c0bc-306d-4789-b6b6-905c317fb512
  9BV6_A1ASU recycles=10 steps=200 -> 219a0bd6-d9ff-402d-8b5e-cb0968766b52
  9BV6_A1ASU recycles=3 steps=50 -> 4d496c9a-06f9-490f-9de4-d3ff1e700ba3
  9BV6_A1ASU recycles=3 steps=400 -> cf0e9114-943d-4d98-a990-77f3eba0c036
  7RYB_VOR recycles=3 steps=200 -> 04d8b476-86e3-4e79-b113-67582a0ae903
  7RYB_VOR recycles=10 steps=200 -> 878b55a1-9a85-4d29-9385-8880a7a2c74c
  7RYB_VOR recycles=3 steps=50 -> b86da509-e4f1-41a8-9dcf-7536e4395c47
  7RYB_VOR recycles=3 steps=400 -> b1502799-ab51-4f3e-a9e6-f2271fdfa1f3
  7UFF_NYF recycles=3 steps=200 -> 6c83add0-79e4-4723-bae5-871877b53455
  7UFF_NYF recycles=10 steps=200 -> ef67e72e-a322-46d1-b48e-3a12231b6aef
  7UFF_NYF recycles=3 steps=50 -> fa098dad-11de-4a63-838a-b4f1a4cdf2d5
  7UFF_NYF recycles=3 steps=400 -> 0717f781-8922-4d16-baca-4c63c3525bbc
  3UA5_06X recycles=3 steps=200 -> 2806102b-eedb-4ee6-9e3c-f4709d4de3eb
  3UA5_06X recycles=10 steps=200 -> 0950814a-395f-4cc8-81b1-f63c006b3fbc
  3UA5_06X recycles=3 steps=50 -> 44b4a3e0-a09b-4731-b2dc-ebfc33b4fcfe
  3UA5_06X recycles=3 steps=400 -> 62f94e04-ae17-4063-b7c3-2e44dde10e97
  9BV5_A1ASV recycles=3 steps=200 -> ef8bdb1e-2cf7-4b86-b050-9c78247d9291
  9BV5_A1ASV recycles=10 steps=200 -> 24ef5a43-8b55-48a8-99f2-3795a9aca641
  9BV5_A1ASV recycles=3 steps=50 -> 459aa565-9e05-4e08-8bc6-cd50e2aec683
  9BV5_A1ASV recycles=3 steps=400 -> 7384d49a-bd26-4f8a-9c45-3e958c4a598d
  6CIZ_3NR recycles=3 steps=200 -> 031f71ac-1c01-4af9-85a3-1562e00575fd
  6CIZ_3NR recycles=10 steps=200 -> 7568f7a6-7770-4bdb-859d-6de98f55f813
  6CIZ_3NR recycles=3 steps=50 -> bb33c431-fee0-4a9d-9e8f-a716a9468b73
  6CIZ_3NR recycles=3 steps=400 -> a0f42aa3-7a89-4b6d-9340-24eaa8726d11
  6BD7_D7J recycles=3 steps=200 -> fe0f0e62-e9ae-487a-a0af-5c874b78f4c3
  6BD7_D7J recycles=10 steps=200 -> 6a1db88c-1d36-46f8-ae30-20dc9dd611b6
  6BD7_D7J recycles=3 steps=50 -> 4b38d1bc-5b98-40d3-a16a-7ad0b26de750
  6BD7_D7J recycles=3 steps=400 -> d6e5017a-2ba6-4c96-a52b-298de1ae262e
  6BDM_Y83 recycles=3 steps=200 -> e2108e1a-c52e-44d1-bdb2-3a6ebc36eb97
  6BDM_Y83 recycles=10 steps=200 -> d808aec6-05cc-4e70-8402-ceef094d6ed2
  6BDM_Y83 recycles=3 steps=50 -> 80f6a7ee-40cd-4107-b992-215b78b44c14
  6BDM_Y83 recycles=3 steps=400 -> a4640599-8ab4-4d40-8c7d-c23e9a39c4b7
  5K7K_6RJ recycles=3 steps=200 -> 41b30f74-eb1c-4459-821f-9d95c55989c6
  5K7K_6RJ recycles=10 steps=200 -> 15c2e8ab-e353-4056-9e50-22da3de6ee2f
  5K7K_6RJ recycles=3 steps=50 -> ce9bc866-4bd9-48ef-8175-e2c8f20777ab
  5K7K_6RJ recycles=3 steps=400 -> 0b154b6c-f123-43ef-b0d9-719bcff870e5
  9COX_A1A4K recycles=3 steps=200 -> d5944164-73fe-45d9-8388-28de393c788d
  9COX_A1A4K recycles=10 steps=200 -> afb5e6d5-4b1b-4dc8-bc14-98aefc36dca8
  9COX_A1A4K recycles=3 steps=50 -> 508563f7-7562-4bfb-ad80-eaeefe3a154a
  9COX_A1A4K recycles=3 steps=400 -> 229ddf9d-8970-4c72-98d2-02912ffa2b70
  6A16_UCZ recycles=3 steps=200 -> 5953156d-da2c-47b4-880d-b744a8044f48
  6A16_UCZ recycles=10 steps=200 -> 98fc50aa-6de1-44c7-be75-6518a3d871db
  6A16_UCZ recycles=3 steps=50 -> 55736935-cdc9-4432-888f-4c2cd5c9344c
  6A16_UCZ recycles=3 steps=400 -> 87451fe3-e592-41aa-8c82-286a43e7704e
  6DA5_G1J recycles=3 steps=200 -> 074e5102-5abe-491f-86ed-ef060ea97f7f
  6DA5_G1J recycles=10 steps=200 -> f01c1c6c-b397-4615-9e13-1aa8caa3b39b
  6DA5_G1J recycles=3 steps=50 -> 8bf1483d-50e2-48be-9154-d3bb1a44c0d3
  6DA5_G1J recycles=3 steps=400 -> 6cb05fd1-0178-46ce-b17a-ba52728aded2
  9BVB_A1ASP recycles=3 steps=200 -> ecf3dad4-abd9-4072-8fc2-734425b3c570
  9BVB_A1ASP recycles=10 steps=200 -> b9a6ebb6-e4bd-41b2-953c-d51f23d32482
  9BVB_A1ASP recycles=3 steps=50 -> b96616f2-b71b-4e89-8d68-2c41c5599c16
  9BVB_A1ASP recycles=3 steps=400 -> 181eabac-8092-4763-8af8-ee443508bd6c
  9BV8_A1ASS recycles=3 steps=200 -> f3b1c100-317a-4f54-a37a-ccf2d42fd018
  9BV8_A1ASS recycles=10 steps=200 -> ad55d20d-e080-4c31-ae62-8eb7de31a6cd
  9BV8_A1ASS recycles=3 steps=50 -> ea248881-1923-4b61-a2ae-4b97bd95b468
  9BV8_A1ASS recycles=3 steps=400 -> 91118094-99e9-4bda-be86-d29b1bc55639
  3NXU_RIT recycles=3 steps=200 -> a637fb83-c56d-4067-875c-7d47ccc6867e
  3NXU_RIT recycles=10 steps=200 -> 5933b134-5569-4782-9cdd-c4dbaa8ce174
  3NXU_RIT recycles=3 steps=50 -> aec018f6-6d7d-4065-a4e0-03527120ff36
  3NXU_RIT recycles=3 steps=400 -> 017a7d9b-fd94-4bd0-b0c9-fa695148fd60
  1JIP_KTN recycles=3 steps=200 -> 9721dec1-bdcf-4e76-92dc-a70cd9d1c7d1
  1JIP_KTN recycles=10 steps=200 -> 990e3aaf-8573-47e9-8d1e-ccc9b3b183bc
  1JIP_KTN recycles=3 steps=50 -> 69ec4f65-2169-4529-b091-2ba2d84278d0
  1JIP_KTN recycles=3 steps=400 -> 90a53508-8839-47a7-b74a-d45c801cefa3
  2FDW_D3G recycles=3 steps=200 -> ae43b61a-ceb3-4fa5-a81a-11bb6e591d0e
  2FDW_D3G recycles=10 steps=200 -> c26e8586-449b-4061-9bdf-9f372dd56729
  2FDW_D3G recycles=3 steps=50 -> 4061ce1d-c90f-4ee8-ac36-497ba51a36bd
  2FDW_D3G recycles=3 steps=400 -> a3f7ebca-ee58-4ecc-aa4b-f177992a6fa9
  6CSD_PN0 recycles=3 steps=200 -> 2033951b-3b06-4761-a09f-a9d96c45315c
  6CSD_PN0 recycles=10 steps=200 -> 5901c960-6bbf-4f90-ac3a-b02315a85e4f
  6CSD_PN0 recycles=3 steps=50 -> cb0cc3c2-f76d-4a6a-b24e-34c8d185873d
  6CSD_PN0 recycles=3 steps=400 -> 28090f1d-21ab-4fdc-9656-a868099a6292
  9BVC_A1ASO recycles=3 steps=200 -> ef1da42c-2e85-4407-84e7-be047f21bdef
  9BVC_A1ASO recycles=10 steps=200 -> bcb08200-ac29-4e5b-81b0-9c61c5f950e9
  9BVC_A1ASO recycles=3 steps=50 -> 9fecb7b7-e6f8-4738-a11b-3ce3649bb4a6
  9BVC_A1ASO recycles=3 steps=400 -> 9da2613c-50ad-4874-9cc6-e6e4b39b1f97
  6BD6_80K recycles=3 steps=200 -> 737fe67b-a0a4-46d7-8438-45548271a915
  6BD6_80K recycles=10 steps=200 -> 805ca3a3-881b-4534-8cda-e0bd7cf6579c
  6BD6_80K recycles=3 steps=50 -> 04bb967d-35fe-4971-bd3a-b5f7946ccbf2
  6BD6_80K recycles=3 steps=400 -> 9edc2683-0fc5-4242-b7e5-74178916dbf0
  3LD6_KKK recycles=3 steps=200 -> 82345302-252a-4c90-8624-b605f1f7d7e9
  3LD6_KKK recycles=10 steps=200 -> 167ef5ec-9b84-4718-883c-18af2fe527ee
  3LD6_KKK recycles=3 steps=50 -> 1c457f73-5782-4f96-8027-5bfc5da41ee1
  3LD6_KKK recycles=3 steps=400 -> fdb16e76-f45a-40db-a28a-f8e7222d43ff
  7KVP_X6J recycles=3 steps=200 -> 48638441-564c-4b66-9262-e7a2a3ba513e
  7KVP_X6J recycles=10 steps=200 -> 47f90791-a25f-40ad-8642-ef9e5dcc95d3
  7KVP_X6J recycles=3 steps=50 -> 36f6fb12-8d2d-4240-8049-6cf3098c90c8
  7KVP_X6J recycles=3 steps=400 -> dd6493f2-e5d8-4651-b0e3-8022a463f32d
  6U31_PQP recycles=3 steps=200 -> 40a307b0-d9bb-444a-833b-c3a48567fcfa
  6U31_PQP recycles=10 steps=200 -> f455ae48-4d32-497d-88b9-2d12a9392e62
  6U31_PQP recycles=3 steps=50 -> 480a2943-cafd-4e9d-89fd-da8cdff3a118
  6U31_PQP recycles=3 steps=400 -> 564728f2-c952-49a3-b6c4-2eb4f939b864
  6XZ9_O4W recycles=3 steps=200 -> 606878f2-7a3a-4da8-9773-87de81a887e1
  6XZ9_O4W recycles=10 steps=200 -> f1706ef3-7018-4bda-a45c-3635ed9fbd05
  6XZ9_O4W recycles=3 steps=50 -> 07dee425-a350-4d21-884b-9500073251d5
  6XZ9_O4W recycles=3 steps=400 -> 7d767c3e-d407-4ac5-9da9-22f621b77940
  6DAL_G1D recycles=3 steps=200 -> 519b7a4a-3038-4ba3-a916-024845d1c7dd
  6DAL_G1D recycles=10 steps=200 -> 01f78d3a-1a0a-4683-8690-996fd4e40e81
  6DAL_G1D recycles=3 steps=50 -> 06e6f011-bf39-46ac-850f-f39bf13015bc
  6DAL_G1D recycles=3 steps=400 -> 7a7bb77c-d591-42e8-93c7-7115b2586cba
  6DAG_G0Y recycles=3 steps=200 -> e0a18a5b-2890-45ab-b08b-085ab07ee44a
  6DAG_G0Y recycles=10 steps=200 -> f399c949-a4d9-4e56-8286-8d5ff1ba87b3
  6DAG_G0Y recycles=3 steps=50 -> 5c8377cb-2584-4a3a-a762-46d5cf1d2d0a
  6DAG_G0Y recycles=3 steps=400 -> 382229af-03fc-45d3-8315-77377921734c
  6DAA_G0M recycles=3 steps=200 -> b2aa74f1-09f8-4205-9a85-ac85bbec6cfe
  6DAA_G0M recycles=10 steps=200 -> cea9a89a-abd6-406b-9ea7-a83bf2dcaf87
  6DAA_G0M recycles=3 steps=50 -> 2594c52c-2fc0-451f-bc55-b945cbbcfcbe
  6DAA_G0M recycles=3 steps=400 -> 0e651203-9c13-46e5-9f3a-272e7497617b
  5IBD_GGJ recycles=3 steps=200 -> 9f00d431-3634-4b5a-80b4-8058070239b0
  5IBD_GGJ recycles=10 steps=200 -> 81c5e6d0-0454-4db1-ad1d-5b4729d5e68c
  5IBD_GGJ recycles=3 steps=50 -> a71543cf-3bc7-464c-9184-baec70def63f
  5IBD_GGJ recycles=3 steps=400 -> 5db21336-4d29-4f39-8dd8-71b127653a1c
  8EWR_WZN recycles=3 steps=200 -> 7c02f339-3a86-4265-b54b-bbf727157ae6
  8EWR_WZN recycles=10 steps=200 -> af3365f9-abe9-4936-b3f4-d31ec2e07bb9
  8EWR_WZN recycles=3 steps=50 -> 821574f2-2b74-45dd-84d8-5a39b476fd8f
  8EWR_WZN recycles=3 steps=400 -> 9ecf6e6f-141c-478d-8a51-bd43130dc4e7
  9BV9_A1ASR recycles=3 steps=200 -> 75c593ae-3827-42e9-b8b4-c4284fa47ef9
  9BV9_A1ASR recycles=10 steps=200 -> daf6fd98-b288-415c-8749-b9c42f82da57
  9BV9_A1ASR recycles=3 steps=50 -> 141e20e4-0819-4d0f-9d1a-dcffffd4d5e7
  9BV9_A1ASR recycles=3 steps=400 -> 68e84afd-cdbf-432b-b644-2c6c1edb6825
  3QU8_3QU recycles=3 steps=200 -> ed9195e8-c202-47e8-97bc-5e1c04501f6f
  3QU8_3QU recycles=10 steps=200 -> 9ec5449a-6dae-41f5-a1aa-282bd031cb37
  3QU8_3QU recycles=3 steps=50 -> c0dd8b31-d1c9-471f-806f-bf84e3d8b665
  3QU8_3QU recycles=3 steps=400 -> 526baeb1-5cc2-414a-a453-f2ffaded3e6e
  6DA3_G0D recycles=3 steps=200 -> 9d7ac26a-687d-4ce2-ba1a-8071db8d966b
  6DA3_G0D recycles=10 steps=200 -> 92d455bd-47c9-4eec-b7d4-687cf4f8a433
  6DA3_G0D recycles=3 steps=50 -> 817eeaa3-6f18-4139-92e6-30321dbd1808
  6DA3_G0D recycles=3 steps=400 -> e5776e37-e057-4aae-af0b-5d725dc48b71
  6BD5_D7M recycles=3 steps=200 -> 5c2965d8-c639-4f54-83c2-c119743bbd6f
  6BD5_D7M recycles=10 steps=200 -> 05d7270f-f27f-4e1e-b3c8-e8a6da4546b4
  6BD5_D7M recycles=3 steps=50 -> c81d872a-ecc0-4904-a601-b4f551ab8cdb
  6BD5_D7M recycles=3 steps=400 -> 902aadc3-16a1-437f-bed0-d887d3f421a2
  1W0G_MYT recycles=3 steps=200 -> 5ddb5c72-4dc4-4575-b54d-fe8755772ee3
  1W0G_MYT recycles=10 steps=200 -> b04b74d5-6f8a-4752-a7ff-b90d0f395a7b
  1W0G_MYT recycles=3 steps=50 -> 49a9fe73-0b95-4335-8cda-6e52026485a5
  1W0G_MYT recycles=3 steps=400 -> 9dc13de5-3b78-4114-9595-0a19427e94ca
  6BDI_DEJ recycles=3 steps=200 -> 25da2b74-8862-4570-a80b-8912e17f6307
  6BDI_DEJ recycles=10 steps=200 -> 2d0dd5c4-301d-4782-bd74-7f887fb8830f
  6BDI_DEJ recycles=3 steps=50 -> 8ba4b230-4d09-4d29-89c4-f3e440cf5f4a
  6BDI_DEJ recycles=3 steps=400 -> 9833760d-e47c-4b2e-b0eb-039cb8dbd074
  7ZIC_5YG recycles=3 steps=200 -> acb0a8af-0e79-4a18-8ebb-f951aa872959
  7ZIC_5YG recycles=10 steps=200 -> c0cef02a-d202-4746-8a8e-40a55d6d9c56
  7ZIC_5YG recycles=3 steps=50 -> f198ac87-0c62-48ac-8557-24fbfb602e4b
  7ZIC_5YG recycles=3 steps=400 -> 831cf937-26ac-4410-b74b-91f3dda1c468
  6BCZ_D7Y recycles=3 steps=200 -> cc8c596c-8fca-4a85-84ab-11a83269cc1d
  6BCZ_D7Y recycles=10 steps=200 -> ad646567-1bd1-45bd-a1ba-eabd8837e036
  6BCZ_D7Y recycles=3 steps=50 -> 52faafd4-36fb-4070-b63d-bb3653c69e31
  6BCZ_D7Y recycles=3 steps=400 -> 2cc5942a-0a53-4292-9ca0-43a60cbd8553
  2FDY_D4G recycles=3 steps=200 -> df12c224-6ace-478f-a569-4266970d2814
  2FDY_D4G recycles=10 steps=200 -> 1368f998-37d7-4a0b-bf39-68c64931e6ab
  2FDY_D4G recycles=3 steps=50 -> 38ac30ff-d114-4b30-9b7b-154df4eb5930
  2FDY_D4G recycles=3 steps=400 -> 67ddd392-5d3e-429f-8227-90406a542e00
  7UAY_O39 recycles=3 steps=200 -> 2b3ede06-c67d-4e1f-98d5-88e3dbc24616
  7UAY_O39 recycles=10 steps=200 -> a2e68d6f-da31-4557-abcc-2b09068b2344
  7UAY_O39 recycles=3 steps=50 -> 9b0ae189-173b-4cde-a472-d7e4eba354eb
  7UAY_O39 recycles=3 steps=400 -> e403ab90-6588-4bba-b958-040bbb2894b6
  7UFB_NJ0 recycles=3 steps=200 -> 258f9f01-b7a6-4a9c-90c5-d271c5d9d16a
  7UFB_NJ0 recycles=10 steps=200 -> 826f4649-cb44-400f-a264-71f6624bdd7c
  7UFB_NJ0 recycles=3 steps=50 -> 064ab170-d7de-4b98-bfef-dd3f538c8519
  7UFB_NJ0 recycles=3 steps=400 -> 5827282e-0161-4633-a914-4f2ef7efa1e1
  5IBF_69W recycles=3 steps=200 -> 600fb67e-f250-407a-bf05-1cfee66a6e33
  5IBF_69W recycles=10 steps=200 -> 31331f65-70e6-4eac-b858-f58269703879
  5IBF_69W recycles=3 steps=50 -> ee58becd-d93c-4674-afb6-6a9766954de5
  5IBF_69W recycles=3 steps=400 -> 87e45862-dc5e-45e5-a561-c1908332517f
  9VGP_L0O recycles=3 steps=200 -> ed641b3e-4f78-4de5-9014-4250ab307a11
  9VGP_L0O recycles=10 steps=200 -> f39649f7-7340-4468-a632-106fc51e3f6f
  9VGP_L0O recycles=3 steps=50 -> 51a51ea9-c5fd-4ad6-b6e1-ce6c9f033878
  9VGP_L0O recycles=3 steps=400 -> eb0b8be2-28a4-4b22-adb9-c5aa2f51a7e1
  2IJ7_TPF recycles=3 steps=200 -> 10c774ee-f572-45f1-a2c4-7e0db34166df
  2IJ7_TPF recycles=10 steps=200 -> 4dd0cbd1-eb42-49cf-b12c-79233a1c8d9d
  2IJ7_TPF recycles=3 steps=50 -> e9ed5581-bf28-4777-b4f8-ce0520a6b8cb
  2IJ7_TPF recycles=3 steps=400 -> b426228c-f35f-4d4f-9eb6-d5a30cbe256c
  9MS2_A1BNX recycles=3 steps=200 -> d0f710be-6d58-4d0b-8a39-349d47437c35
  9MS2_A1BNX recycles=10 steps=200 -> 6c8411dc-fbee-4f4c-8f58-85b3174ff619
  9MS2_A1BNX recycles=3 steps=50 -> f8feb9b1-74ea-4c5e-beac-80b6d430c2ee
  9MS2_A1BNX recycles=3 steps=400 -> d19fc63d-3d5a-4c86-9dff-1710406db1eb
  6J86_B9L recycles=3 steps=200 -> a629896b-550c-4db8-98fe-5115878ee34d
  6J86_B9L recycles=10 steps=200 -> d848b0ae-7eea-4b18-a170-57e8cafa6c0c
  6J86_B9L recycles=3 steps=50 -> 7d1f5580-8746-49a7-b024-5dc4ef40f87b
  6J86_B9L recycles=3 steps=400 -> d74c9521-1dbb-474f-973a-d78a57b1ff05
  6UNM_QDP recycles=3 steps=200 -> 9ede0343-0819-4c94-b571-da5f0c7bb4d1
  6UNM_QDP recycles=10 steps=200 -> 6b3855fd-ab7a-4b3f-90ab-cbc6a91523d4
  6UNM_QDP recycles=3 steps=50 -> 08a17e3f-d308-4246-85cc-b4b64a8de9e1
  6UNM_QDP recycles=3 steps=400 -> 6cbc197b-cf27-4a4a-a6bf-883250b5b908
  7ZGL_EIQ recycles=3 steps=200 -> 23201d0f-8bc4-4de1-b2d8-c2c4e37201b4
  7ZGL_EIQ recycles=10 steps=200 -> 1389152d-748a-4950-83ad-1f093104e20b
  7ZGL_EIQ recycles=3 steps=50 -> f552da54-67a9-4314-a41e-52104bc73cd8
  7ZGL_EIQ recycles=3 steps=400 -> 888d4879-ea52-433e-91ce-397c4f0c1f94
  6MA6_MYT recycles=3 steps=200 -> 30e32f5e-2243-4368-8d34-70a93990f74c
  6MA6_MYT recycles=10 steps=200 -> f73f2937-8795-49ff-8b7d-cf0128fa8edc
  6MA6_MYT recycles=3 steps=50 -> d96896e9-87fa-4fd8-8a6b-cdd6a049c951
  6MA6_MYT recycles=3 steps=400 -> 8b7007fe-d9ef-42b5-9452-3195367f78bb
  3ZG2_UDO recycles=3 steps=200 -> c0a86e0a-b6ee-40d9-8702-727b2abaf9d2
  3ZG2_UDO recycles=10 steps=200 -> 32d87835-c4bf-4a42-8fa8-e9e7306407c9
  3ZG2_UDO recycles=3 steps=50 -> 3bd86824-709c-4554-80f7-45b7ba1c02c8
  3ZG2_UDO recycles=3 steps=400 -> b4ce91ab-07c6-417b-9102-8526caf714d4
  6DAJ_FZV recycles=3 steps=200 -> 52c3f536-1320-482a-b403-68d08e7b8a34
  6DAJ_FZV recycles=10 steps=200 -> 60801e95-ee85-4517-89ba-3de2547468ef
  6DAJ_FZV recycles=3 steps=50 -> 2c52a34a-2897-4927-b635-fa952bbaf3da
  6DAJ_FZV recycles=3 steps=400 -> ea799620-52b4-42bb-b8fe-6c661d4beafc
  4G45_MQN recycles=3 steps=200 -> 9af527cc-95be-4061-83a7-b39e33f97351
  4G45_MQN recycles=10 steps=200 -> cf07b73d-79fa-4adc-861d-76d2bf42d009
  4G45_MQN recycles=3 steps=50 -> 26cc8182-b24a-4756-9c45-a1c059a7aed8
  4G45_MQN recycles=3 steps=400 -> b5a000a7-fc6c-406d-b8bf-7bdb8b334780
  6UNH_QEA recycles=3 steps=200 -> a0f82b19-2005-4e4c-8597-823193605f1d
  6UNH_QEA recycles=10 steps=200 -> fffca9de-6cea-482d-80cf-ff93debb7f3f
  6UNH_QEA recycles=3 steps=50 -> c578d314-1526-4a6e-87ac-2a07e3ce27b5
  6UNH_QEA recycles=3 steps=400 -> 9ea1b692-d461-4e95-9d58-11b982acfc44
  6WW0_UDJ recycles=3 steps=200 -> ff1ce80d-ea15-4453-ae53-92f9d60b9ee7
  6WW0_UDJ recycles=10 steps=200 -> b9b59d56-8c16-4e8c-bf0c-52aea9c74d63
  6WW0_UDJ recycles=3 steps=50 -> 2b1bd556-cb68-430b-bbab-ac5b1d8e7d83
  6WW0_UDJ recycles=3 steps=400 -> a95dfb40-a3f7-4e51-b2d5-d7ca8d5102f9
  2FDU_D1G recycles=3 steps=200 -> 3309417e-d2c0-4978-9256-249077a0b6f3
  2FDU_D1G recycles=10 steps=200 -> 9326293b-3c4a-49ee-b75b-37cc13c5d0c1
  2FDU_D1G recycles=3 steps=50 -> 19b5ef2d-0a3d-43b2-9950-f61cb19b2955
  2FDU_D1G recycles=3 steps=400 -> 9cadfcac-0585-49fb-a6dc-712c316a3e62
  3GPH_OID recycles=3 steps=200 -> 9634af6b-7b4b-450b-ab43-24a70a2e9a1b
  3GPH_OID recycles=10 steps=200 -> 74e07fbe-6b33-43d3-9d9c-2705b6b4f487
  3GPH_OID recycles=3 steps=50 -> 3e67b551-0695-4b63-9396-a5ec7c647e8d
  3GPH_OID recycles=3 steps=400 -> 36f0a056-a989-4946-b0b2-7bfe1b4210e1
  6UNE_QES recycles=3 steps=200 -> 10b00d23-d521-4e11-8041-dea6a961df0e
  6UNE_QES recycles=10 steps=200 -> 5e277637-6733-404c-adb7-26b8be78e3d6
  6UNE_QES recycles=3 steps=50 -> 882b483a-7331-4c4d-aa6b-773990f08d1e
  6UNE_QES recycles=3 steps=400 -> 47826402-9b41-42e5-8c51-b2e5dcd4794c
  3ZG3_UDD recycles=3 steps=200 -> f7799663-ff82-4384-8726-0555b69baa93
  3ZG3_UDD recycles=10 steps=200 -> bbdcc889-8457-4fe7-925e-7c322706afe9
  3ZG3_UDD recycles=3 steps=50 -> 73022823-90cd-4864-b5a4-03c763c825fc
  3ZG3_UDD recycles=3 steps=400 -> 6ce4843d-35ec-40eb-b27d-a9b6f6688f66
  7ZSU_JV3 recycles=3 steps=200 -> 26db11c8-8f30-4999-9375-ecd4296056d7
  7ZSU_JV3 recycles=10 steps=200 -> 946bfcb6-9a30-41f5-9eef-de64e871c34b
  7ZSU_JV3 recycles=3 steps=50 -> 988afea2-44fb-44e0-a9b4-62201ffab3a3
  7ZSU_JV3 recycles=3 steps=400 -> 9a2a6b45-0440-414b-bebb-a6f9bd6c7a65
  3MZS_HC9 recycles=3 steps=200 -> 330708a4-ef7c-481d-a104-c322ca21ed35
  3MZS_HC9 recycles=10 steps=200 -> b9e4fe59-bc90-4be0-8d6d-2052acac6b76
  3MZS_HC9 recycles=3 steps=50 -> adafebc2-d92d-42b9-b118-a608f68a7666
  3MZS_HC9 recycles=3 steps=400 -> 7ba7bca3-283d-4f0c-971e-feacf3729784
  4EJJ_NCT recycles=3 steps=200 -> 18645295-d4d7-468b-84e8-67bd17707ef6
  4EJJ_NCT recycles=10 steps=200 -> fcfaa9ea-3a24-435e-8f5f-f24bb5e2064f
  4EJJ_NCT recycles=3 steps=50 -> 371a6204-4a02-4ef7-a26a-e78a5e315466
  4EJJ_NCT recycles=3 steps=400 -> 9b545235-dfbd-4ae7-b2cf-9c1989fb396f
  1EA1_TPF recycles=3 steps=200 -> 49429edb-15ce-4b37-9a4e-5fc373436eeb
  1EA1_TPF recycles=10 steps=200 -> a24aa5e5-dbf8-4a67-951c-f8487e2b7123
  1EA1_TPF recycles=3 steps=50 -> c5e24dfb-d3b2-4482-8561-3602cdedfb40
  1EA1_TPF recycles=3 steps=400 -> 5fafaf72-830b-4293-9fd1-3795b28254e2
  4K9U_5AW recycles=3 steps=200 -> 6b643ffb-7acb-429c-9b97-cd402190cd8c
  4K9U_5AW recycles=10 steps=200 -> e9a7f909-ccf4-4364-8948-bad189dc1276
  4K9U_5AW recycles=3 steps=50 -> 19029ba2-ba24-4e46-be16-1f98da6d0535
  4K9U_5AW recycles=3 steps=400 -> 56a1dff8-cb27-46e3-afea-ff2422921805
  3QOA_3QO recycles=3 steps=200 -> b099ea72-de1c-4ac7-a258-85f8139ced00
  3QOA_3QO recycles=10 steps=200 -> bdf968aa-55dd-4b02-a4b6-3836d882e3fd
  3QOA_3QO recycles=3 steps=50 -> 3da58f66-057f-45d9-ac46-bc9db455d919
  3QOA_3QO recycles=3 steps=400 -> 22cfc393-182b-44ed-9cac-6643ccf66a68
  7M8V_YSY recycles=3 steps=200 -> 4359761a-596d-4a53-84e6-ddfd26fd2f25
  7M8V_YSY recycles=10 steps=200 -> e5849021-a7ec-484d-b95e-5a8402d0209b
  7M8V_YSY recycles=3 steps=50 -> a6c18c2c-0076-4b90-a22a-a8f3d3b1965d
  7M8V_YSY recycles=3 steps=400 -> 234cbfc4-88c9-4d49-b732-3cf9d73f876f
  6UNK_QE4 recycles=3 steps=200 -> 781fbde4-6775-449e-81ab-7eb6c7613730
  6UNK_QE4 recycles=10 steps=200 -> d202ace9-5919-488b-9541-38f7a209ebf8
  6UNK_QE4 recycles=3 steps=50 -> 3873df2e-3b26-405c-8652-8e9493c99276
  6UNK_QE4 recycles=3 steps=400 -> c5483519-6901-46d1-8ba9-dd86b5aa633d
  6BDK_DJ1 recycles=3 steps=200 -> 77856192-4c0a-4c6a-926f-db64d0744428
  6BDK_DJ1 recycles=10 steps=200 -> 21355fb0-32bc-4308-83ef-ddb3eb57cd24
  6BDK_DJ1 recycles=3 steps=50 -> a4325a0a-fb4f-4c27-ab15-a468dd1fb3fb
  6BDK_DJ1 recycles=3 steps=400 -> 722c5c16-558f-445c-8df2-edd2e6bd9866
  3IBD_CPZ recycles=3 steps=200 -> f9b6171a-d6b0-473c-85a3-1d77e732fbc1
  3IBD_CPZ recycles=10 steps=200 -> 250532bc-a290-424c-9568-465f1bebea32
  3IBD_CPZ recycles=3 steps=50 -> 66766903-f29e-44ab-a251-4c9cbaca4a44
  3IBD_CPZ recycles=3 steps=400 -> c246ca35-99a4-4a5e-a330-6f2df1e0b3b5
  6BDH_DEV recycles=3 steps=200 -> 8289a55b-d78b-4603-bdd1-b612d4ab48e2
  6BDH_DEV recycles=10 steps=200 -> 78bc1be2-25d7-4062-8292-97a6b29e20d1
  6BDH_DEV recycles=3 steps=50 -> 2b924423-d35f-4ce2-b458-3d4d942a170f
  6BDH_DEV recycles=3 steps=400 -> 9236641d-6587-4cbe-ac19-48a297990d3c
  6M7X_JD7 recycles=3 steps=200 -> 2fea463a-13fc-4f84-a697-dea3309d224b
  6M7X_JD7 recycles=10 steps=200 -> 178e9d59-32b1-403f-ba3b-03aefb425eb9
  6M7X_JD7 recycles=3 steps=50 -> bc577853-ab3d-4d6c-a8a4-1c013bbd26cf
  6M7X_JD7 recycles=3 steps=400 -> 03b0418e-0f46-4881-a04f-341ed8bfa153
  6DA2_G0D recycles=3 steps=200 -> e59818f2-5db2-4afd-91f4-b895947f7b8f
  6DA2_G0D recycles=10 steps=200 -> e0db1b86-19f1-49a4-bb56-254eec95305c
  6DA2_G0D recycles=3 steps=50 -> 090708df-58e5-4d7d-a0a4-ca0136304beb
  6DA2_G0D recycles=3 steps=400 -> ea197e55-99dd-4d9b-9067-108b031fb789
  4D75_PK9 recycles=3 steps=200 -> 3cb4d78c-18b3-424e-b7f4-0eea12bbc1a0
  4D75_PK9 recycles=10 steps=200 -> 22cdb60c-1793-4f72-8889-87a0a31f41d6
  4D75_PK9 recycles=3 steps=50 -> 24173a0e-815a-4e32-9ea7-cc49b278b222
  4D75_PK9 recycles=3 steps=400 -> d186d2ef-0244-4018-b93a-5a64b101fbeb
  7QWN_DQE recycles=3 steps=200 -> 332ac5e2-d0a0-43ae-b33f-27d8d0b8b219
  7QWN_DQE recycles=10 steps=200 -> fb9a9572-762f-4fb0-b3f6-0ae5b9edd7a5
  7QWN_DQE recycles=3 steps=50 -> 336fcf48-fdc2-46eb-8667-1e1ac980dd2c
  7QWN_DQE recycles=3 steps=400 -> a84f8704-c661-4000-8beb-7b3b7b526e55
  7ZT0_JUR recycles=3 steps=200 -> 91de42c7-8bcd-41ce-95a9-6295c4cc90ff
  7ZT0_JUR recycles=10 steps=200 -> 004e4773-0853-4a56-90df-223e0186ae37
  7ZT0_JUR recycles=3 steps=50 -> 92b037fe-f06a-4762-9b0d-c28375a971f0
  7ZT0_JUR recycles=3 steps=400 -> b471d341-0711-4fcc-a673-cb8f5ad3ce6e
  6UNI_QDV recycles=3 steps=200 -> a69bd543-78d4-4880-8c00-7af08412267b
  6UNI_QDV recycles=10 steps=200 -> db7a360f-a8ec-40d5-ae09-8c08328534a7
  6UNI_QDV recycles=3 steps=50 -> 39b8c4a2-8587-4a43-bd78-91c5531c92df
  6UNI_QDV recycles=3 steps=400 -> cd4edd62-630e-4115-847d-fe1083db2985
  6UNL_QDJ recycles=3 steps=200 -> 73c66494-dd16-4b6a-92df-aa0c2e80fbf3
  6UNL_QDJ recycles=10 steps=200 -> 41815f9d-537d-4219-8125-1b56a1c7ff52
  6UNL_QDJ recycles=3 steps=50 -> 5f9b2355-306a-4806-aae4-cbe0261e50bf
  6UNL_QDJ recycles=3 steps=400 -> ad90957c-80de-47a5-b1ec-ad5ae97f9805
  6DA8_G0J recycles=3 steps=200 -> 39e81529-b57a-46e4-b563-f2c02a5771b7
  6DA8_G0J recycles=10 steps=200 -> 714aae5a-465f-4784-9ff3-95dc2dd826ee
  6DA8_G0J recycles=3 steps=50 -> 454f605c-dc16-4d68-bd90-d87cb1f3a0f4
  6DA8_G0J recycles=3 steps=400 -> 95408c9d-f203-494f-a85d-092954629806
  4G1X_TQU recycles=3 steps=200 -> 249d4b5b-75ea-4426-8423-3786642c11b5
  4G1X_TQU recycles=10 steps=200 -> c2528863-4378-4d49-9934-d541692bde30
  4G1X_TQU recycles=3 steps=50 -> fbcd7b53-4a70-4eb9-b9b6-3d606300244c
  4G1X_TQU recycles=3 steps=400 -> 22fa86c3-a78b-47db-a3de-b66df60734a1
  8S4M_A1H47 recycles=3 steps=200 -> da45deb7-3d56-4b3a-b42c-b96bdeae2018
  8S4M_A1H47 recycles=10 steps=200 -> 35ee6331-cddf-435f-ad4c-30fe227c1e7b
  8S4M_A1H47 recycles=3 steps=50 -> 6cc86f5e-20d2-4747-a152-4e67a4f1831c
  8S4M_A1H47 recycles=3 steps=400 -> 19a597a8-7d65-4e7e-8c45-bf4c713c7559
  6A17_9RL recycles=3 steps=200 -> e38ab0ca-5508-416d-bf87-94a3d67f5a9b
  6A17_9RL recycles=10 steps=200 -> 0abca69f-5f9e-4a7f-8f4e-2f24cf153626
  6A17_9RL recycles=3 steps=50 -> 37ace61d-ff8e-4313-aae3-d8529a1c7f32
  6A17_9RL recycles=3 steps=400 -> f8a8f528-6536-46cc-93ae-a605fa45b5b4
  6DAC_FZV recycles=3 steps=200 -> d35330b3-b30c-47df-b3ca-f6789b921a68
  6DAC_FZV recycles=10 steps=200 -> b47c1980-926a-40eb-9de2-24da8259b440
  6DAC_FZV recycles=3 steps=50 -> fd6c9cb2-48dd-434b-b831-538679583b80
  6DAC_FZV recycles=3 steps=400 -> fbbcbdc9-62f2-4592-b569-3c681a94a101
  3T3Q_9PL recycles=3 steps=200 -> 9d2640ba-6689-48eb-acd4-dbf71d7b2f8c
  3T3Q_9PL recycles=10 steps=200 -> 6bbd3195-9a79-4915-bb7f-88b32250e271
  3T3Q_9PL recycles=3 steps=50 -> d7133c40-7a2f-4844-b9c3-67220970884f
  3T3Q_9PL recycles=3 steps=400 -> 965b3c98-44ea-4734-80e5-54f36d02e53b
  3LC4_LC4 recycles=3 steps=200 -> 659f4d34-0a55-44ca-93ba-ce2eb8d5b2eb
  3LC4_LC4 recycles=10 steps=200 -> 1e80d040-bfa8-4f3f-ba6e-f45a45c4216b
  3LC4_LC4 recycles=3 steps=50 -> 3f38ddd6-3e4a-45da-b4a2-8f3a45e0641a
  3LC4_LC4 recycles=3 steps=400 -> c30507fe-ccd4-4b8b-9b01-6bf92344523a
  2CIB_CM6 recycles=3 steps=200 -> 97897d1c-7b55-4f89-af31-bd0c3a2959fa
  2CIB_CM6 recycles=10 steps=200 -> a04658f6-3f16-4cce-9240-5c142a579ce8
  2CIB_CM6 recycles=3 steps=50 -> 6ee2c5b7-2307-4058-b944-e76bb011da68
  2CIB_CM6 recycles=3 steps=400 -> a3384ca0-5638-42a2-a91e-886012927c86
  5IBG_69S recycles=3 steps=200 -> 8b1e44db-757f-43f1-8c40-1b99e7557f88
  5IBG_69S recycles=10 steps=200 -> 2ff00c99-6e65-49b6-b064-a661d5fdfa73
  5IBG_69S recycles=3 steps=50 -> 64b40579-fd9c-4200-b9c6-b548a5a7556a
  5IBG_69S recycles=3 steps=400 -> 790a3ee9-4bb5-4b26-8bd2-978072b0445c
  7R3U_2QC recycles=3 steps=200 -> eecf0fa7-b4f5-4312-b495-996293daad98
  7R3U_2QC recycles=10 steps=200 -> 519f5f6a-e481-4f06-b40c-51aef9e6bc70
  7R3U_2QC recycles=3 steps=50 -> b0c89f5e-a0ba-4b77-9f9b-2890ad6e4650
  7R3U_2QC recycles=3 steps=400 -> ebccb95b-603a-4f99-8d68-54654824c1a1
  3KOH_OIO recycles=3 steps=200 -> d0744b55-a32f-4c75-b34e-abc35e0eb536
  3KOH_OIO recycles=10 steps=200 -> 201b67e4-68c6-400b-8a30-1d39445818cd
  3KOH_OIO recycles=3 steps=50 -> 87c55ccd-795f-4b69-bda6-f3d3849b2de1
  3KOH_OIO recycles=3 steps=400 -> f4c121e0-9212-464c-af50-1bac96abea75
  3N9Z_HC9 recycles=3 steps=200 -> 0da301d3-eb7c-4728-9606-e26133e8e0cd
  3N9Z_HC9 recycles=10 steps=200 -> 0eafc3eb-298f-497b-95ab-c9410e8de592
  3N9Z_HC9 recycles=3 steps=50 -> cd1cd8ab-2c60-4310-b87d-4e61177814c1
  3N9Z_HC9 recycles=3 steps=400 -> 8f1b3f86-0f04-41fb-a54e-8810b5e66d92
  7LYX_YHM recycles=3 steps=200 -> 1a7aad21-c206-49ee-ba93-7cc41bc1b361
  7LYX_YHM recycles=10 steps=200 -> 9763f0e2-3a22-4a64-b271-5c4cf2e8b0a5
  7LYX_YHM recycles=3 steps=50 -> edc51b48-1229-4d67-b92a-8d72b46faa0f
  7LYX_YHM recycles=3 steps=400 -> 05b9f62d-ecd5-4f9c-877b-790e1de223f2
  4NY4_2QH recycles=3 steps=200 -> 8753c811-7608-4895-9ae0-da6c27da20cf
  4NY4_2QH recycles=10 steps=200 -> bc3a86ce-851e-48b5-9936-cb0bcca55d64
  4NY4_2QH recycles=3 steps=50 -> b85f2516-ea9f-44d7-83b6-99806372e0b0
  4NY4_2QH recycles=3 steps=400 -> c9ada5ec-2ac1-42fa-a2fa-fd3f244f0d0d
  2CI0_1CM recycles=3 steps=200 -> 341cee62-8273-4294-b6f9-958e310c2d72
  2CI0_1CM recycles=10 steps=200 -> 19ac04ca-6196-4a9b-a5ab-c461a777b5ca
  2CI0_1CM recycles=3 steps=50 -> 859ed512-43b0-4413-936b-cf94ec0ee707
  2CI0_1CM recycles=3 steps=400 -> 150cbd09-af52-4e7b-83c1-9597f2e2e9f4
  6WGW_CAH recycles=3 steps=200 -> 2f528be7-b3a5-4bae-8152-439a963a785a
  6WGW_CAH recycles=10 steps=200 -> c6199b5c-37d7-4a38-b1bc-276f81160201
  6WGW_CAH recycles=3 steps=50 -> 31995432-3fdc-489e-8cc0-0ff57dc40bef
  6WGW_CAH recycles=3 steps=400 -> 2dff50c4-26fd-4957-aa3d-3e6524b70025
  2UVN_ECN recycles=3 steps=200 -> 9b8992d2-feb7-45e8-8e35-91311fe81817
  2UVN_ECN recycles=10 steps=200 -> 37a5ccd8-7f2a-47df-be55-56b2661af285
  2UVN_ECN recycles=3 steps=50 -> 92299ef0-fb96-448f-a834-d7461c962179
  2UVN_ECN recycles=3 steps=400 -> a68e2787-29c5-4c3d-bf01-666f0360283d
  2NZ5_226 recycles=3 steps=200 -> b44d7435-7115-4e7e-b235-be8caa2cd61e
  2NZ5_226 recycles=10 steps=200 -> 3447c1f8-d280-4fe1-a7a5-ce98a634de85
  2NZ5_226 recycles=3 steps=50 -> 103cf6e8-860a-4318-8584-1a03cc324ff3
  2NZ5_226 recycles=3 steps=400 -> 94ad1493-065d-4f3a-84f7-a07c22b36d78
  5IUT_32M recycles=3 steps=200 -> 7f677b27-1873-4faf-b613-7768f4c7e7a1
  5IUT_32M recycles=10 steps=200 -> 94e5fb45-335a-40ea-a362-c212701169a4
  5IUT_32M recycles=3 steps=50 -> 66a524e1-c9bc-4336-a793-ac01d92f0359
  5IUT_32M recycles=3 steps=400 -> 0d7feeb4-fd69-4d10-9d06-e67926e7a650
  4C9K_CAH recycles=3 steps=200 -> 71cf57aa-c333-468b-a76b-7590bc155c02
  4C9K_CAH recycles=10 steps=200 -> 86ccf99b-2895-477f-ab5d-fdf7ed11ca29
  4C9K_CAH recycles=3 steps=50 -> 1eba0564-b347-4344-a456-7c185e657670
  4C9K_CAH recycles=3 steps=400 -> 96bb0c24-888a-4f82-be29-6b99ea96dbc9
  6UNJ_QDY recycles=3 steps=200 -> 1c05f073-7f6f-47da-a15c-5af2f6898837
  6UNJ_QDY recycles=10 steps=200 -> 9297490d-3483-490d-bf11-40da95d237bb
  6UNJ_QDY recycles=3 steps=50 -> d588e05b-4464-4dfa-af8d-3fc8947796f6
  6UNJ_QDY recycles=3 steps=400 -> 1d0d814e-0638-4252-8aae-b3d444652fa8
  8HKD_PAM recycles=3 steps=200 -> 32fb85d7-6f17-41c6-832d-450975d572eb
  8HKD_PAM recycles=10 steps=200 -> 9dacd8ca-6484-45af-9390-636707d04c04
  8HKD_PAM recycles=3 steps=50 -> 62d912e2-21df-4fba-b82d-78711f023eab
  8HKD_PAM recycles=3 steps=400 -> f9a7b1bd-f8a1-4020-b6a1-b5ab85e28458
  4C9N_CAH recycles=3 steps=200 -> 158a1bd2-e54f-4752-bd8a-80e7a1cf0c98
  4C9N_CAH recycles=10 steps=200 -> b1d60e70-ecf3-4e04-92bc-c1ee2abb9b94
  4C9N_CAH recycles=3 steps=50 -> a7cb5e92-e87a-49bb-82ba-75c1e118ec7f
  4C9N_CAH recycles=3 steps=400 -> e8701186-fdf9-4124-81e3-3faa44dd6277
  5TE8_08J recycles=3 steps=200 -> 7a8f0361-5cf4-4b03-b0d0-17f2d30aec57
  5TE8_08J recycles=10 steps=200 -> aa961f90-eb89-493e-be58-5924de04aab4
  5TE8_08J recycles=3 steps=50 -> 6a632bb5-6750-47c9-809b-950e4b1f4540
  5TE8_08J recycles=3 steps=400 -> 62156dcf-8c8a-49dc-b8b9-df71e2a4e2b7
  6UPI_QFD recycles=3 steps=200 -> c7e76541-fe86-4b9b-89b4-c7fcf70302b1
  6UPI_QFD recycles=10 steps=200 -> ffad5add-d0e6-444e-920e-f46d965cee7c
  6UPI_QFD recycles=3 steps=50 -> 543b70aa-6706-43bd-a715-b395e5a99fb7
  6UPI_QFD recycles=3 steps=400 -> 802b6d85-ed1a-468c-aea8-c3318657eb30
  9JQM_DCR recycles=3 steps=200 -> 81035963-8dbb-4dde-a4ae-fe1aa904981b
  9JQM_DCR recycles=10 steps=200 -> 5b76abf7-ad8b-4bca-acad-c4e3887f7f2b
  9JQM_DCR recycles=3 steps=50 -> 01aabe9a-9417-4de1-8c92-3b57f4acdc73
  9JQM_DCR recycles=3 steps=400 -> 65d97b35-4e2b-4bec-9520-9bb2c4d98649
  8VL0_LVC recycles=3 steps=200 -> 439e212c-7f10-491d-845a-a42a569650ca
  8VL0_LVC recycles=10 steps=200 -> 4caabe09-7b4c-4eb0-9bfe-de72fcbe6a55
  8VL0_LVC recycles=3 steps=50 -> 82047928-d858-4c17-8b04-4329a44fa2fa
  8VL0_LVC recycles=3 steps=400 -> 1db8a98d-11fa-43ae-8d96-ee55a09c4573
  3EBS_N4E recycles=3 steps=200 -> 53f4339d-84ef-435a-a3e6-8273d20fea56
  3EBS_N4E recycles=10 steps=200 -> 1148de2c-4ed5-4797-bb54-87a0978d998d
  3EBS_N4E recycles=3 steps=50 -> 2cad0668-1038-4411-adc8-3542057edf18
  3EBS_N4E recycles=3 steps=400 -> 897f90f1-0aa0-4ec3-9f7a-98182374a007
  7SHI_4UH recycles=3 steps=200 -> db9c7460-f181-412c-aa11-e4c1518105f4
  7SHI_4UH recycles=10 steps=200 -> f4415b99-1737-449b-aa8f-0baf689d2600
  7SHI_4UH recycles=3 steps=50 -> a3b36a37-5835-440b-bab0-25f87d857765
  7SHI_4UH recycles=3 steps=400 -> 93ab5e1f-cb6d-4829-ac42-0a64f4c5ad89
  7U00_L4I recycles=3 steps=200 -> 432e6ce2-9c9d-498d-bef6-852c5979543c
  7U00_L4I recycles=10 steps=200 -> 05559096-32f3-44a3-84c3-621628fb07eb
  7U00_L4I recycles=3 steps=50 -> 4bfcd5b4-5012-4501-a713-745aa4ace519
  7U00_L4I recycles=3 steps=400 -> 995ee0f8-8e2f-4af0-88cb-68f4bf8d1832
  8VOC_M4F recycles=3 steps=200 -> fd9e009e-17bb-471d-8eda-4c6e7a160b71
  8VOC_M4F recycles=10 steps=200 -> c437e25f-891c-499e-b6fe-82ad873463e5
  8VOC_M4F recycles=3 steps=50 -> 578a92e3-78f5-4966-8bbe-8ec4df61b5ab
  8VOC_M4F recycles=3 steps=400 -> 62062ccd-03cb-4aa7-bfa4-28cef183da36
  7TZY_L3K recycles=3 steps=200 -> e6fcfcd8-a3bd-403b-9b77-4723b32f6598
  7TZY_L3K recycles=10 steps=200 -> 764bb94e-c76e-47a5-aa75-9594b5037cfe
  7TZY_L3K recycles=3 steps=50 -> 5bc126ac-8bf4-4a32-a99e-f8f79af58fe0
  7TZY_L3K recycles=3 steps=400 -> 778bcbac-0053-4fc3-b23d-ed77dce2193d
  3ME6_CGE recycles=3 steps=200 -> 6ec40e0e-1b7e-40a7-bf58-02c0635ef17c
  3ME6_CGE recycles=10 steps=200 -> 0893712e-b90c-4117-a8c8-4751ae8b1b5d
  3ME6_CGE recycles=3 steps=50 -> 3619c17f-b1e5-426a-8145-91e66804036f
  3ME6_CGE recycles=3 steps=400 -> 3fdabd12-b031-4cc4-90e1-d421c7606eb5
  1Z11_8MO recycles=3 steps=200 -> 63b2839a-779b-4dd6-8991-1c594fb50c46
  1Z11_8MO recycles=10 steps=200 -> 5aaf3c09-7ef6-4863-b9ef-2cd79f1e7fde
  1Z11_8MO recycles=3 steps=50 -> a2421043-1a0b-42e7-85f8-8a0eff3c0f50
  1Z11_8MO recycles=3 steps=400 -> 729f4c9b-c734-4a9c-96f9-039ada3be517
  9KPU_A1EGF recycles=3 steps=200 -> 2fcdc620-a0f9-45e2-abb1-9f4ffbdb0623
  9KPU_A1EGF recycles=10 steps=200 -> 1998eade-b5f4-4945-8e8d-c273238c9a83
  9KPU_A1EGF recycles=3 steps=50 -> aa72b148-6414-4e4b-bb93-5cb3c3a85375
  9KPU_A1EGF recycles=3 steps=400 -> 10e4ffa1-3187-459e-a25e-da61617d9016
  5LI6_6XF recycles=3 steps=200 -> e3f81c2d-2aa4-4c17-a918-df6d7d5d1c7b
  5LI6_6XF recycles=10 steps=200 -> 6bb6cd70-319f-4122-93e8-3fe12fa35098
  5LI6_6XF recycles=3 steps=50 -> ecb2127a-40f9-4239-9616-927f9923f048
  5LI6_6XF recycles=3 steps=400 -> 84e79da0-64ad-4eec-b1d6-c09a494e5eb0
  3NA0_2DC recycles=3 steps=200 -> dbcf7191-e4e5-4359-bb8a-de23c56622ae
  3NA0_2DC recycles=10 steps=200 -> bee52727-5387-49e5-bc5a-e6ba99909ce8
  3NA0_2DC recycles=3 steps=50 -> 9c038e6a-dadd-44f0-87ca-ceee41e60866
  3NA0_2DC recycles=3 steps=400 -> e0842d73-4394-44f5-a7f9-f42402703e27
  8SS0_WQR recycles=3 steps=200 -> ed23a32d-cda9-4607-8bf0-e82ade790624
  8SS0_WQR recycles=10 steps=200 -> 7afa7cc4-c07e-4b4a-a4a7-e55c55e17c81
  8SS0_WQR recycles=3 steps=50 -> 98f40164-38f0-4368-a9ec-26c6d8dfed86
  8SS0_WQR recycles=3 steps=400 -> 5d280997-4501-4c92-a0aa-9e7c63f780dd
  2RCH_243 recycles=3 steps=200 -> 271d0dd6-a341-4e08-a1fb-a5127dace696
  2RCH_243 recycles=10 steps=200 -> 584e7afb-cbfb-4048-b000-d3b799d39594
  2RCH_243 recycles=3 steps=50 -> e08aa9c2-3bb9-488a-9282-b74d3b61394f
  2RCH_243 recycles=3 steps=400 -> cb13bce7-d2df-47a1-b7c3-d031617ae0d7
  8SO2_CFF recycles=3 steps=200 -> 61f8514c-639e-47b7-bde3-4f824c46ee28
  8SO2_CFF recycles=10 steps=200 -> f932223c-3790-40dc-bb87-da40e569ff17
  8SO2_CFF recycles=3 steps=50 -> 01c77e95-41e4-4771-940a-1f3f2d959656
  8SO2_CFF recycles=3 steps=400 -> 73999c1c-c38b-45b5-b810-324f7e83c132
  3DSI_T24 recycles=3 steps=200 -> 6e8f72e2-1b23-42c0-a5a7-63a6aea5b707
  3DSI_T24 recycles=10 steps=200 -> 7e9df220-36bc-4044-93ef-b4d3b842d8e8
  3DSI_T24 recycles=3 steps=50 -> f0bfd6e9-9f67-4945-8360-b556d5c67806
  3DSI_T24 recycles=3 steps=400 -> 27ab75fc-e1fc-40a0-a58b-1341871c8394
  5VCG_08Y recycles=3 steps=200 -> e362c08d-8629-45b2-a1f6-514486ff4d61
  5VCG_08Y recycles=10 steps=200 -> f815a047-69ce-485b-bf1c-cd18fa69cf6d
  5VCG_08Y recycles=3 steps=50 -> 2f26fb33-334d-40ca-92fd-23da992e10db
  5VCG_08Y recycles=3 steps=400 -> 14e977b7-d125-454a-abdf-e1138a05d5bd
  9VGQ_A1MAJ recycles=3 steps=200 -> 91618f2e-7853-49e1-b34e-0e4445e0a887
  9VGQ_A1MAJ recycles=10 steps=200 -> a3844212-62e2-479e-9418-5790e05203d4
  9VGQ_A1MAJ recycles=3 steps=50 -> a071b00c-0787-4586-9ad2-ef4df3a2ae7c
  9VGQ_A1MAJ recycles=3 steps=400 -> cd63bd9b-9c86-4612-b6dc-242757c2c5ff
  3R9B_D12 recycles=3 steps=200 -> 2faf0875-07c2-4c3a-9a0a-c7ea6cf26493
  3R9B_D12 recycles=10 steps=200 -> 98abe4a2-a61c-47e3-af3a-5c6c3650d6dc
  3R9B_D12 recycles=3 steps=50 -> c0df6569-c41f-4ce9-ac10-7f44ac8c6c46
  3R9B_D12 recycles=3 steps=400 -> ce3dcef2-b50f-4da4-87b3-aa40eacca2fc
  6VLT_LSN recycles=3 steps=200 -> 3e453c97-5ec9-4583-a5c3-35a309df1571
  6VLT_LSN recycles=10 steps=200 -> de4c1765-249e-4733-b68f-84c83abe44c6
  6VLT_LSN recycles=3 steps=50 -> ec7bc4f6-f1df-4c5b-891b-2951f24e6b82
  6VLT_LSN recycles=3 steps=400 -> 63669e0e-b871-4851-bbf9-c159ac5318fd
  8G35_YJE recycles=3 steps=200 -> a164d222-e35d-4304-b4a3-f2f7afaca7e1
  8G35_YJE recycles=10 steps=200 -> bc186e0f-f19f-416b-b0a0-49f0ff690b67
  8G35_YJE recycles=3 steps=50 -> 48c3f41f-241f-448d-9255-df78b47faa3f
  8G35_YJE recycles=3 steps=400 -> 5f9768ed-12e2-43ee-a353-4e10e1732388
  9IY1_PLM recycles=3 steps=200 -> 0c759f1b-0373-4b0a-9b8d-e4c149055fe1
  9IY1_PLM recycles=10 steps=200 -> 83b62897-0bf7-4bd5-b090-28263197c700
  9IY1_PLM recycles=3 steps=50 -> 8598f846-06f6-417f-a537-9eb5f63c4025
  9IY1_PLM recycles=3 steps=400 -> 8b75ec14-4586-4f00-9d77-8bf17b7e524c
  3DSJ_243 recycles=3 steps=200 -> 9b7300f8-bfa4-4681-84d8-f4716238ebc3
  3DSJ_243 recycles=10 steps=200 -> 23e3e398-2dfc-4df1-a436-63f07340eabb
  3DSJ_243 recycles=3 steps=50 -> 8734c047-ef51-4a58-8b23-50ea893b835d
  3DSJ_243 recycles=3 steps=400 -> d5b88524-c52a-4831-9790-5ec5a616dbe1
  3P99_LNP recycles=3 steps=200 -> 95344539-98fc-47db-8303-fc894ec2f6f2
  3P99_LNP recycles=10 steps=200 -> d42a2e2f-1d97-42a1-8b76-675a75ea3a99
  3P99_LNP recycles=3 steps=50 -> 7a93c9e4-2e96-4219-9190-1536e6348537
  3P99_LNP recycles=3 steps=400 -> 86934f17-c368-45e5-8d43-017fd11214a3
  6PRS_OW7 recycles=3 steps=200 -> a3c7d344-e3b8-4475-a873-2ed55876418c
  6PRS_OW7 recycles=10 steps=200 -> a465d57e-b1bb-4fc7-b98e-997ddb4f26aa
  6PRS_OW7 recycles=3 steps=50 -> a9f279f3-df67-4e79-ac74-caf92c25f561
  6PRS_OW7 recycles=3 steps=400 -> 1fabc295-6de4-47ee-9842-3d02a7e55a7e
  3UA1_08Y recycles=3 steps=200 -> 2c739b1e-6528-4d5b-8e66-d3b2589a44e9
  3UA1_08Y recycles=10 steps=200 -> 41bdc9ef-afcf-4629-bf56-3592f407731e
  3UA1_08Y recycles=3 steps=50 -> 2f4d4543-6dfe-49c7-ae48-3f19881664b2
  3UA1_08Y recycles=3 steps=400 -> b6d72121-969d-4948-ab46-00c6f4cc0b9a
  5UVB_8QM recycles=3 steps=200 -> 074bf0b6-f67d-4608-8b47-bdd0e82b7a29
  5UVB_8QM recycles=10 steps=200 -> ef943ae3-2040-4c57-970a-b7f5aadf53da
  5UVB_8QM recycles=3 steps=50 -> 2cf251cd-6640-4d72-ac8d-cf213a8c7d57
  5UVB_8QM recycles=3 steps=400 -> d4fc12ef-2f1f-4665-9266-2b74b54cc4dc
  7CCF_FW6 recycles=3 steps=200 -> 99114ebe-1f8f-4c80-90e5-3e77bae87190
  7CCF_FW6 recycles=10 steps=200 -> ccf552a1-c78f-46bf-9cdf-0945614b1bb4
  7CCF_FW6 recycles=3 steps=50 -> b537d5ac-1cec-4db2-976b-c80ce131b585
  7CCF_FW6 recycles=3 steps=400 -> b2ae8cc4-3fde-4ebf-8e4d-1d2642b8dbac
  8SO1_CFF recycles=3 steps=200 -> 3d495a46-1845-4d08-8273-789dffe2e04b
  8SO1_CFF recycles=10 steps=200 -> c1b8dc05-2d96-48d1-9fa0-e454c8873f65
  8SO1_CFF recycles=3 steps=50 -> 8f7565f2-11e2-4248-a96d-d468bf1d8898
  8SO1_CFF recycles=3 steps=400 -> 2667ae84-4846-4a3c-812d-b10326c1f3d9
  9DXW_5R0 recycles=3 steps=200 -> 68c96b3f-2af7-4c3b-9c39-0efb07954676
  9DXW_5R0 recycles=10 steps=200 -> c430f8fd-e73e-4878-a5b4-2972746e910d
  9DXW_5R0 recycles=3 steps=50 -> 6b03e6a6-82cd-47a6-8138-0a3ba24e90db
  9DXW_5R0 recycles=3 steps=400 -> d468b02c-d873-43cc-9179-e4f6d4abcefa
  3R1B_TB2 recycles=3 steps=200 -> f2b8f405-65d9-4d01-b85f-801ce4c21142
  3R1B_TB2 recycles=10 steps=200 -> 6ec4509e-1670-4777-9c07-f147da2b1cac
  3R1B_TB2 recycles=3 steps=50 -> e56195f1-b6bf-48d8-8e9f-ba8a47e8206f
  3R1B_TB2 recycles=3 steps=400 -> 6831b981-e4f5-4bfe-a764-8e8baf91e55d
  5KDB_4IA recycles=3 steps=200 -> 56cfaa6d-d0ba-4679-a55f-77d9fd52de02
  5KDB_4IA recycles=10 steps=200 -> 9053372a-ea2f-4d84-8915-10c4a0df1f3e
  5KDB_4IA recycles=3 steps=50 -> f4250e71-7bac-4109-a47c-2090d9a5a183
  5KDB_4IA recycles=3 steps=400 -> c71713c7-6f2a-492d-b0ee-205af4afb223
  3NA1_HCD recycles=3 steps=200 -> 99dbe2c6-976e-4d50-97db-015d5b47e5d5
  3NA1_HCD recycles=10 steps=200 -> aec17822-2aaa-4216-a0e0-5079723f1889
  3NA1_HCD recycles=3 steps=50 -> e78f6df9-7cae-4643-873c-26d6813757c3
  3NA1_HCD recycles=3 steps=400 -> 04ef2fd0-46b0-4226-8291-80dcfb2500bd
  7LXL_YNV recycles=3 steps=200 -> cc2d9a57-98b3-4a28-9ae6-aac0ffbed706
  7LXL_YNV recycles=10 steps=200 -> 1c1a65c1-725f-44a3-8274-739bfc573138
  7LXL_YNV recycles=3 steps=50 -> 6d095ed1-86b6-449a-be0e-e3a0e158264f
  7LXL_YNV recycles=3 steps=400 -> 532f5043-f0d0-4fc4-84c3-95e574a4c4c4
  5JL7_ASD recycles=3 steps=200 -> 7476457e-70b2-4ac7-b444-5a44fe75508f
  5JL7_ASD recycles=10 steps=200 -> dd3ab1ac-f44e-4f48-8cbc-0bfd5ed480a3
  5JL7_ASD recycles=3 steps=50 -> a49eec96-9441-4261-83b1-6fde3c7498ba
  5JL7_ASD recycles=3 steps=400 -> 4d822abc-476b-40b9-a11f-75fc7009edcf
  6OOX_4IA recycles=3 steps=200 -> 5399697c-9af9-4c61-8a9f-1e50fe4ce3cf
  6OOX_4IA recycles=10 steps=200 -> 4ff19505-17aa-498d-a58b-a70054930a4a
  6OOX_4IA recycles=3 steps=50 -> 39331d9d-f58d-474b-ac05-f2f600d0cf4c
  6OOX_4IA recycles=3 steps=400 -> 5454d2d5-eb56-4ed4-be33-8a4287edef10
  2D0E_NQ recycles=3 steps=200 -> 47b7d18e-7e45-4305-8fb2-b8ef65fdeafb
  2D0E_NQ recycles=10 steps=200 -> 6de89423-5094-43ce-9843-4effcfc73ec4
  2D0E_NQ recycles=3 steps=50 -> bc39d786-be4c-4a2a-acbf-366ab1602613
  2D0E_NQ recycles=3 steps=400 -> 97886a30-2312-4cbd-81d0-f4126b17cdff
  3KW4_TIC recycles=3 steps=200 -> f169b163-3d5c-4b92-9649-c702c04dd90a
  3KW4_TIC recycles=10 steps=200 -> e305ec21-4b90-4b89-b5ce-a15041963520
  3KW4_TIC recycles=3 steps=50 -> 8278f574-2575-468a-a9d5-2e4ab6f3686c
  3KW4_TIC recycles=3 steps=400 -> cc3d632c-90cf-4cc8-a241-4abce97ff1be
  4EJG_NCT recycles=3 steps=200 -> 6b49df16-4954-445f-8e69-a7e5436b3e5b
  4EJG_NCT recycles=10 steps=200 -> f6f382af-6271-42cb-abee-2c9ca0372981
  4EJG_NCT recycles=3 steps=50 -> 05fe6510-1f0f-48e1-858b-fc494546aaad
  4EJG_NCT recycles=3 steps=400 -> 662b44a8-1fd2-4c8c-87f9-2630a99e7ccc
  7WYG_PAM recycles=3 steps=200 -> b77a42fc-6d5b-42ad-9c23-27dcd14dba0c
  7WYG_PAM recycles=10 steps=200 -> 9ce68ae2-048d-4e94-ba20-9e5cf74084d1
  7WYG_PAM recycles=3 steps=50 -> df3f7a84-898f-4f12-ac6a-fd991423b159
  7WYG_PAM recycles=3 steps=400 -> d2b20e54-c717-414b-8cc3-ac05d17d13ce
  6OO9_MWV recycles=3 steps=200 -> b2cdb75f-e001-4746-8962-445d85d5921d
  6OO9_MWV recycles=10 steps=200 -> ff1b602a-e560-4fdc-b46b-bb0aefc1c169
  6OO9_MWV recycles=3 steps=50 -> d5d16b5b-725b-4a35-a3d9-5fd405513e1c
  6OO9_MWV recycles=3 steps=400 -> e7911153-03ba-4e72-8db8-ab5b6bd62bd7
  1EUP_ASD recycles=3 steps=200 -> 6e6363b7-ad40-4997-bfec-466ca67851cd
  1EUP_ASD recycles=10 steps=200 -> ec2bd866-ee74-4464-b3d4-d64e3f94ef8e
  1EUP_ASD recycles=3 steps=50 -> 70a08478-5d46-401e-9737-a547f4956bb3
  1EUP_ASD recycles=3 steps=400 -> bbca3956-7349-489b-90d1-8db8eedce7a2
  5JL6_ASD recycles=3 steps=200 -> 66a2ef51-6153-4921-9ae5-ad4cd3d71fa2
  5JL6_ASD recycles=10 steps=200 -> f03bc7c1-2cde-47f7-a036-1c5293ba2b39
  5JL6_ASD recycles=3 steps=50 -> 414d4472-af72-4a91-9bed-445c0ec7c778
  5JL6_ASD recycles=3 steps=400 -> 6516a9b3-49a4-4968-ad0c-7684d041c5d2
  6UPG_KEQ recycles=3 steps=200 -> 67480b96-f0ee-456b-9ba2-7eb1f933add7
  6UPG_KEQ recycles=10 steps=200 -> 3cde648c-4bb8-4b99-bc2d-3107c0329d0a
  6UPG_KEQ recycles=3 steps=50 -> 0d53d9e2-982d-4175-a61d-5d9f6cb6c006
  6UPG_KEQ recycles=3 steps=400 -> 3a139b9b-cb3d-4274-83a0-cfe5d657e563
  5JL9_ASD recycles=3 steps=200 -> 0cc5714b-6556-4de0-a971-7bf695b32b03
  5JL9_ASD recycles=10 steps=200 -> 8bc3f875-b952-430a-9358-8c25189fc3df
  5JL9_ASD recycles=3 steps=50 -> be6f7a96-55c8-4417-9d6c-ca6af0b69211
  5JL9_ASD recycles=3 steps=400 -> d510e6c8-85b0-426a-b878-00c5ff6affe2
  5XJN_88L recycles=3 steps=200 -> 6f24302c-2683-4cb6-aac9-52fb5d05a3d4
  5XJN_88L recycles=10 steps=200 -> b5615c37-5b27-4088-84ab-9ea8a4098520
  5XJN_88L recycles=3 steps=50 -> d296dd76-e98c-432d-b305-a8af507438f1
  5XJN_88L recycles=3 steps=400 -> ff1ebf67-f80c-4576-99f8-7165597f9d0e
  5YQA_8ZU recycles=3 steps=200 -> 3d40f0af-f1eb-4895-8d7e-175df8c59c2e
  5YQA_8ZU recycles=10 steps=200 -> f45e3b50-3d41-4edc-a97b-c5f5fc1c9a02
  5YQA_8ZU recycles=3 steps=50 -> 38c65880-11a7-4410-b2c3-a774fc435699
  5YQA_8ZU recycles=3 steps=400 -> be39e250-7302-4ee9-90b2-4627a826d4e9
  4DVQ_1CA recycles=3 steps=200 -> 008ffe61-6448-430c-a16c-09c5110667cc
  4DVQ_1CA recycles=10 steps=200 -> d0c7f450-11f7-4f82-8643-1fad3bb82390
  4DVQ_1CA recycles=3 steps=50 -> b3f8ea6b-6597-4a0b-b801-0f150c978e31
  4DVQ_1CA recycles=3 steps=400 -> da7b288a-db95-4697-802c-0476ff84b444
  3DSK_T25 recycles=3 steps=200 -> 497cebf6-8b97-4464-b5d0-7fbca239f1de
  3DSK_T25 recycles=10 steps=200 -> 8215eb5b-4def-4cb9-bb40-673f5ce6a18a
  3DSK_T25 recycles=3 steps=50 -> 97e43aca-6079-4c9e-a3b8-d757b965730e
  3DSK_T25 recycles=3 steps=400 -> d9badbf9-7ef1-4e65-9eb8-2af59368a60f
  5JKW_TES recycles=3 steps=200 -> be2c844c-df00-464e-9f64-138c9b69010f
  5JKW_TES recycles=10 steps=200 -> bd84bfbc-80e5-4430-8298-80882e97eac0
  5JKW_TES recycles=3 steps=50 -> 38cdae9d-5cae-4330-863d-4c27e2c01cdf
  5JKW_TES recycles=3 steps=400 -> 4c455f68-673c-4b01-ad5e-fc050a1ee3db
  9DX9_5R0 recycles=3 steps=200 -> 78ed5172-eb46-485c-b825-796d4103148c
  9DX9_5R0 recycles=10 steps=200 -> 91e3c57c-3df0-4766-82b9-71b501286792
  9DX9_5R0 recycles=3 steps=50 -> dd8caec7-7e2f-400c-b7d6-ad9456dfffd4
  9DX9_5R0 recycles=3 steps=400 -> 64a7557c-8043-414f-ad46-a2e2e00cb852
  7R1I_HIH recycles=3 steps=200 -> 347ba60b-43be-4fba-a2bd-5bdd44689dc3
  7R1I_HIH recycles=10 steps=200 -> 4826261d-8952-4960-b001-c8611007c4c3
  7R1I_HIH recycles=3 steps=50 -> 3d63ef58-dfe1-4742-8207-04cd29029b5f
  7R1I_HIH recycles=3 steps=400 -> 4611af5a-f691-44d1-a5c7-7f1f91bcc16d
  5JKV_ASD recycles=3 steps=200 -> 1e8638f4-6370-4263-8ae3-77f59cf6d634
  5JKV_ASD recycles=10 steps=200 -> 05df3b22-57a3-4f25-8141-200dcebb6b4c
  5JKV_ASD recycles=3 steps=50 -> f7d60733-77a0-4dc1-b5d4-20e65eae7382
  5JKV_ASD recycles=3 steps=400 -> 8ce658cf-b0b5-4a8c-8123-3a0f1ec53ed9
  3S79_ASD recycles=3 steps=200 -> 58d516e2-f03a-4775-b22b-3b1da41f66b0
  3S79_ASD recycles=10 steps=200 -> cc2a64e7-6c05-49f0-b365-99c9dd80ae4d
  3S79_ASD recycles=3 steps=50 -> 1f453b68-e482-4b66-8773-474f69ba78d1
  3S79_ASD recycles=3 steps=400 -> 96ba45fe-6b4d-4ccc-a288-cf9b8ad837c6
  6FMO_DVE recycles=3 steps=200 -> f1db0bf4-dd6b-4fd8-ab79-23c7384cbff5
  6FMO_DVE recycles=10 steps=200 -> c8cc89d0-343e-429b-80b3-e44b56e6f9ff
  6FMO_DVE recycles=3 steps=50 -> 2cd473ed-e1a1-441a-a47b-56805009ceac
  6FMO_DVE recycles=3 steps=400 -> 44019c41-96f5-4632-b923-c7c4bbc92d77
  2WM4_VGJ recycles=3 steps=200 -> 196bf15a-a52b-4de2-81bf-b4068f04fee3
  2WM4_VGJ recycles=10 steps=200 -> 2e3d9406-3ac9-4e9c-8ccf-64511f60daec
  2WM4_VGJ recycles=3 steps=50 -> b0858696-5ff1-416f-ae4c-5536f0e4556c
  2WM4_VGJ recycles=3 steps=400 -> 2cdcabed-fd36-464d-8920-c541cf1b4e8a
  4EGN_TWO recycles=3 steps=200 -> 4f74efb5-a160-4502-b1bb-6b41285a8bb2
  4EGN_TWO recycles=10 steps=200 -> 55987ac3-b496-49b0-af5a-61355b74bb1b
  4EGN_TWO recycles=3 steps=50 -> 7fe6a35a-88f5-40c9-84a1-fa0f7fb7f817
  4EGN_TWO recycles=3 steps=400 -> a6cd89d7-765e-48c3-b599-b872c4f90682
  6RQ9_KEQ recycles=3 steps=200 -> 384b1c4d-63c1-47f9-9c55-ce29228a62b8
  6RQ9_KEQ recycles=10 steps=200 -> 88d0e23e-85bc-419d-9d37-083fde91c1e1
  6RQ9_KEQ recycles=3 steps=50 -> 6fc1033d-16e2-42c4-8417-b177c8a939f8
  6RQ9_KEQ recycles=3 steps=400 -> 0f780a57-570b-4bc3-9ddf-2ec1ac471e77
  7KS8_X8S recycles=3 steps=200 -> ff7ae41d-920e-49c4-a07e-287b6e44c14a
  7KS8_X8S recycles=10 steps=200 -> f945ca73-e9d0-4375-8d7d-f30ede00bee3
  7KS8_X8S recycles=3 steps=50 -> ca5fe890-a3b2-4f7a-9db4-04b3afd865d1
  7KS8_X8S recycles=3 steps=400 -> 9745284f-5d39-45c5-afe2-e4e53ac39751
  6RQE_KEZ recycles=3 steps=200 -> 4f76d6aa-01b1-4dd6-ab07-d543dc383b45
  6RQE_KEZ recycles=10 steps=200 -> a352c727-cb93-437b-b494-6686187734e3
  6RQE_KEZ recycles=3 steps=50 -> 0c3a4f3c-7767-46cd-924a-2bc459ae78d0
  6RQE_KEZ recycles=3 steps=400 -> c867a4a5-e2fe-4db9-93ca-97fa1a8659ed
  7R8S_8ZU recycles=3 steps=200 -> 1b7c3be7-8394-448b-808f-e4e85f578c30
  7R8S_8ZU recycles=10 steps=200 -> 8489a7aa-bf9d-44b4-87b3-2663406b9460
  7R8S_8ZU recycles=3 steps=50 -> afe81c32-893d-4b0f-a99b-082f9c71e281
  7R8S_8ZU recycles=3 steps=400 -> 9f80e839-3ca4-4aff-b93b-2a6068230f9f
  6T0F_K2B recycles=3 steps=200 -> a522aa14-8088-4032-b4d3-f1adc95fc5bb
  6T0F_K2B recycles=10 steps=200 -> b5420ed0-2c44-4509-a2e1-f637d7aeff5e
  6T0F_K2B recycles=3 steps=50 -> 6c467371-8820-4997-9a4a-762b8b217173
  6T0F_K2B recycles=3 steps=400 -> 8012f97b-1f6d-462b-b68e-8e99cfcaf562
  2YOO_K2B recycles=3 steps=200 -> 98c2bc62-cda3-4de3-9f7b-f7212dbbe686
  2YOO_K2B recycles=10 steps=200 -> 1e46b491-31e1-41b3-bc7c-6dcf4a5ab226
  2YOO_K2B recycles=3 steps=50 -> 4b96c354-dc0a-44b3-a628-6ca866b5e7a8
  2YOO_K2B recycles=3 steps=400 -> 1e74ca52-fbd1-404c-848a-162f539cfd09
  6UNN_K3Z recycles=3 steps=200 -> 31b8df00-f1fa-4039-9137-10e7fc4fc962
  6UNN_K3Z recycles=10 steps=200 -> 99b98b86-8b0f-499a-b135-d27a692addf0
  6UNN_K3Z recycles=3 steps=50 -> dc362163-9419-4e45-b6f0-3b5dde3dd3da
  6UNN_K3Z recycles=3 steps=400 -> daaddb8e-857d-4be3-99d6-40a87e3854c8
  5WBG_9ZJ recycles=3 steps=200 -> 8d408344-8802-4909-b395-c8fdcef5909a
  5WBG_9ZJ recycles=10 steps=200 -> 1909dcd3-f682-4327-8238-059e3e1a26fe
  5WBG_9ZJ recycles=3 steps=50 -> 233649da-a287-48f2-82b1-f22e419249af
  5WBG_9ZJ recycles=3 steps=400 -> df0b434e-2d03-4baa-abad-4fc593372222
  6GK6_MYR recycles=3 steps=200 -> 1a57b9db-54f1-4ab4-8e65-ce868b68eb9f
  6GK6_MYR recycles=10 steps=200 -> 68ffc83d-e059-4a98-a0aa-21ce96df2086
  6GK6_MYR recycles=3 steps=50 -> 7b4d9009-e6c1-4166-98f2-17780159e905
  6GK6_MYR recycles=3 steps=400 -> 535c87dc-efe6-411a-9abf-69b92946bdbd
  6T0H_M9B recycles=3 steps=200 -> 2f24786e-93c8-4802-8f0a-55b1a49627cc
  6T0H_M9B recycles=10 steps=200 -> 3b7517b4-d1f4-4a94-9b4e-bd185b26ff99
  6T0H_M9B recycles=3 steps=50 -> cc44fc88-b58a-4b34-9313-f14bbfa62171
  6T0H_M9B recycles=3 steps=400 -> 36bb880b-c500-4b2b-88ff-35c7ed1756b7
  6DWM_HJJ recycles=3 steps=200 -> 8511038b-2192-4480-836e-48c3394c154c
  6DWM_HJJ recycles=10 steps=200 -> 0cb2a25d-6266-4866-9502-40fc3f5796af
  6DWM_HJJ recycles=3 steps=50 -> dc099ff9-0cba-46d5-8d1a-9e36cfbd5bd9
  6DWM_HJJ recycles=3 steps=400 -> 4f6bf796-b18c-4123-8b53-4d1b71d0d97a
  6C2D_EH1 recycles=3 steps=200 -> a6590466-55cb-4eeb-a7d6-5a8bb351dab9
  6C2D_EH1 recycles=10 steps=200 -> d53d9274-81af-4370-bbea-fef0082cf666
  6C2D_EH1 recycles=3 steps=50 -> e83251db-2ed6-4c75-8cbc-2b0b93b05f83
  6C2D_EH1 recycles=3 steps=400 -> 96747971-3dcb-4448-9f93-4b95edca4d66
  6T0G_VD3 recycles=3 steps=200 -> 65256a70-ad19-47ef-8b1d-997695633757
  6T0G_VD3 recycles=10 steps=200 -> 62fc2e3b-e1df-469f-b41b-fbc229d24b58
  6T0G_VD3 recycles=3 steps=50 -> ea2071d6-217e-4aa4-abcc-c1da3fbef642
  6T0G_VD3 recycles=3 steps=400 -> b63b99b5-4243-4f9c-b73c-16fbf4b762a8
  3EQM_ASD recycles=3 steps=200 -> 5613e631-3817-453f-8ffe-87459402ebe6
  3EQM_ASD recycles=10 steps=200 -> f9cbd695-17f4-44e7-8fd6-c27848b62f0e
  3EQM_ASD recycles=3 steps=50 -> 29d95a06-100d-41bc-99b2-65c759647f52
  3EQM_ASD recycles=3 steps=400 -> d7040e14-6286-4ae5-9b0d-4398332749a2
  7TNU_EH1 recycles=3 steps=200 -> 86b61ec2-06aa-45a2-ba7b-a02fe5e9e03d
  7TNU_EH1 recycles=10 steps=200 -> 74c07bc3-9313-4d22-8af4-ccc17673c1b9
  7TNU_EH1 recycles=3 steps=50 -> e5729f9e-ee28-4eab-835b-af61e16b79bd
  7TNU_EH1 recycles=3 steps=400 -> a453fe3c-3911-4ee2-a116-a5c996885d97
  6T0J_RWZ recycles=3 steps=200 -> dac87206-233b-400f-a187-915b0cce1ac0
  6T0J_RWZ recycles=10 steps=200 -> c2ae7560-49cb-44f6-a1a5-4badf716f34a
  6T0J_RWZ recycles=3 steps=50 -> b54514ae-96ad-4241-a307-efb687ecf588
  6T0J_RWZ recycles=3 steps=400 -> 89e6575a-94b3-4137-a491-d293a2de59cb
  7ZXD_KB9 recycles=3 steps=200 -> 42e0ea1e-f57d-4555-8fd4-6ed7f6d19945
  7ZXD_KB9 recycles=10 steps=200 -> 66f28ca7-e310-459c-b969-0c67d4bacf3d
  7ZXD_KB9 recycles=3 steps=50 -> f0683491-a0fc-4727-90f8-e4115a586dfa
  7ZXD_KB9 recycles=3 steps=400 -> 1baed119-34bd-4ff9-a0c7-b50589791ea2
  6UDL_Q4M recycles=3 steps=200 -> c7dd4059-ae44-4933-8366-4be972550ae7
  6UDL_Q4M recycles=10 steps=200 -> 91eb4e8c-c823-4569-8bee-40985c2d8c9d
  6UDL_Q4M recycles=3 steps=50 -> 68db904d-2f3c-484e-aaca-994c5caee52f
  6UDL_Q4M recycles=3 steps=400 -> 48b30185-5507-4350-b534-c6f487925710
  4Y8W_STR recycles=3 steps=200 -> d9af2027-1e7c-491a-8c04-f62e08f79655
  4Y8W_STR recycles=10 steps=200 -> a6ef0bd9-8463-4ef2-9811-72a787c2f7a9
  4Y8W_STR recycles=3 steps=50 -> e34b325c-3aa4-4362-9c31-b50fbecfe50e
  4Y8W_STR recycles=3 steps=400 -> 98dfda63-c573-42ba-95ae-80a02e764e02
  8D39_QDB recycles=3 steps=200 -> ee19f140-00e3-4b90-880d-dcb8f5e12c78
  8D39_QDB recycles=10 steps=200 -> 5ed9e9da-6c14-438d-8568-69ce1ec02940
  8D39_QDB recycles=3 steps=50 -> a08d6c8f-8f2b-4637-96d3-6ea47fad6759
  8D39_QDB recycles=3 steps=400 -> c63381c0-c1b2-40e5-a52a-54ce25744f4c
  8GK3_ZWY recycles=3 steps=200 -> 9bf073ca-1b53-41b4-af92-cf79b943c61d
  8GK3_ZWY recycles=10 steps=200 -> 05cfba79-760b-4282-a80a-121228456f3f
  8GK3_ZWY recycles=3 steps=50 -> bc87c69a-7e28-4fc3-bf33-6d4578de06fd
  8GK3_ZWY recycles=3 steps=400 -> f63879a7-0d7c-4782-97f7-31b39e32b261
  6J88_B9O recycles=3 steps=200 -> 448024c9-b3d1-4a61-b152-392aa296a64c
  6J88_B9O recycles=10 steps=200 -> 7f230df8-3d56-423d-b945-07b95bf7fa54
  6J88_B9O recycles=3 steps=50 -> dc5da7ca-db50-40ca-aa24-4c91c53ab7a3
  6J88_B9O recycles=3 steps=400 -> ce0e24f9-e99e-4b0a-a156-02a9e82f2291
  7SMZ_K2B recycles=3 steps=200 -> 0f04d70e-4877-4b55-948f-60eb6cd3c72b
  7SMZ_K2B recycles=10 steps=200 -> 16503c4f-7e9d-4e85-826b-5d7861fe9804
  7SMZ_K2B recycles=3 steps=50 -> 4f3b0f92-eb7b-4b9f-b26a-6a9b6c0bcc9f
  7SMZ_K2B recycles=3 steps=400 -> 55351e35-7747-4f79-a9c6-83412dae064e
  9JS9_TES recycles=3 steps=200 -> a62b0fc0-05e0-4b85-ae4d-eaec8cc7a15a
  9JS9_TES recycles=10 steps=200 -> 30107bc2-d4dd-4d10-901b-b37178942e5c
  9JS9_TES recycles=3 steps=50 -> 6ad59a37-3528-4494-bd88-fd1dda2c21f7
  9JS9_TES recycles=3 steps=400 -> d3327d72-87f4-43e9-9467-84bf83132ddc
  8A6W_K2B recycles=3 steps=200 -> b39e0dbe-9d1c-4c7f-846e-c9d0c72507df
  8A6W_K2B recycles=10 steps=200 -> d1126628-33ee-41e9-bf51-b63837f23eaf
  8A6W_K2B recycles=3 steps=50 -> 937ae1bc-556b-4493-9a4c-dc6cacc0aa0e
  8A6W_K2B recycles=3 steps=400 -> 5cdc641e-e926-4950-a88a-1fb85675ade0
  3V8D_0GV recycles=3 steps=200 -> 5c0ff68d-651c-4f96-8ed8-020dd5c3317e
  3V8D_0GV recycles=10 steps=200 -> 1e1d32bd-f8fe-4fbd-9e54-8dfa735a216d
  3V8D_0GV recycles=3 steps=50 -> 42e57e53-a69b-44ab-9eaf-99deacd74395
  3V8D_0GV recycles=3 steps=400 -> e80e4c66-755a-421a-8d07-7091356c1f3c
  6A15_CLR recycles=3 steps=200 -> e5602f44-fb3e-4b53-9412-835ed100560e
  6A15_CLR recycles=10 steps=200 -> 2cbcae92-6374-4688-89c7-c2dff7c33e54
  6A15_CLR recycles=3 steps=50 -> 13ad0883-aa35-4f28-8a48-3dd224d36a15
  6A15_CLR recycles=3 steps=400 -> bf6e98a7-abd9-4fce-83b5-51e1883e605d
  7SNM_LAN recycles=3 steps=200 -> 5e86ee9e-320c-42a6-96d7-4bed226b8005
  7SNM_LAN recycles=10 steps=200 -> 2fb688ef-57ca-4f57-89e2-bd61fbfa5d4a
  7SNM_LAN recycles=3 steps=50 -> 1656e309-ac2a-4c96-a381-b35709a46d80
  7SNM_LAN recycles=3 steps=400 -> 40a3b0cd-7f8c-4ed5-90ba-4cdc3d190341
  6UEZ_LAN recycles=3 steps=200 -> 84816585-5e0f-453e-941b-334eeb4610b1
  6UEZ_LAN recycles=10 steps=200 -> 009c5869-fe98-4c27-ba44-fd18236a2598
  6UEZ_LAN recycles=3 steps=50 -> d4e7ab91-c1fb-40a5-8b14-48bdb0153ec6
  6UEZ_LAN recycles=3 steps=400 -> 2a49d66a-cd87-44c7-8ea7-d8378a2467eb
  6F8C_STR recycles=3 steps=200 -> 66acf659-8cb7-4de3-9752-657fe9bdd2b1
  6F8C_STR recycles=10 steps=200 -> 3b26fa05-5164-4049-bdc5-160110220fba
  6F8C_STR recycles=3 steps=50 -> e7c2548d-85cf-4032-8620-85ebe2d7db11
  6F8C_STR recycles=3 steps=400 -> 8437fd66-2bc1-42bd-ace2-6c91dfe06b7e
  5CWE_DAO recycles=3 steps=200 -> 202174bb-09aa-4f82-8615-3e8d08dac70b
  5CWE_DAO recycles=10 steps=200 -> 970c694a-2e57-47b4-8651-b9cb0ebfdf56
  5CWE_DAO recycles=3 steps=50 -> 811c676e-ab58-4cca-9b78-a31a573f9e87
  5CWE_DAO recycles=3 steps=400 -> 59e123d2-cd92-470f-9d67-6cf01d38b837
  6RQB_Q47 recycles=3 steps=200 -> 21b03c9b-64cb-4cae-bbde-4ba80412a1af
  6RQB_Q47 recycles=10 steps=200 -> a8fb6a6f-9c58-47f3-8754-c98bff246d5c
  6RQB_Q47 recycles=3 steps=50 -> 7d67907e-e0d4-4cb2-83fc-b57949fd6560
  6RQB_Q47 recycles=3 steps=400 -> 2da933c0-d270-402e-abb7-2f9df11a945e
  9PLJ_TCI recycles=3 steps=200 -> 503a0e1f-03fd-49b1-901c-6af18cf79801
  9PLJ_TCI recycles=10 steps=200 -> e20d38f6-90fe-4194-a036-83c5b3e5567b
  9PLJ_TCI recycles=3 steps=50 -> c4eaca33-6c26-452e-af26-b0b04a9beb0f
  9PLJ_TCI recycles=3 steps=400 -> 6309e079-177e-4e56-9674-6d29f75388e7
  4EGO_1F1 recycles=3 steps=200 -> 9fae3dec-1f24-4dc2-b680-dec55874a94b
  4EGO_1F1 recycles=10 steps=200 -> a216fdde-27b2-4850-9d84-44a3f92f6de7
  4EGO_1F1 recycles=3 steps=50 -> b159f4c6-6911-401f-943c-96af3e723e71
  4EGO_1F1 recycles=3 steps=400 -> b3c2d2ac-17dd-4311-b970-f9e8bf44baab
  7SV2_MWY recycles=3 steps=200 -> c6a0a730-220c-49d6-9acc-d748691c822e
  7SV2_MWY recycles=10 steps=200 -> f9c73fe0-6e8b-4921-b6bf-9fe5bf1bf983
  7SV2_MWY recycles=3 steps=50 -> 4a025e13-89d2-43cb-bba9-05d4a3c6a8e5
  7SV2_MWY recycles=3 steps=400 -> 62744c86-8ed3-44c6-928e-500cdce39444
  7N14_ZRS recycles=3 steps=200 -> 66195ded-6f0c-4580-9ae2-77f37d16c044
  7N14_ZRS recycles=10 steps=200 -> 13d898da-623b-4b1b-8398-438ba05f4497
  7N14_ZRS recycles=3 steps=50 -> fae8ea26-b618-4903-b3c3-7b7f79133dfd
  7N14_ZRS recycles=3 steps=400 -> f1ccb129-b239-4547-a938-43d067834feb
  5U6T_81J recycles=3 steps=200 -> 91cc93a3-8b13-4da4-afae-dc476ae10da4
  5U6T_81J recycles=10 steps=200 -> 72959907-f1f9-4406-ac61-f8b36d338d69
  5U6T_81J recycles=3 steps=50 -> 002dbcbc-49da-45a2-8737-09d92df8fe66
  5U6T_81J recycles=3 steps=400 -> a191b7e9-401e-4c41-8dae-dfc478b2fb7e
  8VKF_LVK recycles=3 steps=200 -> 12cf4786-17f0-4ced-b834-5aff584c22e9
  8VKF_LVK recycles=10 steps=200 -> 8206474c-c7a8-425f-b48f-b2ed0553f7cc
  8VKF_LVK recycles=3 steps=50 -> f9bb761c-d13f-43f3-bd56-fee2ade77f52
  8VKF_LVK recycles=3 steps=400 -> 82274d32-5412-4a19-bfeb-defee7b04beb
  7TRU_KQR recycles=3 steps=200 -> 3476ad31-5f0d-4f25-89a9-8708751430e7
  7TRU_KQR recycles=10 steps=200 -> b4cc0fb3-0052-4d4b-ab43-33bab64032af
  7TRU_KQR recycles=3 steps=50 -> 87dc3c7e-e29f-406c-b7ec-40f0ce0f7c73
  7TRU_KQR recycles=3 steps=400 -> 70a81452-8203-449f-9260-a4dd3594edc8
  4XRY_SI5 recycles=3 steps=200 -> ffa8c222-3a1f-43f1-90a1-394b3fb87f8d
  4XRY_SI5 recycles=10 steps=200 -> 0abe6335-159f-4cdc-b211-fef13e1696d2
  4XRY_SI5 recycles=3 steps=50 -> 85cb3c60-c4e7-4cb8-8792-25d64d1c6994
  4XRY_SI5 recycles=3 steps=400 -> f776939d-6178-42df-9243-61ee6b54759d
  4JBT_ASD recycles=3 steps=200 -> e208fef2-f70c-4139-b6e3-2963220b45ad
  4JBT_ASD recycles=10 steps=200 -> 4c8c228e-0623-4920-8144-f12557f70882
  4JBT_ASD recycles=3 steps=50 -> bcc6988f-64fe-4a76-867c-a5a0b3242cf0
  4JBT_ASD recycles=3 steps=400 -> 5b8e682c-f444-4e29-972a-48cbddeac7f6
  2NNI_MTK recycles=3 steps=200 -> 3fa411b0-3f17-4444-aa20-16dccee75bd1
  2NNI_MTK recycles=10 steps=200 -> 9d9b3962-2bb2-4755-be31-df190e5f6d34
  2NNI_MTK recycles=3 steps=50 -> 5c2db859-a431-455c-881f-d6d9ddadc9a5
  2NNI_MTK recycles=3 steps=400 -> ec588ef1-47e6-4417-9963-d8e026b2aab1
  2RCL_T25 recycles=3 steps=200 -> 344c2d2e-2c59-4985-b81a-4ef15fe9cff5
  2RCL_T25 recycles=10 steps=200 -> 1bfdd1d3-3d96-445b-9e07-295b0ee28aed
  2RCL_T25 recycles=3 steps=50 -> 9eb59ca8-6775-4135-bfef-1d3da5205a3b
  2RCL_T25 recycles=3 steps=400 -> 594f36e9-c4f3-422d-810a-dff085ce193a
  6F88_STR recycles=3 steps=200 -> 3186472e-f682-4c57-a82f-8dba1cdf794f
  6F88_STR recycles=10 steps=200 -> b9bfa459-9794-406a-8f2d-8125e4bc0816
  6F88_STR recycles=3 steps=50 -> 86a56fab-7122-4e56-8c52-0519256a5853
  6F88_STR recycles=3 steps=400 -> d5fd81a4-c692-489d-bca8-ef0b04d888ab
  6MCW_JDJ recycles=3 steps=200 -> fc641511-9652-4cb9-8017-13ce7252ebed
  6MCW_JDJ recycles=10 steps=200 -> a91d3905-cf8a-446a-bf3c-89c9e58a09ec
  6MCW_JDJ recycles=3 steps=50 -> ef9ef117-f6c9-4746-9718-9c1346675a6c
  6MCW_JDJ recycles=3 steps=400 -> 0f7d5cf0-e99b-44df-b6ba-b6d16fb87234
  6UDM_Q4P recycles=3 steps=200 -> 2beef2d3-d64b-4a93-b123-2dda486ebe3f
  6UDM_Q4P recycles=10 steps=200 -> ae7e7bc1-aa58-42b1-b162-be79cbc3b2ec
  6UDM_Q4P recycles=3 steps=50 -> d823fbd5-e141-4fbb-8653-7f2c5c6ede61
  6UDM_Q4P recycles=3 steps=400 -> 83984f81-4dfe-42aa-935b-37bb9753a31c
  7JXB_VLG recycles=3 steps=200 -> f172a6b6-405b-4914-88f8-2c753b60ba98
  7JXB_VLG recycles=10 steps=200 -> 7adb8438-46b8-46b9-94c0-9c04da8a81f9
  7JXB_VLG recycles=3 steps=50 -> e66780f4-3f8c-46fb-932c-e083efb61cee
  7JXB_VLG recycles=3 steps=400 -> a13d5e64-dd2f-4753-9b1a-fcf0130f7aa7
  8GDI_0GV recycles=3 steps=200 -> fad439ed-1a9a-4f53-89b6-3648eed1cdcc
  8GDI_0GV recycles=10 steps=200 -> fba23574-397c-49f6-a456-7b1a08c38dd0
  8GDI_0GV recycles=3 steps=50 -> fa9c2fdd-a089-4bf6-bf27-7189c2ebc47c
  8GDI_0GV recycles=3 steps=400 -> ccb8ea57-99df-4605-b023-78b1e05a1919
  6RQ8_KEH recycles=3 steps=200 -> f3ac1c26-5508-4369-a82b-0f56b406e201
  6RQ8_KEH recycles=10 steps=200 -> bf8c6e8d-9286-4b4d-9fee-02237cd899c6
  6RQ8_KEH recycles=3 steps=50 -> a6efda48-e05e-4046-8c88-3e92437d9ebd
  6RQ8_KEH recycles=3 steps=400 -> 844995bc-852a-4735-94e1-eba50bd9d4ac
  8TAY_EJD recycles=3 steps=200 -> 2392392e-426c-4468-b004-d8752b6f224b
  8TAY_EJD recycles=10 steps=200 -> e9370f53-e323-47de-8cb0-4cd945e4d072
  8TAY_EJD recycles=3 steps=50 -> 726e6843-1d74-41d0-b36f-d6871e579d39
  8TAY_EJD recycles=3 steps=400 -> 0ac3dea9-583b-4145-b7cf-5666b28c4376
  4TRI_C3S recycles=3 steps=200 -> 68be6bcc-90be-4cac-a21b-c05ab6a15d2e
  4TRI_C3S recycles=10 steps=200 -> 9252aa4f-aa14-4790-bc01-896b9c7b7abd
  4TRI_C3S recycles=3 steps=50 -> 9a0f3598-308f-4fbf-915f-24ffcded8f82
  4TRI_C3S recycles=3 steps=400 -> 5bd7296a-2262-471f-9a03-610ea2fc0f38
  6U3K_PQS recycles=3 steps=200 -> def00664-a5b3-415b-8d29-b46cfd2dbbca
  6U3K_PQS recycles=10 steps=200 -> 204e4fd5-0567-4cf4-ac7e-da37cea30270
  6U3K_PQS recycles=3 steps=50 -> 0a85e4ee-d809-4d68-9ca3-c3b02601fc66
  6U3K_PQS recycles=3 steps=400 -> 85a224e3-360a-493f-8090-71a557ba1710
  6C3J_EJD recycles=3 steps=200 -> ea0a7b57-cdae-479c-be7b-4a5f8a84f3bf
  6C3J_EJD recycles=10 steps=200 -> 44e6be60-0711-4c44-9e24-a859c4bb5a9d
  6C3J_EJD recycles=3 steps=50 -> 2072bf8e-a990-4e43-83e5-ad1b038bcf43
  6C3J_EJD recycles=3 steps=400 -> 2a5633e6-c0c3-4d78-a365-d7ee3a0362ee
  7LAD_XRD recycles=3 steps=200 -> 52e9bf71-9ee4-46fa-848b-0519c0eb77e2
  7LAD_XRD recycles=10 steps=200 -> 94bf5453-32a8-4aef-9748-0826768c2171
  7LAD_XRD recycles=3 steps=50 -> 321229d1-dd4f-4ef8-8191-c7d76def519a
  7LAD_XRD recycles=3 steps=400 -> 882f34d2-45c3-4c6f-84c7-261bbfd4bd06
  9KG5_TES recycles=3 steps=200 -> 60d653f8-77a1-4a29-ac54-a7d9eb9ee0c4
  9KG5_TES recycles=10 steps=200 -> c9d5f27d-3972-4052-8cfd-2bf2baca86e3
  9KG5_TES recycles=3 steps=50 -> 3f7193c6-6054-4093-9ca9-4b2bab1c271c
  9KG5_TES recycles=3 steps=400 -> a678ab80-9371-4e69-8649-370db345caae
  8HGB_L6X recycles=3 steps=200 -> b5e95144-f1d1-41aa-952d-aadb37c7fd00
  8HGB_L6X recycles=10 steps=200 -> e761b14c-a8df-4b68-86d8-18f8736af880
  8HGB_L6X recycles=3 steps=50 -> 1aea4e68-6272-4cbe-bf94-3971769ed4a9
  8HGB_L6X recycles=3 steps=400 -> ac8cffb3-896e-4194-91d0-a8a280ad718d
  6OOA_MWY recycles=3 steps=200 -> 54ed5a69-6d4e-4791-be47-4ec9625e834d
  6OOA_MWY recycles=10 steps=200 -> 81a06272-6313-4955-a7a0-8aef89dd0db0
  6OOA_MWY recycles=3 steps=50 -> 479402b0-6099-479a-8895-26c8d107b28c
  6OOA_MWY recycles=3 steps=400 -> 7497cccb-346a-4a73-80e5-86cb816f8915
  6G5Q_EMZ recycles=3 steps=200 -> 19f44dc8-510f-48dc-81b7-255a1b7b018f
  6G5Q_EMZ recycles=10 steps=200 -> 8f7575ae-ecb2-4952-a089-bac53036d53e
  6G5Q_EMZ recycles=3 steps=50 -> 566e7b50-5d42-4a58-805a-aa128c788584
  6G5Q_EMZ recycles=3 steps=400 -> e6aac0f6-d873-493f-a229-ed1b2f79ebe6
  1N6B_DMZ recycles=3 steps=200 -> 24b997e3-78c3-4918-a706-a72a2b398ad1
  1N6B_DMZ recycles=10 steps=200 -> 55503193-6e1c-4ea3-a781-1d97d2057987
  1N6B_DMZ recycles=3 steps=50 -> 1f0d8aef-8e2f-41ae-9f51-c2413229b172
  1N6B_DMZ recycles=3 steps=400 -> a41d5a1b-7b7e-4e25-a9bd-d19b3dc0f64c
  8FID_NE4 recycles=3 steps=200 -> d9325832-f9e3-4999-970d-3a1fd249c2c6
  8FID_NE4 recycles=10 steps=200 -> 522acfa6-0f77-4f3b-a482-dff9527b36c9
  8FID_NE4 recycles=3 steps=50 -> 869ddc4d-f1b3-4691-b45a-7e8f7c4f717b
  8FID_NE4 recycles=3 steps=400 -> 1e3b4b4e-a744-4f74-8fbc-7f81b3299e61
  2X5W_K2B recycles=3 steps=200 -> e7043669-6504-49a8-9f5b-51e63957c93b
  2X5W_K2B recycles=10 steps=200 -> df23f629-6afc-48a6-903f-606004469a94
  2X5W_K2B recycles=3 steps=50 -> 03963470-6928-4ae3-b422-a84bd09d655b
  2X5W_K2B recycles=3 steps=400 -> 020525df-b533-4581-89d3-dc8606b6d55f
  8TAW_PQS recycles=3 steps=200 -> fad5720c-d7b6-430c-8d23-84007a97d22f
  8TAW_PQS recycles=10 steps=200 -> 2c79eab4-ded1-41f6-9de5-223f141f5166
  8TAW_PQS recycles=3 steps=50 -> bcb8cbbe-1aa0-4929-a20d-09cd1eb9a838
  8TAW_PQS recycles=3 steps=400 -> 48d9dfbf-a0fb-4237-8ba2-a7f33d0154dc
  7TRT_KQF recycles=3 steps=200 -> 16eeef73-949f-4f39-a9ce-f78a0071885b
  7TRT_KQF recycles=10 steps=200 -> dbc07ec7-b70a-4af9-91a2-e7c9d01987ad
  7TRT_KQF recycles=3 steps=50 -> 49334089-514d-48c2-b559-017635f46c3c
  7TRT_KQF recycles=3 steps=400 -> 1b9d4ff5-87d0-4d96-9fd1-40b982b5aef8
  6TO2_NQ8 recycles=3 steps=200 -> d72e5571-680f-4b54-b655-aefcb3296986
  6TO2_NQ8 recycles=10 steps=200 -> fd2f705a-a761-4a6d-9e3d-6300738c1729
  6TO2_NQ8 recycles=3 steps=50 -> a538a947-899b-4872-a7b1-be947606576f
  6TO2_NQ8 recycles=3 steps=400 -> f51f3c63-4495-40f5-ba4f-e2c595e7f850
  4J6C_STR recycles=3 steps=200 -> 01c822ae-1dae-478b-928c-ce193f28f64d
  4J6C_STR recycles=10 steps=200 -> 82456566-d2c3-4ea9-831d-8bf04d9a1614
  4J6C_STR recycles=3 steps=50 -> 523f0bd1-78ee-4b3e-942c-2481c09cd57c
  4J6C_STR recycles=3 steps=400 -> d336c216-6b17-45c0-90d1-946779f6c327
  6BLD_DXJ recycles=3 steps=200 -> 83ece553-356f-41ff-84e9-f4ec95f3e2b4
  6BLD_DXJ recycles=10 steps=200 -> 510f0059-605a-444b-b87c-b4fff20c2391
  6BLD_DXJ recycles=3 steps=50 -> 7fa7c349-0c04-481c-918d-59fe3b6ec2f3
  6BLD_DXJ recycles=3 steps=400 -> e9d9786e-0d7e-4dd9-984b-f024ee9bb8a1
  3N9Y_CLR recycles=3 steps=200 -> df3e1c08-3dc2-4f60-b3e1-7ca8170f2d38
  3N9Y_CLR recycles=10 steps=200 -> c4309051-1c6d-407f-ad8e-1a4d393901f8
  3N9Y_CLR recycles=3 steps=50 -> 2ceb683c-66f6-4e9f-9cce-b99c6ad49a2e
  3N9Y_CLR recycles=3 steps=400 -> e2a34559-1c3b-4753-83c6-f557d9dda68d
  8FIC_NE4 recycles=3 steps=200 -> 32dcd46e-e6d9-49c0-b3c0-2abc71420a4c
  8FIC_NE4 recycles=10 steps=200 -> e49e9858-72ca-4c64-9061-51e94d4770c4
  8FIC_NE4 recycles=3 steps=50 -> 3323a111-d1b8-43ed-bfc7-2bec4c34e14a
  8FIC_NE4 recycles=3 steps=400 -> 11e8b7d1-73f9-4e50-ac0d-9c3d50c2cf21
  8FKB_FOF recycles=3 steps=200 -> 66724309-549c-43a9-a2b0-9aacd22184e9
  8FKB_FOF recycles=10 steps=200 -> 4f82cb9c-a57b-47a5-b74a-34467220570e
  8FKB_FOF recycles=3 steps=50 -> 9e272e3f-c82f-47b4-8073-8ea3c66976de
  8FKB_FOF recycles=3 steps=400 -> 1dcda469-8074-40e1-9d93-34d217783f13
  8D8P_PLM recycles=3 steps=200 -> 4e548e6c-d91b-4dd4-9509-26ffa2c5a9c0
  8D8P_PLM recycles=10 steps=200 -> 71e873ae-aee5-4480-a302-cdf74d12d930
  8D8P_PLM recycles=3 steps=50 -> b54228a9-f5f3-44a5-9e54-be92114bfd64
  8D8P_PLM recycles=3 steps=400 -> 3974baba-9c47-4b86-954c-7d4592fadf91
  6TET_N5Z recycles=3 steps=200 -> f5308586-6c23-44d5-ae4f-11e4585ecc31
  6TET_N5Z recycles=10 steps=200 -> d1a323be-be4d-4ba2-aeed-0e90bce536b4
  6TET_N5Z recycles=3 steps=50 -> 6a292297-4467-49bd-9127-be93df18d845
  6TET_N5Z recycles=3 steps=400 -> 5aed590a-35a4-4908-a331-f9c1377f1c27
  2VE3_REA recycles=3 steps=200 -> 41b460ba-e35e-4814-81b7-6e52e8e59072
  2VE3_REA recycles=10 steps=200 -> ffcbb636-dc21-46a0-87da-5dcc57a0d35e
  2VE3_REA recycles=3 steps=50 -> 562e3f1b-9221-4f4f-8543-3db316074156
  2VE3_REA recycles=3 steps=400 -> f9608d93-70ce-4397-b8ca-139483cbe22c
  7JW5_Z7Z recycles=3 steps=200 -> dc4419cd-c004-4b77-b170-fbc9eeb84e73
  7JW5_Z7Z recycles=10 steps=200 -> dc0b8563-17e6-41d1-b1e3-46b94e090fc0
  7JW5_Z7Z recycles=3 steps=50 -> a7dc4f24-f7dd-4a84-8f77-5a78e2aa1866
  7JW5_Z7Z recycles=3 steps=400 -> fb228109-0df3-41fa-86bb-1fc0aa10aadc
  1NR6_DIF recycles=3 steps=200 -> aa6dd613-3d17-496e-a0bc-66604518672b
  1NR6_DIF recycles=10 steps=200 -> 8ce36e12-28c8-44fd-86dc-f3990abfdb50
  1NR6_DIF recycles=3 steps=50 -> e62d3bc8-e3a3-4860-a717-5392effd7c14
  1NR6_DIF recycles=3 steps=400 -> 7dd372c8-a0d3-4763-8f52-91dc319c5ac2
  4I8V_BHF recycles=3 steps=200 -> e379b66b-5cbb-44b5-bcce-15d1287f5881
  4I8V_BHF recycles=10 steps=200 -> 8ab0845f-66fa-4435-8e9f-ed4dab4fa258
  4I8V_BHF recycles=3 steps=50 -> 9ec5cbf8-19e1-4357-b033-29e3625dbbcb
  4I8V_BHF recycles=3 steps=400 -> 55946ec5-10a5-4946-ac11-a88b060b6702
  4J6B_PLO recycles=3 steps=200 -> 26c060f5-e928-42b4-aa9d-c84ec67bf873
  4J6B_PLO recycles=10 steps=200 -> 4925a790-425d-469a-82f2-12a801c64cad
  4J6B_PLO recycles=3 steps=50 -> 7387e054-a8cc-44a7-99af-4f55b212cd28
  4J6B_PLO recycles=3 steps=400 -> 5632b011-fbb0-4447-afbb-0072236ca715
  7ZLZ_JFC recycles=3 steps=200 -> c94f014f-98f0-47ea-865c-16cfc677a1cc
  7ZLZ_JFC recycles=10 steps=200 -> 516bd5ea-f1f0-4110-b588-05f45d0ef458
  7ZLZ_JFC recycles=3 steps=50 -> 40020433-4e94-40aa-bfd7-c1e6998985d3
  7ZLZ_JFC recycles=3 steps=400 -> 56a55c55-2100-4a36-a913-47962a354267
  5A5I_XI1 recycles=3 steps=200 -> d83b59c8-c3b4-4082-90f0-90750628dfbb
  5A5I_XI1 recycles=10 steps=200 -> 6f4c7636-0fcd-49e0-882f-79fb0734a4b2
  5A5I_XI1 recycles=3 steps=50 -> fcfce827-04a8-46fa-9a4b-689c3580d650
  5A5I_XI1 recycles=3 steps=400 -> 8678cab5-c62c-4825-9005-3b9acfd4e11f
  3WVS_RRM recycles=3 steps=200 -> 9eb3ab14-004b-4346-8d5c-9a35b3b41e6a
  3WVS_RRM recycles=10 steps=200 -> d0a43dca-7e2b-4cfe-91d9-763a5cbe3641
  3WVS_RRM recycles=3 steps=50 -> 3517ad8f-c237-4856-9210-b7bcbe4b6826
  3WVS_RRM recycles=3 steps=400 -> e23947f9-2150-4c76-9db0-573b0ab7552f
  7TEF_BTB recycles=3 steps=200 -> 35309858-766d-46c2-9945-786569a45f5d
  7TEF_BTB recycles=10 steps=200 -> 6d83428a-e143-481d-bd01-63c93ca91bf0
  7TEF_BTB recycles=3 steps=50 -> 105e56b5-8085-4cb6-9a42-9f0a8792cd54
  7TEF_BTB recycles=3 steps=400 -> 30e8d9dc-7a1a-47f7-9b35-e01917a2ad63
  6TEV_N5W recycles=3 steps=200 -> 1ce3ecc6-aea7-4a8c-97a8-7b9b8ae3e163
  6TEV_N5W recycles=10 steps=200 -> a6b54447-e53a-4a97-a291-d507a4c6eeff
  6TEV_N5W recycles=3 steps=50 -> 7f0cec18-33c6-48dc-bda2-5c4d93371373
  6TEV_N5W recycles=3 steps=400 -> c2fd6744-18ab-4ec1-9948-672d8fbb9da1
  2J0D_ERY recycles=3 steps=200 -> 5b826b92-04a9-4de2-93aa-fecbcc96ead9
  2J0D_ERY recycles=10 steps=200 -> 27299034-6033-43ea-bdc0-6af1897ca5cd
  2J0D_ERY recycles=3 steps=50 -> 9d091a32-97f8-4bfe-b97b-49450f1071c9
  2J0D_ERY recycles=3 steps=400 -> c2e39dfc-9730-4843-aa76-2fd8c77e8f8a
  6DWN_AQ4 recycles=3 steps=200 -> e47aed80-01e5-4f3c-93b8-dd1f5fb2e587
  6DWN_AQ4 recycles=10 steps=200 -> 127510e7-46c5-453b-81a7-b4e431bc1e38
  6DWN_AQ4 recycles=3 steps=50 -> 47c0f1a8-ac1e-4a84-a1f4-fda75995649f
  6DWN_AQ4 recycles=3 steps=400 -> 39a257c0-e239-4663-95e8-980edd164beb
  9LN5_RRM recycles=3 steps=200 -> ee4940ef-ff85-4a54-92c9-cee3868924e7
  9LN5_RRM recycles=10 steps=200 -> 60221f76-942e-4d3b-860a-1a32fda7f353
  9LN5_RRM recycles=3 steps=50 -> 1418e688-e64c-4f75-b9ab-6fa284b2280b
  9LN5_RRM recycles=3 steps=400 -> 4e500c2e-1a01-4b24-a5a8-f425a022661f
  6C3H_EJV recycles=3 steps=200 -> 7bdfe452-4686-46e9-b13c-53499a61834c
  6C3H_EJV recycles=10 steps=200 -> ba36f029-3f2e-4bac-8929-67bec4a14c1f
  6C3H_EJV recycles=3 steps=50 -> c6c162c2-9a76-489e-ac10-3f4182a844dd
  6C3H_EJV recycles=3 steps=400 -> cd0c052d-8269-4cee-9439-6115b2960327
  2NNH_9CR recycles=3 steps=200 -> 8c5ae4c2-d007-47b0-a201-e774b069d45d
  2NNH_9CR recycles=10 steps=200 -> 9ba660f4-c311-4a47-9544-6ef9f481ff68
  2NNH_9CR recycles=3 steps=50 -> 97326fb4-dfb6-43d8-b5f0-59d4e7af6b68
  2NNH_9CR recycles=3 steps=400 -> 42f1cd95-9539-4981-a51d-b563a9b33f93
  8E5J_HX1 recycles=3 steps=200 -> ed953fed-26ca-439e-940d-3c25246e3342
  8E5J_HX1 recycles=10 steps=200 -> fbd638b9-33eb-4e38-b576-e536da86b6c8
  8E5J_HX1 recycles=3 steps=50 -> b24015f8-5120-42cf-af70-1803397f4749
  8E5J_HX1 recycles=3 steps=400 -> 4d82f455-cc4e-4b1e-a241-43e2cd2d15a0
  1T93_FLV recycles=3 steps=200 -> 876d9aca-65fb-4357-a61a-319ac53051b7
  1T93_FLV recycles=10 steps=200 -> e19bfee1-b7f7-4e7b-909f-22ba745ed5a3
  1T93_FLV recycles=3 steps=50 -> fb840357-b3e9-495d-a062-3ab0312d7034
  1T93_FLV recycles=3 steps=400 -> d394870c-f09d-432b-86c0-08e0270f2fd9
  7TND_JO4 recycles=3 steps=200 -> b18b08d9-def7-46ab-9477-bfaf8b8b937a
  7TND_JO4 recycles=10 steps=200 -> 9d3e639a-d2e3-4a07-88a7-7b59c269905d
  7TND_JO4 recycles=3 steps=50 -> 61abc2fb-7a9e-4801-9382-c31025fb3756
  7TND_JO4 recycles=3 steps=400 -> e421e2f7-7ce5-460b-a4ad-679d3c907004
  1Z8P_DEB recycles=3 steps=200 -> 22134d11-9fd1-437e-8736-890d0542762b
  1Z8P_DEB recycles=10 steps=200 -> 309ad0a9-e129-4507-966f-0ab978b4fe72
  1Z8P_DEB recycles=3 steps=50 -> a2c52dc6-e1d6-4df5-9190-951b4f618ad5
  1Z8P_DEB recycles=3 steps=400 -> 8b353f5c-6804-45d9-a67a-f7574b7f383b
  9ZEG_JO4 recycles=3 steps=200 -> 84264ce3-d3b2-466d-98a9-ff454e0e056c
  9ZEG_JO4 recycles=10 steps=200 -> 2eab11f3-cc9b-415e-96f5-826faec811ab
  9ZEG_JO4 recycles=3 steps=50 -> fe7974be-496e-47ba-8451-4442461f5b1b
  9ZEG_JO4 recycles=3 steps=400 -> 97b504b3-5381-45ed-803f-5c3b5f9bc10c
  4GQS_0XV recycles=3 steps=200 -> ab3267c4-3f64-40a4-958f-7853522df74d
  4GQS_0XV recycles=10 steps=200 -> 8d8da056-794c-4cdb-97f3-9a47b42f60c7
  4GQS_0XV recycles=3 steps=50 -> 6b82cb0f-b780-417d-b16e-7af18583f9f3
  4GQS_0XV recycles=3 steps=400 -> 6eca79df-ed73-435a-a3a3-6212c2a2bad6
  1Z8Q_DEB recycles=3 steps=200 -> b69fee63-6733-477c-827d-5995d6f7d56d
  1Z8Q_DEB recycles=10 steps=200 -> adb47c1d-bf2e-4894-8e3f-8e973551c25b
  1Z8Q_DEB recycles=3 steps=50 -> e339a70a-6b5f-4613-8a73-528d2c6591b2
  1Z8Q_DEB recycles=3 steps=400 -> 6257af13-dfec-42dc-bc66-63ae6a56ede3
  1Z8O_DEB recycles=3 steps=200 -> ee281d58-089b-467e-b949-fe8cd835c87e
  1Z8O_DEB recycles=10 steps=200 -> 8ac8221a-f094-4f23-afac-2e71d6a5a758
  1Z8O_DEB recycles=3 steps=50 -> 58d5955e-95b9-4ae8-a21a-dd6b077a1173
  1Z8O_DEB recycles=3 steps=400 -> 443cd63a-4918-4e21-884b-5a03d990dc27
  7CL8_TES recycles=3 steps=200 -> a7aa7a62-c091-425b-8182-ca14fa201453
  7CL8_TES recycles=10 steps=200 -> 41506cc3-56f3-4d67-8941-e384d52cde94
  7CL8_TES recycles=3 steps=50 -> 42a971a1-acee-4f9d-8351-f06d64478d92
  7CL8_TES recycles=3 steps=400 -> ab88d4d7-43be-4e69-ae25-f6d748437b6a
  7WZM_OLA recycles=3 steps=200 -> dbe0678b-8e0d-4dc1-b36f-a4e3bf067802
  7WZM_OLA recycles=10 steps=200 -> 6339eff8-680e-493c-8377-1d2cb1b93237
  7WZM_OLA recycles=3 steps=50 -> 331e728d-ef6a-4915-8d33-928c80a2403e
  7WZM_OLA recycles=3 steps=400 -> 4cf8c530-83a6-440b-8f02-347051bc02ab
  2D09_FLV recycles=3 steps=200 -> 7cefd190-60b3-46d2-b6d1-02fa6fa6ec73
  2D09_FLV recycles=10 steps=200 -> 3e05ea76-bbca-4c93-b63b-c64ae54a0a65
  2D09_FLV recycles=3 steps=50 -> 6e7a6295-c700-433d-ac7a-74201aed9aaf
  2D09_FLV recycles=3 steps=400 -> b8599afb-5fad-4d9e-afd6-d75e7b1d3a95
  3UAS_0BV recycles=3 steps=200 -> 10372a48-aa89-4e70-a1a9-11195e9968c8
  3UAS_0BV recycles=10 steps=200 -> 19d5689d-827e-4283-811c-594613f2a2a2
  3UAS_0BV recycles=3 steps=50 -> 005b5fb3-1a9c-46c6-b6a8-a39d927e298e
  3UAS_0BV recycles=3 steps=400 -> cd134db2-2501-41b5-98dc-f1000532db92
  7TNF_Z7Z recycles=3 steps=200 -> d069afef-07df-4198-af4d-e698578d9576
  7TNF_Z7Z recycles=10 steps=200 -> f7259b08-fb93-490c-9d14-bb36a38d8329
  7TNF_Z7Z recycles=3 steps=50 -> b85a7883-c6d8-4d84-a00f-90891291f21d
  7TNF_Z7Z recycles=3 steps=400 -> 0f3585eb-c413-4777-9c5e-ca88425f8faf
  4EGP_FIV recycles=3 steps=200 -> 2f56d43a-1dc3-43ec-ad0a-76d700c7f5cc
  4EGP_FIV recycles=10 steps=200 -> a87526b2-1e40-4e55-b529-2d0fd303dcff
  4EGP_FIV recycles=3 steps=50 -> cd23cafc-b365-4282-9685-b6d7a9385f9f
  4EGP_FIV recycles=3 steps=400 -> 27d458e4-fe69-4a57-bfd6-d7b9e4cb9997
  2NNJ_225 recycles=3 steps=200 -> 73aaa767-c650-4444-bcfc-468accec68ab
  2NNJ_225 recycles=10 steps=200 -> 0c50abcc-0669-4e8c-a741-c0ee20ca185e
  2NNJ_225 recycles=3 steps=50 -> 4c878eb6-e594-4b5b-905a-27cea3511de1
  2NNJ_225 recycles=3 steps=400 -> 5064352c-c889-4658-97a4-7a080b12a7c3
  5GWE_GWM recycles=3 steps=200 -> 1e3707c7-01f2-4079-820e-03d80edc94e0
  5GWE_GWM recycles=10 steps=200 -> 2552f840-74fa-4bd4-8ceb-1064a4b7def8
  5GWE_GWM recycles=3 steps=50 -> 00683751-6762-4f08-a95e-44a07b376115
  5GWE_GWM recycles=3 steps=400 -> 3cb61081-59de-46d9-bcc6-9c3ccda57ff0
  9PLK_A1CIW recycles=3 steps=200 -> 28ed4c78-d067-4620-9a42-02aca6caa54c
  9PLK_A1CIW recycles=10 steps=200 -> 0a8acfa0-1b11-4384-bcb5-fe2ce302078a
  9PLK_A1CIW recycles=3 steps=50 -> a776e319-e300-4f95-b1b8-d2964f19be7a
  9PLK_A1CIW recycles=3 steps=400 -> a178e44a-cad0-4f39-9914-52011b985ead
  6RQ5_KEB recycles=3 steps=200 -> 133194e6-481b-46d2-a081-cc5286a6e71c
  6RQ5_KEB recycles=10 steps=200 -> c1cafab8-30fd-47ba-8e9e-5e2f58c6283f
  6RQ5_KEB recycles=3 steps=50 -> 84e1dc86-3bb1-42a8-b754-24ba477501cb
  6RQ5_KEB recycles=3 steps=400 -> ac3ba2ba-d757-4045-90a3-42ef2ec4d2cb
  1JIO_DEB recycles=3 steps=200 -> 70485378-2f2e-4b65-8f36-dbba5a4e968c
  1JIO_DEB recycles=10 steps=200 -> bb3cc1e1-9d35-4871-a46a-d4cb6fbeb386
  1JIO_DEB recycles=3 steps=50 -> 876b4a81-531d-43eb-9070-bcddabb92a65
  1JIO_DEB recycles=3 steps=400 -> e550b1bc-0eb4-4894-b258-a72245226502
  5XXI_LSN recycles=3 steps=200 -> 210a0bc7-26e2-4b79-ae79-6b4037ad07f0
  5XXI_LSN recycles=10 steps=200 -> a6f8f1c2-4911-46ad-8f33-70ce41bedeaf
  5XXI_LSN recycles=3 steps=50 -> a7531e59-a2c0-4d90-acac-2de93deb65fc
  5XXI_LSN recycles=3 steps=400 -> cd2fe6e9-ca42-40c3-bce4-9096b1311b2f
  7CL9_ASD recycles=3 steps=200 -> c9229549-38a4-4f19-8b66-ed7837337d8a
  7CL9_ASD recycles=10 steps=200 -> 4b1e259e-4f39-45ac-a886-4ba3929870a9
  7CL9_ASD recycles=3 steps=50 -> 6796d4a6-b33a-4712-a7f7-f2eb9ef5e30a
  7CL9_ASD recycles=3 steps=400 -> e9841783-5232-44a6-bcb1-5e37fd594ab6
  6RQD_KEW recycles=3 steps=200 -> a19e1ece-2120-4350-89a3-ed34fe93fc21
  6RQD_KEW recycles=10 steps=200 -> cb81be67-2ea1-4338-b420-d7e327822306
  6RQD_KEW recycles=3 steps=50 -> 8ba804ee-f1b9-4727-aca5-97e9b037d0ce
  6RQD_KEW recycles=3 steps=400 -> 11734765-5818-4c63-8793-c4f890a2ac18
  5X23_LSN recycles=3 steps=200 -> fb70fca2-6bae-41cf-8ec2-2a2636239513
  5X23_LSN recycles=10 steps=200 -> b5de1e3c-5675-4bba-b7da-75a09dd64429
  5X23_LSN recycles=3 steps=50 -> 2dc46b07-a2c5-4c2d-b754-a579eed2bc93
  5X23_LSN recycles=3 steps=400 -> 304280fd-2d52-419b-8481-a330ac33413a
  9ZEH_JO4 recycles=3 steps=200 -> 68b91962-c270-418f-89f4-7504fa2f5512
  9ZEH_JO4 recycles=10 steps=200 -> da337629-36da-41fb-b6fc-4fae2898205c
  9ZEH_JO4 recycles=3 steps=50 -> 03a6afdc-86ab-421f-85f5-42e70c347653
  9ZEH_JO4 recycles=3 steps=400 -> a620c777-c5ef-4fd0-ad7e-9896b57cbcf4
  9O4D_UYM recycles=3 steps=200 -> 0bc700b5-46c1-44df-96c3-439eb5532339
  9O4D_UYM recycles=10 steps=200 -> 4186e96e-cfe8-4745-9477-e45bdb694017
  9O4D_UYM recycles=3 steps=50 -> 35d08842-8086-49fb-80b5-1f2ba220ee5a
  9O4D_UYM recycles=3 steps=400 -> 6dc54a8d-fd9e-46c9-bf91-3a6d82fec906
  7NQO_ULZ recycles=3 steps=200 -> 6352f789-baee-47f9-a444-e4802dc452dd
  7NQO_ULZ recycles=10 steps=200 -> 722221c3-d97e-448f-b5fb-05f4fe7aed7d
  7NQO_ULZ recycles=3 steps=50 -> 70f5dbda-246d-44e5-a51f-0225a423b763
  7NQO_ULZ recycles=3 steps=400 -> 2c636824-5f31-4cc6-a405-bf6d21745c49
  2HI4_BHF recycles=3 steps=200 -> 4aa8cc34-82d5-4df3-ac89-347df4b0b94d
  2HI4_BHF recycles=10 steps=200 -> f2985019-09bd-4039-9d62-6bebd7d90de8
  2HI4_BHF recycles=3 steps=50 -> 2aa027ca-1fbb-4ab4-8f73-893377a046d2
  2HI4_BHF recycles=3 steps=400 -> 646b9664-e71a-40a9-aa0a-bd499fcacec2
  9ZEI_JO4 recycles=3 steps=200 -> e20cb00d-2146-4627-a5f5-3360f152a3ce
  9ZEI_JO4 recycles=10 steps=200 -> a59bb85d-9457-4253-9788-560d80ff2304
  9ZEI_JO4 recycles=3 steps=50 -> 61ae7026-6e02-444e-ada0-30701f65c2d4
  9ZEI_JO4 recycles=3 steps=400 -> 83fd7d9d-6c1a-4c60-b464-2f32b0bb455a
  5U6U_81M recycles=3 steps=200 -> 11f248d5-d0b2-4f66-9cd1-901b3a435615
  5U6U_81M recycles=10 steps=200 -> c1088f4b-c0c5-4039-932a-5fc2baf3ea0e
  5U6U_81M recycles=3 steps=50 -> f2569cac-35bc-4353-961f-4c71eba26792
  5U6U_81M recycles=3 steps=400 -> 0490f7aa-0a46-4655-b280-8ea379ed7242
  7UDF_8ZU recycles=3 steps=200 -> 4da388fd-5d48-483b-b2a7-4b0beae5642a
  7UDF_8ZU recycles=10 steps=200 -> d29d78d2-b5cb-4e4f-877c-681247504152
  7UDF_8ZU recycles=3 steps=50 -> e04f57db-7419-4f49-a904-349991a10bce
  7UDF_8ZU recycles=3 steps=400 -> 7941fef7-33c0-4d7e-84fb-26f430fb1c20
  8TNK_IRJ recycles=3 steps=200 -> 2e92bd66-0ea2-44cf-8f47-d107cdc03c0e
  8TNK_IRJ recycles=10 steps=200 -> a3acd9f3-394a-4a1d-8b17-0b520503b13e
  8TNK_IRJ recycles=3 steps=50 -> 9697e214-7b2e-4268-9fa7-dfa8958b4fdf
  8TNK_IRJ recycles=3 steps=400 -> 288a9102-5424-4d7b-8fc0-a5461dd32cc1
  1OXA_DEB recycles=3 steps=200 -> eae6861b-c776-4cf2-a6f3-c26dc2518f99
  1OXA_DEB recycles=10 steps=200 -> c743f8f7-5cf6-40f3-9b04-b6f03e8d170e
  1OXA_DEB recycles=3 steps=50 -> 66b7b38e-c0e3-4cfe-ad17-f6aea48cdb27
  1OXA_DEB recycles=3 steps=400 -> a0008e25-4605-4bd6-993b-e07b74825996
  6J87_B9L recycles=3 steps=200 -> 4666236a-040d-4dfd-92aa-cf3fc088f190
  6J87_B9L recycles=10 steps=200 -> 88a5f9e1-a334-43e3-bbbd-733d3f8a026b
  6J87_B9L recycles=3 steps=50 -> ab550cc4-93b8-478f-8961-e2b883f8cd91
  6J87_B9L recycles=3 steps=400 -> a488a69d-9a2e-473a-a02a-7dc2e1313e88
  6O5Y_KUV recycles=3 steps=200 -> 92c84bf6-53ed-47b1-9700-194e51dca9b2
  6O5Y_KUV recycles=10 steps=200 -> 010e13b0-7bd5-424d-9a78-1e582e7bf8c8
  6O5Y_KUV recycles=3 steps=50 -> 231be3d2-f46e-4125-b94f-65e29b2b7029
  6O5Y_KUV recycles=3 steps=400 -> 827180fc-e631-4ad9-b018-b60af22663d7
  7DLS_EV1 recycles=3 steps=200 -> b53ae322-15e5-4695-a8bd-5741d7a3be3d
  7DLS_EV1 recycles=10 steps=200 -> 8ff72c14-8842-4eab-a1d2-279a13a3c984
  7DLS_EV1 recycles=3 steps=50 -> 70c02a8c-fec7-4319-bf4b-4f8757d4fbab
  7DLS_EV1 recycles=3 steps=400 -> 0a8083b6-af59-4ae3-8951-e83cb9ede47a
  6FYJ_MYR recycles=3 steps=200 -> 04d6a82d-1cdb-4163-bb4e-931402ef0ad5
  6FYJ_MYR recycles=10 steps=200 -> ee545806-71c1-463e-b0d1-46dcdaebcbc9
  6FYJ_MYR recycles=3 steps=50 -> 8c5ce0af-1e39-488a-af1c-6ac5a799e884
  6FYJ_MYR recycles=3 steps=400 -> 283b1a85-b5ea-4742-9f59-2fc957f094ec
  4UBS_DIF recycles=3 steps=200 -> aa1e1621-f2f5-4ab0-b44d-8410232f2708
  4UBS_DIF recycles=10 steps=200 -> 3d8ad28e-f1d1-4c03-af3e-cc438db4ff99
  4UBS_DIF recycles=3 steps=50 -> e9047e95-156e-4992-bf75-d327611ce432
  4UBS_DIF recycles=3 steps=400 -> 4b0a997c-2d58-43d6-8277-fb2d6d77a30d
  8VX0_LSN recycles=3 steps=200 -> 326556ee-f962-43c9-823e-08503c2130ab
  8VX0_LSN recycles=10 steps=200 -> 0f8b5665-e088-476d-bda6-b5e6b9ac0e31
  8VX0_LSN recycles=3 steps=50 -> 7436e236-ddb5-45ec-b66e-c514d42b5549
  8VX0_LSN recycles=3 steps=400 -> 295f543f-6707-47fa-8c20-d2443caf0010
  4J6D_TES recycles=3 steps=200 -> 22332cbe-0855-4fb4-8ca9-741d585f9fe7
  4J6D_TES recycles=10 steps=200 -> 5a8f469e-c4d2-48d3-ab08-d4bd3a8e1ffb
  4J6D_TES recycles=3 steps=50 -> bafbe9fa-5fed-4e41-8f5f-1b58673dfcee
  4J6D_TES recycles=3 steps=400 -> 106db930-f9f4-4762-b624-a9c7cb220dce
  3CZH_D2V recycles=3 steps=200 -> 7cd2477e-833c-4919-a072-6dff6cda9dfd
  3CZH_D2V recycles=10 steps=200 -> ea285dbd-9992-470f-b002-8238f445cdaa
  3CZH_D2V recycles=3 steps=50 -> 409995f7-22d2-496d-9e3c-36af2e920c8d
  3CZH_D2V recycles=3 steps=400 -> ba332570-8b53-44d5-aaec-9b6dfdd9f079
  8D1C_M4F recycles=3 steps=200 -> 6a09fb3b-6d47-4f30-b3e6-9c53c61ff341
  8D1C_M4F recycles=10 steps=200 -> eda23059-95f6-42c9-9ced-5e71acae887a
  8D1C_M4F recycles=3 steps=50 -> 1068cdcb-ea6e-4fd4-8c8a-1eb026f82b88
  8D1C_M4F recycles=3 steps=400 -> b324513e-a71a-4374-a34a-30848eb44e6c
  6VJX_QZP recycles=3 steps=200 -> 38f3b179-b54c-48f1-bf13-086bb6833544
  6VJX_QZP recycles=10 steps=200 -> e7678f5e-c754-4ad6-ae81-0f3325b3d39c
  6VJX_QZP recycles=3 steps=50 -> 3b2daf08-8478-4c21-98a3-4a32af0c7106
  6VJX_QZP recycles=3 steps=400 -> 53161af5-80d1-4696-a7c0-f531c25d1e41
  7TP5_81M recycles=3 steps=200 -> 581d729a-45d6-4f12-89f2-6716ccd273b7
  7TP5_81M recycles=10 steps=200 -> 950700e2-172d-4288-9a02-bc7848c20f50
  7TP5_81M recycles=3 steps=50 -> 180bedd5-6e87-4142-b613-42042be50735
  7TP5_81M recycles=3 steps=400 -> b323d2aa-5a73-49dc-985e-14ec02681f9c
  1R9O_FLP recycles=3 steps=200 -> 25d2c2f6-90da-4f73-bc26-68abbb2f9e58
  1R9O_FLP recycles=10 steps=200 -> c747ec54-dc9d-4323-9d6c-da8a2307629f
  1R9O_FLP recycles=3 steps=50 -> 1dad0d59-2cd0-4d67-8991-2df794672cc3
  1R9O_FLP recycles=3 steps=400 -> af8a3981-f55d-4fa8-b075-ec117e5af777
  8VZ7_LSN recycles=3 steps=200 -> 3772eeec-002b-4620-92e1-06aaf2b54ca0
  8VZ7_LSN recycles=10 steps=200 -> 736964aa-3bfa-4632-a71f-edb1c9e19403
  8VZ7_LSN recycles=3 steps=50 -> 6009838a-2a56-41d1-b48e-c13e34ce7d1c
  8VZ7_LSN recycles=3 steps=400 -> dcd79ebe-a8c9-4f3e-9cb4-8d0d8162724d
  7RL2_LSN recycles=3 steps=200 -> c56dc553-d3df-4caa-a3cb-3158abacb819
  7RL2_LSN recycles=10 steps=200 -> 6f60cf68-df9c-4f7d-bd41-196ce9eb32d8
  7RL2_LSN recycles=3 steps=50 -> f73eca39-ce6a-45da-bae4-aada95ce2547
  7RL2_LSN recycles=3 steps=400 -> 6dfa97c6-f23b-495c-9933-26d1d321127c
  4JLT_8PR recycles=3 steps=200 -> 0ad956c7-f8c3-4ffd-a8be-45f034652719
  4JLT_8PR recycles=10 steps=200 -> def01d11-d8b5-41f2-be23-de837ac2d986
  4JLT_8PR recycles=3 steps=50 -> 2b522905-f834-470e-9f13-e6e68a74375c
  4JLT_8PR recycles=3 steps=400 -> 1933822c-526e-4146-8f9f-c12ba1837c1d
  3ZKP_ERB recycles=3 steps=200 -> 9d6152b2-31f1-4001-a44a-f88dab6c072f
  3ZKP_ERB recycles=10 steps=200 -> a628e708-4aba-4789-9cd8-22aa917288aa
  3ZKP_ERB recycles=3 steps=50 -> 8ab93074-0084-492f-83a7-5751d392b2b4
  3ZKP_ERB recycles=3 steps=400 -> b615a639-d942-4fe8-87c0-0a16bc680df2
  8G36_UB7 recycles=3 steps=200 -> 0ac52462-b7d2-4fff-a716-992e9f8d3630
  8G36_UB7 recycles=10 steps=200 -> 50b001f0-5c91-48b9-9e6a-aff7fd2a8013
  8G36_UB7 recycles=3 steps=50 -> 3576c7ff-60f8-445b-abb8-72d92ba1637e
  8G36_UB7 recycles=3 steps=400 -> 60378b71-7dd7-4e10-ae28-ab086ec3dcae
  1IZO_PAM recycles=3 steps=200 -> 35ac2fb5-2f34-41d3-9b94-6f8cbe985fd0
  1IZO_PAM recycles=10 steps=200 -> 1d7bd770-c5a3-445f-90aa-b0f7fcbb43dd
  1IZO_PAM recycles=3 steps=50 -> 5f8266c6-cef9-4c04-a12f-9c9818edea4d
  1IZO_PAM recycles=3 steps=400 -> 504a7db3-4e3a-44c4-be25-a0c93270b362
  3SN5_K2B recycles=3 steps=200 -> ac6dfb03-ab18-4b9f-b3ad-0b5f9b359529
  3SN5_K2B recycles=10 steps=200 -> 893289d3-5440-48f9-b623-bf270cb60f5e
  3SN5_K2B recycles=3 steps=50 -> 223eb599-3789-43ed-9384-11d359970861
  3SN5_K2B recycles=3 steps=400 -> d4cbc8f3-a06e-431c-99c0-504f2d932f45
  3DL9_V2H recycles=3 steps=200 -> a05a1dba-31a6-46e2-983c-1d28cdcdab5b
  3DL9_V2H recycles=10 steps=200 -> 582b5c77-ff41-4e0f-82b2-05b50135164a
  3DL9_V2H recycles=3 steps=50 -> 383d0952-d331-42c9-8a0f-4a189601302f
  3DL9_V2H recycles=3 steps=400 -> 19a32cda-b4ab-4e60-9f42-581996af41c3
  2JJO_EY5 recycles=3 steps=200 -> a958e70f-c237-41cb-bbff-07e5cecac262
  2JJO_EY5 recycles=10 steps=200 -> 3c383731-6995-425a-9af8-12c3b624e73a
  2JJO_EY5 recycles=3 steps=50 -> 437f0bc0-3e77-4cb4-aa86-226955626a47
  2JJO_EY5 recycles=3 steps=400 -> ed1a4b2a-b8ad-482d-a6ba-241cd1c35698
  9YK4_PG4 recycles=3 steps=200 -> e817d881-b886-4d24-a06f-e99f26090a47
  9YK4_PG4 recycles=10 steps=200 -> bef0e512-9c3e-4218-9bb6-2618b928b4a4
  9YK4_PG4 recycles=3 steps=50 -> 64b56dc0-da92-4ade-8a74-7f129c18e937
  9YK4_PG4 recycles=3 steps=400 -> 80e26961-6123-48c4-8929-126a3945a2fa
  8FJO_Y7R recycles=3 steps=200 -> b953704f-3b32-4c2e-8d4a-9a85ef0c4d6b
  8FJO_Y7R recycles=10 steps=200 -> 05fa40df-095d-4119-a012-2883f826815b
  8FJO_Y7R recycles=3 steps=50 -> 56742572-d2a9-4815-b572-493b9385eb88
  8FJO_Y7R recycles=3 steps=400 -> b42b461e-6812-45eb-ad46-56aab13223fa
  3K9V_CPS recycles=3 steps=200 -> c09e7a44-1bc9-459c-a85b-ff2d00ea0511
  3K9V_CPS recycles=10 steps=200 -> 42adbd23-3ada-4739-bac1-d51313895f71
  3K9V_CPS recycles=3 steps=50 -> d927d7f7-04f1-43a0-bfaf-c9a414450e7e
  3K9V_CPS recycles=3 steps=400 -> df049e8f-5dda-4776-9c41-eb754d54e88b
  6OOB_MWS recycles=3 steps=200 -> 12b2096b-3fc5-425b-9e7b-9127275ba04c
  6OOB_MWS recycles=10 steps=200 -> f819292e-4579-4d71-9fca-40735ff31bc9
  6OOB_MWS recycles=3 steps=50 -> 47333a60-1d22-4b50-aa64-af9da2ebbd20
  6OOB_MWS recycles=3 steps=400 -> e96c942b-5061-47a1-9262-f415df78f630
  4ICT_1ED recycles=3 steps=200 -> f08664d7-1343-4f11-99e9-433219042af7
  4ICT_1ED recycles=10 steps=200 -> 4b6e7298-05c3-4361-977d-348249f986fa
  4ICT_1ED recycles=3 steps=50 -> e18915e9-64ae-4076-a0d4-3d6cbec184dd
  4ICT_1ED recycles=3 steps=400 -> 5b34a9db-2f02-461b-bc40-a4d184e07aba
  6RQ3_OUC recycles=3 steps=200 -> a2e5aa0c-0e1c-433d-82f8-742b5c587f76
  6RQ3_OUC recycles=10 steps=200 -> 2f03d7f7-2058-46fb-a29d-53b61cd6c5f8
  6RQ3_OUC recycles=3 steps=50 -> f7254172-3130-4a55-bd5d-c86b184548d8
  6RQ3_OUC recycles=3 steps=400 -> 2e0b0de0-866d-4267-a253-2d56c5383cac
  5WP2_YTT recycles=3 steps=200 -> 5d45dd9c-4231-4697-af1a-037cb857bf94
  5WP2_YTT recycles=10 steps=200 -> 4b8319c1-5d7e-4a14-8d00-4b0460a121f5
  5WP2_YTT recycles=3 steps=50 -> c5eb34dd-dead-49bf-9f5b-4f31e874cee2
  5WP2_YTT recycles=3 steps=400 -> 67f361fe-ec2b-45bd-9733-ee15750d86ad
  6RQ1_KE5 recycles=3 steps=200 -> a3b162de-8267-45f7-9c3c-4a932f69b666
  6RQ1_KE5 recycles=10 steps=200 -> 475786ac-0345-470f-a44a-74c196ac8df1
  6RQ1_KE5 recycles=3 steps=50 -> afd8d85c-4507-4a43-a1ed-61ca3c995bc0
  6RQ1_KE5 recycles=3 steps=400 -> d4f931a5-ef03-4f7d-9687-1c2a79033456
  3C6G_VD3 recycles=3 steps=200 -> 63c51b88-7528-4cd9-bda7-fb839f744a7d
  3C6G_VD3 recycles=10 steps=200 -> aa50d07c-f0e6-42fa-b904-3c28cd85a1ad
  3C6G_VD3 recycles=3 steps=50 -> b97e55f5-b6ac-472f-98d2-2fdd3b08153f
  3C6G_VD3 recycles=3 steps=400 -> f7a29cb9-7f8c-4a9b-8b5b-ddd605c30c72
  4H1N_CGE recycles=3 steps=200 -> bef71507-d8be-47fb-bf63-0bc29be92864
  4H1N_CGE recycles=10 steps=200 -> 48b12f45-c827-4691-9876-88623aece9a8
  4H1N_CGE recycles=3 steps=50 -> 0560d061-e334-4a80-8a89-77d1abf32838
  4H1N_CGE recycles=3 steps=400 -> fec6a8fa-01ea-415e-929e-a4efebd32117
  4IQ9_1GB recycles=3 steps=200 -> 0211103a-01a2-4f54-ac86-9e501e469bf1
  4IQ9_1GB recycles=10 steps=200 -> 6016666f-0cd6-4607-8cfa-73371047b3c6
  4IQ9_1GB recycles=3 steps=50 -> e1d2a3a2-8e55-4fa6-ab72-9373c77f9573
  4IQ9_1GB recycles=3 steps=400 -> 164e1b85-5902-4f08-bd0b-f211b7cf06a5
  3OFU_ID3 recycles=3 steps=200 -> cbb6c93c-024d-4fd3-ad01-879f80f9c2bb
  3OFU_ID3 recycles=10 steps=200 -> 6cf188d4-1c09-485d-b9d4-0cde732f00a8
  3OFU_ID3 recycles=3 steps=50 -> 75b42056-a4b8-4685-8655-d8fddd1f83e8
  3OFU_ID3 recycles=3 steps=400 -> 9792aa8e-4b6c-4b07-83c4-d668b979fe3a
  4LXJ_LAN recycles=3 steps=200 -> 17b3f739-1d78-447f-b592-f0e5d2b0b2e4
  4LXJ_LAN recycles=10 steps=200 -> 20ea2ebf-97c4-4266-afec-8a15dd692eb0
  4LXJ_LAN recycles=3 steps=50 -> 0f653e80-3070-4923-96ce-803b0bf714fa
  4LXJ_LAN recycles=3 steps=400 -> dcc795d7-3f01-43f0-a1e2-479610ac3d97
  7JJ1_16A recycles=3 steps=200 -> d3597461-b07b-4a8c-819a-f91995aad1ff
  7JJ1_16A recycles=10 steps=200 -> 3e7e7e01-88f6-4f54-87a1-10191ae46b16
  7JJ1_16A recycles=3 steps=50 -> 4bed721a-3b48-4087-841b-dfa2cf8c238f
  7JJ1_16A recycles=3 steps=400 -> 08cf644a-b246-40d6-9bfd-950e9456c71b
  8TDP_YTT recycles=3 steps=200 -> aebfecd1-57e6-4360-9c95-1fd1f7062583
  8TDP_YTT recycles=10 steps=200 -> 86fc63f4-1676-44f9-bb63-1e07273d0229
  8TDP_YTT recycles=3 steps=50 -> 7eea488f-f38b-4fcc-a90b-db513f7e516d
  8TDP_YTT recycles=3 steps=400 -> 2c289189-62ee-4a23-aa36-d3bfac9f4778
  8TDQ_YTT recycles=3 steps=200 -> 3d6ce8fe-5ee3-43fe-af59-507807b01d14
  8TDQ_YTT recycles=10 steps=200 -> 1d4448bc-1d5d-494b-8a4b-106c13c80b48
  8TDQ_YTT recycles=3 steps=50 -> 6cba3ae4-57de-4525-97c8-46d312d94176
  8TDQ_YTT recycles=3 steps=400 -> 4953955f-7272-4ec3-af7d-4b3aeb674efe
  6TE7_N55 recycles=3 steps=200 -> 07196c6e-c1e7-4c74-91af-9668fe87a1de
  6TE7_N55 recycles=10 steps=200 -> 98490be3-53df-48e4-a886-e7befa040d2f
  6TE7_N55 recycles=3 steps=50 -> c8e30b38-2248-44a1-9591-0c268bb190a6
  6TE7_N55 recycles=3 steps=400 -> e235b32a-55d4-46b4-872f-5f7a5876ce12
  5A5J_6YF recycles=3 steps=200 -> 5878f7ca-7116-49dd-be95-f64aac73b04d
  5A5J_6YF recycles=10 steps=200 -> b24e4009-0dfe-43aa-b540-89218e0ccbd9
  5A5J_6YF recycles=3 steps=50 -> 7681e7e9-4a45-4617-a0bc-43683e0aeda9
  5A5J_6YF recycles=3 steps=400 -> e3455e44-4e61-42e8-adc0-04622f0700cc
  4IPW_1G7 recycles=3 steps=200 -> 1477ecc7-0949-454a-b18a-6d0ac814843d
  4IPW_1G7 recycles=10 steps=200 -> bb3fbbc4-013f-400a-b0cb-d25186fe59e6
  4IPW_1G7 recycles=3 steps=50 -> 0c64e9c6-cf9f-4a87-8069-10c5ca4e57f7
  4IPW_1G7 recycles=3 steps=400 -> 8eb4f179-60ff-47d6-b4d0-2302262e6826
  6RQ6_R2H recycles=3 steps=200 -> 5b834003-bf72-4892-8808-82f950ab5f34
  6RQ6_R2H recycles=10 steps=200 -> 5c027f16-6891-4007-a408-3246c326907c
  6RQ6_R2H recycles=3 steps=50 -> 0d6c02e2-7fcd-4b3c-ac0f-00702a9797fa
  6RQ6_R2H recycles=3 steps=400 -> d922f829-04fd-4e73-a802-c68a1b3d3d9e
  6RQ0_KE2 recycles=3 steps=200 -> 7c300197-592f-41e1-b1f4-fc5dfb06a421
  6RQ0_KE2 recycles=10 steps=200 -> dec0b084-948f-493b-9fb4-dffbd5afa2e0
  6RQ0_KE2 recycles=3 steps=50 -> 52d7240a-4e20-40ad-8268-6f59c41dca29
  6RQ0_KE2 recycles=3 steps=400 -> e78ed5c6-d4e8-46ed-a774-affb63b69fcd
  4WNT_AJN recycles=3 steps=200 -> ee6dbc65-f062-4af8-8ea8-ee911590aa00
  4WNT_AJN recycles=10 steps=200 -> 313246a0-0dea-4a57-b40f-7e5698cdc29d
  4WNT_AJN recycles=3 steps=50 -> e2e0728e-7b93-4941-b789-87769ab77c46
  4WNT_AJN recycles=3 steps=400 -> 3ab334df-7477-46d4-ae9c-92fcfc3158b4
  3G5H_YTT recycles=3 steps=200 -> 0f96263c-9fdd-4b18-997e-c9f4f499b253
  3G5H_YTT recycles=10 steps=200 -> 90c03e80-f5dd-4784-9137-d36871f94564
  3G5H_YTT recycles=3 steps=50 -> 69b68435-99bf-48d6-890a-98904a82c4d4
  3G5H_YTT recycles=3 steps=400 -> 44465933-a9b6-4149-8da8-d7bfd30e5fc6
  4D6Z_PK9 recycles=3 steps=200 -> 5e4bdcef-c5ad-43cf-9032-ba0399717303
  4D6Z_PK9 recycles=10 steps=200 -> e5ffa6ce-ec0c-4e55-8188-6c0f386da170
  4D6Z_PK9 recycles=3 steps=50 -> b6a1396d-98ae-4caf-a470-76ca3bea8980
  4D6Z_PK9 recycles=3 steps=400 -> 6bf7c851-b500-42a2-9733-92113f71c8f9
  5YSW_9LF recycles=3 steps=200 -> ee20c3f6-fafc-4174-8fa0-255b963e5bbe
  5YSW_9LF recycles=10 steps=200 -> fc50499f-c0f7-4440-92a7-11e5faa10b8b
  5YSW_9LF recycles=3 steps=50 -> a47289ce-20d2-48fc-a1cc-c032b45119a6
  5YSW_9LF recycles=3 steps=400 -> 108b9fd1-257b-441a-98ff-e69a2ffb6152

waiting...
  2FDY_D4G r=3 s=200: never retrievable
  2FDY_D4G r=10 s=200: never retrievable
  2FDY_D4G r=3 s=50: never retrievable
  2FDY_D4G r=3 s=400: never retrievable
  5IUT_32M r=3 s=400: never retrievable
  4C9K_CAH r=10 s=200: never retrievable
  6UNJ_QDY r=3 s=400: never retrievable
  8HKD_PAM r=10 s=200: never retrievable
  8HKD_PAM r=3 s=50: never retrievable
  7KS8_X8S r=3 s=50: never retrievable

pair            settings  distinct ligand placements
1EA1_TPF               4  4 distinct, max atom displacement 6.551 A
1EGY_9AP               4  4 distinct, max atom displacement 5.598 A
1EUP_ASD               4  4 distinct, max atom displacement 4.676 A
1IZO_PAM               4  4 distinct, max atom displacement 3.252 A
1JIN_KTN               4  4 distinct, max atom displacement 2.419 A
1JIO_DEB               4  4 distinct, max atom displacement 1.077 A
1JIP_KTN               4  4 distinct, max atom displacement 2.327 A
1N6B_DMZ               4  4 distinct, max atom displacement 11.079 A
1NR6_DIF               4  4 distinct, max atom displacement 4.295 A
1OXA_DEB               4  4 distinct, max atom displacement 1.073 A
1R9O_FLP               4  4 distinct, max atom displacement 4.067 A
1SUO_CPZ               4  4 distinct, max atom displacement 0.359 A
1T93_FLV               4  4 distinct, max atom displacement 6.324 A
1W0G_MYT               4  4 distinct, max atom displacement 2.851 A
1Z11_8MO               4  4 distinct, max atom displacement 0.869 A
1Z8O_DEB               4  4 distinct, max atom displacement 3.066 A
1Z8P_DEB               4  4 distinct, max atom displacement 9.181 A
1Z8Q_DEB               4  4 distinct, max atom displacement 0.563 A
2BDM_TMI               4  4 distinct, max atom displacement 10.472 A
2CI0_1CM               4  4 distinct, max atom displacement 2.835 A
2CIB_CM6               4  4 distinct, max atom displacement 2.794 A
2D09_FLV               4  4 distinct, max atom displacement 5.251 A
2D0E_NQ                4  4 distinct, max atom displacement 6.085 A
2FDU_D1G               4  4 distinct, max atom displacement 1.991 A
2FDV_D2G               4  4 distinct, max atom displacement 0.215 A
2FDW_D3G               4  4 distinct, max atom displacement 6.943 A
2HI4_BHF               4  4 distinct, max atom displacement 0.405 A
2IJ7_TPF               4  4 distinct, max atom displacement 7.191 A
2J0D_ERY               4  4 distinct, max atom displacement 8.154 A
2JJO_EY5               4  4 distinct, max atom displacement 0.967 A
2JJP_KLN               4  4 distinct, max atom displacement 2.860 A
2NNH_9CR               4  4 distinct, max atom displacement 3.784 A
2NNI_MTK               4  4 distinct, max atom displacement 2.285 A
2NNJ_225               4  4 distinct, max atom displacement 10.357 A
2NZ5_226               4  4 distinct, max atom displacement 5.961 A
2Q6N_1CI               4  4 distinct, max atom displacement 2.392 A
2RCH_243               4  4 distinct, max atom displacement 1.167 A
2RCL_T25               4  4 distinct, max atom displacement 1.820 A
2UVN_ECN               4  4 distinct, max atom displacement 6.573 A
2V0M_KLN               4  4 distinct, max atom displacement 8.655 A
2VE3_REA               4  4 distinct, max atom displacement 2.718 A
2W09_CM9               4  4 distinct, max atom displacement 2.420 A
2W0A_CII               4  4 distinct, max atom displacement 2.340 A
2W0B_CMW               4  4 distinct, max atom displacement 5.342 A
2WH8_II2               4  4 distinct, max atom displacement 3.738 A
2WHF_II4               4  4 distinct, max atom displacement 4.682 A
2WM4_VGJ               4  4 distinct, max atom displacement 2.666 A
2WUZ_TPF               4  4 distinct, max atom displacement 0.711 A
2WV2_TPF               4  4 distinct, max atom displacement 5.521 A
2WX2_TPF               4  4 distinct, max atom displacement 0.711 A
2X2N_X2N               4  4 distinct, max atom displacement 3.046 A
2X5W_K2B               4  4 distinct, max atom displacement 5.796 A
2XFH_CL6               4  4 distinct, max atom displacement 2.237 A
2YOO_K2B               4  4 distinct, max atom displacement 3.783 A
3B6H_MXD               4  4 distinct, max atom displacement 1.310 A
3B99_U51               4  4 distinct, max atom displacement 1.678 A
3C6G_VD3               4  4 distinct, max atom displacement 2.297 A
3CZH_D2V               4  4 distinct, max atom displacement 2.480 A
3DL9_V2H               4  4 distinct, max atom displacement 2.426 A
3DSI_T24               4  4 distinct, max atom displacement 2.221 A
3DSJ_243               4  4 distinct, max atom displacement 2.816 A
3DSK_T25               4  4 distinct, max atom displacement 1.422 A
3EBS_N4E               4  4 distinct, max atom displacement 0.876 A
3EQM_ASD               4  4 distinct, max atom displacement 0.247 A
3G5H_YTT               4  4 distinct, max atom displacement 5.906 A
3G5N_PB2               4  4 distinct, max atom displacement 0.811 A
3G93_PB2               4  4 distinct, max atom displacement 0.811 A
3GPH_OID               4  4 distinct, max atom displacement 1.296 A
3GW9_VNI               4  4 distinct, max atom displacement 2.661 A
3IBD_CPZ               4  4 distinct, max atom displacement 0.202 A
3JUS_ECL               4  4 distinct, max atom displacement 4.517 A
3JUS_ECN               4  4 distinct, max atom displacement 0.458 A
3K1O_POZ               4  4 distinct, max atom displacement 4.065 A
3K9V_CPS               4  4 distinct, max atom displacement 9.673 A
3KHM_TPF               4  4 distinct, max atom displacement 5.639 A
3KOH_OIO               4  4 distinct, max atom displacement 4.277 A
3KSW_VNF               4  4 distinct, max atom displacement 0.900 A
3KW4_TIC               4  4 distinct, max atom displacement 8.069 A
3L4D_TPF               4  4 distinct, max atom displacement 5.526 A
3LC4_LC4               4  4 distinct, max atom displacement 3.583 A
3LD6_KKK               4  4 distinct, max atom displacement 3.435 A
3ME6_CGE               4  4 distinct, max atom displacement 7.453 A
3MZS_HC9               4  4 distinct, max atom displacement 0.540 A
3N9Y_CLR               4  4 distinct, max atom displacement 1.780 A
3N9Z_HC9               4  4 distinct, max atom displacement 0.525 A
3NA0_2DC               4  4 distinct, max atom displacement 1.913 A
3NA1_HCD               4  4 distinct, max atom displacement 1.956 A
3NXU_RIT               4  4 distinct, max atom displacement 3.668 A
3OFU_ID3               4  4 distinct, max atom displacement 3.639 A
3P99_LNP               4  4 distinct, max atom displacement 2.723 A
3QM4_PN0               4  4 distinct, max atom displacement 2.653 A
3QOA_3QO               4  4 distinct, max atom displacement 2.745 A
3QU8_3QU               4  4 distinct, max atom displacement 2.898 A
3R1B_TB2               4  4 distinct, max atom displacement 33.543 A
3R9B_D12               4  4 distinct, max atom displacement 7.406 A
3R9C_ECL               4  4 distinct, max atom displacement 11.505 A
3S79_ASD               4  4 distinct, max atom displacement 0.247 A
3SN5_K2B               4  4 distinct, max atom displacement 0.912 A
3T3Q_9PL               4  4 distinct, max atom displacement 0.323 A
3T3R_9PL               4  4 distinct, max atom displacement 0.621 A
3T3S_9PL               4  4 distinct, max atom displacement 0.266 A
3T3Z_9PL               4  4 distinct, max atom displacement 5.241 A
3TDA_PN0               4  4 distinct, max atom displacement 2.653 A
3TIK_JKF               4  4 distinct, max atom displacement 1.178 A
3TJS_D0R               4  4 distinct, max atom displacement 5.133 A
3TK3_CPZ               4  4 distinct, max atom displacement 0.544 A
3TMZ_06X               4  4 distinct, max atom displacement 8.112 A
3UA1_08Y               4  4 distinct, max atom displacement 3.003 A
3UA5_06X               4  4 distinct, max atom displacement 4.158 A
3UAS_0BV               4  4 distinct, max atom displacement 6.821 A
3V8D_0GV               4  4 distinct, max atom displacement 1.391 A
3WVS_RRM               4  4 distinct, max atom displacement 3.748 A
3ZG2_UDO               4  4 distinct, max atom displacement 2.453 A
3ZG3_UDD               4  4 distinct, max atom displacement 2.302 A
3ZKP_ERB               4  4 distinct, max atom displacement 1.755 A
4BJK_18I               4  4 distinct, max atom displacement 1.464 A
4BMM_TU1               4  4 distinct, max atom displacement 2.403 A
4BY0_5PS               4  4 distinct, max atom displacement 2.460 A
4C0C_WVH               4  4 distinct, max atom displacement 2.437 A
4C27_26N               4  4 distinct, max atom displacement 5.534 A
4C28_TW5               4  4 distinct, max atom displacement 4.932 A
4C9K_CAH               3  3 distinct, max atom displacement 4.251 A
4C9N_CAH               4  4 distinct, max atom displacement 4.281 A
4CK8_LFD               4  4 distinct, max atom displacement 2.215 A
4CK9_LFT               4  4 distinct, max atom displacement 2.523 A
4CKA_LFS               4  4 distinct, max atom displacement 2.771 A
4COH_T9H               4  4 distinct, max atom displacement 2.440 A
4D6Z_PK9               4  4 distinct, max atom displacement 8.133 A
4D75_PK9               4  4 distinct, max atom displacement 9.485 A
4D78_J9K               4  4 distinct, max atom displacement 11.691 A
4D7D_PKT               4  4 distinct, max atom displacement 10.045 A
4DVQ_1CA               4  4 distinct, max atom displacement 1.302 A
4EGN_TWO               4  4 distinct, max atom displacement 0.138 A
4EGO_1F1               4  3 distinct, max atom displacement 0.161 A
4EGP_FIV               4  3 distinct, max atom displacement 0.174 A
4EJG_NCT               4  4 distinct, max atom displacement 3.636 A
4EJH_0QA               4  4 distinct, max atom displacement 1.413 A
4EJI_0QA               4  4 distinct, max atom displacement 1.413 A
4EJJ_NCT               4  4 distinct, max atom displacement 3.038 A
4FDH_0T3               4  4 distinct, max atom displacement 1.899 A
4G1X_TQU               4  4 distinct, max atom displacement 7.173 A
4G3J_VNT               4  4 distinct, max atom displacement 4.810 A
4G44_TZM               4  4 distinct, max atom displacement 1.010 A
4G45_MQN               4  4 distinct, max atom displacement 12.009 A
4G7G_VFV               4  4 distinct, max atom displacement 2.288 A
4GQS_0XV               4  4 distinct, max atom displacement 1.080 A
4H1N_CGE               4  4 distinct, max atom displacement 4.888 A
4H6O_NEE               4  4 distinct, max atom displacement 4.329 A
4I4G_Z8Z               4  4 distinct, max atom displacement 3.158 A
4I4H_Z9Z               4  4 distinct, max atom displacement 3.316 A
4I8V_BHF               4  4 distinct, max atom displacement 8.165 A
4ICT_1ED               4  4 distinct, max atom displacement 1.689 A
4IPW_1G7               4  4 distinct, max atom displacement 0.373 A
4IQ9_1GB               4  4 distinct, max atom displacement 0.355 A
4J6B_PLO               4  4 distinct, max atom displacement 2.154 A
4J6C_STR               4  4 distinct, max atom displacement 0.760 A
4J6D_TES               4  4 distinct, max atom displacement 0.395 A
4JBT_ASD               4  4 distinct, max atom displacement 0.519 A
4JLT_8PR               4  4 distinct, max atom displacement 3.726 A
4K9T_1RD               4  4 distinct, max atom displacement 3.509 A
4K9U_5AW               4  4 distinct, max atom displacement 5.167 A
4K9V_6AW               4  4 distinct, max atom displacement 4.473 A
4K9W_7AW               4  4 distinct, max atom displacement 3.451 A
4K9X_8AW               4  4 distinct, max atom displacement 3.183 A
4LXJ_LAN               4  4 distinct, max atom displacement 2.556 A
4MGJ_CPZ               4  4 distinct, max atom displacement 0.328 A
4NY4_2QH               4  4 distinct, max atom displacement 11.004 A
4TRI_C3S               4  4 distinct, max atom displacement 4.210 A
4TT5_36Y               4  4 distinct, max atom displacement 0.942 A
4TUV_CPZ               4  4 distinct, max atom displacement 2.276 A
4UBS_DIF               4  4 distinct, max atom displacement 0.767 A
4UHI_VFV               4  4 distinct, max atom displacement 3.958 A
4UHL_VFV               4  4 distinct, max atom displacement 4.426 A
4UQH_25S               4  4 distinct, max atom displacement 2.336 A
4UVR_J5Y               4  4 distinct, max atom displacement 2.513 A
4UYL_VNI               4  4 distinct, max atom displacement 2.135 A
4UYM_VOR               4  4 distinct, max atom displacement 0.524 A
4WNT_AJN               4  4 distinct, max atom displacement 2.689 A
4WPD_3SQ               4  4 distinct, max atom displacement 0.634 A
4WQJ_36Y               4  4 distinct, max atom displacement 0.942 A
4XRY_SI5               4  4 distinct, max atom displacement 2.238 A
4XRZ_SI6               4  4 distinct, max atom displacement 1.939 A
4Y8W_STR               4  4 distinct, max atom displacement 0.490 A
4ZGX_QHC               4  4 distinct, max atom displacement 3.383 A
5A5I_XI1               4  4 distinct, max atom displacement 5.670 A
5A5J_6YF               4  4 distinct, max atom displacement 5.708 A
5AJR_VT1               4  4 distinct, max atom displacement 2.157 A
5CWE_DAO               4  4 distinct, max atom displacement 4.046 A
5EQB_1YN               4  4 distinct, max atom displacement 4.626 A
5FRB_VT2               4  4 distinct, max atom displacement 3.196 A
5FSA_X2N               4  4 distinct, max atom displacement 3.023 A
5GWE_GWM               4  4 distinct, max atom displacement 2.251 A
5IBD_GGJ               4  4 distinct, max atom displacement 2.766 A
5IBE_69M               4  4 distinct, max atom displacement 3.214 A
5IBF_69W               4  4 distinct, max atom displacement 3.212 A
5IBG_69S               4  4 distinct, max atom displacement 0.316 A
5IUT_32M               3  3 distinct, max atom displacement 6.001 A
5JKV_ASD               4  4 distinct, max atom displacement 0.247 A
5JKW_TES               4  4 distinct, max atom displacement 0.216 A
5JL6_ASD               4  4 distinct, max atom displacement 0.247 A
5JL7_ASD               4  4 distinct, max atom displacement 0.247 A
5JL9_ASD               4  4 distinct, max atom displacement 0.247 A
5JLC_1YN               4  4 distinct, max atom displacement 3.899 A
5K7K_6RJ               4  4 distinct, max atom displacement 1.237 A
5KDB_4IA               4  4 distinct, max atom displacement 2.377 A
5LI6_6XF               4  4 distinct, max atom displacement 2.426 A
5LI8_KKK               4  4 distinct, max atom displacement 2.265 A
5O4K_9KE               4  4 distinct, max atom displacement 1.186 A
5O4L_9KB               4  4 distinct, max atom displacement 1.149 A
5TE8_08J               4  4 distinct, max atom displacement 7.876 A
5TZ1_VT1               4  4 distinct, max atom displacement 2.728 A
5U6T_81J               4  3 distinct, max atom displacement 0.165 A
5U6U_81M               4  4 distinct, max atom displacement 4.026 A
5UVB_8QM               4  4 distinct, max atom displacement 1.415 A
5V5Z_1YN               4  4 distinct, max atom displacement 4.303 A
5VC0_RIT               4  4 distinct, max atom displacement 2.648 A
5VCE_RIT               4  4 distinct, max atom displacement 3.004 A
5VCG_08Y               4  4 distinct, max atom displacement 7.528 A
5VEU_RIT               4  4 distinct, max atom displacement 7.389 A
5WBG_9ZJ               4  4 distinct, max atom displacement 1.941 A
5WP2_YTT               4  4 distinct, max atom displacement 6.248 A
5X23_LSN               4  4 distinct, max atom displacement 11.111 A
5XJN_88L               4  4 distinct, max atom displacement 0.164 A
5XXI_LSN               4  4 distinct, max atom displacement 9.185 A
5YQA_8ZU               4  4 distinct, max atom displacement 1.392 A
5YSW_9LF               4  4 distinct, max atom displacement 15.000 A
6A15_CLR               4  4 distinct, max atom displacement 0.411 A
6A16_UCZ               4  4 distinct, max atom displacement 3.228 A
6A17_9RL               4  4 distinct, max atom displacement 0.273 A
6B82_AER               4  4 distinct, max atom displacement 0.577 A
6BCZ_D7Y               4  4 distinct, max atom displacement 6.987 A
6BD5_D7M               4  4 distinct, max atom displacement 6.908 A
6BD6_80K               4  4 distinct, max atom displacement 4.984 A
6BD7_D7J               4  4 distinct, max atom displacement 8.504 A
6BD8_D81               4  4 distinct, max atom displacement 8.091 A
6BDH_DEV               4  4 distinct, max atom displacement 4.134 A
6BDI_DEJ               4  4 distinct, max atom displacement 12.594 A
6BDK_DJ1               4  4 distinct, max atom displacement 13.103 A
6BDM_Y83               4  4 distinct, max atom displacement 8.048 A
6BLD_DXJ               4  4 distinct, max atom displacement 1.744 A
6C2D_EH1               4  4 distinct, max atom displacement 2.076 A
6C3H_EJV               4  4 distinct, max atom displacement 2.346 A
6C3J_EJD               4  4 distinct, max atom displacement 2.701 A
6C94_V16               4  4 distinct, max atom displacement 1.172 A
6CIZ_3NR               4  4 distinct, max atom displacement 1.599 A
6CR2_LFV               4  4 distinct, max atom displacement 10.006 A
6CSD_PN0               4  4 distinct, max atom displacement 5.033 A
6DA2_G0D               4  4 distinct, max atom displacement 5.698 A
6DA3_G0D               4  4 distinct, max atom displacement 4.718 A
6DA5_G1J               4  4 distinct, max atom displacement 3.979 A
6DA8_G0J               4  4 distinct, max atom displacement 8.799 A
6DAA_G0M               4  4 distinct, max atom displacement 9.341 A
6DAB_G0V               4  4 distinct, max atom displacement 7.649 A
6DAC_FZV               4  4 distinct, max atom displacement 2.744 A
6DAG_G0Y               4  4 distinct, max atom displacement 4.192 A
6DAJ_FZV               4  4 distinct, max atom displacement 2.744 A
6DAL_G1D               4  4 distinct, max atom displacement 8.269 A
6DWM_HJJ               4  4 distinct, max atom displacement 2.207 A
6DWN_AQ4               4  4 distinct, max atom displacement 2.224 A
6F88_STR               4  4 distinct, max atom displacement 5.150 A
6F8C_STR               4  4 distinct, max atom displacement 12.109 A
6FMO_DVE               4  4 distinct, max atom displacement 3.108 A
6FYJ_MYR               4  4 distinct, max atom displacement 1.452 A
6G5Q_EMZ               4  4 distinct, max atom displacement 2.236 A
6GK6_MYR               4  4 distinct, max atom displacement 4.831 A
6J86_B9L               4  4 distinct, max atom displacement 0.407 A
6J87_B9L               4  4 distinct, max atom displacement 2.524 A
6J88_B9O               4  4 distinct, max atom displacement 3.852 A
6M7X_JD7               4  4 distinct, max atom displacement 2.000 A
6MA6_MYT               4  4 distinct, max atom displacement 2.466 A
6MA7_TPF               4  4 distinct, max atom displacement 7.202 A
6MCW_JDJ               4  4 distinct, max atom displacement 12.258 A
6O5Y_KUV               4  4 distinct, max atom displacement 8.317 A
6OO9_MWV               4  4 distinct, max atom displacement 3.563 A
6OOA_MWY               4  4 distinct, max atom displacement 7.250 A
6OOB_MWS               4  4 distinct, max atom displacement 2.609 A
6OOX_4IA               4  4 distinct, max atom displacement 2.706 A
6PRS_OW7               4  4 distinct, max atom displacement 0.281 A
6Q2T_PJM               4  4 distinct, max atom displacement 3.692 A
6RQ0_KE2               4  4 distinct, max atom displacement 0.311 A
6RQ1_KE5               4  4 distinct, max atom displacement 6.337 A
6RQ3_OUC               4  4 distinct, max atom displacement 7.569 A
6RQ5_KEB               4  4 distinct, max atom displacement 1.738 A
6RQ6_R2H               4  4 distinct, max atom displacement 3.971 A
6RQ8_KEH               4  4 distinct, max atom displacement 0.214 A
6RQ9_KEQ               4  4 distinct, max atom displacement 0.469 A
6RQB_Q47               4  4 distinct, max atom displacement 0.289 A
6RQD_KEW               4  4 distinct, max atom displacement 0.181 A
6RQE_KEZ               4  4 distinct, max atom displacement 1.748 A
6T0F_K2B               4  4 distinct, max atom displacement 6.859 A
6T0G_VD3               4  4 distinct, max atom displacement 2.788 A
6T0H_M9B               4  4 distinct, max atom displacement 2.981 A
6T0J_RWZ               4  4 distinct, max atom displacement 3.384 A
6T0K_M65               4  4 distinct, max atom displacement 1.894 A
6T0L_M8N               4  4 distinct, max atom displacement 2.237 A
6TE7_N55               4  4 distinct, max atom displacement 4.713 A
6TET_N5Z               4  4 distinct, max atom displacement 6.032 A
6TEV_N5W               4  4 distinct, max atom displacement 5.414 A
6TO2_NQ8               4  4 distinct, max atom displacement 0.534 A
6U30_PQM               4  4 distinct, max atom displacement 0.354 A
6U31_PQP               4  4 distinct, max atom displacement 0.184 A
6U3K_PQS               4  4 distinct, max atom displacement 0.265 A
6UDL_Q4M               4  4 distinct, max atom displacement 5.973 A
6UDM_Q4P               4  4 distinct, max atom displacement 11.109 A
6UEZ_LAN               4  4 distinct, max atom displacement 0.764 A
6UNE_QES               4  4 distinct, max atom displacement 4.631 A
6UNG_QEP               4  4 distinct, max atom displacement 5.593 A
6UNH_QEA               4  4 distinct, max atom displacement 3.322 A
6UNI_QDV               4  4 distinct, max atom displacement 7.398 A
6UNJ_QDY               3  3 distinct, max atom displacement 4.230 A
6UNK_QE4               4  4 distinct, max atom displacement 6.504 A
6UNL_QDJ               4  4 distinct, max atom displacement 10.773 A
6UNM_QDP               4  4 distinct, max atom displacement 5.045 A
6UNN_K3Z               4  4 distinct, max atom displacement 2.141 A
6UPG_KEQ               4  4 distinct, max atom displacement 0.303 A
6UPI_QFD               4  4 distinct, max atom displacement 0.692 A
6UW2_CL6               4  4 distinct, max atom displacement 2.729 A
6VJX_QZP               4  3 distinct, max atom displacement 0.165 A
6VLT_LSN               4  4 distinct, max atom displacement 8.246 A
6WGW_CAH               4  4 distinct, max atom displacement 4.645 A
6WW0_UDJ               4  4 distinct, max atom displacement 0.378 A
6XZ8_O4T               4  4 distinct, max atom displacement 2.997 A
6XZ9_O4W               4  4 distinct, max atom displacement 2.111 A
7CCF_FW6               4  4 distinct, max atom displacement 2.238 A
7CL8_TES               4  4 distinct, max atom displacement 1.262 A
7CL9_ASD               4  4 distinct, max atom displacement 1.104 A
7DLS_EV1               4  4 distinct, max atom displacement 12.102 A
7E7F_MYT               4  4 distinct, max atom displacement 6.372 A
7JJ1_16A               4  4 distinct, max atom displacement 2.696 A
7JW5_Z7Z               4  4 distinct, max atom displacement 2.249 A
7JXB_VLG               4  4 distinct, max atom displacement 0.228 A
7KS8_X8S               3  3 distinct, max atom displacement 8.793 A
7KVH_X5Y               4  4 distinct, max atom displacement 3.281 A
7KVI_X7P               4  4 distinct, max atom displacement 3.456 A
7KVJ_X7M               4  4 distinct, max atom displacement 5.145 A
7KVK_X7J               4  4 distinct, max atom displacement 7.589 A
7KVM_X71               4  4 distinct, max atom displacement 3.885 A
7KVN_X6V               4  4 distinct, max atom displacement 4.079 A
7KVO_X6S               4  4 distinct, max atom displacement 4.397 A
7KVP_X6J               4  4 distinct, max atom displacement 2.684 A
7KVQ_X7D               4  4 distinct, max atom displacement 3.098 A
7KVS_X74               4  4 distinct, max atom displacement 3.535 A
7LAD_XRD               4  4 distinct, max atom displacement 4.094 A
7LRL_YBS               4  4 distinct, max atom displacement 2.004 A
7LS3_YCJ               4  4 distinct, max atom displacement 2.366 A
7LS4_YCG               4  4 distinct, max atom displacement 2.487 A
7LXL_YNV               4  4 distinct, max atom displacement 8.268 A
7LYX_YHM               4  4 distinct, max atom displacement 4.746 A
7M8V_YSY               4  4 distinct, max atom displacement 0.292 A
7N14_ZRS               4  4 distinct, max atom displacement 0.852 A
7N3L_04Y               4  4 distinct, max atom displacement 2.459 A
7N3M_05D               4  4 distinct, max atom displacement 0.475 A
7N6F_0I1               4  4 distinct, max atom displacement 1.241 A
7NQO_ULZ               4  4 distinct, max atom displacement 3.174 A
7P5T_5YG               4  4 distinct, max atom displacement 5.099 A
7QJL_DQE               4  4 distinct, max atom displacement 2.436 A
7QQ7_EIQ               4  4 distinct, max atom displacement 4.807 A
7QQ7_PG4               4  4 distinct, max atom displacement 18.707 A
7QWN_DQE               4  4 distinct, max atom displacement 4.414 A
7R1I_HIH               4  4 distinct, max atom displacement 2.764 A
7R3U_2QC               4  4 distinct, max atom displacement 13.955 A
7R8S_8ZU               4  4 distinct, max atom displacement 1.392 A
7RL2_LSN               4  4 distinct, max atom displacement 3.445 A
7RY8_VOR               4  4 distinct, max atom displacement 3.636 A
7RY9_VOR               4  4 distinct, max atom displacement 0.199 A
7RYA_1YN               4  4 distinct, max atom displacement 4.367 A
7RYB_VOR               4  4 distinct, max atom displacement 0.322 A
7RYX_81H               4  4 distinct, max atom displacement 2.147 A
7SHI_4UH               4  4 distinct, max atom displacement 9.541 A
7SMZ_K2B               4  4 distinct, max atom displacement 3.151 A
7SNM_LAN               4  4 distinct, max atom displacement 7.311 A
7SV2_MWY               4  4 distinct, max atom displacement 4.227 A
7TEF_BTB               4  4 distinct, max atom displacement 44.230 A
7TND_JO4               4  4 distinct, max atom displacement 2.036 A
7TNF_Z7Z               4  4 distinct, max atom displacement 0.367 A
7TNU_EH1               4  3 distinct, max atom displacement 0.199 A
7TP5_81M               4  4 distinct, max atom displacement 0.760 A
7TRT_KQF               4  4 distinct, max atom displacement 2.126 A
7TRU_KQR               4  4 distinct, max atom displacement 2.564 A
7TZY_L3K               4  4 distinct, max atom displacement 2.066 A
7U00_L4I               4  4 distinct, max atom displacement 1.252 A
7UAY_O39               4  4 distinct, max atom displacement 6.281 A
7UAZ_O3L               4  4 distinct, max atom displacement 8.983 A
7UDF_8ZU               4  4 distinct, max atom displacement 0.792 A
7UF9_NH0               4  4 distinct, max atom displacement 6.230 A
7UFA_NI6               4  4 distinct, max atom displacement 5.071 A
7UFB_NJ0               4  4 distinct, max atom displacement 4.236 A
7UFC_NJO               4  4 distinct, max atom displacement 3.319 A
7UFD_T0K               4  4 distinct, max atom displacement 8.488 A
7UFE_NXR               4  4 distinct, max atom displacement 4.661 A
7UFF_NYF               4  4 distinct, max atom displacement 2.427 A
7WYG_PAM               4  4 distinct, max atom displacement 2.755 A
7WZM_OLA               4  4 distinct, max atom displacement 2.335 A
7YXF_I6Y               4  4 distinct, max atom displacement 3.778 A
7ZB9_M65               4  4 distinct, max atom displacement 1.894 A
7ZGL_EIQ               4  4 distinct, max atom displacement 1.118 A
7ZIC_5YG               4  4 distinct, max atom displacement 2.429 A
7ZLT_JFI               4  4 distinct, max atom displacement 2.926 A
7ZLZ_JFC               4  4 distinct, max atom displacement 11.977 A
7ZQR_JK9               4  4 distinct, max atom displacement 2.226 A
7ZSU_JV3               4  4 distinct, max atom displacement 2.286 A
7ZT0_JUR               4  4 distinct, max atom displacement 2.897 A
7ZXD_KB9               4  4 distinct, max atom displacement 9.540 A
8A6W_K2B               4  4 distinct, max atom displacement 2.769 A
8A9P_ENK               4  4 distinct, max atom displacement 2.115 A
8D1C_M4F               4  4 distinct, max atom displacement 2.181 A
8D39_QDB               4  3 distinct, max atom displacement 2.326 A
8D8P_PLM               4  4 distinct, max atom displacement 1.871 A
8DL4_SKX               4  4 distinct, max atom displacement 2.239 A
8E5J_HX1               4  4 distinct, max atom displacement 0.190 A
8EWD_WZN               4  4 distinct, max atom displacement 10.919 A
8EWE_X0E               4  4 distinct, max atom displacement 9.607 A
8EWL_X1C               4  4 distinct, max atom displacement 10.374 A
8EWM_X1I               4  4 distinct, max atom displacement 10.125 A
8EWN_X1O               4  4 distinct, max atom displacement 8.600 A
8EWP_X2Q               4  4 distinct, max atom displacement 10.619 A
8EWQ_X2B               4  4 distinct, max atom displacement 8.702 A
8EWR_WZN               4  4 distinct, max atom displacement 10.919 A
8EWS_X2Q               4  4 distinct, max atom displacement 10.619 A
8EXB_X4E               4  4 distinct, max atom displacement 11.368 A
8FDA_XPK               4  4 distinct, max atom displacement 0.541 A
8FIC_NE4               4  4 distinct, max atom displacement 0.829 A
8FID_NE4               4  4 distinct, max atom displacement 0.829 A
8FJO_Y7R               4  4 distinct, max atom displacement 4.685 A
8FKB_FOF               4  4 distinct, max atom displacement 2.412 A
8G35_YJE               4  4 distinct, max atom displacement 3.728 A
8G36_UB7               4  4 distinct, max atom displacement 0.225 A
8GDI_0GV               4  4 distinct, max atom displacement 2.324 A
8GK3_ZWY               4  4 distinct, max atom displacement 5.409 A
8HGB_L6X               4  4 distinct, max atom displacement 0.155 A
8HKD_PAM               2  2 distinct, max atom displacement 6.841 A
8S4M_A1H47             4  4 distinct, max atom displacement 2.075 A
8S53_3QO               4  4 distinct, max atom displacement 2.383 A
8SG5_CL6               4  4 distinct, max atom displacement 6.313 A
8SO1_CFF               4  4 distinct, max atom displacement 0.339 A
8SO2_CFF               4  4 distinct, max atom displacement 0.339 A
8SPD_CL6               4  4 distinct, max atom displacement 6.962 A
8SS0_WQR               4  4 distinct, max atom displacement 3.460 A
8TAW_PQS               4  4 distinct, max atom displacement 0.221 A
8TAY_EJD               4  4 distinct, max atom displacement 2.113 A
8TDP_YTT               4  4 distinct, max atom displacement 6.248 A
8TDQ_YTT               4  4 distinct, max atom displacement 6.248 A
8TNK_IRJ               4  4 distinct, max atom displacement 2.394 A
8VK6_A1AB6             4  4 distinct, max atom displacement 2.406 A
8VKF_LVK               4  4 distinct, max atom displacement 2.128 A
8VL0_LVC               4  4 distinct, max atom displacement 2.581 A
8VOC_M4F               4  4 distinct, max atom displacement 2.589 A
8VX0_LSN               4  4 distinct, max atom displacement 12.370 A
8VZ7_LSN               4  4 distinct, max atom displacement 7.557 A
9BBB_A1APA             4  4 distinct, max atom displacement 3.731 A
9BV5_A1ASV             4  4 distinct, max atom displacement 3.674 A
9BV6_A1ASU             4  4 distinct, max atom displacement 11.022 A
9BV8_A1ASS             4  4 distinct, max atom displacement 4.206 A
9BV9_A1ASR             4  4 distinct, max atom displacement 4.489 A
9BVA_A1ASQ             4  4 distinct, max atom displacement 2.132 A
9BVB_A1ASP             4  4 distinct, max atom displacement 5.574 A
9BVC_A1ASO             4  4 distinct, max atom displacement 8.995 A
9COR_A1A07             4  4 distinct, max atom displacement 4.126 A
9COS_A1A06             4  4 distinct, max atom displacement 3.701 A
9COT_A1A08             4  4 distinct, max atom displacement 5.098 A
9COU_A1A4U             4  4 distinct, max atom displacement 10.352 A
9COV_A1A4S             4  4 distinct, max atom displacement 5.558 A
9COW_A1A4V             4  4 distinct, max atom displacement 4.139 A
9COX_A1A4K             4  4 distinct, max atom displacement 3.234 A
9COY_A1A4T             4  4 distinct, max atom displacement 10.391 A
9DX9_5R0               4  4 distinct, max atom displacement 2.177 A
9DXW_5R0               4  4 distinct, max atom displacement 2.346 A
9IY1_PLM               4  4 distinct, max atom displacement 3.378 A
9JQM_DCR               4  4 distinct, max atom displacement 1.809 A
9JS9_TES               4  4 distinct, max atom displacement 0.699 A
9KG5_TES               4  4 distinct, max atom displacement 0.694 A
9KPU_A1EGF             4  4 distinct, max atom displacement 8.232 A
9LN5_RRM               4  4 distinct, max atom displacement 2.202 A
9MS2_A1BNX             4  4 distinct, max atom displacement 11.610 A
9NNA_A1BZE             4  4 distinct, max atom displacement 3.614 A
9NNE_A1BZD             4  4 distinct, max atom displacement 2.253 A
9NNI_A1BZC             4  4 distinct, max atom displacement 1.490 A
9NNJ_A1BZB             4  4 distinct, max atom displacement 4.134 A
9NNM_A1BZA             4  4 distinct, max atom displacement 3.188 A
9NNO_A1BY9             4  4 distinct, max atom displacement 1.621 A
9O4D_UYM               4  4 distinct, max atom displacement 7.387 A
9PLJ_TCI               4  4 distinct, max atom displacement 2.236 A
9PLK_A1CIW             4  4 distinct, max atom displacement 3.676 A
9VGO_A1MAI             4  4 distinct, max atom displacement 8.325 A
9VGP_L0O               4  4 distinct, max atom displacement 12.552 A
9VGQ_A1MAJ             4  4 distinct, max atom displacement 8.747 A
9YK4_PG4               4  4 distinct, max atom displacement 6.787 A
9ZEG_JO4               4  4 distinct, max atom displacement 2.036 A
9ZEH_JO4               4  4 distinct, max atom displacement 2.036 A
9ZEI_JO4               4  4 distinct, max atom displacement 2.036 A

pairs with >= 3 settings retrieved: 489 of 491   (jobs never retrievable: 10)
median distinct placements across 4 settings: 4.0
VERDICT: these knobs DO diversify - 4.0 distinct from 4 settings. This is a usable depth lever.
